record_id,product_key,model_code,category,brand_tier,site,collected_at,condition,views,title_len,price
R00000,P01486,MC-3621-1486,ファッション,0,site_A,2026-01-12,傷や汚れあり,59,63,2426
R00001,P01269,MC-1771-1269,家電,2,site_D,2025-10-05,ほぼ新品,87,97,80289
R00002,P01981,MC-2204-1981,ファッション,1,site_A,2026-01-04,新品,44,40,9927
R00003,P00800,MC-1625-0800,ホビー,0,site_B,2026-01-25,ほぼ新品,220,100,11694
R00004,P02102,MC-5451-2102,本・音楽,1,site_B,2025-11-11,新品,82,118,859
R00005,P01611,MC-2817-1611,スポーツ,0,site_C,2025-11-12,ほぼ新品,91,55,4366
R00006,P00299,MC-3212-0299,ホビー,0,site_B,2025-12-21,傷や汚れあり,44,62,5279
R00007,P00153,MC-8024-0153,家電,2,site_A,2025-12-10,傷や汚れあり,187,18,96453
R00008,P02083,MC-9767-2083,家電,0,site_A,2026-01-07,全体的に状態が悪い,70,35,6537
R00010,P01238,MC-6399-1238,ホビー,0,site_A,2026-01-19,傷や汚れあり,104,57,4496
R00011,P00719,MC-5990-0719,ファッション,1,site_D,2026-02-23,傷や汚れあり,104,53,3947
R00012,P01722,MC-7925-1722,家電,0,site_E,2026-02-20,新品,23,96,33260
R00013,P01067,MC-6244-1067,ファッション,0,site_C,2025-12-06,傷や汚れあり,223,49,7498
R00014,P01750,MC-6764-1750,ホビー,0,site_C,2025-10-05,新品,187,77,20289
R00015,P01727,MC-7058-1727,家電,1,site_B,2025-11-18,新品,118,20,92373
R00016,P01447,MC-2782-1447,ホビー,2,site_E,2026-02-12,ほぼ新品,222,82,52557
R00018,P01504,MC-7570-1504,ファッション,1,site_B,2025-12-23,傷や汚れあり,254,27,4123
R00021,P02015,MC-4726-2015,ファッション,0,site_E,2026-01-18,ほぼ新品,229,65,6612
R00022,P01144,MC-9969-1144,本・音楽,1,site_D,2025-11-30,ほぼ新品,51,33,3398
R00023,P00603,MC-4268-0603,スポーツ,1,site_E,2026-02-09,新品,274,45,12365
R00024,P01948,MC-1823-1948,スポーツ,0,site_C,2025-12-18,傷や汚れあり,77,112,4229
R00025,P01393,MC-1362-1393,家電,0,site_E,2025-12-15,新品,257,52,83507
R00026,P00963,MC-1453-0963,ホビー,0,site_A,2026-01-08,ほぼ新品,138,74,5984
R00029,P01578,MC-7940-1578,ホビー,0,site_B,2025-11-25,新品,314,26,39767
R00030,P00010,MC-3474-0010,スポーツ,1,site_B,2026-02-25,傷や汚れあり,95,56,10244
R00031,P00149,MC-2687-0149,家電,0,site_B,2026-01-16,ほぼ新品,171,95,21606
R00032,P00853,MC-8444-0853,ホビー,2,site_A,2025-12-09,ほぼ新品,108,45,14030
R00033,P00565,MC-9309-0565,スポーツ,0,site_E,2026-02-19,全体的に状態が悪い,92,94,2243
R00034,P00277,MC-2303-0277,ファッション,1,site_A,2025-11-21,全体的に状態が悪い,149,119,6326
R00035,P02023,MC-8212-2023,ファッション,0,site_E,2025-11-10,傷や汚れあり,363,21,10249
R00036,P01319,MC-5619-1319,家電,1,site_D,2026-02-20,ほぼ新品,129,55,45235
R00038,P01893,MC-7974-1893,ホビー,0,site_A,2026-02-28,新品,98,24,8514
R00039,P00707,MC-8733-0707,家電,0,site_C,2025-12-02,ほぼ新品,362,112,18152
R00040,P00738,MC-8797-0738,家電,0,site_A,2025-10-20,ほぼ新品,106,24,13609
R00042,P01025,MC-5199-1025,家電,0,site_A,2026-02-23,全体的に状態が悪い,176,46,2987
R00043,P00230,MC-5373-0230,ファッション,1,site_D,2025-11-11,新品,140,56,5266
R00044,P00255,MC-8486-0255,家電,0,site_D,2025-10-27,傷や汚れあり,77,59,21508
R00045,P00729,MC-1975-0729,ホビー,0,site_A,2025-11-27,新品,68,98,12939
R00046,P00086,MC-3156-0086,ファッション,1,site_B,2025-11-24,傷や汚れあり,75,77,11609
R00047,P00355,MC-8197-0355,ホビー,1,site_D,2026-01-23,傷や汚れあり,187,96,4862
R00048,P00017,MC-7631-0017,本・音楽,1,site_C,2025-11-03,ほぼ新品,264,39,1702
R00049,P02151,MC-6294-2151,ファッション,0,site_E,2025-12-13,ほぼ新品,49,29,4060
R00051,P01742,MC-8001-1742,スポーツ,0,site_E,2025-11-28,傷や汚れあり,252,97,10144
R00052,P01159,MC-8069-1159,ホビー,1,site_C,2025-11-08,全体的に状態が悪い,213,50,8791
R00053,P01315,MC-2459-1315,スポーツ,1,site_B,2025-10-21,傷や汚れあり,226,112,11726
R00054,P02140,MC-1220-2140,ファッション,0,site_B,2025-10-29,ほぼ新品,115,26,4834
R00055,P00424,MC-9508-0424,スポーツ,0,site_B,2025-10-24,ほぼ新品,231,92,11528
R00056,P00374,MC-3761-0374,ファッション,1,site_A,2025-10-26,傷や汚れあり,161,35,8659
R00058,P01147,MC-2013-1147,家電,0,site_A,2026-01-11,傷や汚れあり,320,56,21410
R00059,P02001,MC-7589-2001,本・音楽,0,site_E,2025-12-19,新品,286,60,2186
R00060,P00576,MC-4258-0576,本・音楽,0,site_D,2025-10-22,傷や汚れあり,209,93,1260
R00061,P00221,MC-4500-0221,スポーツ,2,site_C,2026-02-20,新品,129,83,6841
R00063,P00953,MC-1858-0953,ホビー,0,site_E,2025-10-17,全体的に状態が悪い,65,128,3685
R00064,P00895,MC-8035-0895,ファッション,1,site_D,2026-02-12,傷や汚れあり,387,37,9103
R00065,P02147,MC-7921-2147,家電,0,site_C,2026-02-20,ほぼ新品,176,68,45987
R00066,P00418,MC-3208-0418,ファッション,0,site_B,2026-02-27,傷や汚れあり,102,92,4179
R00068,P00883,MC-9672-0883,ホビー,0,site_B,2025-11-25,ほぼ新品,43,87,23669
R00069,P00259,MC-4494-0259,本・音楽,0,site_A,2025-11-16,ほぼ新品,191,69,2221
R00070,P01659,MC-2135-1659,家電,2,site_B,2025-12-21,新品,247,91,237417
R00071,P00421,MC-5904-0421,家電,1,site_E,2026-01-05,ほぼ新品,379,129,18481
R00072,P01137,MC-5957-1137,ホビー,1,site_E,2026-02-28,新品,320,75,7533
R00073,P00722,MC-4256-0722,ファッション,1,site_A,2025-12-11,ほぼ新品,108,109,4145
R00075,P01743,MC-3099-1743,家電,1,site_A,2025-10-18,全体的に状態が悪い,71,91,17910
R00076,P01725,MC-4852-1725,ファッション,0,site_B,2026-02-05,新品,248,56,14505
R00077,P02163,MC-5859-2163,スポーツ,0,site_C,2025-12-16,傷や汚れあり,41,125,1849
R00078,P01419,MC-3519-1419,ホビー,0,site_C,2026-01-27,傷や汚れあり,163,21,2026
R00079,P02005,MC-2554-2005,スポーツ,1,site_C,2025-11-02,傷や汚れあり,86,83,19463
R00080,P00689,MC-6422-0689,ホビー,1,site_D,2026-01-28,ほぼ新品,108,57,10686
R00081,P00205,MC-3920-0205,ホビー,1,site_B,2026-01-02,傷や汚れあり,182,112,5131
R00083,P01249,MC-8343-1249,ファッション,1,site_B,2025-11-12,傷や汚れあり,33,116,3546
R00084,P00476,MC-1851-0476,スポーツ,1,site_C,2025-12-15,傷や汚れあり,94,16,4254
R00085,P00511,MC-7131-0511,ファッション,2,site_B,2026-01-15,ほぼ新品,89,38,8617
R00086,P00229,MC-3454-0229,スポーツ,1,site_A,2026-02-02,傷や汚れあり,126,73,3653
R00087,P00216,MC-5845-0216,ホビー,0,site_C,2025-10-08,新品,62,37,11491
R00088,P02181,MC-7780-2181,ホビー,2,site_A,2025-11-19,ほぼ新品,85,79,23614
R00089,P01715,MC-5081-1715,ホビー,0,site_E,2025-12-26,ほぼ新品,44,44,4013
R00090,P00603,MC-4268-0603,スポーツ,1,site_B,2026-02-08,ほぼ新品,209,128,10512
R00093,P01588,MC-8191-1588,本・音楽,0,site_A,2026-01-12,新品,47,86,1284
R00094,P01085,MC-3735-1085,家電,0,site_A,2025-12-19,傷や汚れあり,122,101,13582
R00095,P00829,MC-2577-0829,ファッション,0,site_B,2025-12-06,傷や汚れあり,35,87,5478
R00096,P00019,MC-7041-0019,ファッション,1,site_E,2025-11-29,ほぼ新品,235,58,18459
R00097,P00119,MC-6420-0119,ホビー,1,site_C,2025-10-22,ほぼ新品,243,115,15522
R00098,P00674,MC-5090-0674,ホビー,1,site_D,2025-12-25,ほぼ新品,140,94,13846
R00100,P01949,MC-7122-1949,ホビー,0,site_B,2025-10-17,傷や汚れあり,182,45,5356
R00101,P00455,MC-1766-0455,本・音楽,0,site_E,2025-10-30,新品,23,74,2077
R00102,P00594,MC-6459-0594,ホビー,1,site_E,2025-11-15,ほぼ新品,158,48,8957
R00103,P00311,MC-5254-0311,スポーツ,2,site_B,2025-11-11,全体的に状態が悪い,251,89,12671
R00104,P00567,MC-2926-0567,スポーツ,0,site_E,2025-11-18,傷や汚れあり,170,82,7924
R00105,P01316,MC-3735-1316,家電,1,site_D,2025-11-26,ほぼ新品,15,41,84168
R00106,P01113,MC-9227-1113,ホビー,0,site_E,2025-10-17,ほぼ新品,250,73,7228
R00107,P00834,MC-8241-0834,スポーツ,0,site_C,2025-10-29,傷や汚れあり,203,18,8182
R00108,P01140,MC-4581-1140,家電,0,site_E,2025-12-25,ほぼ新品,183,89,130338
R00109,P01626,MC-9619-1626,ファッション,0,site_C,2026-01-12,ほぼ新品,125,69,7682
R00110,P02036,MC-5203-2036,ファッション,2,site_E,2025-12-24,全体的に状態が悪い,128,53,4342
R00111,P00471,MC-9549-0471,ファッション,0,site_E,2025-12-18,傷や汚れあり,37,118,4142
R00112,P01138,MC-3251-1138,ホビー,0,site_D,2025-12-07,新品,165,33,8168
R00113,P01309,MC-5000-1309,ファッション,2,site_B,2026-02-01,ほぼ新品,91,18,11532
R00114,P00166,MC-6623-0166,スポーツ,0,site_A,2026-01-10,傷や汚れあり,214,73,11763
R00115,P00831,MC-8050-0831,ファッション,0,site_B,2025-12-29,新品,57,89,8406
R00117,P00633,MC-8589-0633,スポーツ,0,site_D,2025-11-02,ほぼ新品,86,78,10017
R00118,P02165,MC-5706-2165,家電,1,site_A,2026-01-02,傷や汚れあり,268,104,18618
R00119,P02081,MC-1959-2081,家電,0,site_B,2025-10-14,ほぼ新品,40,51,114552
R00120,P01618,MC-4075-1618,ファッション,0,site_B,2026-02-08,傷や汚れあり,158,60,3392
R00121,P00898,MC-2343-0898,ホビー,0,site_A,2025-11-17,傷や汚れあり,30,107,9530
R00123,P00198,MC-2228-0198,ファッション,1,site_B,2026-01-18,ほぼ新品,196,49,8072
R00124,P00843,MC-1538-0843,本・音楽,0,site_E,2025-12-07,新品,50,67,1068
R00125,P02153,MC-9643-2153,ホビー,1,site_C,2025-11-19,全体的に状態が悪い,160,102,2894
R00126,P01486,MC-3621-1486,ファッション,0,site_C,2026-01-12,傷や汚れあり,40,114,2043
R00127,P00659,MC-4864-0659,ファッション,0,site_C,2025-10-20,新品,175,27,3863
R00128,P01069,MC-6861-1069,本・音楽,1,site_B,2025-12-17,ほぼ新品,92,84,2341
R00130,P00524,MC-3764-0524,家電,0,site_C,2025-12-03,ほぼ新品,112,54,7894
R00131,P01380,MC-3425-1380,本・音楽,0,site_B,2026-02-21,全体的に状態が悪い,156,19,638
R00132,P01848,MC-4280-1848,家電,1,site_A,2025-11-23,ほぼ新品,53,35,50319
R00133,P00039,MC-5403-0039,家電,0,site_B,2025-10-24,ほぼ新品,43,101,42538
R00134,P01055,MC-6756-1055,スポーツ,2,site_E,2026-02-10,傷や汚れあり,181,128,5707
R00136,P00136,MC-8282-0136,ファッション,0,site_D,2026-02-09,傷や汚れあり,110,45,4290
R00137,P00921,MC-7568-0921,ホビー,2,site_B,2026-02-03,ほぼ新品,136,76,38823
R00138,P00969,MC-3429-0969,家電,0,site_A,2025-11-23,ほぼ新品,112,113,14455
R00139,P02106,MC-1608-2106,本・音楽,0,site_D,2025-10-18,ほぼ新品,355,79,1722
R00140,P00242,MC-8265-0242,ファッション,2,site_A,2025-12-06,ほぼ新品,113,124,5039
R00141,P01101,MC-1905-1101,本・音楽,0,site_B,2025-11-07,傷や汚れあり,393,37,767
R00142,P00883,MC-9672-0883,ホビー,0,site_E,2025-11-21,傷や汚れあり,281,62,9882
R00143,P01100,MC-8599-1100,家電,1,site_D,2025-10-05,傷や汚れあり,304,31,48863
R00144,P01310,MC-7910-1310,家電,2,site_E,2026-01-30,傷や汚れあり,103,87,28665
R00145,P01215,MC-3369-1215,スポーツ,2,site_C,2025-12-08,ほぼ新品,11,57,29392
R00146,P02045,MC-6468-2045,家電,1,site_B,2025-12-15,傷や汚れあり,26,18,86107
R00149,P00274,MC-7996-0274,家電,0,site_E,2026-01-20,傷や汚れあり,92,70,11104
R00150,P00584,MC-4581-0584,ホビー,1,site_E,2026-02-14,傷や汚れあり,220,87,11833
R00151,P00351,MC-4875-0351,家電,0,site_D,2025-10-21,全体的に状態が悪い,213,22,37443
R00153,P02107,MC-1152-2107,ホビー,0,site_E,2026-01-20,傷や汚れあり,263,30,3438
R00154,P02000,MC-1353-2000,スポーツ,0,site_C,2026-02-03,ほぼ新品,360,99,10547
R00155,P00922,MC-9003-0922,ホビー,1,site_A,2025-12-30,傷や汚れあり,102,98,5259
R00156,P00957,MC-4024-0957,ファッション,0,site_B,2026-02-24,傷や汚れあり,117,95,2652
R00157,P01875,MC-3460-1875,ホビー,0,site_B,2025-12-12,ほぼ新品,139,106,12482
R00158,P00408,MC-9421-0408,家電,0,site_B,2026-01-14,ほぼ新品,181,93,16901
R00159,P01805,MC-4757-1805,ファッション,1,site_E,2025-12-05,新品,151,45,20796
R00161,P01753,MC-3586-1753,家電,0,site_A,2026-01-17,ほぼ新品,72,90,20386
R00163,P00759,MC-8305-0759,ファッション,0,site_A,2026-02-20,傷や汚れあり,104,83,1613
R00164,P01878,MC-7329-1878,本・音楽,2,site_B,2026-02-19,全体的に状態が悪い,132,29,1237
R00165,P01594,MC-3604-1594,本・音楽,1,site_E,2025-10-13,傷や汚れあり,209,78,1837
R00166,P00041,MC-6487-0041,ファッション,2,site_C,2025-12-07,ほぼ新品,197,42,9628
R00167,P00494,MC-2106-0494,本・音楽,0,site_C,2026-01-10,傷や汚れあり,100,64,896
R00168,P00890,MC-5197-0890,家電,2,site_A,2025-10-16,全体的に状態が悪い,252,62,28336
R00169,P00929,MC-1625-0929,ファッション,0,site_A,2026-01-18,傷や汚れあり,181,111,6854
R00170,P00077,MC-3884-0077,スポーツ,0,site_C,2026-02-01,傷や汚れあり,169,15,6055
R00172,P00821,MC-3789-0821,ホビー,1,site_D,2025-12-26,傷や汚れあり,288,125,16991
R00173,P00056,MC-5116-0056,ファッション,1,site_B,2026-01-11,ほぼ新品,177,119,9628
R00174,P01725,MC-4852-1725,ファッション,0,site_E,2026-02-08,全体的に状態が悪い,34,18,2447
R00175,P01323,MC-3319-1323,家電,1,site_A,2025-10-12,傷や汚れあり,149,126,34200
R00176,P00733,MC-2898-0733,家電,2,site_B,2025-10-25,ほぼ新品,166,28,41808
R00177,P02059,MC-8330-2059,本・音楽,0,site_A,2026-02-27,傷や汚れあり,100,127,1511
R00178,P01987,MC-9764-1987,家電,1,site_B,2025-11-03,全体的に状態が悪い,210,25,66332
R00181,P00003,MC-4641-0003,本・音楽,0,site_C,2025-11-02,新品,599,74,850
R00182,P00791,MC-1798-0791,ホビー,1,site_C,2025-12-29,傷や汚れあり,61,110,11101
R00183,P00053,MC-8549-0053,スポーツ,0,site_C,2026-01-11,全体的に状態が悪い,185,34,5277
R00185,P00818,MC-8743-0818,ファッション,0,site_B,2025-12-21,ほぼ新品,51,41,2844
R00186,P00664,MC-3312-0664,家電,0,site_C,2025-10-04,ほぼ新品,61,67,24560
R00187,P00936,MC-8415-0936,ホビー,1,site_C,2025-12-23,ほぼ新品,53,68,11122
R00188,P01847,MC-6119-1847,ファッション,0,site_A,2025-12-29,傷や汚れあり,200,123,6432
R00189,P01149,MC-8142-1149,スポーツ,1,site_B,2025-11-17,傷や汚れあり,176,116,9796
R00190,P01032,MC-8216-1032,家電,2,site_C,2025-12-07,傷や汚れあり,121,82,65449
R00191,P01192,MC-8911-1192,ホビー,2,site_A,2026-01-13,ほぼ新品,109,70,25936
R00192,P00179,MC-9712-0179,スポーツ,0,site_E,2026-01-21,傷や汚れあり,346,28,2256
R00193,P01404,MC-5177-1404,ファッション,2,site_B,2025-11-11,傷や汚れあり,116,29,15825
R00194,P00862,MC-5149-0862,ファッション,2,site_C,2026-01-27,全体的に状態が悪い,53,71,7201
R00195,P01954,MC-1757-1954,ホビー,2,site_B,2025-12-27,新品,215,70,20579
R00196,P00819,MC-5438-0819,ファッション,0,site_D,2026-02-07,傷や汚れあり,128,60,770
R00197,P01826,MC-5936-1826,ファッション,1,site_D,2026-01-08,ほぼ新品,106,17,6402
R00198,P00368,MC-6675-0368,スポーツ,0,site_B,2026-01-10,ほぼ新品,144,56,9402
R00199,P01496,MC-3680-1496,スポーツ,1,site_E,2025-12-29,ほぼ新品,67,94,11193
R00203,P01045,MC-3705-1045,家電,1,site_A,2026-02-26,ほぼ新品,10,125,40642
R00204,P00067,MC-2226-0067,ホビー,1,site_B,2026-02-21,ほぼ新品,119,97,23606
R00205,P01169,MC-3197-1169,ファッション,0,site_D,2026-02-15,ほぼ新品,167,16,2446
R00206,P00119,MC-6420-0119,ホビー,1,site_E,2025-10-22,傷や汚れあり,48,114,4117
R00207,P00596,MC-8166-0596,ホビー,2,site_C,2025-10-22,ほぼ新品,17,123,11144
R00208,P02014,MC-3522-2014,ホビー,1,site_D,2026-01-07,傷や汚れあり,200,84,3474
R00210,P01676,MC-3767-1676,ファッション,0,site_A,2025-12-25,ほぼ新品,126,71,9130
R00211,P00096,MC-6588-0096,ファッション,1,site_A,2026-02-18,新品,83,99,11331
R00212,P00546,MC-4569-0546,ファッション,0,site_A,2025-11-06,ほぼ新品,106,40,6506
R00214,P00889,MC-4667-0889,本・音楽,0,site_C,2025-11-19,傷や汚れあり,125,74,574
R00215,P01425,MC-3606-1425,本・音楽,2,site_E,2025-12-19,傷や汚れあり,82,27,1359
R00216,P01977,MC-9970-1977,ファッション,1,site_E,2025-10-05,傷や汚れあり,207,95,10977
R00217,P00073,MC-5281-0073,ホビー,1,site_E,2025-10-24,傷や汚れあり,359,54,6139
R00218,P00942,MC-4217-0942,家電,1,site_E,2026-01-23,新品,62,118,42447
R00219,P01153,MC-6225-1153,ホビー,2,site_B,2026-02-08,ほぼ新品,28,69,20342
R00220,P00622,MC-4367-0622,家電,0,site_D,2025-10-30,ほぼ新品,38,59,19343
R00221,P01231,MC-1793-1231,ファッション,0,site_A,2026-01-15,傷や汚れあり,128,69,5790
R00222,P00976,MC-2505-0976,家電,0,site_D,2026-02-05,全体的に状態が悪い,52,49,9264
R00223,P00883,MC-9672-0883,ホビー,0,site_D,2025-11-21,新品,112,70,26826
R00225,P00488,MC-9576-0488,本・音楽,1,site_D,2025-12-05,ほぼ新品,116,65,1523
R00226,P01998,MC-1693-1998,家電,1,site_B,2025-12-29,全体的に状態が悪い,193,78,5259
R00228,P00267,MC-9281-0267,ファッション,1,site_C,2025-10-13,傷や汚れあり,72,78,2759
R00229,P01142,MC-5036-1142,ホビー,0,site_A,2025-11-28,傷や汚れあり,45,110,3050
R00231,P01788,MC-2336-1788,本・音楽,0,site_C,2025-11-25,新品,376,17,2386
R00232,P01441,MC-7682-1441,スポーツ,0,site_D,2025-11-24,全体的に状態が悪い,58,91,4472
R00233,P00796,MC-9855-0796,本・音楽,1,site_E,2026-01-24,ほぼ新品,43,24,1092
R00235,P01022,MC-2001-1022,ホビー,1,site_E,2025-12-27,新品,133,73,35277
R00237,P01568,MC-1249-1568,ファッション,0,site_D,2025-11-20,傷や汚れあり,64,18,1073
R00239,P00788,MC-2306-0788,スポーツ,0,site_A,2026-02-12,傷や汚れあり,227,90,7080
R00240,P02087,MC-1221-2087,本・音楽,0,site_A,2025-11-09,傷や汚れあり,57,102,1895
R00242,P00204,MC-3185-0204,ファッション,0,site_A,2025-10-28,ほぼ新品,61,79,4905
R00243,P01876,MC-9971-1876,家電,1,site_A,2026-02-02,傷や汚れあり,127,78,11042
R00244,P00408,MC-9421-0408,家電,0,site_C,2026-01-14,傷や汚れあり,204,118,7050
R00245,P01569,MC-8026-1569,家電,1,site_E,2025-12-23,傷や汚れあり,346,123,29472
R00247,P01524,MC-9840-1524,ホビー,2,site_B,2026-01-14,新品,268,73,32981
R00248,P00695,MC-3766-0695,ファッション,1,site_D,2026-01-08,ほぼ新品,130,45,5031
R00249,P01411,MC-2062-1411,家電,1,site_B,2025-11-05,新品,636,102,96653
R00250,P01074,MC-1606-1074,ファッション,0,site_A,2026-01-18,傷や汚れあり,404,77,4565
R00253,P00011,MC-2559-0011,ファッション,2,site_B,2025-10-15,ほぼ新品,108,34,19596
R00254,P01089,MC-6187-1089,ファッション,1,site_C,2026-02-12,ほぼ新品,278,49,15816
R00255,P01905,MC-1357-1905,ファッション,0,site_A,2025-10-30,傷や汚れあり,120,65,3328
R00257,P00059,MC-4745-0059,ファッション,1,site_D,2025-12-05,ほぼ新品,220,25,10412
R00258,P00064,MC-4362-0064,本・音楽,0,site_D,2026-02-09,ほぼ新品,148,59,695
R00259,P00941,MC-8976-0941,ファッション,1,site_E,2025-10-14,ほぼ新品,249,94,9669
R00260,P01641,MC-5259-1641,家電,0,site_B,2025-12-26,新品,58,124,32948
R00262,P00026,MC-6383-0026,ホビー,0,site_E,2025-10-31,傷や汚れあり,53,126,4766
R00263,P01384,MC-8436-1384,本・音楽,1,site_C,2026-02-18,傷や汚れあり,30,52,338
R00264,P00582,MC-1947-0582,ホビー,0,site_B,2025-12-26,傷や汚れあり,157,82,8910
R00265,P00860,MC-2580-0860,ファッション,0,site_B,2025-12-30,新品,163,78,2977
R00266,P01621,MC-9245-1621,本・音楽,0,site_A,2026-01-21,新品,365,36,2731
R00267,P01639,MC-9420-1639,ファッション,0,site_E,2025-11-11,ほぼ新品,43,61,4659
R00268,P00470,MC-3342-0470,ホビー,2,site_C,2025-12-02,傷や汚れあり,112,23,3651
R00269,P00636,MC-9455-0636,家電,0,site_B,2025-10-19,傷や汚れあり,40,37,24119
R00270,P01450,MC-1163-1450,家電,0,site_E,2025-12-07,全体的に状態が悪い,169,107,20554
R00271,P02130,MC-8481-2130,本・音楽,0,site_C,2025-11-06,全体的に状態が悪い,131,79,1166
R00272,P02197,MC-9031-2197,スポーツ,1,site_A,2026-01-25,傷や汚れあり,122,121,7614
R00273,P02013,MC-1611-2013,家電,1,site_B,2025-10-02,全体的に状態が悪い,131,49,56350
R00274,P01862,MC-1293-1862,本・音楽,1,site_D,2026-02-19,新品,211,118,1553
R00276,P01207,MC-6479-1207,スポーツ,0,site_D,2025-10-19,傷や汚れあり,34,49,2111
R00277,P01779,MC-1741-1779,ファッション,1,site_C,2025-11-05,傷や汚れあり,184,22,6819
R00278,P01129,MC-8452-1129,本・音楽,0,site_C,2026-01-21,ほぼ新品,168,112,511
R00279,P01330,MC-7022-1330,ホビー,0,site_C,2026-01-25,傷や汚れあり,74,42,2796
R00280,P01119,MC-5750-1119,ホビー,0,site_E,2026-01-01,傷や汚れあり,56,95,10426
R00281,P01122,MC-3898-1122,ホビー,1,site_B,2025-10-06,新品,128,31,11761
R00282,P00182,MC-6029-0182,家電,1,site_E,2026-01-14,新品,102,106,20257
R00283,P00014,MC-3747-0014,家電,1,site_B,2026-01-13,ほぼ新品,77,56,34487
R00284,P02039,MC-2484-2039,本・音楽,0,site_C,2025-10-05,傷や汚れあり,114,42,730
R00285,P01334,MC-3528-1334,本・音楽,0,site_A,2025-10-10,傷や汚れあり,198,125,1581
R00287,P00464,MC-1714-0464,スポーツ,0,site_C,2025-11-25,新品,234,21,18026
R00288,P02039,MC-2484-2039,本・音楽,0,site_D,2025-10-05,ほぼ新品,175,55,810
R00289,P00181,MC-2560-0181,ファッション,0,site_B,2026-01-20,全体的に状態が悪い,78,121,5191
R00290,P00877,MC-7704-0877,ホビー,0,site_E,2025-10-07,傷や汚れあり,89,122,6154
R00291,P02089,MC-3255-2089,本・音楽,2,site_E,2025-11-05,新品,105,29,5241
R00292,P01140,MC-4581-1140,家電,0,site_C,2025-12-28,ほぼ新品,64,63,75335
R00293,P00036,MC-1386-0036,ファッション,0,site_C,2025-12-21,新品,176,32,8886
R00295,P00373,MC-6997-0373,ホビー,0,site_A,2026-01-13,傷や汚れあり,107,121,6499
R00296,P01093,MC-8456-1093,本・音楽,1,site_C,2026-02-10,全体的に状態が悪い,174,23,686
R00299,P00271,MC-7706-0271,家電,1,site_D,2025-12-16,傷や汚れあり,147,59,24659
R00300,P00472,MC-2153-0472,本・音楽,2,site_B,2026-02-28,傷や汚れあり,437,129,1600
R00301,P01902,MC-9058-1902,ファッション,2,site_C,2025-10-13,傷や汚れあり,435,89,7715
R00302,P00262,MC-1997-0262,ホビー,0,site_C,2026-01-17,ほぼ新品,39,23,7670
R00303,P00839,MC-2277-0839,ファッション,1,site_E,2025-11-28,傷や汚れあり,219,113,7160
R00304,P02131,MC-4321-2131,ファッション,0,site_D,2026-02-09,傷や汚れあり,186,38,3684
R00305,P00545,MC-4224-0545,家電,2,site_B,2026-02-20,傷や汚れあり,194,99,35486
R00306,P00702,MC-8206-0702,本・音楽,1,site_A,2025-10-31,ほぼ新品,210,32,696
R00307,P00313,MC-1779-0313,家電,0,site_B,2025-11-01,新品,192,95,68803
R00308,P00340,MC-5099-0340,家電,1,site_C,2025-10-14,新品,505,25,187505
R00309,P01614,MC-9985-1614,家電,0,site_C,2025-12-27,ほぼ新品,97,102,112029
R00310,P01125,MC-5844-1125,ホビー,0,site_B,2026-02-08,ほぼ新品,109,96,1346
R00311,P00932,MC-8009-0932,ファッション,0,site_C,2025-11-14,傷や汚れあり,87,104,1858
R00312,P00435,MC-5772-0435,スポーツ,2,site_C,2026-01-08,ほぼ新品,64,83,23897
R00313,P01409,MC-7550-1409,家電,1,site_B,2025-12-28,新品,323,118,192182
R00314,P01441,MC-7682-1441,スポーツ,0,site_B,2025-11-22,全体的に状態が悪い,187,34,7048
R00315,P00096,MC-6588-0096,ファッション,1,site_C,2026-02-17,傷や汚れあり,234,82,14323
R00316,P02111,MC-6633-2111,ホビー,0,site_C,2025-12-23,傷や汚れあり,128,66,2937
R00317,P00629,MC-1441-0629,ホビー,0,site_C,2026-01-15,ほぼ新品,160,97,6305
R00318,P01767,MC-3112-1767,本・音楽,0,site_E,2025-10-12,新品,170,96,2178
R00319,P00034,MC-3604-0034,本・音楽,0,site_D,2025-11-15,傷や汚れあり,176,63,423
R00321,P01401,MC-4448-1401,本・音楽,0,site_E,2025-11-12,ほぼ新品,155,81,3644
R00322,P01776,MC-2275-1776,本・音楽,2,site_A,2025-10-28,新品,85,19,1750
R00323,P00076,MC-6741-0076,スポーツ,1,site_B,2026-02-28,ほぼ新品,194,58,7380
R00324,P01643,MC-3741-1643,家電,1,site_E,2026-01-28,新品,174,57,41538
R00325,P01235,MC-5229-1235,ファッション,0,site_C,2025-12-24,傷や汚れあり,128,79,3066
R00326,P01656,MC-1360-1656,家電,0,site_B,2026-01-27,新品,181,26,52346
R00327,P00629,MC-1441-0629,ホビー,0,site_D,2026-01-15,ほぼ新品,101,108,6301
R00328,P00888,MC-9636-0888,家電,0,site_E,2026-01-08,ほぼ新品,322,75,29502
R00329,P00661,MC-9507-0661,ホビー,0,site_A,2025-10-04,新品,137,110,22772
R00330,P01843,MC-3827-1843,ファッション,1,site_C,2026-02-04,傷や汚れあり,57,118,2327
R00331,P00115,MC-8404-0115,スポーツ,0,site_C,2025-10-13,全体的に状態が悪い,36,114,6114
R00332,P02110,MC-3063-2110,ファッション,0,site_E,2026-02-17,ほぼ新品,59,122,4504
R00333,P01180,MC-5308-1180,本・音楽,2,site_E,2025-11-08,傷や汚れあり,62,66,968
R00334,P00459,MC-9115-0459,ファッション,0,site_C,2026-02-24,ほぼ新品,117,35,1918
R00335,P00793,MC-2229-0793,ファッション,1,site_D,2025-12-31,傷や汚れあり,281,70,8736
R00336,P00017,MC-7631-0017,本・音楽,1,site_D,2025-10-31,新品,284,108,1629
R00337,P00366,MC-7078-0366,本・音楽,1,site_E,2025-12-26,新品,97,36,2468
R00338,P01131,MC-8429-1131,ホビー,0,site_E,2025-12-19,ほぼ新品,132,49,21955
R00339,P01758,MC-8285-1758,ファッション,0,site_A,2026-01-04,ほぼ新品,203,38,7839
R00340,P01682,MC-4152-1682,家電,0,site_D,2026-01-25,傷や汚れあり,162,93,21052
R00341,P00064,MC-4362-0064,本・音楽,0,site_E,2026-02-14,ほぼ新品,5,98,762
R00342,P00134,MC-3929-0134,スポーツ,1,site_B,2026-01-01,ほぼ新品,135,98,4742
R00343,P01801,MC-4895-1801,ファッション,0,site_A,2026-02-26,ほぼ新品,30,106,4747
R00345,P00815,MC-2783-0815,本・音楽,1,site_C,2025-10-15,新品,147,34,1032
R00346,P01716,MC-9402-1716,ホビー,1,site_C,2026-01-01,ほぼ新品,274,25,35541
R00347,P01838,MC-8408-1838,本・音楽,1,site_B,2025-10-15,全体的に状態が悪い,189,105,2657
R00348,P00352,MC-2813-0352,ホビー,0,site_B,2025-12-31,新品,105,40,8818
R00349,P01206,MC-8193-1206,ホビー,1,site_B,2026-01-13,全体的に状態が悪い,61,127,2525
R00350,P01835,MC-9349-1835,ファッション,1,site_B,2025-12-29,全体的に状態が悪い,51,26,4733
R00351,P01863,MC-9012-1863,家電,1,site_C,2026-02-07,ほぼ新品,185,113,62202
R00352,P00649,MC-1669-0649,スポーツ,0,site_B,2025-12-04,全体的に状態が悪い,91,108,4859
R00353,P02143,MC-7998-2143,家電,0,site_E,2025-10-10,ほぼ新品,133,101,38872
R00354,P02122,MC-8987-2122,家電,0,site_E,2025-12-10,全体的に状態が悪い,157,50,27635
R00355,P01222,MC-1275-1222,スポーツ,0,site_C,2025-11-11,傷や汚れあり,206,33,5834
R00357,P00328,MC-5841-0328,ファッション,0,site_C,2025-11-22,ほぼ新品,218,127,6235
R00359,P00624,MC-4007-0624,ホビー,2,site_B,2026-02-07,傷や汚れあり,151,17,9744
R00360,P00796,MC-9855-0796,本・音楽,1,site_B,2026-01-25,全体的に状態が悪い,63,92,1225
R00361,P01042,MC-3241-1042,スポーツ,1,site_D,2026-01-16,傷や汚れあり,194,90,37255
R00362,P00042,MC-3073-0042,ファッション,1,site_B,2026-02-08,傷や汚れあり,210,26,15172
R00363,P01282,MC-5498-1282,スポーツ,2,site_C,2025-12-28,全体的に状態が悪い,36,94,6659
R00364,P02028,MC-3040-2028,スポーツ,0,site_A,2025-12-15,ほぼ新品,124,52,7430
R00365,P01194,MC-4304-1194,スポーツ,1,site_E,2025-12-25,傷や汚れあり,310,97,2276
R00366,P00012,MC-8691-0012,本・音楽,0,site_B,2026-01-20,ほぼ新品,77,107,1202
R00367,P01422,MC-8024-1422,家電,0,site_E,2026-01-09,新品,232,123,28492
R00369,P00440,MC-7957-0440,ファッション,1,site_A,2026-02-06,傷や汚れあり,121,98,8652
R00370,P00449,MC-7710-0449,ファッション,1,site_C,2025-11-16,全体的に状態が悪い,128,39,2427
R00372,P00956,MC-7862-0956,ファッション,0,site_C,2025-12-14,傷や汚れあり,203,125,6511
R00374,P01942,MC-5696-1942,ファッション,1,site_E,2025-12-26,新品,112,75,2320
R00375,P01786,MC-3313-1786,本・音楽,0,site_C,2025-11-09,傷や汚れあり,62,79,753
R00376,P02157,MC-3570-2157,本・音楽,1,site_A,2025-12-18,傷や汚れあり,41,87,2166
R00377,P01284,MC-2680-1284,スポーツ,0,site_B,2025-11-23,傷や汚れあり,308,83,16642
R00378,P00429,MC-5182-0429,ホビー,1,site_A,2025-10-05,ほぼ新品,239,102,12277
R00379,P00460,MC-8384-0460,家電,1,site_D,2025-10-09,傷や汚れあり,108,72,15624
R00380,P00210,MC-5602-0210,家電,0,site_D,2026-01-11,ほぼ新品,35,125,65149
R00382,P00071,MC-2992-0071,家電,1,site_C,2025-10-03,傷や汚れあり,264,69,20028
R00383,P01934,MC-8987-1934,ファッション,0,site_E,2025-10-31,傷や汚れあり,180,85,6068
R00385,P01415,MC-2217-1415,スポーツ,1,site_A,2025-11-26,傷や汚れあり,416,92,13977
R00386,P00773,MC-5110-0773,ファッション,0,site_D,2026-01-05,傷や汚れあり,64,22,3341
R00387,P00039,MC-5403-0039,家電,0,site_C,2025-10-29,新品,347,50,75864
R00388,P02105,MC-3358-2105,本・音楽,0,site_A,2025-12-27,傷や汚れあり,75,22,757
R00389,P00702,MC-8206-0702,本・音楽,1,site_C,2025-10-29,ほぼ新品,171,37,759
R00391,P00419,MC-3096-0419,ファッション,1,site_D,2026-02-12,傷や汚れあり,324,117,5875
R00392,P00977,MC-4525-0977,ホビー,2,site_B,2025-10-11,全体的に状態が悪い,125,72,8201
R00393,P00430,MC-8374-0430,スポーツ,1,site_C,2025-10-18,新品,112,99,9726
R00394,P01367,MC-5863-1367,ホビー,0,site_C,2025-10-04,ほぼ新品,23,91,16391
R00395,P00719,MC-5990-0719,ファッション,1,site_A,2026-02-26,傷や汚れあり,80,46,3177
R00397,P01364,MC-8845-1364,スポーツ,0,site_C,2025-11-23,新品,152,127,44844
R00398,P01216,MC-5065-1216,本・音楽,1,site_A,2025-10-20,傷や汚れあり,165,63,1587
R00400,P00151,MC-4187-0151,ファッション,1,site_D,2025-10-25,傷や汚れあり,61,91,12102
R00401,P02133,MC-3282-2133,家電,0,site_D,2026-01-12,新品,46,59,105749
R00402,P00437,MC-7565-0437,スポーツ,2,site_C,2025-12-13,傷や汚れあり,80,113,6200
R00403,P01585,MC-3458-1585,ホビー,1,site_A,2026-02-20,傷や汚れあり,277,34,5042
R00404,P00669,MC-6161-0669,本・音楽,1,site_D,2026-01-04,ほぼ新品,116,51,3002
R00405,P02112,MC-7652-2112,スポーツ,0,site_C,2025-12-13,ほぼ新品,286,119,18320
R00406,P00805,MC-7765-0805,家電,0,site_C,2025-12-12,ほぼ新品,32,113,21164
R00407,P00673,MC-1176-0673,ホビー,0,site_A,2025-11-07,傷や汚れあり,29,73,4675
R00409,P01830,MC-4824-1830,家電,1,site_E,2026-02-14,傷や汚れあり,99,112,14137
R00410,P00218,MC-6027-0218,家電,0,site_C,2025-12-03,新品,119,35,50071
R00411,P01206,MC-8193-1206,ホビー,1,site_D,2026-01-14,傷や汚れあり,206,112,5886
R00412,P00017,MC-7631-0017,本・音楽,1,site_E,2025-11-02,傷や汚れあり,180,43,1021
R00413,P01860,MC-7938-1860,スポーツ,1,site_A,2025-12-07,新品,177,103,12404
R00414,P00830,MC-7444-0830,家電,0,site_A,2026-01-26,全体的に状態が悪い,41,81,5583
R00416,P00252,MC-1223-0252,スポーツ,0,site_B,2025-12-11,新品,158,39,12252
R00417,P00151,MC-4187-0151,ファッション,1,site_C,2025-10-22,ほぼ新品,44,109,18015
R00418,P00396,MC-6675-0396,ファッション,0,site_E,2025-10-14,傷や汚れあり,156,97,3565
R00419,P00579,MC-6576-0579,ファッション,0,site_E,2026-01-11,新品,144,23,9174
R00421,P01260,MC-7758-1260,ファッション,2,site_D,2025-12-30,新品,115,18,10224
R00422,P01996,MC-6804-1996,スポーツ,0,site_C,2025-10-25,ほぼ新品,67,120,35476
R00424,P00486,MC-8976-0486,ファッション,0,site_C,2026-01-19,ほぼ新品,76,29,7020
R00425,P02103,MC-2762-2103,本・音楽,0,site_D,2025-11-04,ほぼ新品,223,79,3120
R00426,P00884,MC-3523-0884,ファッション,2,site_E,2025-10-30,全体的に状態が悪い,115,96,3485
R00427,P00038,MC-8686-0038,家電,2,site_E,2026-01-23,傷や汚れあり,128,47,93592
R00428,P01653,MC-9398-1653,ホビー,2,site_B,2026-02-02,ほぼ新品,232,50,9045
R00432,P00410,MC-6221-0410,ファッション,1,site_C,2025-12-29,新品,59,83,5674
R00434,P00754,MC-5426-0754,ファッション,0,site_A,2026-02-21,ほぼ新品,143,129,2195
R00437,P01750,MC-6764-1750,ホビー,0,site_A,2025-10-02,全体的に状態が悪い,173,104,3558
R00439,P01873,MC-6591-1873,家電,0,site_D,2026-01-16,ほぼ新品,172,102,32765
R00441,P00083,MC-9800-0083,スポーツ,0,site_C,2025-12-20,全体的に状態が悪い,213,86,6279
R00442,P00765,MC-9232-0765,ファッション,2,site_C,2025-11-24,新品,116,116,14784
R00443,P01526,MC-4595-1526,ファッション,0,site_A,2025-12-15,傷や汚れあり,45,94,4877
R00444,P00424,MC-9508-0424,スポーツ,0,site_E,2025-10-22,ほぼ新品,260,18,10969
R00445,P00564,MC-7348-0564,ホビー,2,site_C,2025-11-24,傷や汚れあり,132,37,3894
R00447,P01856,MC-6404-1856,家電,0,site_A,2025-11-01,ほぼ新品,72,77,13973
R00449,P01018,MC-5286-1018,スポーツ,1,site_E,2026-01-15,傷や汚れあり,55,18,25758
R00450,P01538,MC-1953-1538,ファッション,1,site_D,2026-02-13,新品,190,105,9676
R00451,P01237,MC-2850-1237,スポーツ,1,site_D,2025-12-28,新品,330,78,38780
R00453,P00667,MC-4274-0667,スポーツ,1,site_E,2025-11-22,全体的に状態が悪い,327,28,7727
R00454,P01030,MC-4789-1030,ホビー,1,site_B,2025-12-23,新品,186,37,15996
R00455,P00990,MC-4198-0990,本・音楽,0,site_E,2025-10-05,傷や汚れあり,161,127,990
R00457,P01768,MC-5021-1768,ホビー,0,site_C,2025-11-22,全体的に状態が悪い,136,56,1646
R00458,P01917,MC-6618-1917,スポーツ,1,site_D,2026-01-15,新品,239,86,14233
R00459,P01188,MC-9335-1188,本・音楽,0,site_A,2025-12-23,傷や汚れあり,181,38,2399
R00460,P01477,MC-1916-1477,本・音楽,0,site_E,2026-01-22,新品,24,25,1983
R00461,P01419,MC-3519-1419,ホビー,0,site_D,2026-01-26,傷や汚れあり,125,96,2571
R00462,P01368,MC-7665-1368,ホビー,2,site_B,2025-10-04,傷や汚れあり,321,49,3451
R00463,P02192,MC-8108-2192,ファッション,2,site_B,2026-02-26,ほぼ新品,140,50,12135
R00464,P01362,MC-4035-1362,家電,0,site_D,2025-10-17,傷や汚れあり,48,66,9845
R00465,P01335,MC-9667-1335,ファッション,0,site_D,2025-11-16,傷や汚れあり,110,71,6127
R00466,P00486,MC-8976-0486,ファッション,0,site_B,2026-01-17,新品,154,25,11812
R00467,P01973,MC-3625-1973,ファッション,2,site_D,2026-01-15,傷や汚れあり,123,102,10794
R00468,P01392,MC-6055-1392,スポーツ,1,site_A,2026-02-28,全体的に状態が悪い,188,25,16265
R00471,P01523,MC-9723-1523,ファッション,2,site_E,2025-10-13,傷や汚れあり,484,97,8942
R00472,P00655,MC-8683-0655,家電,0,site_A,2025-12-02,全体的に状態が悪い,51,98,10727
R00473,P00174,MC-7366-0174,家電,1,site_C,2026-02-01,ほぼ新品,81,73,13706
R00474,P01127,MC-6317-1127,ホビー,0,site_A,2026-02-12,新品,119,129,3133
R00475,P00232,MC-7196-0232,スポーツ,0,site_C,2025-12-21,傷や汚れあり,306,117,9113
R00476,P01977,MC-9970-1977,ファッション,1,site_C,2025-10-03,傷や汚れあり,230,82,8069
R00477,P01356,MC-8102-1356,本・音楽,1,site_A,2025-11-05,ほぼ新品,48,126,2583
R00478,P00649,MC-1669-0649,スポーツ,0,site_D,2025-12-04,傷や汚れあり,76,52,7053
R00479,P01701,MC-7516-1701,本・音楽,0,site_A,2025-10-10,全体的に状態が悪い,77,68,839
R00480,P01971,MC-3039-1971,スポーツ,0,site_D,2026-01-28,新品,416,36,17603
R00481,P01189,MC-8062-1189,ホビー,1,site_B,2025-11-02,ほぼ新品,179,102,19148
R00482,P01718,MC-7548-1718,ファッション,0,site_E,2026-01-21,ほぼ新品,211,65,2767
R00483,P00434,MC-4387-0434,ファッション,0,site_E,2025-12-09,ほぼ新品,73,54,6589
R00484,P00662,MC-8550-0662,家電,0,site_B,2026-02-16,新品,34,99,22970
R00485,P00257,MC-2333-0257,家電,0,site_B,2025-11-24,ほぼ新品,41,101,38644
R00486,P02190,MC-8092-2190,ホビー,0,site_B,2026-01-23,ほぼ新品,86,106,6665
R00487,P01355,MC-8465-1355,家電,0,site_D,2026-02-22,ほぼ新品,199,25,43683
R00488,P02058,MC-8260-2058,本・音楽,0,site_D,2026-02-18,新品,18,56,3384
R00489,P01824,MC-6249-1824,本・音楽,0,site_B,2026-01-18,新品,184,98,5051
R00490,P01872,MC-2963-1872,ファッション,0,site_C,2026-01-31,全体的に状態が悪い,211,63,6322
R00491,P01673,MC-4410-1673,ホビー,0,site_E,2026-02-17,新品,95,93,4988
R00492,P00235,MC-8081-0235,家電,0,site_B,2025-12-18,傷や汚れあり,46,100,17448
R00494,P00986,MC-6617-0986,ファッション,0,site_C,2026-02-11,全体的に状態が悪い,122,96,3200
R00495,P00258,MC-6235-0258,ホビー,0,site_A,2026-01-31,傷や汚れあり,84,31,3887
R00496,P01230,MC-8282-1230,ホビー,1,site_C,2026-02-17,ほぼ新品,68,19,14962
R00497,P00434,MC-4387-0434,ファッション,0,site_D,2025-12-10,傷や汚れあり,94,86,4084
R00498,P01281,MC-1764-1281,スポーツ,1,site_E,2026-01-23,傷や汚れあり,56,26,5045
R00499,P01637,MC-1381-1637,本・音楽,1,site_E,2025-12-12,ほぼ新品,306,19,1872
R00500,P01684,MC-3300-1684,ファッション,2,site_B,2025-12-03,ほぼ新品,150,122,17831
R00502,P02080,MC-7597-2080,ファッション,0,site_C,2025-12-20,全体的に状態が悪い,191,36,3384
R00503,P00610,MC-4549-0610,家電,1,site_A,2025-11-13,傷や汚れあり,153,122,18242
R00504,P00262,MC-1997-0262,ホビー,0,site_A,2026-01-15,新品,32,97,10664
R00505,P00926,MC-3927-0926,スポーツ,2,site_E,2025-10-15,全体的に状態が悪い,358,74,16107
R00506,P01548,MC-2509-1548,ファッション,1,site_B,2025-10-31,新品,423,82,13091
R00507,P01399,MC-8291-1399,家電,0,site_B,2025-10-10,ほぼ新品,105,78,26775
R00508,P02091,MC-1903-2091,スポーツ,0,site_A,2025-12-07,ほぼ新品,79,37,11522
R00509,P00555,MC-7758-0555,ホビー,0,site_D,2026-02-06,ほぼ新品,284,21,10239
R00510,P01788,MC-2336-1788,本・音楽,0,site_B,2025-11-28,傷や汚れあり,149,86,1865
R00511,P01266,MC-5364-1266,家電,1,site_D,2026-01-13,傷や汚れあり,343,33,44074
R00512,P00664,MC-3312-0664,家電,0,site_B,2025-10-03,傷や汚れあり,85,63,17118
R00514,P02012,MC-9903-2012,スポーツ,1,site_C,2026-01-25,ほぼ新品,279,16,19057
R00515,P00144,MC-3005-0144,本・音楽,0,site_E,2025-12-25,ほぼ新品,269,19,1101
R00516,P01654,MC-6476-1654,本・音楽,0,site_B,2026-02-03,傷や汚れあり,117,129,5811
R00517,P01074,MC-1606-1074,ファッション,0,site_B,2026-01-15,新品,238,79,10524
R00518,P01468,MC-2062-1468,ファッション,0,site_D,2026-01-13,傷や汚れあり,96,71,5229
R00520,P01647,MC-1990-1647,ホビー,0,site_E,2025-10-05,新品,257,65,12099
R00521,P01736,MC-4264-1736,ホビー,0,site_D,2026-01-12,ほぼ新品,89,43,8378
R00523,P01803,MC-7882-1803,ファッション,1,site_D,2026-02-05,新品,112,51,17276
R00524,P01725,MC-4852-1725,ファッション,0,site_C,2026-02-07,ほぼ新品,341,85,7888
R00525,P01513,MC-3898-1513,ファッション,2,site_B,2025-11-03,ほぼ新品,475,64,16983
R00526,P01449,MC-5082-1449,ファッション,1,site_D,2025-11-27,ほぼ新品,184,113,19920
R00527,P00728,MC-4034-0728,本・音楽,0,site_D,2026-02-05,ほぼ新品,112,126,597
R00528,P01916,MC-9574-1916,本・音楽,1,site_D,2026-02-13,傷や汚れあり,294,32,1714
R00529,P00197,MC-8123-0197,ホビー,1,site_B,2026-02-26,ほぼ新品,186,118,25495
R00532,P01841,MC-2929-1841,本・音楽,0,site_B,2026-02-01,傷や汚れあり,138,64,890
R00533,P00249,MC-9770-0249,ファッション,1,site_C,2025-11-16,ほぼ新品,27,58,7210
R00534,P02040,MC-5835-2040,家電,0,site_C,2025-11-14,傷や汚れあり,204,63,55617
R00535,P01608,MC-5598-1608,スポーツ,0,site_A,2025-10-09,ほぼ新品,169,119,13475
R00536,P00451,MC-2099-0451,ファッション,0,site_C,2025-11-06,ほぼ新品,240,87,2758
R00537,P00822,MC-3919-0822,ホビー,0,site_E,2025-12-01,ほぼ新品,56,105,2933
R00538,P00366,MC-7078-0366,本・音楽,1,site_A,2025-12-25,傷や汚れあり,57,95,1852
R00539,P01746,MC-6288-1746,ファッション,2,site_C,2025-10-26,ほぼ新品,217,31,10651
R00540,P01036,MC-5508-1036,ファッション,1,site_C,2026-01-07,ほぼ新品,50,121,23582
R00541,P01344,MC-3983-1344,スポーツ,2,site_D,2025-11-06,傷や汚れあり,226,28,14779
R00542,P02050,MC-4348-2050,スポーツ,1,site_D,2025-12-27,新品,96,83,9520
R00543,P01090,MC-9154-1090,家電,0,site_A,2026-01-12,新品,113,64,41296
R00544,P01277,MC-6413-1277,家電,0,site_E,2025-12-29,全体的に状態が悪い,337,84,14293
R00545,P01513,MC-3898-1513,ファッション,2,site_A,2025-11-01,ほぼ新品,353,64,14634
R00546,P01317,MC-1964-1317,家電,2,site_C,2025-12-17,新品,112,124,246531
R00547,P00759,MC-8305-0759,ファッション,0,site_E,2026-02-16,ほぼ新品,81,96,3154
R00548,P00559,MC-4502-0559,ファッション,0,site_E,2025-11-18,ほぼ新品,217,111,3557
R00550,P01211,MC-2042-1211,ホビー,2,site_D,2026-02-25,全体的に状態が悪い,242,45,12135
R00552,P01335,MC-9667-1335,ファッション,0,site_A,2025-11-18,ほぼ新品,77,86,8857
R00553,P00492,MC-2350-0492,スポーツ,0,site_A,2025-10-09,ほぼ新品,75,50,34669
R00554,P00362,MC-4596-0362,家電,0,site_C,2025-10-29,全体的に状態が悪い,122,123,4157
R00555,P01903,MC-1567-1903,スポーツ,0,site_C,2025-12-23,全体的に状態が悪い,114,120,4893
R00556,P01643,MC-3741-1643,家電,1,site_B,2026-01-31,新品,230,56,72680
R00557,P01057,MC-2969-1057,ファッション,1,site_C,2025-12-20,ほぼ新品,136,114,4912
R00558,P00457,MC-6177-0457,ファッション,0,site_D,2026-01-05,新品,263,18,7672
R00559,P01260,MC-7758-1260,ファッション,2,site_C,2025-12-28,傷や汚れあり,155,35,3981
R00560,P01086,MC-9806-1086,ファッション,0,site_B,2025-12-21,全体的に状態が悪い,166,37,1679
R00561,P00799,MC-7409-0799,家電,1,site_C,2025-12-12,ほぼ新品,128,48,19981
R00562,P01011,MC-6591-1011,ファッション,1,site_B,2026-01-16,ほぼ新品,45,34,10003
R00563,P01841,MC-2929-1841,本・音楽,0,site_D,2026-02-01,全体的に状態が悪い,121,64,717
R00564,P00989,MC-5348-0989,本・音楽,2,site_A,2026-01-26,新品,26,114,913
R00566,P02002,MC-6179-2002,ファッション,0,site_C,2025-11-26,ほぼ新品,120,80,2273
R00567,P00053,MC-8549-0053,スポーツ,0,site_D,2026-01-07,全体的に状態が悪い,150,97,4339
R00568,P00093,MC-7850-0093,スポーツ,1,site_D,2026-01-28,全体的に状態が悪い,338,19,5077
R00570,P01814,MC-6446-1814,ファッション,0,site_D,2025-12-31,ほぼ新品,131,48,2769
R00571,P02079,MC-3724-2079,ホビー,1,site_A,2025-10-19,傷や汚れあり,293,71,6215
R00572,P00251,MC-9307-0251,スポーツ,0,site_C,2025-11-18,全体的に状態が悪い,396,117,11309
R00573,P00475,MC-9151-0475,ファッション,2,site_E,2026-02-15,傷や汚れあり,131,98,3979
R00574,P01383,MC-8770-1383,ホビー,1,site_B,2025-12-08,傷や汚れあり,159,49,2119
R00575,P01710,MC-4902-1710,本・音楽,1,site_D,2025-12-09,全体的に状態が悪い,165,108,968
R00576,P00241,MC-7480-0241,ホビー,0,site_D,2025-12-02,ほぼ新品,70,81,29641
R00578,P00398,MC-2703-0398,ホビー,0,site_A,2025-10-06,ほぼ新品,41,96,10608
R00579,P01913,MC-1356-1913,スポーツ,1,site_C,2025-12-09,新品,279,25,34716
R00580,P00984,MC-6244-0984,ホビー,1,site_D,2025-12-29,ほぼ新品,107,119,3440
R00581,P00121,MC-5279-0121,家電,1,site_C,2025-12-15,新品,89,80,73673
R00583,P01260,MC-7758-1260,ファッション,2,site_A,2026-01-01,新品,179,79,8114
R00584,P00904,MC-2486-0904,ホビー,1,site_A,2025-12-27,ほぼ新品,108,32,7315
R00585,P01814,MC-6446-1814,ファッション,0,site_B,2025-12-29,傷や汚れあり,16,102,2574
R00586,P01934,MC-8987-1934,ファッション,0,site_C,2025-11-04,傷や汚れあり,205,121,4922
R00587,P00367,MC-1985-0367,ホビー,1,site_A,2025-11-18,ほぼ新品,284,37,4333
R00588,P01012,MC-2930-1012,ファッション,0,site_E,2026-01-26,ほぼ新品,144,30,4682
R00589,P01943,MC-6182-1943,家電,0,site_A,2026-02-17,ほぼ新品,75,105,29478
R00591,P02069,MC-3423-2069,ホビー,2,site_E,2025-12-06,ほぼ新品,79,88,20459
R00592,P00012,MC-8691-0012,本・音楽,0,site_C,2026-01-18,ほぼ新品,47,117,1225
R00594,P01969,MC-8821-1969,家電,1,site_A,2026-01-01,ほぼ新品,229,119,29063
R00595,P00166,MC-6623-0166,スポーツ,0,site_C,2026-01-14,全体的に状態が悪い,114,73,5997
R00596,P01070,MC-5815-1070,本・音楽,0,site_B,2025-12-30,全体的に状態が悪い,316,34,4259
R00597,P01861,MC-8676-1861,スポーツ,1,site_E,2026-01-29,傷や汚れあり,145,16,6267
R00598,P00710,MC-2499-0710,家電,0,site_D,2026-01-11,傷や汚れあり,98,21,9321
R00600,P01479,MC-1114-1479,家電,0,site_A,2026-02-21,ほぼ新品,119,62,90237
R00601,P01703,MC-7884-1703,ファッション,1,site_C,2025-12-08,ほぼ新品,136,107,4250
R00602,P00558,MC-4935-0558,スポーツ,1,site_A,2025-11-02,全体的に状態が悪い,548,22,10186
R00603,P01791,MC-4463-1791,本・音楽,1,site_A,2026-02-21,新品,118,67,1166
R00604,P02079,MC-3724-2079,ホビー,1,site_B,2025-10-16,傷や汚れあり,316,74,9668
R00605,P00882,MC-3061-0882,スポーツ,0,site_A,2025-10-11,新品,152,84,18822
R00606,P00505,MC-2221-0505,ホビー,1,site_B,2025-10-25,ほぼ新品,231,38,20900
R00608,P00773,MC-5110-0773,ファッション,0,site_B,2026-01-09,ほぼ新品,342,63,5972
R00609,P00251,MC-9307-0251,スポーツ,0,site_B,2025-11-18,新品,115,43,32455
R00611,P02073,MC-8524-2073,ホビー,1,site_C,2025-12-31,全体的に状態が悪い,188,47,6057
R00612,P01822,MC-3905-1822,スポーツ,1,site_A,2026-01-21,傷や汚れあり,184,41,9260
R00613,P00739,MC-7826-0739,本・音楽,0,site_B,2026-01-11,ほぼ新品,15,108,2854
R00614,P02045,MC-6468-2045,家電,1,site_C,2025-12-19,ほぼ新品,177,37,99841
R00615,P02100,MC-5737-2100,スポーツ,2,site_D,2025-10-25,傷や汚れあり,164,45,16338
R00616,P01581,MC-4600-1581,ファッション,0,site_E,2025-11-28,ほぼ新品,54,119,5784
R00617,P01083,MC-2613-1083,スポーツ,0,site_A,2026-02-08,ほぼ新品,119,38,8338
R00618,P00323,MC-5599-0323,家電,0,site_E,2026-01-14,全体的に状態が悪い,52,83,20255
R00619,P00763,MC-4041-0763,家電,0,site_A,2026-02-15,傷や汚れあり,43,112,17583
R00620,P00592,MC-2360-0592,本・音楽,0,site_A,2025-10-08,新品,83,97,2648
R00621,P00241,MC-7480-0241,ホビー,0,site_C,2025-12-05,傷や汚れあり,171,18,7295
R00622,P01674,MC-9893-1674,スポーツ,1,site_A,2026-01-03,ほぼ新品,149,52,14475
R00623,P01574,MC-3230-1574,家電,0,site_D,2025-12-25,新品,36,105,104365
R00624,P00873,MC-9656-0873,家電,0,site_D,2025-12-27,傷や汚れあり,118,65,53199
R00626,P01184,MC-8579-1184,ホビー,1,site_E,2025-12-26,ほぼ新品,174,86,9966
R00627,P01872,MC-2963-1872,ファッション,0,site_E,2026-01-29,新品,434,59,12495
R00628,P01189,MC-8062-1189,ホビー,1,site_C,2025-11-03,ほぼ新品,127,87,12317
R00630,P01160,MC-1462-1160,本・音楽,0,site_C,2025-12-09,傷や汚れあり,35,40,390
R00631,P00947,MC-1435-0947,本・音楽,0,site_B,2025-11-20,傷や汚れあり,154,16,1902
R00632,P01703,MC-7884-1703,ファッション,1,site_B,2025-12-05,ほぼ新品,355,98,6558
R00634,P01646,MC-4770-1646,本・音楽,2,site_A,2026-02-07,ほぼ新品,66,80,1711
R00635,P00663,MC-4949-0663,スポーツ,0,site_C,2026-01-24,傷や汚れあり,210,84,3918
R00637,P01928,MC-5862-1928,本・音楽,1,site_E,2026-01-09,傷や汚れあり,259,59,970
R00639,P01815,MC-9499-1815,本・音楽,0,site_B,2025-11-06,ほぼ新品,29,84,1992
R00640,P00194,MC-3942-0194,ファッション,1,site_A,2025-11-16,ほぼ新品,208,98,9138
R00641,P01560,MC-6918-1560,ファッション,2,site_A,2026-01-23,ほぼ新品,328,42,4840
R00642,P00764,MC-5755-0764,本・音楽,0,site_C,2025-10-19,傷や汚れあり,7,46,2418
R00643,P00067,MC-2226-0067,ホビー,1,site_E,2026-02-22,傷や汚れあり,313,17,8249
R00644,P01464,MC-9929-1464,ファッション,1,site_A,2026-02-27,ほぼ新品,107,78,8313
R00646,P01677,MC-8169-1677,ファッション,0,site_D,2026-02-18,傷や汚れあり,146,109,3290
R00648,P01218,MC-5359-1218,本・音楽,1,site_A,2026-01-06,ほぼ新品,92,95,1064
R00649,P01419,MC-3519-1419,ホビー,0,site_B,2026-01-24,ほぼ新品,74,64,5306
R00650,P00304,MC-6478-0304,本・音楽,0,site_B,2025-10-13,新品,255,99,2912
R00651,P01039,MC-3321-1039,ホビー,0,site_B,2025-11-30,傷や汚れあり,139,19,3772
R00652,P02078,MC-7689-2078,ファッション,0,site_C,2025-12-08,ほぼ新品,58,65,3266
R00655,P01179,MC-2560-1179,ホビー,1,site_D,2026-01-22,新品,94,31,13023
R00656,P01776,MC-2275-1776,本・音楽,2,site_D,2025-10-26,傷や汚れあり,45,94,1351
R00657,P02060,MC-1455-2060,ホビー,1,site_E,2025-12-16,全体的に状態が悪い,136,119,2023
R00658,P01980,MC-2499-1980,家電,0,site_A,2025-10-04,傷や汚れあり,278,46,32553
R00659,P00939,MC-6791-0939,ファッション,2,site_B,2026-01-10,傷や汚れあり,291,98,26242
R00661,P01545,MC-6531-1545,ファッション,1,site_E,2025-11-14,新品,285,30,10095
R00662,P00933,MC-3153-0933,家電,1,site_D,2026-01-11,新品,89,112,190223
R00663,P00243,MC-2301-0243,ホビー,0,site_D,2026-01-17,全体的に状態が悪い,236,22,1869
R00664,P00108,MC-6150-0108,ホビー,1,site_D,2026-01-20,新品,90,101,16357
R00665,P00359,MC-6264-0359,本・音楽,2,site_B,2026-02-05,ほぼ新品,383,18,4158
R00666,P00307,MC-3250-0307,スポーツ,0,site_D,2025-11-01,新品,177,82,12653
R00668,P02136,MC-4998-2136,ファッション,0,site_E,2025-11-21,ほぼ新品,240,76,15788
R00669,P01697,MC-6052-1697,本・音楽,0,site_C,2025-10-22,傷や汚れあり,222,43,694
R00671,P01829,MC-8083-1829,ファッション,1,site_C,2025-12-22,全体的に状態が悪い,177,129,8690
R00672,P00155,MC-9813-0155,家電,1,site_E,2025-11-15,傷や汚れあり,220,116,27377
R00673,P01033,MC-8419-1033,スポーツ,1,site_B,2025-12-11,ほぼ新品,57,49,9413
R00674,P00872,MC-1477-0872,ファッション,1,site_E,2025-11-22,ほぼ新品,377,105,14051
R00675,P01136,MC-7537-1136,家電,0,site_A,2025-12-30,傷や汚れあり,130,62,10847
R00676,P00177,MC-5558-0177,ファッション,1,site_E,2025-10-01,傷や汚れあり,242,106,7800
R00677,P01318,MC-8742-1318,ホビー,2,site_C,2025-10-22,傷や汚れあり,311,86,11052
R00679,P01804,MC-7881-1804,ホビー,2,site_D,2025-11-07,全体的に状態が悪い,138,86,3549
R00680,P01492,MC-3598-1492,ファッション,0,site_C,2025-10-30,新品,70,123,10477
R00681,P01957,MC-1260-1957,本・音楽,0,site_A,2026-02-21,傷や汚れあり,165,63,541
R00682,P02038,MC-2015-2038,本・音楽,1,site_A,2025-10-29,ほぼ新品,5,47,1201
R00684,P01523,MC-9723-1523,ファッション,2,site_C,2025-10-12,傷や汚れあり,145,27,6337
R00685,P00639,MC-6384-0639,家電,0,site_B,2025-10-09,傷や汚れあり,226,63,29639
R00686,P00881,MC-3679-0881,本・音楽,1,site_A,2025-11-24,全体的に状態が悪い,91,71,2117
R00687,P01317,MC-1964-1317,家電,2,site_E,2025-12-18,新品,197,55,249893
R00688,P00624,MC-4007-0624,ホビー,2,site_C,2026-02-06,新品,123,116,30757
R00689,P02128,MC-5530-2128,ファッション,2,site_E,2025-12-26,傷や汚れあり,2,97,9746
R00690,P01414,MC-9438-1414,ホビー,2,site_D,2025-12-11,傷や汚れあり,69,49,8845
R00691,P00424,MC-9508-0424,スポーツ,0,site_D,2025-10-20,新品,299,34,12008
R00692,P00770,MC-4653-0770,ファッション,0,site_D,2026-02-18,傷や汚れあり,366,101,5823
R00693,P01910,MC-1855-1910,本・音楽,0,site_D,2025-12-21,ほぼ新品,280,101,3074
R00694,P00767,MC-8326-0767,ホビー,1,site_E,2026-01-12,ほぼ新品,460,27,10662
R00695,P02151,MC-6294-2151,ファッション,0,site_B,2025-12-11,ほぼ新品,121,45,4949
R00696,P01716,MC-9402-1716,ホビー,1,site_D,2026-01-04,全体的に状態が悪い,22,40,7424
R00697,P01540,MC-2191-1540,ファッション,0,site_D,2026-01-28,全体的に状態が悪い,140,22,1396
R00698,P01522,MC-8606-1522,家電,0,site_D,2025-12-03,全体的に状態が悪い,79,73,27687
R00699,P02011,MC-7995-2011,スポーツ,0,site_C,2025-11-16,新品,140,27,27498
R00700,P00406,MC-3325-0406,ホビー,0,site_D,2025-12-05,ほぼ新品,211,52,10160
R00701,P00007,MC-4272-0007,ホビー,1,site_D,2026-01-12,傷や汚れあり,310,69,4706
R00702,P02158,MC-9301-2158,ホビー,0,site_E,2026-02-02,傷や汚れあり,215,37,4541
R00704,P00139,MC-5668-0139,ホビー,1,site_D,2026-02-05,傷や汚れあり,18,98,2554
R00705,P01775,MC-7960-1775,ファッション,0,site_E,2026-01-18,ほぼ新品,164,31,9121
R00706,P00678,MC-9289-0678,家電,1,site_B,2026-02-27,新品,134,96,31534
R00707,P01911,MC-1497-1911,ホビー,0,site_B,2025-10-21,傷や汚れあり,82,27,2296
R00708,P00429,MC-5182-0429,ホビー,1,site_D,2025-10-02,新品,204,87,17514
R00709,P01035,MC-8979-1035,スポーツ,0,site_D,2025-12-02,傷や汚れあり,39,24,6377
R00710,P00824,MC-4370-0824,ファッション,0,site_A,2025-12-09,ほぼ新品,166,113,1912
R00712,P01836,MC-7706-1836,ファッション,2,site_A,2026-02-06,傷や汚れあり,111,86,7618
R00714,P00407,MC-1115-0407,ファッション,0,site_A,2025-11-26,ほぼ新品,329,110,5073
R00715,P01529,MC-7478-1529,ホビー,1,site_E,2026-02-13,傷や汚れあり,268,59,4932
R00716,P00670,MC-5314-0670,ファッション,0,site_B,2025-11-24,ほぼ新品,181,25,8774
R00717,P01203,MC-1904-1203,家電,0,site_E,2025-11-07,ほぼ新品,96,90,5201
R00718,P00911,MC-5169-0911,スポーツ,2,site_C,2026-01-18,全体的に状態が悪い,105,63,19769
R00719,P00740,MC-5264-0740,家電,1,site_E,2025-10-16,傷や汚れあり,21,26,47633
R00720,P01300,MC-2570-1300,本・音楽,1,site_A,2026-01-28,全体的に状態が悪い,115,66,2183
R00721,P01751,MC-3948-1751,家電,2,site_C,2025-12-08,ほぼ新品,194,20,101118
R00722,P01377,MC-3538-1377,ファッション,0,site_A,2025-11-16,新品,312,18,11665
R00723,P00814,MC-7625-0814,家電,1,site_D,2025-10-13,全体的に状態が悪い,87,65,7315
R00724,P01886,MC-3699-1886,ファッション,1,site_C,2026-01-07,全体的に状態が悪い,301,26,2818
R00725,P01925,MC-9744-1925,本・音楽,1,site_D,2025-12-10,傷や汚れあり,214,109,1453
R00726,P01951,MC-1893-1951,ファッション,0,site_B,2026-01-28,全体的に状態が悪い,72,79,4273
R00727,P00537,MC-6050-0537,スポーツ,0,site_C,2026-02-03,ほぼ新品,110,116,6002
R00728,P01344,MC-3983-1344,スポーツ,2,site_E,2025-11-04,ほぼ新品,73,118,16603
R00729,P00111,MC-2903-0111,ホビー,1,site_E,2026-01-10,ほぼ新品,14,85,8546
R00731,P01482,MC-8014-1482,本・音楽,0,site_B,2026-01-12,ほぼ新品,85,48,4912
R00732,P00294,MC-5277-0294,スポーツ,1,site_B,2025-11-26,傷や汚れあり,113,106,18283
R00733,P01246,MC-9506-1246,スポーツ,0,site_B,2025-11-13,ほぼ新品,127,24,9927
R00735,P01157,MC-4964-1157,ファッション,0,site_A,2026-02-15,全体的に状態が悪い,272,15,3805
R00736,P00442,MC-9585-0442,スポーツ,0,site_A,2025-10-15,ほぼ新品,77,83,10562
R00737,P00453,MC-2700-0453,ファッション,1,site_A,2026-02-15,新品,179,40,6845
R00739,P01217,MC-2635-1217,家電,0,site_C,2025-11-26,新品,51,120,149201
R00740,P01259,MC-3931-1259,スポーツ,1,site_E,2025-12-21,傷や汚れあり,80,116,8047
R00741,P01274,MC-4400-1274,スポーツ,0,site_C,2025-12-09,全体的に状態が悪い,228,42,2630
R00744,P00312,MC-5139-0312,ファッション,0,site_C,2025-11-04,傷や汚れあり,360,111,6914
R00746,P00134,MC-3929-0134,スポーツ,1,site_E,2026-01-02,ほぼ新品,107,128,5291
R00747,P00376,MC-1862-0376,スポーツ,2,site_E,2025-11-10,新品,76,50,37313
R00748,P01003,MC-1614-1003,家電,2,site_A,2026-02-24,傷や汚れあり,144,18,48760
R00749,P00251,MC-9307-0251,スポーツ,0,site_D,2025-11-22,傷や汚れあり,86,81,15525
R00750,P00100,MC-2966-0100,家電,0,site_C,2026-02-04,新品,101,68,45353
R00751,P01620,MC-7457-1620,ホビー,0,site_B,2025-12-30,ほぼ新品,145,97,4356
R00752,P00396,MC-6675-0396,ファッション,0,site_B,2025-10-12,傷や汚れあり,61,79,3663
R00753,P01283,MC-9518-1283,ホビー,2,site_B,2025-11-18,全体的に状態が悪い,96,108,4905
R00754,P00874,MC-1711-0874,ファッション,1,site_C,2026-02-21,全体的に状態が悪い,97,28,3303
R00755,P00914,MC-3285-0914,スポーツ,1,site_C,2025-10-21,全体的に状態が悪い,278,42,8444
R00757,P00854,MC-4802-0854,家電,2,site_C,2025-12-09,傷や汚れあり,24,77,22377
R00758,P01082,MC-5772-1082,スポーツ,0,site_D,2025-10-08,傷や汚れあり,257,119,5427
R00760,P02037,MC-4232-2037,ファッション,0,site_E,2025-10-31,新品,166,60,10096
R00761,P00287,MC-8236-0287,家電,2,site_A,2025-11-13,新品,132,108,98418
R00762,P00663,MC-4949-0663,スポーツ,0,site_D,2026-01-24,新品,15,100,2976
R00763,P01348,MC-5957-1348,ファッション,1,site_B,2025-12-07,傷や汚れあり,159,85,2887
R00764,P00129,MC-6023-0129,ファッション,2,site_B,2025-11-23,ほぼ新品,147,109,14438
R00765,P00439,MC-1028-0439,家電,0,site_A,2025-12-23,ほぼ新品,337,56,29513
R00766,P00625,MC-5699-0625,ファッション,0,site_A,2025-11-22,傷や汚れあり,192,50,7580
R00767,P00786,MC-2605-0786,スポーツ,0,site_D,2026-01-02,傷や汚れあり,220,71,4592
R00768,P01686,MC-7813-1686,スポーツ,1,site_E,2026-02-22,全体的に状態が悪い,260,126,3817
R00769,P00497,MC-7998-0497,ホビー,1,site_C,2026-01-12,傷や汚れあり,115,53,2144
R00772,P00031,MC-2082-0031,家電,0,site_D,2026-02-20,ほぼ新品,66,80,22453
R00773,P00173,MC-8353-0173,ファッション,0,site_E,2026-01-07,ほぼ新品,97,21,3359
R00774,P00888,MC-9636-0888,家電,0,site_B,2026-01-06,傷や汚れあり,61,108,13947
R00775,P01741,MC-1641-1741,スポーツ,0,site_C,2025-11-09,ほぼ新品,65,56,7046
R00776,P01870,MC-3061-1870,家電,1,site_A,2025-11-09,ほぼ新品,131,57,58110
R00777,P00228,MC-4215-0228,本・音楽,1,site_C,2025-10-30,ほぼ新品,160,95,696
R00778,P01236,MC-6366-1236,ファッション,0,site_C,2026-01-03,傷や汚れあり,137,100,2527
R00779,P00379,MC-1956-0379,スポーツ,0,site_C,2026-02-07,新品,64,52,10242
R00780,P01777,MC-1420-1777,本・音楽,0,site_B,2025-12-10,傷や汚れあり,257,65,1909
R00781,P00766,MC-4095-0766,本・音楽,0,site_D,2026-01-13,新品,199,72,1956
R00782,P02195,MC-6434-2195,家電,1,site_B,2025-10-19,新品,89,26,157528
R00783,P00874,MC-1711-0874,ファッション,1,site_A,2026-02-26,傷や汚れあり,85,124,3899
R00784,P01320,MC-7192-1320,スポーツ,0,site_A,2025-10-28,傷や汚れあり,142,58,6186
R00786,P00387,MC-6418-0387,ファッション,1,site_D,2025-12-07,全体的に状態が悪い,283,17,2076
R00787,P00893,MC-2972-0893,ファッション,0,site_B,2026-01-13,傷や汚れあり,192,73,3803
R00788,P00322,MC-4241-0322,ファッション,1,site_E,2025-11-10,傷や汚れあり,132,61,3500
R00789,P00638,MC-2403-0638,家電,1,site_D,2025-10-25,傷や汚れあり,231,75,67353
R00791,P01827,MC-4459-1827,本・音楽,2,site_E,2026-02-03,全体的に状態が悪い,336,65,1222
R00792,P00272,MC-4316-0272,ホビー,0,site_C,2025-12-14,全体的に状態が悪い,62,103,1795
R00793,P00641,MC-7606-0641,ファッション,1,site_C,2025-11-29,新品,52,92,7612
R00794,P01564,MC-1393-1564,ファッション,0,site_D,2025-11-27,傷や汚れあり,51,124,4103
R00795,P00908,MC-5710-0908,ホビー,1,site_C,2025-10-05,ほぼ新品,311,109,9645
R00796,P00037,MC-4998-0037,家電,1,site_A,2026-02-11,傷や汚れあり,45,66,13050
R00798,P01084,MC-7886-1084,スポーツ,1,site_A,2025-10-28,ほぼ新品,54,45,20536
R00800,P01760,MC-3307-1760,ファッション,1,site_A,2025-10-02,新品,248,21,12020
R00801,P00544,MC-1003-0544,家電,1,site_D,2025-10-20,傷や汚れあり,187,117,20721
R00802,P01480,MC-5309-1480,家電,2,site_A,2026-02-13,全体的に状態が悪い,90,39,16806
R00805,P01677,MC-8169-1677,ファッション,0,site_E,2026-02-15,傷や汚れあり,80,111,2721
R00806,P01452,MC-6827-1452,家電,1,site_B,2026-01-13,傷や汚れあり,71,104,12780
R00807,P01431,MC-5432-1431,スポーツ,1,site_B,2025-10-27,傷や汚れあり,266,59,9091
R00808,P02083,MC-9767-2083,家電,0,site_C,2026-01-04,全体的に状態が悪い,104,50,6789
R00809,P00768,MC-4074-0768,ファッション,1,site_B,2026-01-20,ほぼ新品,34,78,6414
R00810,P02073,MC-8524-2073,ホビー,1,site_B,2026-01-01,全体的に状態が悪い,94,42,3549
R00811,P01245,MC-4427-1245,ファッション,1,site_C,2025-10-30,全体的に状態が悪い,251,46,4284
R00813,P00342,MC-2195-0342,スポーツ,0,site_C,2026-01-21,傷や汚れあり,66,126,4340
R00814,P00831,MC-8050-0831,ファッション,0,site_D,2025-12-30,ほぼ新品,165,52,6260
R00815,P00172,MC-5686-0172,ホビー,1,site_A,2025-10-25,ほぼ新品,212,102,50086
R00816,P00836,MC-4886-0836,本・音楽,0,site_D,2025-12-26,ほぼ新品,99,86,1445
R00817,P00776,MC-1246-0776,ホビー,0,site_D,2025-12-02,傷や汚れあり,112,25,3149
R00818,P00098,MC-1110-0098,ホビー,2,site_C,2026-02-09,傷や汚れあり,38,48,4594
R00819,P01942,MC-5696-1942,ファッション,1,site_B,2025-12-21,傷や汚れあり,183,95,2410
R00820,P00125,MC-3534-0125,家電,1,site_E,2026-02-27,新品,84,42,385819
R00821,P00802,MC-7146-0802,ホビー,1,site_C,2025-11-08,全体的に状態が悪い,110,19,1582
R00822,P00671,MC-1365-0671,本・音楽,0,site_E,2025-11-10,新品,257,80,2293
R00823,P01446,MC-5497-1446,ファッション,0,site_D,2026-02-25,ほぼ新品,65,61,3847
R00824,P02030,MC-8946-2030,本・音楽,0,site_D,2025-10-28,新品,213,16,1404
R00826,P00067,MC-2226-0067,ホビー,1,site_A,2026-02-24,新品,74,26,24977
R00827,P00044,MC-2544-0044,ホビー,2,site_D,2025-10-15,ほぼ新品,132,127,6700
R00828,P00717,MC-3440-0717,ホビー,2,site_B,2025-12-08,新品,21,92,10659
R00830,P00170,MC-2882-0170,家電,2,site_D,2025-11-07,ほぼ新品,84,64,150074
R00831,P00204,MC-3185-0204,ファッション,0,site_E,2025-10-29,ほぼ新品,76,51,5874
R00832,P01607,MC-5354-1607,家電,0,site_E,2025-10-29,新品,428,115,162954
R00833,P00497,MC-7998-0497,ホビー,1,site_E,2026-01-13,ほぼ新品,276,31,5268
R00834,P00532,MC-8561-0532,スポーツ,1,site_A,2025-11-22,傷や汚れあり,54,107,12189
R00835,P00624,MC-4007-0624,ホビー,2,site_A,2026-02-07,全体的に状態が悪い,88,73,8300
R00836,P00353,MC-2771-0353,家電,0,site_A,2025-10-24,傷や汚れあり,222,107,17875
R00837,P01559,MC-1420-1559,家電,0,site_E,2025-11-12,ほぼ新品,50,128,21530
R00838,P01078,MC-5629-1078,ホビー,0,site_C,2025-12-05,ほぼ新品,390,69,24063
R00840,P00742,MC-9693-0742,ホビー,1,site_C,2025-10-21,全体的に状態が悪い,69,22,1643
R00841,P00645,MC-4672-0645,ファッション,1,site_D,2025-11-10,傷や汚れあり,186,32,15108
R00842,P00871,MC-2201-0871,ファッション,0,site_D,2026-02-06,全体的に状態が悪い,31,45,952
R00843,P00430,MC-8374-0430,スポーツ,1,site_D,2025-10-16,新品,247,93,16471
R00844,P00680,MC-4436-0680,本・音楽,0,site_B,2026-01-13,ほぼ新品,318,58,2587
R00846,P02141,MC-6723-2141,本・音楽,0,site_C,2025-12-15,傷や汚れあり,79,27,987
R00847,P01625,MC-9415-1625,家電,2,site_A,2025-12-05,全体的に状態が悪い,136,116,45319
R00848,P00177,MC-5558-0177,ファッション,1,site_A,2025-10-04,新品,167,94,14767
R00851,P00501,MC-5570-0501,スポーツ,1,site_B,2025-11-30,傷や汚れあり,396,79,7185
R00852,P00498,MC-3529-0498,ファッション,0,site_E,2026-01-19,新品,363,94,12010
R00853,P00209,MC-9401-0209,ファッション,1,site_B,2025-10-13,傷や汚れあり,175,58,12170
R00854,P01577,MC-1081-1577,ファッション,1,site_B,2026-01-08,傷や汚れあり,150,69,4418
R00856,P02170,MC-7185-2170,ファッション,1,site_B,2025-11-05,傷や汚れあり,78,53,3947
R00857,P01761,MC-3797-1761,スポーツ,2,site_B,2026-01-20,ほぼ新品,61,115,31542
R00858,P01917,MC-6618-1917,スポーツ,1,site_A,2026-01-12,全体的に状態が悪い,177,126,3130
R00859,P02086,MC-2673-2086,本・音楽,0,site_B,2026-02-26,傷や汚れあり,279,108,478
R00860,P00815,MC-2783-0815,本・音楽,1,site_A,2025-10-15,ほぼ新品,72,72,1171
R00861,P01039,MC-3321-1039,ホビー,0,site_D,2025-11-29,傷や汚れあり,39,93,3637
R00862,P00049,MC-3656-0049,スポーツ,2,site_E,2026-02-25,ほぼ新品,61,22,14632
R00864,P00272,MC-4316-0272,ホビー,0,site_E,2025-12-12,傷や汚れあり,83,77,2606
R00865,P01721,MC-9254-1721,ファッション,1,site_C,2025-12-28,全体的に状態が悪い,10,104,1129
R00866,P00488,MC-9576-0488,本・音楽,1,site_A,2025-12-02,新品,31,78,1009
R00867,P01989,MC-6081-1989,ホビー,1,site_B,2026-01-03,傷や汚れあり,275,23,3518
R00868,P00450,MC-3070-0450,ファッション,1,site_C,2025-11-08,全体的に状態が悪い,204,23,9087
R00869,P01674,MC-9893-1674,スポーツ,1,site_B,2026-01-01,傷や汚れあり,166,25,12276
R00870,P01197,MC-6016-1197,家電,0,site_C,2026-01-26,傷や汚れあり,94,64,18808
R00871,P00785,MC-9988-0785,ファッション,0,site_D,2025-11-11,傷や汚れあり,101,87,3911
R00872,P00905,MC-7183-0905,本・音楽,1,site_C,2026-01-25,傷や汚れあり,111,123,1561
R00873,P01999,MC-9395-1999,スポーツ,1,site_E,2025-11-26,ほぼ新品,61,40,6339
R00876,P02063,MC-8629-2063,スポーツ,0,site_D,2025-12-30,傷や汚れあり,97,77,2600
R00877,P00580,MC-2474-0580,ファッション,1,site_D,2025-11-16,傷や汚れあり,52,22,4546
R00878,P00788,MC-2306-0788,スポーツ,0,site_E,2026-02-14,傷や汚れあり,232,126,4002
R00879,P01370,MC-5320-1370,スポーツ,0,site_C,2026-01-02,全体的に状態が悪い,136,99,7741
R00880,P01564,MC-1393-1564,ファッション,0,site_A,2025-11-28,傷や汚れあり,166,39,7871
R00881,P00257,MC-2333-0257,家電,0,site_E,2025-11-25,全体的に状態が悪い,170,19,11151
R00882,P00312,MC-5139-0312,ファッション,0,site_A,2025-11-03,新品,97,93,10034
R00883,P00114,MC-7323-0114,ファッション,0,site_A,2026-01-07,ほぼ新品,121,84,3086
R00884,P01484,MC-8593-1484,ホビー,1,site_D,2026-02-23,ほぼ新品,57,39,4935
R00885,P01861,MC-8676-1861,スポーツ,1,site_A,2026-01-29,傷や汚れあり,102,86,6033
R00886,P01828,MC-7241-1828,家電,0,site_A,2025-12-01,ほぼ新品,90,124,20142
R00887,P00206,MC-8208-0206,家電,2,site_D,2025-11-02,ほぼ新品,157,113,64231
R00888,P00408,MC-9421-0408,家電,0,site_A,2026-01-10,ほぼ新品,123,125,13904
R00889,P00984,MC-6244-0984,ホビー,1,site_B,2025-12-28,ほぼ新品,66,26,3791
R00890,P00919,MC-6094-0919,家電,1,site_A,2026-02-06,傷や汚れあり,106,89,25150
R00891,P01017,MC-9957-1017,ファッション,1,site_D,2026-02-08,傷や汚れあり,93,37,6517
R00892,P01383,MC-8770-1383,ホビー,1,site_E,2025-12-12,傷や汚れあり,78,101,2793
R00893,P00862,MC-5149-0862,ファッション,2,site_E,2026-01-31,ほぼ新品,47,72,19836
R00894,P01557,MC-3756-1557,ホビー,0,site_E,2025-11-03,新品,447,26,18626
R00895,P01236,MC-6366-1236,ファッション,0,site_B,2026-01-01,傷や汚れあり,48,42,3514
R00897,P01723,MC-7964-1723,ホビー,0,site_D,2025-11-29,傷や汚れあり,61,100,2679
R00898,P00393,MC-1297-0393,スポーツ,0,site_D,2026-02-09,新品,24,24,11112
R00899,P00753,MC-9483-0753,ファッション,0,site_A,2025-12-18,傷や汚れあり,177,48,7852
R00900,P01163,MC-8894-1163,ホビー,2,site_C,2026-01-14,全体的に状態が悪い,71,97,3911
R00901,P01508,MC-8279-1508,家電,0,site_C,2025-12-09,傷や汚れあり,217,98,18080
R00903,P00603,MC-4268-0603,スポーツ,1,site_D,2026-02-11,ほぼ新品,174,78,4919
R00904,P00989,MC-5348-0989,本・音楽,2,site_D,2026-01-30,傷や汚れあり,139,111,949
R00905,P00473,MC-7429-0473,ファッション,1,site_A,2026-02-06,新品,21,81,21490
R00906,P01179,MC-2560-1179,ホビー,1,site_C,2026-01-22,傷や汚れあり,83,23,3865
R00907,P01992,MC-7352-1992,ファッション,1,site_B,2025-11-22,全体的に状態が悪い,297,122,3209
R00908,P00566,MC-3027-0566,ホビー,0,site_B,2025-10-17,傷や汚れあり,437,84,11487
R00909,P01628,MC-5839-1628,本・音楽,0,site_B,2026-01-20,傷や汚れあり,194,29,917
R00910,P00760,MC-7009-0760,ホビー,0,site_E,2025-10-06,ほぼ新品,239,55,13385
R00911,P01293,MC-1052-1293,ホビー,1,site_C,2026-02-25,ほぼ新品,104,23,4189
R00912,P00409,MC-7580-0409,スポーツ,0,site_C,2026-01-10,傷や汚れあり,85,39,3989
R00913,P00852,MC-4719-0852,本・音楽,1,site_E,2026-01-12,ほぼ新品,91,45,986
R00914,P01759,MC-3946-1759,ファッション,0,site_B,2025-11-09,全体的に状態が悪い,158,128,1819
R00915,P00372,MC-2366-0372,スポーツ,0,site_B,2026-01-18,全体的に状態が悪い,486,30,10532
R00916,P00712,MC-5692-0712,本・音楽,1,site_C,2026-01-10,ほぼ新品,214,16,1453
R00917,P01163,MC-8894-1163,ホビー,2,site_E,2026-01-12,傷や汚れあり,106,100,3839
R00918,P00928,MC-9424-0928,ファッション,0,site_B,2025-10-21,新品,181,71,15112
R00920,P00268,MC-7649-0268,本・音楽,1,site_C,2025-10-10,ほぼ新品,104,40,1216
R00921,P01678,MC-5271-1678,ファッション,1,site_A,2026-02-05,全体的に状態が悪い,57,128,4253
R00922,P01769,MC-2322-1769,ホビー,1,site_C,2026-02-28,新品,211,36,27299
R00923,P01770,MC-9728-1770,家電,1,site_E,2026-01-25,ほぼ新品,103,79,70673
R00924,P00672,MC-9719-0672,ホビー,2,site_E,2025-10-24,傷や汚れあり,32,39,6624
R00925,P01244,MC-2603-1244,スポーツ,1,site_B,2025-12-06,全体的に状態が悪い,368,101,8959
R00926,P00994,MC-2362-0994,本・音楽,1,site_D,2025-12-08,新品,117,76,3106
R00927,P00651,MC-8451-0651,スポーツ,0,site_C,2025-11-16,ほぼ新品,31,74,11591
R00928,P00816,MC-7214-0816,スポーツ,0,site_C,2025-10-14,ほぼ新品,71,69,11274
R00930,P00959,MC-3431-0959,スポーツ,1,site_C,2025-12-22,傷や汚れあり,128,21,7048
R00931,P01229,MC-7446-1229,ファッション,2,site_C,2025-12-09,新品,170,26,17377
R00933,P00681,MC-8173-0681,ファッション,0,site_C,2026-01-29,傷や汚れあり,174,109,6553
R00934,P00601,MC-1525-0601,ファッション,0,site_A,2025-12-29,ほぼ新品,233,115,5244
R00935,P01743,MC-3099-1743,家電,1,site_C,2025-10-18,ほぼ新品,95,76,65666
R00936,P00875,MC-3848-0875,本・音楽,0,site_D,2025-10-14,全体的に状態が悪い,58,65,1140
R00937,P00196,MC-3763-0196,本・音楽,0,site_C,2025-11-09,ほぼ新品,176,125,3717
R00938,P00295,MC-6257-0295,ファッション,1,site_E,2026-01-24,ほぼ新品,169,41,11660
R00939,P00372,MC-2366-0372,スポーツ,0,site_E,2026-01-19,傷や汚れあり,100,72,8207
R00940,P00789,MC-9510-0789,家電,0,site_E,2025-10-14,新品,136,49,84723
R00942,P02153,MC-9643-2153,ホビー,1,site_D,2025-11-21,傷や汚れあり,205,15,6621
R00943,P00420,MC-4659-0420,スポーツ,0,site_D,2025-10-23,ほぼ新品,200,84,31252
R00946,P01714,MC-9927-1714,スポーツ,0,site_A,2026-01-04,新品,54,67,6141
R00948,P00830,MC-7444-0830,家電,0,site_E,2026-01-25,傷や汚れあり,70,21,9234
R00949,P00492,MC-2350-0492,スポーツ,0,site_D,2025-10-10,全体的に状態が悪い,168,30,11032
R00950,P01043,MC-7555-1043,ホビー,0,site_E,2025-12-20,傷や汚れあり,261,106,3540
R00952,P01305,MC-7974-1305,家電,0,site_E,2025-10-08,全体的に状態が悪い,112,103,7198
R00953,P01409,MC-7550-1409,家電,1,site_C,2025-12-27,傷や汚れあり,89,43,46492
R00954,P01496,MC-3680-1496,スポーツ,1,site_A,2026-01-02,ほぼ新品,177,35,11747
R00956,P00351,MC-4875-0351,家電,0,site_A,2025-10-22,ほぼ新品,227,62,110561
R00957,P01908,MC-7083-1908,ホビー,1,site_A,2026-01-26,傷や汚れあり,99,115,4473
R00958,P00730,MC-3393-0730,ファッション,0,site_A,2026-01-23,全体的に状態が悪い,111,99,1887
R00959,P01297,MC-9723-1297,家電,0,site_D,2025-10-26,ほぼ新品,88,42,38305
R00960,P01252,MC-9262-1252,スポーツ,1,site_C,2025-11-08,傷や汚れあり,96,107,7455
R00961,P00227,MC-3653-0227,スポーツ,1,site_D,2025-11-29,傷や汚れあり,14,19,6869
R00962,P01203,MC-1904-1203,家電,0,site_D,2025-11-05,全体的に状態が悪い,85,18,1419
R00965,P01040,MC-1936-1040,ファッション,0,site_A,2025-12-16,ほぼ新品,72,16,4350
R00966,P00470,MC-3342-0470,ホビー,2,site_D,2025-12-06,ほぼ新品,16,122,9634
R00967,P01083,MC-2613-1083,スポーツ,0,site_D,2026-02-07,傷や汚れあり,189,101,8174
R00968,P00309,MC-8672-0309,スポーツ,2,site_C,2026-02-09,新品,307,93,31867
R00969,P00291,MC-7907-0291,スポーツ,0,site_B,2026-01-11,傷や汚れあり,104,22,10865
R00970,P01744,MC-6461-1744,家電,1,site_A,2026-01-21,全体的に状態が悪い,162,118,10380
R00971,P00984,MC-6244-0984,ホビー,1,site_A,2025-12-26,傷や汚れあり,107,119,1715
R00972,P00363,MC-9863-0363,ホビー,1,site_A,2025-12-11,傷や汚れあり,85,60,8299
R00973,P00959,MC-3431-0959,スポーツ,1,site_A,2025-12-20,傷や汚れあり,242,33,12355
R00974,P00590,MC-4799-0590,家電,1,site_C,2025-11-23,新品,111,39,38153
R00975,P00275,MC-5866-0275,家電,0,site_C,2025-11-26,ほぼ新品,105,58,9040
R00976,P01306,MC-6305-1306,家電,1,site_E,2026-02-06,全体的に状態が悪い,119,16,19913
R00977,P02081,MC-1959-2081,家電,0,site_D,2025-10-14,傷や汚れあり,261,45,81184
R00978,P00815,MC-2783-0815,本・音楽,1,site_B,2025-10-12,ほぼ新品,82,29,1041
R00980,P01995,MC-1725-1995,ファッション,0,site_B,2026-01-18,傷や汚れあり,76,102,1992
R00982,P01343,MC-2334-1343,家電,0,site_B,2025-11-19,ほぼ新品,102,124,24929
R00983,P01705,MC-3492-1705,家電,1,site_C,2025-12-28,ほぼ新品,155,74,170419
R00985,P01744,MC-6461-1744,家電,1,site_E,2026-01-17,傷や汚れあり,264,22,21169
R00986,P00510,MC-7900-0510,家電,0,site_A,2026-01-25,傷や汚れあり,411,98,10046
R00987,P00294,MC-5277-0294,スポーツ,1,site_C,2025-11-25,傷や汚れあり,328,87,22734
R00988,P00991,MC-2406-0991,家電,0,site_B,2026-01-06,傷や汚れあり,59,127,7332
R00989,P00002,MC-2689-0002,ホビー,0,site_B,2025-12-14,ほぼ新品,148,116,7630
R00990,P01085,MC-3735-1085,家電,0,site_B,2025-12-20,全体的に状態が悪い,122,49,9357
R00991,P02131,MC-4321-2131,ファッション,0,site_E,2026-02-13,全体的に状態が悪い,131,38,2304
R00992,P00972,MC-2442-0972,ホビー,1,site_E,2026-01-16,傷や汚れあり,156,27,7289
R00993,P00780,MC-8326-0780,家電,0,site_D,2025-12-30,ほぼ新品,88,106,26083
R00994,P00457,MC-6177-0457,ファッション,0,site_E,2026-01-05,傷や汚れあり,248,87,3210
R00995,P01108,MC-4279-1108,ファッション,1,site_A,2025-10-22,ほぼ新品,85,108,8796
R00996,P01727,MC-7058-1727,家電,1,site_A,2025-11-17,ほぼ新品,236,106,63323
R00997,P01908,MC-7083-1908,ホビー,1,site_E,2026-01-21,傷や汚れあり,214,37,9816
R00998,P00727,MC-6948-0727,スポーツ,2,site_C,2025-10-14,ほぼ新品,34,57,23292
R00999,P00623,MC-5535-0623,家電,2,site_B,2025-11-13,全体的に状態が悪い,152,107,25872
R01000,P01757,MC-3164-1757,本・音楽,0,site_A,2026-02-12,新品,123,83,2615
R01001,P01203,MC-1904-1203,家電,0,site_A,2025-11-08,ほぼ新品,24,56,5317
R01002,P02078,MC-7689-2078,ファッション,0,site_A,2025-12-06,全体的に状態が悪い,270,75,2461
R01003,P00687,MC-3024-0687,ホビー,1,site_B,2025-12-09,新品,212,129,20493
R01004,P02132,MC-8079-2132,家電,0,site_B,2026-01-04,ほぼ新品,105,28,24858
R01005,P01548,MC-2509-1548,ファッション,1,site_D,2025-11-03,新品,36,28,7957
R01006,P00342,MC-2195-0342,スポーツ,0,site_E,2026-01-19,傷や汚れあり,180,45,5543
R01007,P01947,MC-6705-1947,家電,0,site_B,2025-10-25,全体的に状態が悪い,39,77,21445
R01008,P01633,MC-8348-1633,家電,0,site_D,2025-10-25,傷や汚れあり,211,76,42379
R01010,P01028,MC-9296-1028,ファッション,1,site_E,2025-11-23,傷や汚れあり,40,102,10541
R01011,P02024,MC-9395-2024,ファッション,0,site_E,2026-01-14,ほぼ新品,87,21,1328
R01012,P00280,MC-9842-0280,スポーツ,0,site_A,2025-12-13,傷や汚れあり,57,122,3949
R01014,P00332,MC-9958-0332,家電,0,site_E,2026-01-18,ほぼ新品,194,76,46021
R01016,P00352,MC-2813-0352,ホビー,0,site_A,2025-12-28,全体的に状態が悪い,60,55,2401
R01017,P01556,MC-7533-1556,ファッション,1,site_E,2025-10-03,ほぼ新品,224,129,10670
R01018,P01428,MC-2198-1428,家電,0,site_E,2025-11-28,新品,164,28,57696
R01019,P01063,MC-9572-1063,ホビー,1,site_D,2025-11-08,ほぼ新品,175,83,16837
R01020,P01839,MC-5419-1839,スポーツ,1,site_D,2025-12-09,新品,96,76,41472
R01021,P00649,MC-1669-0649,スポーツ,0,site_A,2025-12-02,ほぼ新品,31,51,10554
R01022,P00154,MC-9892-0154,家電,1,site_D,2025-12-31,傷や汚れあり,261,29,88294
R01023,P01946,MC-6306-1946,ファッション,1,site_C,2025-10-19,傷や汚れあり,135,54,3536
R01025,P01054,MC-4436-1054,ホビー,2,site_C,2026-02-25,傷や汚れあり,106,21,4117
R01027,P00983,MC-4173-0983,家電,0,site_E,2026-01-16,ほぼ新品,93,40,48421
R01028,P01100,MC-8599-1100,家電,1,site_B,2025-10-06,ほぼ新品,112,66,83741
R01029,P00585,MC-9585-0585,本・音楽,0,site_C,2026-02-10,全体的に状態が悪い,105,85,739
R01032,P00436,MC-5482-0436,ファッション,1,site_A,2026-01-27,傷や汚れあり,155,59,3076
R01033,P00767,MC-8326-0767,ホビー,1,site_A,2026-01-15,全体的に状態が悪い,99,69,3081
R01034,P01581,MC-4600-1581,ファッション,0,site_B,2025-11-25,ほぼ新品,278,103,7777
R01035,P01226,MC-6208-1226,ホビー,1,site_A,2026-01-12,ほぼ新品,95,53,18117
R01036,P00666,MC-6861-0666,ホビー,1,site_E,2026-01-26,ほぼ新品,59,61,5317
R01038,P00889,MC-4667-0889,本・音楽,0,site_D,2025-11-22,ほぼ新品,98,116,653
R01040,P01456,MC-4130-1456,ファッション,1,site_E,2026-01-04,ほぼ新品,294,81,10576
R01041,P01880,MC-1568-1880,ホビー,0,site_C,2025-12-26,ほぼ新品,8,45,24092
R01042,P01262,MC-9167-1262,ファッション,2,site_A,2025-12-17,傷や汚れあり,21,100,5206
R01043,P01772,MC-4046-1772,スポーツ,1,site_C,2025-11-15,傷や汚れあり,27,42,19227
R01044,P01729,MC-1015-1729,ファッション,1,site_D,2025-12-05,傷や汚れあり,217,54,15318
R01046,P00369,MC-3652-0369,本・音楽,0,site_D,2026-01-04,新品,228,121,4943
R01047,P00434,MC-4387-0434,ファッション,0,site_C,2025-12-10,ほぼ新品,240,119,9728
R01048,P00110,MC-3501-0110,スポーツ,1,site_C,2026-01-13,傷や汚れあり,211,100,5463
R01050,P00347,MC-5236-0347,家電,2,site_A,2025-11-27,ほぼ新品,184,113,89028
R01051,P01576,MC-2486-1576,スポーツ,0,site_C,2025-12-06,新品,191,109,34302
R01052,P00231,MC-3056-0231,スポーツ,1,site_D,2026-01-10,傷や汚れあり,70,45,9485
R01053,P00231,MC-3056-0231,スポーツ,1,site_B,2026-01-06,ほぼ新品,167,103,17451
R01054,P01186,MC-2385-1186,スポーツ,0,site_A,2025-12-11,全体的に状態が悪い,93,100,8496
R01055,P00034,MC-3604-0034,本・音楽,0,site_E,2025-11-19,ほぼ新品,84,89,386
R01056,P01431,MC-5432-1431,スポーツ,1,site_C,2025-10-28,ほぼ新品,134,48,6509
R01057,P01079,MC-6981-1079,ファッション,1,site_D,2025-11-18,全体的に状態が悪い,51,95,2348
R01058,P02013,MC-1611-2013,家電,1,site_C,2025-10-05,新品,128,121,223021
R01059,P00942,MC-4217-0942,家電,1,site_B,2026-01-21,新品,93,62,32439
R01060,P00536,MC-7627-0536,ファッション,1,site_A,2025-10-17,ほぼ新品,56,76,14010
R01062,P01888,MC-4857-1888,家電,0,site_A,2025-11-06,ほぼ新品,116,120,42585
R01063,P00072,MC-3804-0072,ファッション,1,site_D,2025-11-21,傷や汚れあり,245,106,13687
R01064,P01846,MC-9787-1846,スポーツ,1,site_A,2026-01-21,傷や汚れあり,123,49,8488
R01065,P00331,MC-1675-0331,ファッション,1,site_D,2026-02-05,傷や汚れあり,67,60,8422
R01066,P00669,MC-6161-0669,本・音楽,1,site_E,2025-12-30,傷や汚れあり,104,45,2312
R01067,P00451,MC-2099-0451,ファッション,0,site_E,2025-11-05,ほぼ新品,166,121,1752
R01068,P00000,MC-6740-0000,ファッション,0,site_D,2026-02-07,ほぼ新品,277,105,12717
R01069,P01984,MC-7322-1984,ファッション,0,site_D,2025-11-30,新品,392,119,10720
R01070,P00682,MC-8315-0682,スポーツ,1,site_B,2025-10-09,ほぼ新品,130,65,10468
R01071,P00185,MC-8574-0185,本・音楽,2,site_C,2025-11-05,ほぼ新品,221,124,3543
R01072,P01233,MC-7268-1233,スポーツ,1,site_B,2025-11-27,ほぼ新品,207,113,7511
R01073,P01734,MC-3393-1734,家電,1,site_E,2026-01-08,ほぼ新品,108,98,30332
R01074,P00592,MC-2360-0592,本・音楽,0,site_B,2025-10-05,全体的に状態が悪い,227,90,2575
R01075,P01903,MC-1567-1903,スポーツ,0,site_E,2025-12-21,傷や汚れあり,330,96,11968
R01076,P00233,MC-6718-0233,家電,1,site_B,2025-10-22,傷や汚れあり,61,23,78269
R01078,P00392,MC-8796-0392,本・音楽,0,site_A,2026-01-05,新品,155,125,1316
R01079,P00097,MC-6905-0097,ファッション,0,site_A,2025-11-14,ほぼ新品,119,67,4624
R01081,P00120,MC-4146-0120,ホビー,0,site_A,2025-11-30,傷や汚れあり,65,102,3095
R01082,P00266,MC-8110-0266,スポーツ,1,site_E,2025-11-06,傷や汚れあり,111,59,20461
R01084,P01007,MC-8727-1007,スポーツ,2,site_D,2026-01-28,ほぼ新品,72,26,7804
R01085,P01519,MC-6416-1519,ファッション,0,site_E,2026-01-02,ほぼ新品,194,50,4205
R01086,P01632,MC-6725-1632,スポーツ,1,site_A,2025-12-26,傷や汚れあり,289,67,5928
R01087,P02092,MC-6028-2092,家電,1,site_E,2026-02-01,ほぼ新品,126,39,53581
R01088,P01223,MC-8767-1223,家電,1,site_D,2026-01-17,ほぼ新品,135,52,55914
R01089,P01874,MC-4005-1874,家電,1,site_E,2026-02-27,ほぼ新品,119,112,23487
R01090,P00205,MC-3920-0205,ホビー,1,site_E,2025-12-31,新品,239,24,20409
R01091,P00823,MC-3368-0823,スポーツ,0,site_C,2025-10-14,全体的に状態が悪い,38,99,8101
R01092,P01408,MC-9738-1408,本・音楽,0,site_A,2026-01-06,全体的に状態が悪い,134,26,750
R01093,P01389,MC-2365-1389,ファッション,0,site_D,2026-01-27,傷や汚れあり,76,34,5581
R01095,P01821,MC-8340-1821,スポーツ,1,site_A,2025-11-03,新品,21,58,15566
R01098,P00285,MC-7570-0285,家電,0,site_B,2026-01-30,ほぼ新品,9,32,14587
R01099,P01526,MC-4595-1526,ファッション,0,site_E,2025-12-13,ほぼ新品,54,22,8907
R01100,P00879,MC-9843-0879,ファッション,0,site_B,2026-02-17,傷や汚れあり,73,50,3868
R01101,P01025,MC-5199-1025,家電,0,site_E,2026-02-26,全体的に状態が悪い,166,125,2266
R01102,P00770,MC-4653-0770,ファッション,0,site_B,2026-02-13,ほぼ新品,306,34,7584
R01103,P01283,MC-9518-1283,ホビー,2,site_C,2025-11-19,新品,145,126,16225
R01104,P00987,MC-9810-0987,本・音楽,1,site_E,2025-12-29,ほぼ新品,182,17,618
R01105,P00527,MC-9699-0527,本・音楽,1,site_C,2025-10-18,傷や汚れあり,244,28,1225
R01106,P01149,MC-8142-1149,スポーツ,1,site_A,2025-11-20,傷や汚れあり,66,29,6275
R01107,P01216,MC-5065-1216,本・音楽,1,site_E,2025-10-19,新品,107,57,1728
R01108,P01762,MC-2227-1762,本・音楽,2,site_B,2025-11-05,全体的に状態が悪い,163,65,1639
R01109,P00218,MC-6027-0218,家電,0,site_D,2025-12-05,全体的に状態が悪い,28,67,11450
R01110,P00561,MC-3916-0561,ファッション,0,site_B,2025-12-02,新品,138,113,12820
R01111,P02188,MC-3907-2188,スポーツ,0,site_A,2026-01-25,傷や汚れあり,205,38,3614
R01112,P02192,MC-8108-2192,ファッション,2,site_A,2026-02-28,傷や汚れあり,249,27,11585
R01113,P00738,MC-8797-0738,家電,0,site_C,2025-10-18,新品,261,24,39323
R01115,P00656,MC-9895-0656,家電,0,site_A,2026-01-22,傷や汚れあり,123,93,24800
R01116,P00020,MC-1328-0020,本・音楽,0,site_A,2025-12-05,新品,115,70,1863
R01117,P00853,MC-8444-0853,ホビー,2,site_B,2025-12-10,新品,364,114,27904
R01118,P01932,MC-8316-1932,家電,1,site_E,2026-01-06,傷や汚れあり,61,71,20030
R01119,P01121,MC-9027-1121,ファッション,0,site_C,2026-02-12,ほぼ新品,181,124,2708
R01120,P00718,MC-1678-0718,スポーツ,0,site_E,2025-11-03,ほぼ新品,66,55,7053
R01122,P01293,MC-1052-1293,ホビー,1,site_D,2026-02-22,新品,198,83,16676
R01123,P01774,MC-6060-1774,ホビー,1,site_B,2026-02-23,傷や汚れあり,275,58,5398
R01124,P00195,MC-6875-0195,家電,2,site_E,2025-12-21,傷や汚れあり,149,127,48333
R01125,P02096,MC-3826-2096,スポーツ,1,site_B,2025-12-08,新品,52,27,17981
R01126,P01731,MC-9718-1731,ホビー,0,site_D,2025-11-18,傷や汚れあり,83,60,7079
R01127,P02015,MC-4726-2015,ファッション,0,site_D,2026-01-16,傷や汚れあり,25,127,2666
R01128,P00615,MC-8361-0615,ファッション,0,site_C,2025-10-17,新品,185,69,13750
R01129,P01189,MC-8062-1189,ホビー,1,site_A,2025-11-01,傷や汚れあり,64,87,9467
R01130,P01163,MC-8894-1163,ホビー,2,site_A,2026-01-12,新品,50,120,19567
R01132,P00431,MC-2481-0431,ファッション,1,site_D,2025-10-20,全体的に状態が悪い,330,29,3186
R01133,P00830,MC-7444-0830,家電,0,site_B,2026-01-30,全体的に状態が悪い,281,41,5135
R01134,P00367,MC-1985-0367,ホビー,1,site_E,2025-11-18,傷や汚れあり,125,29,1751
R01136,P00276,MC-2989-0276,家電,0,site_A,2025-10-05,ほぼ新品,119,31,34031
R01137,P01080,MC-2683-1080,ホビー,1,site_B,2026-01-14,ほぼ新品,236,45,25899
R01139,P00990,MC-4198-0990,本・音楽,0,site_B,2025-10-06,ほぼ新品,37,82,1309
R01140,P00075,MC-9014-0075,スポーツ,0,site_C,2025-12-21,新品,96,103,5818
R01141,P01932,MC-8316-1932,家電,1,site_C,2026-01-05,新品,11,114,60345
R01142,P00666,MC-6861-0666,ホビー,1,site_C,2026-01-24,ほぼ新品,193,43,5327
R01143,P00865,MC-1317-0865,家電,1,site_E,2025-10-08,ほぼ新品,74,73,21866
R01144,P00531,MC-1968-0531,本・音楽,0,site_C,2025-10-18,傷や汚れあり,126,75,1063
R01146,P01213,MC-7446-1213,家電,0,site_D,2025-12-01,傷や汚れあり,279,84,46694
R01147,P01245,MC-4427-1245,ファッション,1,site_A,2025-10-28,傷や汚れあり,81,25,5588
R01148,P01917,MC-6618-1917,スポーツ,1,site_E,2026-01-12,傷や汚れあり,256,105,7616
R01149,P00939,MC-6791-0939,ファッション,2,site_D,2026-01-11,新品,79,72,35539
R01150,P00057,MC-7631-0057,本・音楽,1,site_D,2025-12-02,ほぼ新品,106,26,2349
R01151,P00933,MC-3153-0933,家電,1,site_B,2026-01-10,ほぼ新品,157,115,140992
R01153,P00536,MC-7627-0536,ファッション,1,site_B,2025-10-22,ほぼ新品,67,28,15587
R01155,P00701,MC-2819-0701,本・音楽,0,site_C,2026-01-25,傷や汚れあり,97,36,642
R01156,P02034,MC-5474-2034,本・音楽,0,site_E,2026-02-08,傷や汚れあり,26,111,856
R01157,P00575,MC-7708-0575,ファッション,1,site_A,2025-10-24,傷や汚れあり,51,79,9633
R01158,P00328,MC-5841-0328,ファッション,0,site_E,2025-11-23,ほぼ新品,114,79,6642
R01159,P01720,MC-6897-1720,スポーツ,0,site_E,2025-12-16,全体的に状態が悪い,237,75,4804
R01160,P00476,MC-1851-0476,スポーツ,1,site_E,2025-12-18,傷や汚れあり,147,70,6342
R01161,P00918,MC-2347-0918,家電,0,site_C,2026-02-01,傷や汚れあり,90,90,21203
R01162,P00620,MC-7437-0620,スポーツ,0,site_E,2026-01-30,全体的に状態が悪い,328,104,8566
R01163,P00638,MC-2403-0638,家電,1,site_E,2025-10-27,ほぼ新品,87,77,97972
R01164,P00991,MC-2406-0991,家電,0,site_A,2026-01-05,傷や汚れあり,47,70,7974
R01166,P01193,MC-7746-1193,本・音楽,1,site_D,2025-10-27,全体的に状態が悪い,292,87,1075
R01167,P01064,MC-4372-1064,家電,0,site_E,2026-02-23,全体的に状態が悪い,107,28,5459
R01168,P00724,MC-3619-0724,スポーツ,1,site_E,2025-10-26,ほぼ新品,570,119,4366
R01169,P00885,MC-6809-0885,スポーツ,1,site_C,2025-12-30,傷や汚れあり,240,126,29138
R01170,P00715,MC-7676-0715,ホビー,1,site_D,2025-10-22,傷や汚れあり,180,115,6022
R01171,P01301,MC-7495-1301,家電,2,site_D,2025-11-03,傷や汚れあり,99,33,28804
R01173,P02073,MC-8524-2073,ホビー,1,site_A,2025-12-28,傷や汚れあり,250,57,7971
R01174,P01687,MC-6607-1687,スポーツ,1,site_D,2026-02-07,ほぼ新品,11,54,11936
R01175,P01758,MC-8285-1758,ファッション,0,site_B,2026-01-02,全体的に状態が悪い,133,50,2707
R01176,P02071,MC-4566-2071,スポーツ,1,site_B,2025-12-01,新品,73,60,51300
R01177,P01073,MC-3219-1073,家電,0,site_D,2025-10-17,ほぼ新品,139,84,20989
R01178,P01097,MC-4710-1097,ファッション,1,site_E,2025-10-11,傷や汚れあり,114,33,5578
R01179,P00416,MC-7602-0416,本・音楽,0,site_C,2025-10-10,傷や汚れあり,249,99,1182
R01180,P00048,MC-1836-0048,ファッション,1,site_B,2025-11-30,傷や汚れあり,283,89,14233
R01181,P01382,MC-1468-1382,ファッション,1,site_C,2025-12-18,傷や汚れあり,463,94,3279
R01183,P00611,MC-6458-0611,ファッション,1,site_A,2025-12-14,ほぼ新品,236,62,15764
R01184,P01533,MC-3599-1533,ファッション,0,site_A,2025-12-10,傷や汚れあり,146,107,1591
R01185,P00717,MC-3440-0717,ホビー,2,site_E,2025-12-09,全体的に状態が悪い,94,57,2184
R01186,P00467,MC-5823-0467,ファッション,1,site_A,2026-01-23,全体的に状態が悪い,142,129,4944
R01187,P01554,MC-3382-1554,家電,2,site_E,2026-01-01,ほぼ新品,149,67,126608
R01188,P00720,MC-4189-0720,ファッション,1,site_B,2025-11-01,傷や汚れあり,235,26,13131
R01190,P01970,MC-8922-1970,本・音楽,2,site_E,2025-11-15,傷や汚れあり,63,66,2154
R01191,P01763,MC-9994-1763,ファッション,0,site_A,2025-12-01,傷や汚れあり,197,54,6199
R01193,P01534,MC-5276-1534,ファッション,2,site_C,2025-10-27,傷や汚れあり,21,21,2329
R01194,P00870,MC-4769-0870,スポーツ,0,site_E,2025-12-03,傷や汚れあり,173,112,3417
R01195,P00864,MC-5384-0864,スポーツ,0,site_C,2025-10-18,新品,54,22,10038
R01196,P01890,MC-7231-1890,スポーツ,0,site_A,2025-11-12,ほぼ新品,151,61,12530
R01197,P00863,MC-1252-0863,家電,2,site_D,2026-01-10,傷や汚れあり,102,28,42450
R01198,P00644,MC-5832-0644,家電,2,site_C,2025-10-27,新品,246,101,416900
R01199,P01160,MC-1462-1160,本・音楽,0,site_D,2025-12-05,全体的に状態が悪い,73,103,525
R01200,P00721,MC-8841-0721,ファッション,1,site_A,2026-02-26,全体的に状態が悪い,134,127,2893
R01201,P01301,MC-7495-1301,家電,2,site_A,2025-11-01,ほぼ新品,156,22,45796
R01202,P01190,MC-5479-1190,ファッション,1,site_B,2025-10-15,ほぼ新品,161,28,5904
R01203,P01783,MC-1397-1783,ホビー,0,site_E,2026-01-25,ほぼ新品,76,64,6370
R01204,P00289,MC-8296-0289,本・音楽,1,site_D,2026-02-01,全体的に状態が悪い,281,73,5204
R01205,P00765,MC-9232-0765,ファッション,2,site_A,2025-11-21,全体的に状態が悪い,160,112,4352
R01206,P02121,MC-9098-2121,ホビー,1,site_D,2025-10-07,傷や汚れあり,71,69,3237
R01207,P00933,MC-3153-0933,家電,1,site_E,2026-01-13,傷や汚れあり,138,129,64965
R01208,P01883,MC-7678-1883,ホビー,0,site_C,2026-02-11,全体的に状態が悪い,204,113,7834
R01209,P01437,MC-9095-1437,家電,0,site_A,2025-10-23,新品,291,110,40620
R01210,P00525,MC-6398-0525,スポーツ,0,site_C,2026-01-20,傷や汚れあり,167,85,1500
R01211,P01151,MC-6930-1151,スポーツ,1,site_E,2026-01-17,傷や汚れあり,13,33,4607
R01212,P00913,MC-2873-0913,スポーツ,2,site_D,2025-10-24,新品,98,36,13591
R01213,P00620,MC-7437-0620,スポーツ,0,site_B,2026-02-02,ほぼ新品,73,94,9959
R01214,P01587,MC-6419-1587,家電,2,site_E,2026-01-27,傷や汚れあり,61,119,18569
R01215,P01289,MC-9305-1289,家電,1,site_A,2025-12-18,新品,328,60,139673
R01216,P00435,MC-5772-0435,スポーツ,2,site_A,2026-01-09,傷や汚れあり,71,124,15864
R01217,P01852,MC-2704-1852,ファッション,0,site_C,2025-10-12,傷や汚れあり,276,79,2550
R01218,P01682,MC-4152-1682,家電,0,site_A,2026-01-29,新品,29,53,66608
R01219,P01633,MC-8348-1633,家電,0,site_E,2025-10-25,全体的に状態が悪い,240,82,18372
R01220,P00174,MC-7366-0174,家電,1,site_A,2026-01-30,傷や汚れあり,117,89,9904
R01221,P00303,MC-9961-0303,ファッション,1,site_C,2026-01-04,全体的に状態が悪い,110,40,8070
R01222,P01543,MC-4372-1543,ファッション,1,site_E,2025-10-21,傷や汚れあり,31,15,10586
R01223,P01295,MC-2529-1295,家電,1,site_B,2025-11-27,全体的に状態が悪い,244,116,24528
R01225,P00416,MC-7602-0416,本・音楽,0,site_A,2025-10-11,傷や汚れあり,110,77,828
R01226,P01657,MC-1602-1657,家電,1,site_B,2025-11-30,全体的に状態が悪い,79,50,32916
R01228,P00180,MC-7010-0180,スポーツ,1,site_B,2026-02-02,新品,179,68,9730
R01229,P01042,MC-3241-1042,スポーツ,1,site_B,2026-01-14,傷や汚れあり,53,64,34050
R01230,P00937,MC-9986-0937,家電,1,site_E,2025-11-04,ほぼ新品,64,124,33401
R01231,P00528,MC-6331-0528,ファッション,0,site_A,2025-11-06,傷や汚れあり,75,94,2074
R01233,P01758,MC-8285-1758,ファッション,0,site_C,2026-01-04,全体的に状態が悪い,62,63,2716
R01235,P01053,MC-3279-1053,スポーツ,2,site_B,2025-10-12,全体的に状態が悪い,350,84,7578
R01236,P01169,MC-3197-1169,ファッション,0,site_C,2026-02-13,新品,93,115,3700
R01238,P00543,MC-8295-0543,スポーツ,2,site_B,2025-12-03,ほぼ新品,231,52,5868
R01239,P00253,MC-6978-0253,本・音楽,0,site_D,2025-11-11,傷や汚れあり,279,48,2374
R01240,P00305,MC-8548-0305,スポーツ,0,site_D,2026-01-01,全体的に状態が悪い,140,80,10125
R01241,P00487,MC-9165-0487,スポーツ,2,site_B,2025-11-23,新品,149,34,35392
R01242,P00501,MC-5570-0501,スポーツ,1,site_E,2025-11-26,ほぼ新品,154,52,6567
R01243,P01929,MC-3548-1929,本・音楽,0,site_D,2025-11-26,全体的に状態が悪い,155,71,761
R01244,P01448,MC-4082-1448,スポーツ,2,site_C,2025-11-06,ほぼ新品,242,120,9234
R01245,P00082,MC-1421-0082,本・音楽,1,site_B,2026-02-24,傷や汚れあり,244,49,1358
R01247,P00723,MC-9653-0723,本・音楽,1,site_C,2026-02-03,全体的に状態が悪い,154,123,508
R01248,P01009,MC-7873-1009,ファッション,1,site_E,2025-12-13,全体的に状態が悪い,30,64,2609
R01249,P00629,MC-1441-0629,ホビー,0,site_B,2026-01-17,ほぼ新品,49,28,6259
R01250,P00588,MC-8506-0588,家電,1,site_D,2025-11-29,新品,105,90,90640
R01252,P00957,MC-4024-0957,ファッション,0,site_A,2026-02-25,ほぼ新品,194,101,5912
R01253,P01362,MC-4035-1362,家電,0,site_B,2025-10-17,傷や汚れあり,35,41,10906
R01254,P01274,MC-4400-1274,スポーツ,0,site_D,2025-12-12,傷や汚れあり,123,85,3335
R01255,P01456,MC-4130-1456,ファッション,1,site_B,2026-01-08,ほぼ新品,159,75,15404
R01256,P01097,MC-4710-1097,ファッション,1,site_B,2025-10-11,傷や汚れあり,108,82,5748
R01257,P01276,MC-9288-1276,ホビー,1,site_A,2025-10-04,傷や汚れあり,338,16,2297
R01259,P00552,MC-5626-0552,家電,1,site_C,2025-12-18,ほぼ新品,347,66,75520
R01260,P02061,MC-2930-2061,スポーツ,1,site_D,2025-11-17,傷や汚れあり,112,28,8692
R01261,P00587,MC-1918-0587,ホビー,2,site_A,2026-01-20,全体的に状態が悪い,183,56,5932
R01262,P01441,MC-7682-1441,スポーツ,0,site_C,2025-11-21,全体的に状態が悪い,363,107,4965
R01263,P02026,MC-8992-2026,家電,0,site_C,2026-02-01,傷や汚れあり,162,45,12598
R01264,P01762,MC-2227-1762,本・音楽,2,site_E,2025-11-05,新品,202,89,2234
R01266,P00617,MC-2720-0617,家電,0,site_D,2026-01-07,新品,317,17,62388
R01268,P01181,MC-5999-1181,ファッション,0,site_E,2025-12-05,傷や汚れあり,102,18,1642
R01269,P01547,MC-6884-1547,ファッション,1,site_A,2026-01-06,全体的に状態が悪い,110,84,3983
R01270,P00502,MC-8190-0502,ホビー,2,site_C,2026-01-30,ほぼ新品,215,89,9571
R01271,P01215,MC-3369-1215,スポーツ,2,site_A,2025-12-07,ほぼ新品,179,90,28113
R01273,P01032,MC-8216-1032,家電,2,site_E,2025-12-10,全体的に状態が悪い,91,117,25209
R01274,P00538,MC-2503-0538,本・音楽,0,site_C,2025-12-23,ほぼ新品,188,120,1389
R01275,P01220,MC-6620-1220,スポーツ,0,site_A,2026-01-10,ほぼ新品,164,120,12887
R01276,P01153,MC-6225-1153,ホビー,2,site_E,2026-02-07,ほぼ新品,505,105,21671
R01278,P00396,MC-6675-0396,ファッション,0,site_C,2025-10-14,ほぼ新品,216,60,7337
R01279,P01253,MC-8307-1253,ファッション,0,site_A,2025-10-31,傷や汚れあり,78,122,4656
R01280,P00422,MC-9555-0422,ホビー,1,site_C,2026-02-06,傷や汚れあり,257,76,17102
R01281,P01551,MC-7690-1551,ファッション,1,site_C,2026-01-13,傷や汚れあり,48,69,2800
R01282,P01729,MC-1015-1729,ファッション,1,site_A,2025-12-01,ほぼ新品,39,119,9866
R01284,P00289,MC-8296-0289,本・音楽,1,site_A,2026-01-28,新品,137,79,5463
R01285,P00806,MC-4644-0806,本・音楽,0,site_D,2025-11-26,ほぼ新品,99,124,1519
R01286,P00721,MC-8841-0721,ファッション,1,site_E,2026-02-26,全体的に状態が悪い,209,46,4485
R01287,P01409,MC-7550-1409,家電,1,site_E,2025-12-27,傷や汚れあり,114,19,40276
R01288,P02027,MC-4395-2027,ホビー,0,site_D,2025-10-14,ほぼ新品,31,48,11939
R01289,P00355,MC-8197-0355,ホビー,1,site_B,2026-01-26,ほぼ新品,59,78,6340
R01291,P00157,MC-8360-0157,家電,1,site_B,2026-02-04,ほぼ新品,284,109,60433
R01292,P00511,MC-7131-0511,ファッション,2,site_A,2026-01-17,ほぼ新品,90,18,6503
R01293,P01170,MC-1375-1170,ファッション,0,site_C,2025-11-01,ほぼ新品,334,25,3056
R01294,P01866,MC-7831-1866,本・音楽,0,site_C,2025-10-12,傷や汚れあり,141,67,2467
R01295,P01309,MC-5000-1309,ファッション,2,site_C,2026-02-02,傷や汚れあり,66,54,6100
R01296,P01505,MC-7432-1505,家電,0,site_A,2025-10-03,ほぼ新品,23,56,85162
R01297,P01876,MC-9971-1876,家電,1,site_D,2026-01-30,ほぼ新品,124,89,21874
R01298,P00187,MC-3561-0187,スポーツ,1,site_B,2025-12-21,全体的に状態が悪い,47,64,4367
R01299,P01666,MC-9706-1666,家電,1,site_C,2026-02-16,ほぼ新品,229,119,23633
R01300,P01345,MC-1644-1345,スポーツ,0,site_D,2025-12-05,ほぼ新品,112,62,5531
R01301,P00087,MC-4329-0087,ファッション,0,site_D,2025-10-09,ほぼ新品,83,93,7569
R01302,P01192,MC-8911-1192,ホビー,2,site_B,2026-01-12,ほぼ新品,198,32,41394
R01303,P02117,MC-9452-2117,ホビー,1,site_C,2025-11-15,新品,186,118,17318
R01304,P01900,MC-5138-1900,ホビー,1,site_D,2025-12-25,傷や汚れあり,119,58,7257
R01305,P00961,MC-8615-0961,家電,1,site_D,2025-11-13,傷や汚れあり,157,95,12974
R01306,P01405,MC-2383-1405,ホビー,2,site_C,2025-10-13,傷や汚れあり,234,127,7095
R01308,P01251,MC-4615-1251,ファッション,1,site_E,2026-01-09,傷や汚れあり,70,81,3430
R01309,P00331,MC-1675-0331,ファッション,1,site_B,2026-02-07,ほぼ新品,72,22,8274
R01310,P02191,MC-7110-2191,スポーツ,0,site_C,2026-01-24,新品,34,87,2955
R01311,P00465,MC-5783-0465,家電,0,site_E,2026-02-06,傷や汚れあり,724,46,59741
R01312,P01263,MC-7421-1263,本・音楽,1,site_E,2025-11-11,傷や汚れあり,107,58,3063
R01313,P00937,MC-9986-0937,家電,1,site_A,2025-11-04,傷や汚れあり,134,88,15582
R01314,P01376,MC-1521-1376,ホビー,1,site_C,2026-01-30,傷や汚れあり,72,51,2967
R01315,P01663,MC-9400-1663,本・音楽,1,site_E,2026-01-20,ほぼ新品,207,32,2976
R01316,P01022,MC-2001-1022,ホビー,1,site_A,2025-12-25,ほぼ新品,86,48,29085
R01317,P01684,MC-3300-1684,ファッション,2,site_D,2025-12-02,傷や汚れあり,83,54,9994
R01318,P01693,MC-1796-1693,ホビー,0,site_B,2025-11-15,傷や汚れあり,191,119,4562
R01319,P01777,MC-1420-1777,本・音楽,0,site_E,2025-12-07,ほぼ新品,134,68,1338
R01320,P00050,MC-7355-0050,ホビー,1,site_B,2025-10-25,ほぼ新品,142,40,4029
R01321,P00547,MC-7090-0547,ファッション,1,site_E,2025-10-23,全体的に状態が悪い,43,62,5714
R01322,P00779,MC-1367-0779,本・音楽,1,site_B,2025-12-29,新品,224,39,1779
R01323,P01599,MC-8655-1599,ファッション,1,site_B,2025-11-01,新品,308,61,16472
R01324,P01260,MC-7758-1260,ファッション,2,site_B,2026-01-02,ほぼ新品,58,111,6214
R01325,P00376,MC-1862-0376,スポーツ,2,site_A,2025-11-12,傷や汚れあり,128,125,15992
R01326,P00736,MC-5894-0736,本・音楽,1,site_C,2026-01-25,ほぼ新品,239,108,3860
R01328,P01247,MC-7332-1247,スポーツ,1,site_A,2026-01-12,ほぼ新品,195,128,10915
R01329,P01824,MC-6249-1824,本・音楽,0,site_D,2026-01-18,傷や汚れあり,38,109,2350
R01330,P01397,MC-5634-1397,ファッション,0,site_C,2026-02-27,全体的に状態が悪い,159,109,3864
R01331,P00617,MC-2720-0617,家電,0,site_C,2026-01-06,全体的に状態が悪い,277,61,9823
R01332,P01568,MC-1249-1568,ファッション,0,site_E,2025-11-17,ほぼ新品,73,86,2353
R01333,P02051,MC-9913-2051,ファッション,0,site_B,2025-12-31,傷や汚れあり,247,105,7105
R01335,P01421,MC-6053-1421,本・音楽,0,site_C,2026-01-02,傷や汚れあり,171,100,739
R01336,P00315,MC-9001-0315,ファッション,2,site_D,2026-02-04,傷や汚れあり,50,40,14223
R01337,P01231,MC-1793-1231,ファッション,0,site_D,2026-01-18,全体的に状態が悪い,159,66,4397
R01339,P00385,MC-1254-0385,ホビー,2,site_D,2025-12-28,傷や汚れあり,156,100,5686
R01340,P01024,MC-9776-1024,ファッション,0,site_E,2025-12-30,ほぼ新品,159,35,2534
R01341,P00750,MC-8355-0750,スポーツ,1,site_A,2025-11-24,傷や汚れあり,69,114,6790
R01343,P00097,MC-6905-0097,ファッション,0,site_C,2025-11-10,新品,462,30,9036
R01344,P01319,MC-5619-1319,家電,1,site_A,2026-02-17,ほぼ新品,178,93,58809
R01345,P00397,MC-3589-0397,本・音楽,1,site_C,2026-01-30,傷や汚れあり,223,79,1419
R01346,P01802,MC-7620-1802,家電,0,site_B,2026-02-01,傷や汚れあり,269,67,30081
R01347,P00471,MC-9549-0471,ファッション,0,site_B,2025-12-16,傷や汚れあり,124,69,7101
R01348,P01711,MC-9329-1711,家電,0,site_A,2025-11-12,ほぼ新品,178,78,62169
R01349,P01005,MC-1569-1005,スポーツ,2,site_C,2026-02-08,傷や汚れあり,122,69,24708
R01351,P01275,MC-3273-1275,本・音楽,1,site_E,2025-10-12,全体的に状態が悪い,16,27,1696
R01352,P00890,MC-5197-0890,家電,2,site_B,2025-10-16,新品,279,62,137166
R01353,P00801,MC-4435-0801,家電,1,site_C,2025-10-28,ほぼ新品,238,30,42818
R01354,P00360,MC-2415-0360,ファッション,1,site_E,2026-01-12,ほぼ新品,346,85,16240
R01355,P01529,MC-7478-1529,ホビー,1,site_C,2026-02-11,ほぼ新品,419,40,8650
R01356,P01885,MC-8474-1885,ホビー,1,site_E,2026-01-09,新品,49,88,21484
R01357,P01859,MC-2995-1859,本・音楽,1,site_A,2026-01-20,新品,384,39,1765
R01358,P00205,MC-3920-0205,ホビー,1,site_A,2025-12-28,傷や汚れあり,201,46,5875
R01359,P01782,MC-1678-1782,ホビー,2,site_A,2025-10-03,傷や汚れあり,168,120,4862
R01360,P00171,MC-2448-0171,ファッション,0,site_D,2026-02-15,傷や汚れあり,217,54,2641
R01362,P00960,MC-9087-0960,本・音楽,1,site_A,2025-11-14,傷や汚れあり,174,124,1363
R01364,P01375,MC-4159-1375,本・音楽,0,site_C,2025-10-18,全体的に状態が悪い,100,18,1305
R01365,P01970,MC-8922-1970,本・音楽,2,site_A,2025-11-14,傷や汚れあり,68,21,2314
R01366,P01292,MC-2425-1292,家電,0,site_E,2026-02-21,傷や汚れあり,104,28,20312
R01367,P01984,MC-7322-1984,ファッション,0,site_B,2025-11-27,新品,53,92,11331
R01369,P01325,MC-2546-1325,スポーツ,0,site_C,2025-11-17,ほぼ新品,65,104,17588
R01370,P00548,MC-4005-0548,ホビー,1,site_A,2025-12-26,ほぼ新品,169,47,10752
R01371,P01611,MC-2817-1611,スポーツ,0,site_A,2025-11-11,傷や汚れあり,201,56,3806
R01372,P01190,MC-5479-1190,ファッション,1,site_D,2025-10-16,ほぼ新品,168,22,4794
R01373,P01671,MC-9636-1671,ファッション,2,site_C,2025-11-13,全体的に状態が悪い,205,15,5967
R01374,P00219,MC-3234-0219,ホビー,0,site_E,2025-11-13,ほぼ新品,63,118,29297
R01376,P00115,MC-8404-0115,スポーツ,0,site_A,2025-10-09,ほぼ新品,217,82,8782
R01377,P02078,MC-7689-2078,ファッション,0,site_D,2025-12-05,新品,24,67,4630
R01378,P01648,MC-6393-1648,本・音楽,0,site_E,2026-02-05,ほぼ新品,73,73,6092
R01379,P01906,MC-9081-1906,ホビー,2,site_E,2026-02-17,ほぼ新品,60,77,14141
R01380,P01963,MC-4610-1963,ファッション,2,site_D,2025-10-31,傷や汚れあり,84,114,10068
R01381,P00405,MC-6433-0405,ホビー,0,site_B,2026-02-28,傷や汚れあり,232,87,8347
R01382,P02156,MC-3449-2156,本・音楽,1,site_A,2025-12-08,傷や汚れあり,84,91,1085
R01383,P01547,MC-6884-1547,ファッション,1,site_E,2026-01-10,傷や汚れあり,35,104,5862
R01384,P00951,MC-3078-0951,本・音楽,1,site_C,2025-12-13,傷や汚れあり,246,64,7093
R01385,P01172,MC-2853-1172,家電,1,site_E,2025-12-22,全体的に状態が悪い,205,34,22155
R01386,P01918,MC-7353-1918,ファッション,0,site_B,2025-10-10,新品,223,92,14693
R01387,P00018,MC-5821-0018,本・音楽,0,site_D,2025-10-08,新品,195,128,2342
R01388,P01991,MC-8326-1991,本・音楽,1,site_A,2025-12-21,ほぼ新品,49,121,1250
R01389,P00295,MC-6257-0295,ファッション,1,site_B,2026-01-20,新品,46,51,11926
R01390,P02054,MC-4669-2054,スポーツ,0,site_A,2025-10-13,全体的に状態が悪い,140,45,12502
R01391,P01774,MC-6060-1774,ホビー,1,site_D,2026-02-24,全体的に状態が悪い,58,80,4016
R01392,P01106,MC-8773-1106,ファッション,0,site_C,2025-11-06,ほぼ新品,185,53,2257
R01393,P00966,MC-9151-0966,ファッション,0,site_C,2025-12-20,ほぼ新品,146,77,4158
R01394,P01077,MC-1449-1077,家電,2,site_B,2025-10-23,傷や汚れあり,111,15,32294
R01395,P01289,MC-9305-1289,家電,1,site_D,2025-12-19,ほぼ新品,67,127,56842
R01396,P00979,MC-8665-0979,ホビー,0,site_D,2026-02-19,全体的に状態が悪い,83,87,1334
R01397,P02163,MC-5859-2163,スポーツ,0,site_B,2025-12-21,傷や汚れあり,168,24,2396
R01398,P01791,MC-4463-1791,本・音楽,1,site_D,2026-02-20,傷や汚れあり,98,64,1169
R01399,P00055,MC-9226-0055,スポーツ,1,site_A,2025-11-05,ほぼ新品,148,49,22345
R01400,P00169,MC-7810-0169,本・音楽,0,site_B,2026-02-20,傷や汚れあり,130,121,1584
R01401,P00238,MC-7468-0238,家電,0,site_D,2026-02-13,ほぼ新品,288,97,14144
R01402,P01659,MC-2135-1659,家電,2,site_D,2025-12-21,傷や汚れあり,22,101,41475
R01405,P01846,MC-9787-1846,スポーツ,1,site_E,2026-01-20,全体的に状態が悪い,237,110,8515
R01406,P01853,MC-6795-1853,スポーツ,2,site_E,2025-12-15,新品,20,46,15703
R01407,P00648,MC-4523-0648,ファッション,2,site_D,2025-10-15,傷や汚れあり,176,83,14989
R01408,P00946,MC-3777-0946,スポーツ,0,site_B,2025-11-22,ほぼ新品,17,100,6131
R01409,P00572,MC-9468-0572,ホビー,0,site_E,2025-12-14,ほぼ新品,54,129,3885
R01410,P01186,MC-2385-1186,スポーツ,0,site_E,2025-12-13,新品,94,50,15044
R01411,P01704,MC-7133-1704,本・音楽,1,site_E,2025-12-25,全体的に状態が悪い,223,108,593
R01412,P00389,MC-5900-0389,スポーツ,1,site_E,2026-02-11,新品,215,76,5048
R01414,P01863,MC-9012-1863,家電,1,site_A,2026-02-08,新品,300,104,89521
R01416,P00690,MC-2035-0690,家電,2,site_D,2026-01-10,傷や汚れあり,123,115,31649
R01417,P01487,MC-3575-1487,ファッション,0,site_B,2025-12-01,ほぼ新品,51,121,6907
R01418,P02106,MC-1608-2106,本・音楽,0,site_E,2025-10-18,ほぼ新品,132,29,1060
R01419,P00077,MC-3884-0077,スポーツ,0,site_A,2026-02-05,新品,337,112,12656
R01421,P00485,MC-5531-0485,家電,2,site_D,2025-10-29,ほぼ新品,76,51,66579
R01423,P02010,MC-5487-2010,家電,0,site_A,2026-02-04,傷や汚れあり,24,36,20259
R01424,P02199,MC-7096-2199,ホビー,0,site_B,2025-11-19,新品,161,42,8146
R01425,P01286,MC-6346-1286,ホビー,0,site_D,2025-12-05,ほぼ新品,39,39,7633
R01426,P01343,MC-2334-1343,家電,0,site_C,2025-11-20,ほぼ新品,230,107,36611
R01427,P02102,MC-5451-2102,本・音楽,1,site_A,2025-11-11,新品,166,104,773
R01428,P00428,MC-3723-0428,家電,2,site_C,2025-11-03,ほぼ新品,296,103,57551
R01429,P00931,MC-3459-0931,ファッション,0,site_A,2025-12-14,新品,143,92,8509
R01430,P01480,MC-5309-1480,家電,2,site_C,2026-02-15,傷や汚れあり,132,110,26070
R01431,P02191,MC-7110-2191,スポーツ,0,site_D,2026-01-22,傷や汚れあり,93,114,1278
R01432,P01223,MC-8767-1223,家電,1,site_E,2026-01-18,傷や汚れあり,151,127,16737
R01433,P01921,MC-1344-1921,ファッション,0,site_E,2025-12-07,全体的に状態が悪い,115,61,3724
R01434,P01391,MC-1070-1391,ホビー,0,site_C,2026-02-16,ほぼ新品,120,117,18819
R01435,P01892,MC-2038-1892,スポーツ,0,site_B,2025-10-19,新品,168,83,16357
R01436,P00106,MC-4651-0106,ホビー,0,site_A,2026-02-10,ほぼ新品,79,79,4204
R01437,P01863,MC-9012-1863,家電,1,site_B,2026-02-05,ほぼ新品,119,129,36501
R01438,P00840,MC-6877-0840,スポーツ,0,site_C,2026-02-24,ほぼ新品,171,31,5510
R01440,P01826,MC-5936-1826,ファッション,1,site_B,2026-01-08,傷や汚れあり,77,79,4995
R01441,P01886,MC-3699-1886,ファッション,1,site_B,2026-01-09,ほぼ新品,144,124,5291
R01442,P00539,MC-9001-0539,家電,2,site_D,2026-02-23,傷や汚れあり,98,127,26143
R01443,P00427,MC-5047-0427,本・音楽,0,site_B,2025-11-04,全体的に状態が悪い,274,51,2807
R01444,P00996,MC-9805-0996,スポーツ,0,site_A,2025-11-20,全体的に状態が悪い,299,84,7108
R01445,P00076,MC-6741-0076,スポーツ,1,site_D,2026-02-28,傷や汚れあり,43,60,3929
R01446,P00822,MC-3919-0822,ホビー,0,site_B,2025-11-29,新品,238,79,4488
R01447,P00911,MC-5169-0911,スポーツ,2,site_B,2026-01-17,傷や汚れあり,284,60,25516
R01448,P01113,MC-9227-1113,ホビー,0,site_C,2025-10-15,傷や汚れあり,194,73,3591
R01449,P00878,MC-7178-0878,家電,2,site_C,2026-02-04,ほぼ新品,325,71,68129
R01450,P01717,MC-6167-1717,家電,0,site_A,2026-01-05,新品,212,47,41342
R01451,P01083,MC-2613-1083,スポーツ,0,site_E,2026-02-07,新品,24,108,8149
R01452,P00058,MC-3878-0058,本・音楽,1,site_B,2026-01-05,傷や汚れあり,217,69,1378
R01453,P00312,MC-5139-0312,ファッション,0,site_E,2025-11-01,新品,258,111,11263
R01454,P01329,MC-2097-1329,スポーツ,0,site_B,2026-02-22,ほぼ新品,167,47,6139
R01455,P01569,MC-8026-1569,家電,1,site_C,2025-12-23,傷や汚れあり,265,116,18947
R01456,P00685,MC-8533-0685,ファッション,0,site_D,2026-01-23,ほぼ新品,86,87,1620
R01457,P00384,MC-6779-0384,ファッション,0,site_C,2025-12-20,傷や汚れあり,288,100,4377
R01458,P00324,MC-1105-0324,ホビー,2,site_B,2025-10-09,傷や汚れあり,295,77,10802
R01459,P00517,MC-7313-0517,ホビー,1,site_E,2025-11-06,ほぼ新品,107,81,8767
R01460,P00310,MC-4081-0310,ファッション,2,site_B,2025-11-14,傷や汚れあり,354,19,14236
R01461,P01646,MC-4770-1646,本・音楽,2,site_B,2026-02-06,傷や汚れあり,198,36,1798
R01462,P00541,MC-1199-0541,スポーツ,0,site_C,2026-02-09,ほぼ新品,153,17,7291
R01463,P02164,MC-7551-2164,スポーツ,0,site_E,2025-10-13,傷や汚れあり,86,99,5028
R01464,P01311,MC-1183-1311,ファッション,0,site_D,2026-01-31,傷や汚れあり,30,24,3338
R01465,P01938,MC-6110-1938,家電,0,site_A,2026-02-26,ほぼ新品,128,87,11646
R01466,P01242,MC-4889-1242,ホビー,1,site_B,2025-11-10,ほぼ新品,25,45,9465
R01467,P02121,MC-9098-2121,ホビー,1,site_C,2025-10-08,新品,64,16,19552
R01468,P00579,MC-6576-0579,ファッション,0,site_B,2026-01-14,ほぼ新品,87,70,6464
R01469,P02100,MC-5737-2100,スポーツ,2,site_A,2025-10-29,新品,104,107,20855
R01470,P00529,MC-6002-0529,本・音楽,0,site_A,2026-01-06,ほぼ新品,144,90,1560
R01472,P00341,MC-9798-0341,ホビー,0,site_B,2025-12-17,傷や汚れあり,86,80,3791
R01473,P00696,MC-7441-0696,ファッション,0,site_E,2026-02-08,傷や汚れあり,336,16,1817
R01474,P02128,MC-5530-2128,ファッション,2,site_C,2025-12-23,ほぼ新品,101,68,12373
R01475,P01001,MC-6528-1001,スポーツ,2,site_E,2026-01-03,新品,210,99,36922
R01476,P00743,MC-7837-0743,スポーツ,0,site_E,2026-02-21,ほぼ新品,344,21,9437
R01477,P00753,MC-9483-0753,ファッション,0,site_C,2025-12-18,ほぼ新品,348,106,15305
R01478,P01571,MC-2363-1571,ホビー,1,site_C,2025-11-01,ほぼ新品,171,30,9847
R01479,P01584,MC-7964-1584,家電,2,site_D,2025-11-17,ほぼ新品,74,89,43678
R01480,P00817,MC-5215-0817,家電,2,site_B,2025-11-23,ほぼ新品,104,62,127184
R01481,P00380,MC-4336-0380,ファッション,1,site_A,2026-02-01,ほぼ新品,762,102,23729
R01482,P00463,MC-6485-0463,本・音楽,0,site_E,2026-01-18,ほぼ新品,95,70,848
R01483,P00267,MC-9281-0267,ファッション,1,site_E,2025-10-13,ほぼ新品,39,64,5315
R01484,P02014,MC-3522-2014,ホビー,1,site_B,2026-01-02,ほぼ新品,108,57,8482
R01485,P00707,MC-8733-0707,家電,0,site_E,2025-11-30,新品,400,105,34660
R01486,P00395,MC-1177-0395,ファッション,2,site_B,2026-01-29,全体的に状態が悪い,256,124,8138
R01487,P00043,MC-3202-0043,本・音楽,1,site_A,2026-02-13,新品,250,114,1731
R01488,P00527,MC-9699-0527,本・音楽,1,site_B,2025-10-19,傷や汚れあり,64,41,1086
R01489,P01488,MC-1592-1488,家電,2,site_D,2026-02-27,新品,430,34,297559
R01490,P00807,MC-8908-0807,家電,0,site_E,2026-01-25,ほぼ新品,54,18,20636
R01492,P01492,MC-3598-1492,ファッション,0,site_A,2025-10-25,傷や汚れあり,239,27,6101
R01493,P02173,MC-3347-2173,スポーツ,1,site_B,2026-01-28,傷や汚れあり,84,68,7907
R01494,P01349,MC-2355-1349,ホビー,1,site_B,2025-12-14,傷や汚れあり,493,127,3486
R01495,P00309,MC-8672-0309,スポーツ,2,site_A,2026-02-08,全体的に状態が悪い,449,47,12074
R01497,P01515,MC-4333-1515,ファッション,0,site_C,2025-10-13,傷や汚れあり,208,82,8028
R01498,P01215,MC-3369-1215,スポーツ,2,site_E,2025-12-08,傷や汚れあり,80,96,15780
R01499,P01831,MC-4913-1831,スポーツ,0,site_A,2025-10-05,新品,265,126,18939
R01500,P00926,MC-3927-0926,スポーツ,2,site_C,2025-10-19,ほぼ新品,347,32,26713
R01501,P00478,MC-5712-0478,スポーツ,0,site_C,2025-12-20,全体的に状態が悪い,97,98,1412
R01502,P02064,MC-4755-2064,家電,0,site_A,2025-12-13,傷や汚れあり,198,60,10770
R01503,P02048,MC-2539-2048,ファッション,0,site_B,2026-01-26,全体的に状態が悪い,124,107,5995
R01504,P00120,MC-4146-0120,ホビー,0,site_B,2025-11-30,ほぼ新品,88,94,10685
R01505,P00592,MC-2360-0592,本・音楽,0,site_D,2025-10-09,ほぼ新品,92,49,2448
R01506,P01690,MC-8041-1690,本・音楽,1,site_B,2025-11-28,全体的に状態が悪い,237,89,2583
R01507,P01879,MC-1565-1879,ファッション,0,site_E,2025-11-10,ほぼ新品,151,90,5261
R01508,P00887,MC-8118-0887,本・音楽,2,site_D,2026-02-19,傷や汚れあり,165,46,665
R01509,P00425,MC-3149-0425,スポーツ,1,site_D,2025-10-24,傷や汚れあり,153,28,23299
R01511,P01850,MC-4064-1850,ファッション,0,site_B,2025-12-13,ほぼ新品,222,115,10933
R01512,P01111,MC-4877-1111,ファッション,2,site_C,2025-11-24,新品,157,113,32405
R01513,P00637,MC-1102-0637,ホビー,1,site_B,2025-12-20,傷や汚れあり,315,94,4717
R01514,P01293,MC-1052-1293,ホビー,1,site_A,2026-02-23,新品,87,22,7402
R01517,P02172,MC-4133-2172,ファッション,0,site_D,2026-01-31,傷や汚れあり,405,74,2708
R01518,P00378,MC-7753-0378,ホビー,2,site_C,2025-10-04,傷や汚れあり,219,18,16176
R01521,P00499,MC-7113-0499,家電,1,site_A,2026-02-14,全体的に状態が悪い,137,100,23802
R01522,P02073,MC-8524-2073,ホビー,1,site_D,2025-12-31,傷や汚れあり,212,26,7366
R01523,P00435,MC-5772-0435,スポーツ,2,site_E,2026-01-11,全体的に状態が悪い,78,54,6898
R01524,P00192,MC-6444-0192,本・音楽,2,site_A,2025-12-14,ほぼ新品,101,77,2439
R01525,P02128,MC-5530-2128,ファッション,2,site_A,2025-12-27,新品,208,15,22918
R01526,P00148,MC-4750-0148,ホビー,1,site_C,2025-11-25,ほぼ新品,196,79,10192
R01527,P00284,MC-4372-0284,本・音楽,0,site_B,2025-12-15,ほぼ新品,15,55,1855
R01528,P01932,MC-8316-1932,家電,1,site_A,2026-01-06,傷や汚れあり,51,128,20122
R01531,P00098,MC-1110-0098,ホビー,2,site_E,2026-02-06,全体的に状態が悪い,277,45,5192
R01532,P00148,MC-4750-0148,ホビー,1,site_B,2025-11-27,ほぼ新品,26,118,8745
R01533,P01604,MC-8811-1604,家電,1,site_D,2026-01-09,ほぼ新品,148,79,51444
R01534,P00916,MC-1522-0916,スポーツ,1,site_B,2026-01-31,ほぼ新品,378,106,16889
R01535,P01978,MC-1386-1978,ファッション,0,site_D,2025-11-29,新品,288,78,8708
R01536,P01591,MC-1121-1591,ファッション,0,site_B,2025-11-25,全体的に状態が悪い,170,94,3434
R01537,P02130,MC-8481-2130,本・音楽,0,site_B,2025-11-02,全体的に状態が悪い,94,84,1557
R01538,P00621,MC-2250-0621,本・音楽,0,site_C,2025-11-04,傷や汚れあり,146,49,1065
R01539,P02045,MC-6468-2045,家電,1,site_D,2025-12-16,ほぼ新品,102,111,127313
R01540,P01386,MC-9074-1386,スポーツ,1,site_D,2025-12-21,新品,220,32,28084
R01542,P01081,MC-5503-1081,家電,0,site_E,2025-12-31,全体的に状態が悪い,182,116,4125
R01543,P00633,MC-8589-0633,スポーツ,0,site_B,2025-11-02,ほぼ新品,159,118,12136
R01544,P02116,MC-3248-2116,家電,2,site_B,2025-12-20,ほぼ新品,147,120,187431
R01546,P01528,MC-8671-1528,ファッション,0,site_E,2025-11-05,全体的に状態が悪い,57,92,3706
R01547,P01344,MC-3983-1344,スポーツ,2,site_C,2025-11-06,ほぼ新品,244,60,24508
R01548,P00892,MC-5484-0892,ホビー,1,site_A,2025-12-27,ほぼ新品,28,123,31719
R01549,P01689,MC-9395-1689,家電,0,site_D,2025-11-27,新品,284,123,59830
R01550,P00176,MC-2449-0176,本・音楽,0,site_D,2025-11-06,傷や汚れあり,219,44,1716
R01551,P00968,MC-2909-0968,家電,2,site_E,2026-01-11,新品,473,108,232130
R01552,P00062,MC-1633-0062,ホビー,1,site_C,2025-10-08,傷や汚れあり,406,119,2801
R01554,P01688,MC-1107-1688,ファッション,0,site_D,2026-02-03,新品,42,66,1696
R01555,P01855,MC-4970-1855,スポーツ,0,site_A,2025-12-18,ほぼ新品,131,65,13167
R01556,P00467,MC-5823-0467,ファッション,1,site_D,2026-01-23,ほぼ新品,171,83,14144
R01557,P01913,MC-1356-1913,スポーツ,1,site_A,2025-12-08,全体的に状態が悪い,32,103,12422
R01558,P00047,MC-3733-0047,ホビー,2,site_B,2026-01-16,全体的に状態が悪い,270,39,10581
R01559,P01111,MC-4877-1111,ファッション,2,site_D,2025-11-25,新品,74,72,38472
R01560,P00702,MC-8206-0702,本・音楽,1,site_D,2025-11-02,傷や汚れあり,101,74,821
R01561,P01358,MC-3282-1358,ファッション,0,site_D,2025-10-24,新品,81,106,6578
R01562,P00686,MC-3617-0686,ホビー,1,site_B,2025-11-26,全体的に状態が悪い,42,86,6999
R01564,P00430,MC-8374-0430,スポーツ,1,site_B,2025-10-19,全体的に状態が悪い,51,55,5646
R01565,P01215,MC-3369-1215,スポーツ,2,site_B,2025-12-09,新品,28,121,33949
R01566,P01025,MC-5199-1025,家電,0,site_B,2026-02-27,全体的に状態が悪い,64,110,3348
R01567,P02038,MC-2015-2038,本・音楽,1,site_D,2025-10-30,新品,87,98,1276
R01568,P00035,MC-4263-0035,ホビー,1,site_E,2026-01-24,ほぼ新品,148,23,11586
R01569,P01793,MC-2029-1793,家電,1,site_A,2025-12-02,ほぼ新品,42,16,48054
R01570,P01371,MC-2696-1371,ファッション,1,site_D,2026-02-21,新品,233,49,8206
R01571,P01109,MC-2792-1109,本・音楽,0,site_E,2026-01-03,ほぼ新品,142,43,1305
R01572,P01945,MC-6625-1945,スポーツ,1,site_C,2026-01-12,新品,263,113,5951
R01573,P01037,MC-5427-1037,スポーツ,0,site_E,2026-01-09,傷や汚れあり,281,87,8864
R01574,P00995,MC-9351-0995,ファッション,1,site_C,2026-02-15,新品,189,84,6820
R01576,P00634,MC-3179-0634,スポーツ,2,site_B,2025-10-16,傷や汚れあり,259,63,16521
R01577,P00511,MC-7131-0511,ファッション,2,site_C,2026-01-13,ほぼ新品,60,59,7308
R01578,P01807,MC-5330-1807,スポーツ,1,site_B,2025-11-04,傷や汚れあり,184,69,16180
R01579,P01694,MC-3079-1694,ホビー,1,site_C,2025-11-01,傷や汚れあり,306,90,6415
R01580,P00753,MC-9483-0753,ファッション,0,site_E,2025-12-19,傷や汚れあり,225,110,9489
R01581,P00580,MC-2474-0580,ファッション,1,site_C,2025-11-19,全体的に状態が悪い,109,112,1844
R01582,P00196,MC-3763-0196,本・音楽,0,site_A,2025-11-08,ほぼ新品,155,78,3520
R01583,P01678,MC-5271-1678,ファッション,1,site_E,2026-02-10,傷や汚れあり,234,85,11193
R01584,P01773,MC-3939-1773,スポーツ,0,site_B,2025-12-22,全体的に状態が悪い,140,108,4987
R01587,P00383,MC-5641-0383,ファッション,0,site_E,2026-01-02,ほぼ新品,120,127,3315
R01589,P01414,MC-9438-1414,ホビー,2,site_B,2025-12-07,ほぼ新品,373,101,18638
R01591,P00250,MC-4223-0250,スポーツ,0,site_B,2026-01-30,全体的に状態が悪い,103,34,4147
R01592,P02068,MC-4794-2068,ファッション,1,site_D,2025-11-18,傷や汚れあり,43,57,10722
R01593,P01615,MC-3022-1615,スポーツ,0,site_E,2025-12-06,新品,80,120,5153
R01594,P00293,MC-7795-0293,スポーツ,0,site_B,2026-01-06,ほぼ新品,195,38,8484
R01595,P01363,MC-5012-1363,家電,0,site_A,2026-02-15,傷や汚れあり,200,40,56384
R01596,P00820,MC-6467-0820,スポーツ,0,site_B,2025-12-04,ほぼ新品,23,41,9754
R01598,P01724,MC-6338-1724,本・音楽,0,site_B,2026-02-02,新品,137,80,770
R01599,P01660,MC-8934-1660,ホビー,0,site_D,2025-11-30,傷や汚れあり,119,28,4410
R01600,P00581,MC-3666-0581,スポーツ,0,site_E,2025-12-17,ほぼ新品,324,105,26428
R01601,P00153,MC-8024-0153,家電,2,site_E,2025-12-09,全体的に状態が悪い,134,127,28984
R01602,P00440,MC-7957-0440,ファッション,1,site_B,2026-02-04,ほぼ新品,201,103,14809
R01603,P00369,MC-3652-0369,本・音楽,0,site_B,2026-01-04,傷や汚れあり,159,126,3152
R01604,P00947,MC-1435-0947,本・音楽,0,site_C,2025-11-25,ほぼ新品,62,42,1816
R01605,P01221,MC-9101-1221,ファッション,0,site_B,2025-11-25,ほぼ新品,100,87,5494
R01606,P01951,MC-1893-1951,ファッション,0,site_A,2026-01-28,ほぼ新品,123,94,8326
R01607,P01687,MC-6607-1687,スポーツ,1,site_B,2026-02-10,ほぼ新品,117,122,9347
R01610,P01694,MC-3079-1694,ホビー,1,site_D,2025-10-29,ほぼ新品,63,16,8747
R01611,P00045,MC-7486-0045,家電,1,site_E,2025-10-08,ほぼ新品,172,58,120023
R01612,P00648,MC-4523-0648,ファッション,2,site_B,2025-10-12,傷や汚れあり,117,31,17518
R01613,P00593,MC-5053-0593,ホビー,1,site_D,2026-01-21,傷や汚れあり,183,76,3382
R01614,P01282,MC-5498-1282,スポーツ,2,site_D,2025-12-27,ほぼ新品,179,20,18279
R01615,P01650,MC-5226-1650,本・音楽,1,site_B,2026-02-16,新品,227,107,2445
R01616,P00182,MC-6029-0182,家電,1,site_D,2026-01-12,ほぼ新品,106,76,10035
R01617,P00126,MC-8264-0126,ファッション,1,site_C,2025-11-29,ほぼ新品,378,127,4136
R01618,P00105,MC-3106-0105,ファッション,0,site_A,2025-11-07,ほぼ新品,63,57,3130
R01619,P01122,MC-3898-1122,ホビー,1,site_C,2025-10-08,ほぼ新品,177,58,8598
R01620,P01892,MC-2038-1892,スポーツ,0,site_A,2025-10-16,ほぼ新品,368,46,17602
R01621,P00121,MC-5279-0121,家電,1,site_B,2025-12-12,全体的に状態が悪い,39,101,12320
R01622,P02074,MC-7193-2074,家電,0,site_A,2025-11-06,傷や汚れあり,382,98,13838
R01623,P00513,MC-9216-0513,ファッション,1,site_B,2025-10-10,新品,41,82,5827
R01624,P01602,MC-8898-1602,ファッション,1,site_D,2025-11-12,新品,179,32,6061
R01625,P00485,MC-5531-0485,家電,2,site_A,2025-10-30,ほぼ新品,392,57,136431
R01626,P01733,MC-4772-1733,ファッション,0,site_D,2025-10-06,ほぼ新品,345,101,7082
R01627,P01552,MC-7520-1552,ファッション,1,site_B,2025-12-17,傷や汚れあり,102,47,3291
R01629,P01049,MC-1981-1049,ホビー,0,site_B,2025-10-30,ほぼ新品,16,77,6783
R01632,P01120,MC-6800-1120,家電,0,site_A,2026-02-02,新品,185,78,54022
R01633,P00227,MC-3653-0227,スポーツ,1,site_C,2025-12-02,ほぼ新品,70,126,6736
R01635,P01776,MC-2275-1776,本・音楽,2,site_B,2025-10-25,ほぼ新品,175,98,1338
R01636,P01049,MC-1981-1049,ホビー,0,site_A,2025-10-25,傷や汚れあり,15,29,3340
R01637,P00041,MC-6487-0041,ファッション,2,site_D,2025-12-09,新品,429,112,12519
R01638,P01841,MC-2929-1841,本・音楽,0,site_E,2026-01-29,ほぼ新品,20,123,759
R01639,P00027,MC-6212-0027,ホビー,0,site_E,2025-12-01,傷や汚れあり,270,80,4924
R01640,P00357,MC-6267-0357,家電,0,site_A,2025-10-29,新品,183,36,66490
R01641,P02117,MC-9452-2117,ホビー,1,site_A,2025-11-16,新品,180,109,15367
R01642,P01688,MC-1107-1688,ファッション,0,site_B,2026-02-06,ほぼ新品,195,122,2267
R01643,P01378,MC-5319-1378,ホビー,1,site_D,2025-10-26,傷や汚れあり,195,124,8634
R01644,P00008,MC-2896-0008,ホビー,0,site_D,2025-12-15,新品,241,51,24999
R01645,P00103,MC-4635-0103,ファッション,0,site_C,2025-11-06,全体的に状態が悪い,100,65,2685
R01646,P00270,MC-5092-0270,ファッション,0,site_E,2025-11-16,全体的に状態が悪い,78,66,2632
R01648,P00552,MC-5626-0552,家電,1,site_D,2025-12-21,ほぼ新品,15,101,75905
R01649,P02195,MC-6434-2195,家電,1,site_A,2025-10-18,傷や汚れあり,307,47,54988
R01650,P01525,MC-6386-1525,本・音楽,0,site_E,2025-10-17,ほぼ新品,269,80,3443
R01651,P00185,MC-8574-0185,本・音楽,2,site_A,2025-11-03,ほぼ新品,65,107,3338
R01654,P01295,MC-2529-1295,家電,1,site_C,2025-11-24,傷や汚れあり,45,62,26434
R01655,P00331,MC-1675-0331,ファッション,1,site_C,2026-02-09,傷や汚れあり,232,49,10024
R01656,P00699,MC-3105-0699,ホビー,0,site_C,2025-11-26,ほぼ新品,45,77,6303
R01657,P01834,MC-8633-1834,ホビー,0,site_C,2025-11-25,ほぼ新品,18,54,8493
R01658,P00517,MC-7313-0517,ホビー,1,site_D,2025-11-01,全体的に状態が悪い,75,44,1874
R01659,P00834,MC-8241-0834,スポーツ,0,site_A,2025-11-01,傷や汚れあり,133,39,7725
R01660,P00335,MC-9150-0335,ホビー,2,site_E,2026-02-24,傷や汚れあり,33,129,5476
R01661,P01840,MC-8573-1840,スポーツ,2,site_A,2025-12-21,新品,100,125,10157
R01662,P01352,MC-1283-1352,家電,1,site_B,2026-02-19,傷や汚れあり,26,122,9501
R01663,P00857,MC-6968-0857,スポーツ,1,site_B,2025-10-20,傷や汚れあり,187,86,16317
R01664,P01049,MC-1981-1049,ホビー,0,site_C,2025-10-28,全体的に状態が悪い,101,112,1919
R01665,P00132,MC-6810-0132,ファッション,0,site_C,2025-12-25,傷や汚れあり,222,99,5152
R01668,P00111,MC-2903-0111,ホビー,1,site_B,2026-01-07,ほぼ新品,400,125,11410
R01669,P01233,MC-7268-1233,スポーツ,1,site_C,2025-11-30,傷や汚れあり,53,20,3309
R01670,P01845,MC-2377-1845,本・音楽,0,site_B,2025-11-02,ほぼ新品,74,31,1678
R01671,P01081,MC-5503-1081,家電,0,site_A,2025-12-26,全体的に状態が悪い,91,33,4098
R01672,P00340,MC-5099-0340,家電,1,site_B,2025-10-18,ほぼ新品,120,127,86530
R01674,P01897,MC-9652-1897,ファッション,2,site_E,2025-11-02,全体的に状態が悪い,141,31,3942
R01675,P01257,MC-3825-1257,本・音楽,2,site_E,2025-12-17,傷や汚れあり,88,41,2708
R01676,P00827,MC-3373-0827,本・音楽,0,site_B,2025-11-15,傷や汚れあり,151,59,509
R01677,P00867,MC-2467-0867,ファッション,0,site_D,2025-10-25,傷や汚れあり,11,88,3651
R01678,P00671,MC-1365-0671,本・音楽,0,site_C,2025-11-12,傷や汚れあり,138,19,1376
R01679,P00268,MC-7649-0268,本・音楽,1,site_D,2025-10-09,新品,26,79,1811
R01681,P00866,MC-4326-0866,ファッション,1,site_D,2026-01-11,ほぼ新品,65,78,3785
R01682,P00763,MC-4041-0763,家電,0,site_D,2026-02-16,傷や汚れあり,181,59,42077
R01683,P01478,MC-4565-1478,家電,0,site_E,2025-10-24,傷や汚れあり,122,50,11969
R01684,P01742,MC-8001-1742,スポーツ,0,site_D,2025-11-25,ほぼ新品,108,98,12972
R01685,P02092,MC-6028-2092,家電,1,site_B,2026-02-01,ほぼ新品,183,63,135566
R01686,P01442,MC-7083-1442,ファッション,0,site_B,2025-10-13,傷や汚れあり,142,37,3014
R01687,P00157,MC-8360-0157,家電,1,site_C,2026-02-02,ほぼ新品,37,85,31643
R01688,P02166,MC-3512-2166,ファッション,0,site_D,2026-01-19,全体的に状態が悪い,166,15,2395
R01689,P00261,MC-7832-0261,ファッション,0,site_D,2025-10-30,傷や汚れあり,136,75,2661
R01690,P01135,MC-2616-1135,ファッション,0,site_E,2026-02-02,ほぼ新品,35,96,4890
R01692,P01148,MC-7038-1148,ホビー,0,site_A,2026-02-04,傷や汚れあり,340,22,3384
R01693,P02011,MC-7995-2011,スポーツ,0,site_B,2025-11-14,全体的に状態が悪い,96,89,10967
R01694,P01497,MC-9488-1497,本・音楽,0,site_D,2026-01-28,傷や汚れあり,60,110,3286
R01696,P00427,MC-5047-0427,本・音楽,0,site_C,2025-11-06,新品,121,46,1781
R01697,P00735,MC-4307-0735,家電,0,site_E,2025-11-30,ほぼ新品,84,57,19746
R01698,P00491,MC-3900-0491,ファッション,1,site_E,2026-02-18,傷や汚れあり,51,43,5748
R01700,P01152,MC-7592-1152,本・音楽,1,site_C,2025-10-29,ほぼ新品,119,77,2179
R01702,P00730,MC-3393-0730,ファッション,0,site_D,2026-01-23,全体的に状態が悪い,257,70,2702
R01703,P01975,MC-6585-1975,ホビー,1,site_E,2025-12-03,傷や汚れあり,260,74,6578
R01704,P01990,MC-4231-1990,ホビー,1,site_C,2026-02-27,ほぼ新品,196,17,8688
R01706,P01139,MC-9188-1139,家電,0,site_A,2026-01-23,ほぼ新品,166,46,50764
R01707,P02196,MC-2108-2196,ファッション,0,site_E,2026-01-09,新品,80,98,3869
R01708,P00388,MC-3785-0388,家電,2,site_E,2025-12-30,ほぼ新品,178,93,26272
R01709,P02125,MC-2980-2125,ホビー,0,site_D,2025-10-30,傷や汚れあり,251,26,11018
R01710,P01752,MC-4668-1752,ホビー,1,site_D,2026-01-24,ほぼ新品,81,62,8994
R01711,P01848,MC-4280-1848,家電,1,site_E,2025-11-23,新品,99,18,71961
R01712,P00161,MC-5853-0161,ファッション,1,site_A,2026-02-16,全体的に状態が悪い,339,113,6108
R01713,P00440,MC-7957-0440,ファッション,1,site_C,2026-02-08,傷や汚れあり,233,100,7713
R01715,P01230,MC-8282-1230,ホビー,1,site_A,2026-02-17,傷や汚れあり,176,81,8528
R01717,P00544,MC-1003-0544,家電,1,site_A,2025-10-23,ほぼ新品,58,49,26050
R01719,P01485,MC-4916-1485,ファッション,0,site_A,2025-12-23,全体的に状態が悪い,102,38,2578
R01720,P01221,MC-9101-1221,ファッション,0,site_D,2025-11-27,傷や汚れあり,189,18,3717
R01722,P01989,MC-6081-1989,ホビー,1,site_E,2026-01-03,傷や汚れあり,119,117,2023
R01723,P00382,MC-6353-0382,本・音楽,0,site_E,2025-12-09,新品,17,54,2694
R01724,P01717,MC-6167-1717,家電,0,site_E,2026-01-04,全体的に状態が悪い,208,95,10089
R01725,P00860,MC-2580-0860,ファッション,0,site_E,2025-12-30,傷や汚れあり,245,32,2631
R01726,P01462,MC-8941-1462,スポーツ,0,site_A,2025-10-04,傷や汚れあり,365,48,11586
R01727,P00545,MC-4224-0545,家電,2,site_E,2026-02-20,全体的に状態が悪い,172,117,10450
R01728,P00252,MC-1223-0252,スポーツ,0,site_D,2025-12-08,新品,116,27,11759
R01729,P01939,MC-6420-1939,ホビー,0,site_A,2026-02-03,新品,64,29,28108
R01730,P01250,MC-8357-1250,家電,1,site_C,2026-01-05,傷や汚れあり,236,35,13604
R01731,P01306,MC-6305-1306,家電,1,site_D,2026-02-08,新品,366,105,163816
R01732,P01025,MC-5199-1025,家電,0,site_D,2026-02-22,ほぼ新品,115,43,12052
R01733,P00793,MC-2229-0793,ファッション,1,site_A,2026-01-02,全体的に状態が悪い,48,82,4542
R01735,P01469,MC-6295-1469,ファッション,1,site_D,2026-02-25,ほぼ新品,45,38,11550
R01736,P01589,MC-1618-1589,ファッション,0,site_A,2025-12-19,ほぼ新品,297,46,7522
R01737,P00145,MC-5641-0145,スポーツ,0,site_C,2026-02-06,新品,42,43,6964
R01738,P01144,MC-9969-1144,本・音楽,1,site_E,2025-11-28,ほぼ新品,335,42,6578
R01739,P01313,MC-6728-1313,本・音楽,2,site_A,2026-02-22,傷や汚れあり,26,25,443
R01740,P00214,MC-5948-0214,ファッション,1,site_E,2026-02-23,ほぼ新品,207,65,5795
R01742,P01839,MC-5419-1839,スポーツ,1,site_A,2025-12-08,傷や汚れあり,90,24,12933
R01744,P01334,MC-3528-1334,本・音楽,0,site_C,2025-10-10,傷や汚れあり,210,72,2028
R01745,P00760,MC-7009-0760,ホビー,0,site_A,2025-10-05,傷や汚れあり,270,47,6296
R01746,P01842,MC-6291-1842,ファッション,2,site_B,2025-11-03,ほぼ新品,30,81,4534
R01747,P00194,MC-3942-0194,ファッション,1,site_D,2025-11-12,新品,103,68,8457
R01748,P01717,MC-6167-1717,家電,0,site_D,2026-01-08,ほぼ新品,74,73,20410
R01750,P01671,MC-9636-1671,ファッション,2,site_A,2025-11-14,傷や汚れあり,133,87,7715
R01751,P01899,MC-4756-1899,ホビー,0,site_B,2025-11-20,ほぼ新品,144,62,5133
R01752,P00962,MC-5542-0962,ホビー,0,site_A,2025-10-07,ほぼ新品,173,27,6843
R01753,P00991,MC-2406-0991,家電,0,site_D,2026-01-03,新品,212,116,33685
R01754,P01825,MC-5155-1825,ホビー,1,site_C,2026-01-11,ほぼ新品,156,70,2259
R01755,P01275,MC-3273-1275,本・音楽,1,site_B,2025-10-11,傷や汚れあり,91,83,2053
R01758,P01905,MC-1357-1905,ファッション,0,site_E,2025-10-28,全体的に状態が悪い,163,129,1797
R01759,P01794,MC-3034-1794,ファッション,1,site_A,2025-10-26,ほぼ新品,44,69,5991
R01761,P01110,MC-7913-1110,スポーツ,1,site_D,2026-02-16,傷や汚れあり,71,65,3735
R01762,P00435,MC-5772-0435,スポーツ,2,site_B,2026-01-11,ほぼ新品,244,83,29687
R01764,P01926,MC-1762-1926,ファッション,0,site_A,2026-01-07,ほぼ新品,215,36,7141
R01765,P01799,MC-8990-1799,家電,2,site_E,2025-12-06,新品,179,79,163815
R01766,P02166,MC-3512-2166,ファッション,0,site_B,2026-01-24,ほぼ新品,38,67,6228
R01767,P01008,MC-2460-1008,ホビー,0,site_B,2026-02-05,ほぼ新品,235,53,10467
R01768,P00703,MC-3115-0703,ファッション,1,site_A,2026-02-19,傷や汚れあり,73,114,2076
R01769,P00279,MC-3712-0279,家電,0,site_E,2025-12-16,全体的に状態が悪い,133,124,6193
R01770,P02160,MC-5463-2160,ホビー,0,site_B,2026-02-06,ほぼ新品,43,90,7699
R01772,P01750,MC-6764-1750,ホビー,0,site_B,2025-10-06,ほぼ新品,69,32,8510
R01773,P01257,MC-3825-1257,本・音楽,2,site_C,2025-12-18,傷や汚れあり,16,40,1699
R01774,P00277,MC-2303-0277,ファッション,1,site_B,2025-11-19,新品,99,93,16971
R01776,P01966,MC-4758-1966,ホビー,0,site_B,2025-10-19,ほぼ新品,35,116,3452
R01777,P00852,MC-4719-0852,本・音楽,1,site_A,2026-01-10,傷や汚れあり,125,48,1312
R01778,P00852,MC-4719-0852,本・音楽,1,site_B,2026-01-13,傷や汚れあり,131,59,1397
R01779,P00382,MC-6353-0382,本・音楽,0,site_B,2025-12-09,ほぼ新品,158,75,2366
R01781,P02028,MC-3040-2028,スポーツ,0,site_E,2025-12-11,ほぼ新品,147,47,8287
R01782,P00091,MC-1588-0091,本・音楽,0,site_C,2025-12-03,傷や汚れあり,107,30,1946
R01783,P00310,MC-4081-0310,ファッション,2,site_A,2025-11-19,傷や汚れあり,47,16,5460
R01784,P01647,MC-1990-1647,ホビー,0,site_C,2025-10-03,全体的に状態が悪い,60,26,1522
R01785,P01693,MC-1796-1693,ホビー,0,site_A,2025-11-12,ほぼ新品,167,34,5997
R01786,P01383,MC-8770-1383,ホビー,1,site_A,2025-12-11,傷や汚れあり,107,44,2241
R01787,P02185,MC-5331-2185,本・音楽,0,site_C,2025-11-24,ほぼ新品,116,83,1447
R01788,P00684,MC-2371-0684,ファッション,0,site_E,2025-11-30,傷や汚れあり,200,35,5731
R01789,P00234,MC-8723-0234,家電,0,site_C,2026-01-11,全体的に状態が悪い,111,73,8803
R01790,P00886,MC-9807-0886,スポーツ,2,site_A,2025-12-04,傷や汚れあり,67,64,9522
R01791,P01009,MC-7873-1009,ファッション,1,site_C,2025-12-13,ほぼ新品,131,100,4465
R01793,P00355,MC-8197-0355,ホビー,1,site_C,2026-01-22,新品,44,43,6594
R01795,P00303,MC-9961-0303,ファッション,1,site_B,2026-01-08,ほぼ新品,56,47,21270
R01796,P01150,MC-8976-1150,ファッション,1,site_B,2025-11-22,ほぼ新品,146,86,11113
R01797,P00086,MC-3156-0086,ファッション,1,site_D,2025-11-19,傷や汚れあり,113,33,13136
R01798,P01276,MC-9288-1276,ホビー,1,site_D,2025-10-06,ほぼ新品,44,23,4559
R01800,P00839,MC-2277-0839,ファッション,1,site_A,2025-11-24,全体的に状態が悪い,15,61,4949
R01803,P00814,MC-7625-0814,家電,1,site_C,2025-10-12,ほぼ新品,184,59,25914
R01807,P01811,MC-5054-1811,ファッション,0,site_E,2025-11-01,全体的に状態が悪い,35,78,5306
R01808,P02096,MC-3826-2096,スポーツ,1,site_A,2025-12-07,ほぼ新品,235,21,19299
R01809,P00307,MC-3250-0307,スポーツ,0,site_C,2025-11-01,ほぼ新品,157,19,12384
R01810,P00474,MC-7253-0474,家電,2,site_C,2025-11-28,ほぼ新品,91,81,76247
R01811,P01810,MC-2883-1810,ファッション,1,site_A,2025-11-16,全体的に状態が悪い,255,109,4968
R01812,P01776,MC-2275-1776,本・音楽,2,site_C,2025-10-27,ほぼ新品,144,55,1144
R01813,P01014,MC-3331-1014,家電,0,site_D,2025-11-26,傷や汚れあり,47,43,29854
R01814,P01167,MC-4847-1167,本・音楽,1,site_A,2025-10-26,傷や汚れあり,244,128,1911
R01815,P01204,MC-5575-1204,ファッション,0,site_A,2025-12-24,傷や汚れあり,209,111,7185
R01816,P01172,MC-2853-1172,家電,1,site_A,2025-12-21,新品,290,80,170643
R01817,P00583,MC-4622-0583,家電,0,site_E,2025-11-14,傷や汚れあり,415,29,42407
R01818,P01188,MC-9335-1188,本・音楽,0,site_D,2025-12-28,ほぼ新品,80,27,1593
R01819,P00244,MC-9221-0244,ホビー,0,site_B,2025-11-28,ほぼ新品,99,36,11985
R01820,P00613,MC-9141-0613,家電,2,site_D,2025-12-30,ほぼ新品,209,71,169361
R01821,P01394,MC-7200-1394,本・音楽,1,site_D,2025-11-18,ほぼ新品,19,49,2372
R01822,P00928,MC-9424-0928,ファッション,0,site_C,2025-10-24,新品,250,68,12900
R01823,P00785,MC-9988-0785,ファッション,0,site_C,2025-11-11,新品,135,50,8534
R01824,P00744,MC-7475-0744,ファッション,0,site_E,2025-11-22,ほぼ新品,170,107,3895
R01826,P00021,MC-5751-0021,ホビー,2,site_B,2025-11-15,ほぼ新品,34,85,5625
R01827,P00423,MC-8986-0423,本・音楽,1,site_E,2026-02-19,ほぼ新品,29,62,2770
R01828,P01914,MC-3526-1914,スポーツ,1,site_B,2026-02-16,ほぼ新品,314,45,14298
R01829,P01706,MC-8597-1706,本・音楽,2,site_A,2025-11-29,傷や汚れあり,199,44,1965
R01830,P01582,MC-7777-1582,スポーツ,0,site_D,2026-02-12,ほぼ新品,54,107,20497
R01831,P00940,MC-6253-0940,スポーツ,0,site_E,2025-11-13,傷や汚れあり,111,99,8511
R01833,P01956,MC-5515-1956,家電,0,site_B,2025-11-06,傷や汚れあり,49,78,21049
R01834,P00122,MC-8890-0122,ホビー,0,site_C,2025-10-18,新品,332,72,13977
R01836,P01110,MC-7913-1110,スポーツ,1,site_E,2026-02-17,ほぼ新品,81,63,5172
R01837,P01367,MC-5863-1367,ホビー,0,site_B,2025-10-07,新品,202,116,23154
R01838,P00221,MC-4500-0221,スポーツ,2,site_B,2026-02-23,ほぼ新品,118,40,6433
R01839,P01477,MC-1916-1477,本・音楽,0,site_C,2026-01-17,全体的に状態が悪い,15,66,1721
R01840,P00405,MC-6433-0405,ホビー,0,site_A,2026-02-27,ほぼ新品,108,96,11790
R01841,P00277,MC-2303-0277,ファッション,1,site_E,2025-11-23,全体的に状態が悪い,69,25,7301
R01842,P00375,MC-6086-0375,ホビー,0,site_B,2026-02-20,ほぼ新品,119,71,9077
R01843,P00942,MC-4217-0942,家電,1,site_D,2026-01-18,ほぼ新品,71,76,24169
R01844,P00389,MC-5900-0389,スポーツ,1,site_C,2026-02-10,全体的に状態が悪い,194,78,1673
R01845,P01745,MC-5490-1745,家電,2,site_A,2025-10-24,ほぼ新品,270,57,216653
R01846,P00479,MC-1849-0479,家電,0,site_A,2026-01-06,ほぼ新品,50,70,12469
R01847,P01316,MC-3735-1316,家電,1,site_B,2025-11-25,ほぼ新品,171,32,87337
R01849,P00548,MC-4005-0548,ホビー,1,site_C,2025-12-28,新品,24,48,17146
R01850,P01420,MC-7820-1420,家電,1,site_A,2025-12-30,新品,89,83,49317
R01851,P00465,MC-5783-0465,家電,0,site_D,2026-02-03,新品,91,59,137839
R01852,P00244,MC-9221-0244,ホビー,0,site_D,2025-11-28,傷や汚れあり,24,53,7637
R01855,P01478,MC-4565-1478,家電,0,site_D,2025-10-29,ほぼ新品,68,64,34012
R01856,P01562,MC-9328-1562,ファッション,0,site_E,2025-12-30,全体的に状態が悪い,37,80,3207
R01857,P00536,MC-7627-0536,ファッション,1,site_E,2025-10-21,ほぼ新品,323,56,17931
R01858,P00202,MC-5888-0202,家電,2,site_E,2025-10-07,全体的に状態が悪い,72,124,108292
R01859,P00014,MC-3747-0014,家電,1,site_C,2026-01-14,傷や汚れあり,89,99,12092
R01860,P01628,MC-5839-1628,本・音楽,0,site_C,2026-01-19,ほぼ新品,278,121,901
R01861,P00976,MC-2505-0976,家電,0,site_C,2026-02-05,新品,52,113,40674
R01862,P00461,MC-4310-0461,ホビー,0,site_C,2025-11-17,新品,500,115,10873
R01863,P00308,MC-3948-0308,家電,1,site_E,2026-01-09,新品,69,21,88784
R01864,P02021,MC-6820-2021,スポーツ,2,site_B,2026-02-20,新品,55,54,35852
R01865,P00679,MC-2123-0679,ホビー,1,site_B,2026-02-23,新品,108,70,17345
R01866,P01329,MC-2097-1329,スポーツ,0,site_C,2026-02-23,全体的に状態が悪い,296,15,4370
R01867,P01437,MC-9095-1437,家電,0,site_C,2025-10-19,傷や汚れあり,167,127,9808
R01868,P00829,MC-2577-0829,ファッション,0,site_D,2025-12-07,新品,126,87,8398
R01870,P02087,MC-1221-2087,本・音楽,0,site_B,2025-11-08,傷や汚れあり,121,83,1833
R01871,P01263,MC-7421-1263,本・音楽,1,site_A,2025-11-15,ほぼ新品,33,56,3277
R01872,P02187,MC-7565-2187,ファッション,0,site_B,2025-11-17,新品,126,85,14043
R01873,P00907,MC-6498-0907,スポーツ,1,site_C,2025-12-28,傷や汚れあり,91,62,10287
R01875,P01296,MC-9643-1296,ファッション,1,site_D,2025-10-05,全体的に状態が悪い,99,43,7444
R01876,P01626,MC-9619-1626,ファッション,0,site_E,2026-01-08,ほぼ新品,183,71,7486
R01878,P00464,MC-1714-0464,スポーツ,0,site_E,2025-11-25,ほぼ新品,58,45,10194
R01879,P00134,MC-3929-0134,スポーツ,1,site_A,2026-01-02,新品,119,69,5673
R01880,P02110,MC-3063-2110,ファッション,0,site_B,2026-02-19,傷や汚れあり,259,108,5698
R01881,P00717,MC-3440-0717,ホビー,2,site_A,2025-12-07,傷や汚れあり,201,97,4703
R01882,P00775,MC-8670-0775,ファッション,2,site_D,2026-01-04,傷や汚れあり,93,85,3169
R01883,P01280,MC-7760-1280,本・音楽,0,site_E,2025-12-31,傷や汚れあり,185,103,1098
R01884,P00045,MC-7486-0045,家電,1,site_C,2025-10-11,傷や汚れあり,228,77,83539
R01885,P01500,MC-3208-1500,本・音楽,1,site_D,2026-02-04,ほぼ新品,100,99,1674
R01886,P01511,MC-6236-1511,本・音楽,0,site_E,2026-01-28,傷や汚れあり,194,50,920
R01887,P00690,MC-2035-0690,家電,2,site_E,2026-01-12,ほぼ新品,171,64,72026
R01888,P00633,MC-8589-0633,スポーツ,0,site_C,2025-11-03,ほぼ新品,60,31,9741
R01889,P01915,MC-9238-1915,ホビー,2,site_A,2025-10-31,傷や汚れあり,56,89,2910
R01890,P00887,MC-8118-0887,本・音楽,2,site_B,2026-02-23,全体的に状態が悪い,187,46,922
R01891,P00225,MC-5425-0225,ホビー,0,site_E,2025-11-15,傷や汚れあり,98,129,6720
R01892,P02111,MC-6633-2111,ホビー,0,site_E,2025-12-23,傷や汚れあり,214,25,4049
R01893,P00325,MC-6252-0325,スポーツ,2,site_B,2026-02-24,ほぼ新品,95,87,23835
R01894,P01366,MC-5668-1366,家電,0,site_D,2025-12-15,傷や汚れあり,251,74,53185
R01896,P01141,MC-3500-1141,ホビー,1,site_A,2026-02-20,全体的に状態が悪い,19,86,601
R01897,P01388,MC-7079-1388,家電,0,site_E,2025-12-29,ほぼ新品,204,116,34239
R01898,P02148,MC-8483-2148,スポーツ,1,site_A,2025-11-21,ほぼ新品,66,67,15975
R01899,P02115,MC-2486-2115,ホビー,0,site_D,2026-02-19,傷や汚れあり,314,31,3428
R01900,P00845,MC-5441-0845,本・音楽,1,site_A,2025-12-26,ほぼ新品,96,34,850
R01901,P01405,MC-2383-1405,ホビー,2,site_B,2025-10-11,全体的に状態が悪い,205,15,5604
R01902,P01492,MC-3598-1492,ファッション,0,site_E,2025-10-28,全体的に状態が悪い,82,15,3782
R01903,P00958,MC-1235-0958,スポーツ,2,site_E,2026-02-24,全体的に状態が悪い,131,74,16747
R01904,P01513,MC-3898-1513,ファッション,2,site_D,2025-11-01,ほぼ新品,81,88,12652
R01906,P00463,MC-6485-0463,本・音楽,0,site_B,2026-01-19,新品,313,15,1114
R01907,P00245,MC-9847-0245,家電,0,site_E,2025-10-11,ほぼ新品,251,104,40785
R01908,P02042,MC-9583-2042,ホビー,2,site_C,2025-10-07,ほぼ新品,107,51,7566
R01909,P01533,MC-3599-1533,ファッション,0,site_C,2025-12-11,傷や汚れあり,175,95,1801
R01910,P01142,MC-5036-1142,ホビー,0,site_C,2025-11-28,傷や汚れあり,90,77,4062
R01911,P02141,MC-6723-2141,本・音楽,0,site_A,2025-12-13,傷や汚れあり,163,102,1498
R01912,P01895,MC-6819-1895,スポーツ,2,site_E,2025-12-18,全体的に状態が悪い,555,45,9578
R01913,P01207,MC-6479-1207,スポーツ,0,site_C,2025-10-18,傷や汚れあり,229,44,3953
R01914,P01832,MC-8393-1832,スポーツ,0,site_C,2025-11-23,傷や汚れあり,199,129,13107
R01916,P00547,MC-7090-0547,ファッション,1,site_D,2025-10-24,傷や汚れあり,120,32,5940
R01917,P00416,MC-7602-0416,本・音楽,0,site_E,2025-10-11,傷や汚れあり,225,19,1213
R01918,P01706,MC-8597-1706,本・音楽,2,site_D,2025-11-27,傷や汚れあり,188,30,1843
R01919,P01805,MC-4757-1805,ファッション,1,site_D,2025-12-09,傷や汚れあり,93,129,9959
R01920,P00218,MC-6027-0218,家電,0,site_B,2025-12-05,ほぼ新品,112,98,45985
R01921,P01764,MC-8102-1764,家電,2,site_C,2026-02-26,傷や汚れあり,59,111,25689
R01922,P00611,MC-6458-0611,ファッション,1,site_B,2025-12-12,ほぼ新品,168,17,9147
R01923,P00505,MC-2221-0505,ホビー,1,site_C,2025-10-27,ほぼ新品,101,19,15652
R01924,P01923,MC-7137-1923,ホビー,2,site_E,2026-01-12,ほぼ新品,266,69,19617
R01925,P00549,MC-2468-0549,家電,1,site_A,2025-12-28,新品,370,78,155570
R01926,P01623,MC-2500-1623,ファッション,1,site_B,2026-01-26,全体的に状態が悪い,115,124,5201
R01927,P02194,MC-5764-2194,家電,0,site_B,2025-10-06,全体的に状態が悪い,11,34,3933
R01928,P01854,MC-5445-1854,ホビー,0,site_D,2025-11-07,ほぼ新品,107,129,5531
R01929,P02094,MC-5974-2094,本・音楽,1,site_B,2025-11-21,全体的に状態が悪い,65,93,2261
R01930,P01288,MC-6345-1288,スポーツ,0,site_D,2026-01-11,傷や汚れあり,126,116,3187
R01931,P01199,MC-1870-1199,スポーツ,0,site_B,2026-02-07,新品,127,126,7862
R01933,P01638,MC-6789-1638,本・音楽,0,site_A,2025-12-25,傷や汚れあり,58,71,2495
R01934,P00820,MC-6467-0820,スポーツ,0,site_A,2025-12-02,傷や汚れあり,281,23,7968
R01935,P01648,MC-6393-1648,本・音楽,0,site_A,2026-02-04,新品,52,28,6312
R01938,P01149,MC-8142-1149,スポーツ,1,site_E,2025-11-20,ほぼ新品,75,93,10160
R01940,P00987,MC-9810-0987,本・音楽,1,site_C,2025-12-27,ほぼ新品,153,49,481
R01941,P02194,MC-5764-2194,家電,0,site_E,2025-10-04,ほぼ新品,61,117,9820
R01943,P01994,MC-7717-1994,ホビー,1,site_D,2025-10-13,全体的に状態が悪い,376,53,5825
R01945,P01785,MC-1953-1785,ファッション,1,site_A,2026-01-21,傷や汚れあり,318,124,6390
R01947,P01816,MC-3474-1816,ホビー,0,site_B,2026-02-08,ほぼ新品,21,111,8346
R01948,P01749,MC-2699-1749,ホビー,1,site_B,2025-11-06,新品,66,97,13493
R01949,P00207,MC-6918-0207,本・音楽,0,site_A,2026-02-13,全体的に状態が悪い,200,106,1220
R01950,P01701,MC-7516-1701,本・音楽,0,site_E,2025-10-09,ほぼ新品,199,39,1387
R01952,P01586,MC-3172-1586,スポーツ,1,site_A,2025-12-12,傷や汚れあり,270,118,12305
R01953,P01694,MC-3079-1694,ホビー,1,site_E,2025-10-30,ほぼ新品,37,92,9549
R01954,P01200,MC-5163-1200,スポーツ,0,site_A,2025-12-24,ほぼ新品,239,48,11148
R01955,P01276,MC-9288-1276,ホビー,1,site_C,2025-10-06,ほぼ新品,143,33,3828
R01956,P00016,MC-8662-0016,スポーツ,0,site_E,2025-12-12,ほぼ新品,47,77,14597
R01957,P00469,MC-3260-0469,家電,0,site_D,2025-10-12,全体的に状態が悪い,256,40,17512
R01958,P00969,MC-3429-0969,家電,0,site_C,2025-11-26,全体的に状態が悪い,102,30,4261
R01959,P00764,MC-5755-0764,本・音楽,0,site_B,2025-10-16,全体的に状態が悪い,288,35,2530
R01961,P01424,MC-4708-1424,ホビー,0,site_E,2026-02-14,ほぼ新品,209,64,6153
R01962,P01804,MC-7881-1804,ホビー,2,site_B,2025-11-10,全体的に状態が悪い,96,66,4940
R01964,P00509,MC-9513-0509,スポーツ,1,site_E,2026-01-02,全体的に状態が悪い,216,53,4238
R01966,P01445,MC-6182-1445,家電,0,site_B,2026-02-08,傷や汚れあり,113,22,13179
R01967,P01877,MC-6376-1877,家電,0,site_A,2026-02-20,全体的に状態が悪い,184,101,5562
R01968,P01722,MC-7925-1722,家電,0,site_A,2026-02-17,新品,182,62,45235
R01969,P00342,MC-2195-0342,スポーツ,0,site_B,2026-01-19,傷や汚れあり,87,79,4667
R01970,P00163,MC-3454-0163,ファッション,1,site_A,2025-10-22,傷や汚れあり,41,66,5603
R01971,P00220,MC-8976-0220,ホビー,1,site_D,2026-02-01,傷や汚れあり,263,34,7251
R01972,P01173,MC-5170-1173,ファッション,0,site_A,2025-10-19,ほぼ新品,126,87,1746
R01973,P00542,MC-3027-0542,ファッション,1,site_D,2025-10-18,傷や汚れあり,340,26,10402
R01975,P00730,MC-3393-0730,ファッション,0,site_B,2026-01-25,新品,180,118,6445
R01976,P01019,MC-6416-1019,スポーツ,1,site_B,2026-02-03,傷や汚れあり,65,106,12869
R01977,P00711,MC-9592-0711,家電,1,site_D,2026-01-01,ほぼ新品,182,27,30545
R01978,P00504,MC-9357-0504,家電,2,site_D,2025-10-28,傷や汚れあり,79,115,66692
R01979,P01945,MC-6625-1945,スポーツ,1,site_B,2026-01-09,全体的に状態が悪い,14,106,2487
R01981,P00523,MC-8086-0523,スポーツ,1,site_C,2026-01-15,傷や汚れあり,51,91,10351
R01982,P00021,MC-5751-0021,ホビー,2,site_E,2025-11-15,傷や汚れあり,127,17,2205
R01983,P00856,MC-8576-0856,ホビー,0,site_B,2025-11-02,全体的に状態が悪い,99,61,5807
R01984,P01112,MC-2288-1112,スポーツ,0,site_E,2025-12-08,全体的に状態が悪い,305,97,5444
R01985,P01194,MC-4304-1194,スポーツ,1,site_D,2025-12-20,傷や汚れあり,45,56,1819
R01986,P00725,MC-6160-0725,本・音楽,2,site_C,2026-01-06,傷や汚れあり,156,60,2186
R01987,P00232,MC-7196-0232,スポーツ,0,site_B,2025-12-20,ほぼ新品,173,42,15551
R01989,P00616,MC-6408-0616,ファッション,0,site_E,2026-01-16,全体的に状態が悪い,41,67,2036
R01990,P01979,MC-7814-1979,ホビー,0,site_B,2025-10-14,全体的に状態が悪い,165,24,4976
R01991,P00171,MC-2448-0171,ファッション,0,site_A,2026-02-15,傷や汚れあり,221,111,2086
R01992,P00854,MC-4802-0854,家電,2,site_D,2025-12-07,ほぼ新品,208,66,67939
R01993,P00067,MC-2226-0067,ホビー,1,site_D,2026-02-21,ほぼ新品,397,127,21053
R01994,P00299,MC-3212-0299,ホビー,0,site_A,2025-12-20,傷や汚れあり,79,96,4863
R01995,P00645,MC-4672-0645,ファッション,1,site_E,2025-11-11,ほぼ新品,295,78,22545
R01997,P00071,MC-2992-0071,家電,1,site_B,2025-10-07,傷や汚れあり,108,129,12226
R01998,P01718,MC-7548-1718,ファッション,0,site_B,2026-01-20,全体的に状態が悪い,173,71,1130
R01999,P01207,MC-6479-1207,スポーツ,0,site_E,2025-10-21,全体的に状態が悪い,56,59,1753
R02000,P00217,MC-2397-0217,ファッション,1,site_B,2025-12-21,ほぼ新品,179,61,10303
R02001,P01522,MC-8606-1522,家電,0,site_B,2025-12-08,傷や汚れあり,291,63,47130
R02002,P01234,MC-3235-1234,家電,0,site_D,2025-11-10,傷や汚れあり,243,66,40141
R02003,P01494,MC-5455-1494,本・音楽,0,site_B,2026-01-23,ほぼ新品,44,64,4386
R02004,P00079,MC-4240-0079,ファッション,2,site_D,2025-12-14,ほぼ新品,275,62,31878
R02005,P00922,MC-9003-0922,ホビー,1,site_E,2025-12-26,全体的に状態が悪い,162,34,3304
R02007,P00374,MC-3761-0374,ファッション,1,site_B,2025-10-22,ほぼ新品,169,55,23953
R02008,P01667,MC-6295-1667,ホビー,0,site_D,2025-12-10,ほぼ新品,423,115,41993
R02009,P01185,MC-9015-1185,本・音楽,0,site_B,2025-10-26,ほぼ新品,341,100,3679
R02011,P00110,MC-3501-0110,スポーツ,1,site_E,2026-01-17,新品,83,92,7556
R02012,P01901,MC-8901-1901,ファッション,1,site_D,2025-11-08,ほぼ新品,178,64,3358
R02013,P01396,MC-2517-1396,ファッション,2,site_B,2025-11-12,傷や汚れあり,97,60,5980
R02014,P02159,MC-6177-2159,スポーツ,0,site_E,2025-11-29,傷や汚れあり,95,22,3651
R02015,P00166,MC-6623-0166,スポーツ,0,site_B,2026-01-09,傷や汚れあり,126,124,13273
R02016,P00246,MC-5244-0246,ファッション,1,site_C,2026-01-18,ほぼ新品,37,91,12233
R02017,P00603,MC-4268-0603,スポーツ,1,site_C,2026-02-07,ほぼ新品,116,88,5387
R02018,P00873,MC-9656-0873,家電,0,site_A,2025-12-30,全体的に状態が悪い,176,30,23139
R02019,P00397,MC-3589-0397,本・音楽,1,site_E,2026-01-29,全体的に状態が悪い,125,51,1138
R02020,P00736,MC-5894-0736,本・音楽,1,site_B,2026-01-28,傷や汚れあり,350,120,5252
R02021,P01717,MC-6167-1717,家電,0,site_C,2026-01-06,傷や汚れあり,148,111,12359
R02022,P00395,MC-1177-0395,ファッション,2,site_E,2026-01-29,傷や汚れあり,93,35,10450
R02023,P01041,MC-6526-1041,スポーツ,2,site_D,2025-11-24,ほぼ新品,438,21,42271
R02024,P00940,MC-6253-0940,スポーツ,0,site_A,2025-11-12,ほぼ新品,314,90,13461
R02025,P01027,MC-3719-1027,家電,2,site_A,2026-01-23,全体的に状態が悪い,131,36,33788
R02026,P01664,MC-1324-1664,家電,0,site_E,2025-12-22,全体的に状態が悪い,141,46,5217
R02027,P00139,MC-5668-0139,ホビー,1,site_A,2026-02-09,ほぼ新品,13,86,11103
R02029,P00251,MC-9307-0251,スポーツ,0,site_A,2025-11-19,傷や汚れあり,161,100,16005
R02030,P00387,MC-6418-0387,ファッション,1,site_B,2025-12-07,傷や汚れあり,78,58,2424
R02031,P01926,MC-1762-1926,ファッション,0,site_C,2026-01-06,ほぼ新品,50,109,3896
R02032,P01326,MC-4222-1326,ホビー,1,site_C,2025-10-07,ほぼ新品,189,54,9931
R02033,P00163,MC-3454-0163,ファッション,1,site_D,2025-10-22,全体的に状態が悪い,393,114,4918
R02034,P00131,MC-8970-0131,家電,0,site_B,2026-01-26,傷や汚れあり,205,80,17931
R02036,P01970,MC-8922-1970,本・音楽,2,site_D,2025-11-12,傷や汚れあり,53,92,2508
R02037,P00397,MC-3589-0397,本・音楽,1,site_B,2026-01-28,ほぼ新品,351,66,1645
R02038,P01737,MC-1004-1737,家電,1,site_D,2025-10-20,全体的に状態が悪い,149,111,15416
R02039,P00977,MC-4525-0977,ホビー,2,site_D,2025-10-14,新品,287,46,50573
R02040,P00431,MC-2481-0431,ファッション,1,site_A,2025-10-20,傷や汚れあり,212,39,5493
R02041,P02166,MC-3512-2166,ファッション,0,site_C,2026-01-21,全体的に状態が悪い,427,99,3472
R02043,P01914,MC-3526-1914,スポーツ,1,site_C,2026-02-14,ほぼ新品,29,120,8752
R02044,P00164,MC-1508-0164,スポーツ,0,site_B,2025-11-26,全体的に状態が悪い,130,76,14252
R02045,P01435,MC-4021-1435,家電,2,site_C,2025-12-22,新品,73,54,90098
R02046,P00065,MC-1799-0065,家電,1,site_E,2025-11-27,傷や汚れあり,82,67,24031
R02047,P01990,MC-4231-1990,ホビー,1,site_A,2026-02-28,傷や汚れあり,353,20,3362
R02048,P00375,MC-6086-0375,ホビー,0,site_A,2026-02-19,ほぼ新品,87,32,7245
R02049,P01578,MC-7940-1578,ホビー,0,site_A,2025-11-27,全体的に状態が悪い,268,103,9894
R02050,P00922,MC-9003-0922,ホビー,1,site_C,2025-12-29,ほぼ新品,199,29,15028
R02051,P00809,MC-4702-0809,ファッション,0,site_B,2026-01-12,全体的に状態が悪い,227,125,1467
R02052,P02021,MC-6820-2021,スポーツ,2,site_D,2026-02-23,傷や汚れあり,57,15,12742
R02053,P00402,MC-2313-0402,家電,0,site_A,2026-01-22,ほぼ新品,61,53,28511
R02054,P00741,MC-1174-0741,本・音楽,0,site_A,2026-01-26,ほぼ新品,48,84,1050
R02055,P00450,MC-3070-0450,ファッション,1,site_E,2025-11-08,全体的に状態が悪い,103,94,7744
R02056,P02085,MC-8600-2085,ホビー,0,site_E,2026-02-14,新品,144,54,42447
R02057,P00385,MC-1254-0385,ホビー,2,site_C,2025-12-26,ほぼ新品,121,79,13191
R02058,P00565,MC-9309-0565,スポーツ,0,site_D,2026-02-16,全体的に状態が悪い,43,25,2900
R02059,P00854,MC-4802-0854,家電,2,site_A,2025-12-06,ほぼ新品,63,18,66364
R02061,P00777,MC-8518-0777,ファッション,1,site_C,2026-01-25,ほぼ新品,96,98,2448
R02062,P00628,MC-5222-0628,本・音楽,0,site_C,2025-12-07,傷や汚れあり,234,53,1099
R02064,P00118,MC-2912-0118,本・音楽,1,site_E,2026-02-04,ほぼ新品,406,74,2385
R02066,P01786,MC-3313-1786,本・音楽,0,site_A,2025-11-12,ほぼ新品,129,42,899
R02068,P01187,MC-3355-1187,スポーツ,1,site_E,2025-12-16,新品,105,52,8472
R02069,P00155,MC-9813-0155,家電,1,site_D,2025-11-15,ほぼ新品,195,99,54722
R02070,P01531,MC-9589-1531,スポーツ,0,site_B,2026-01-23,新品,61,52,8806
R02071,P01526,MC-4595-1526,ファッション,0,site_C,2025-12-13,新品,98,85,8822
R02072,P01587,MC-6419-1587,家電,2,site_C,2026-01-25,ほぼ新品,106,122,42709
R02073,P01927,MC-5504-1927,家電,0,site_C,2025-12-25,新品,265,15,105953
R02074,P01663,MC-9400-1663,本・音楽,1,site_D,2026-01-18,ほぼ新品,180,59,2885
R02076,P00597,MC-7968-0597,本・音楽,0,site_D,2025-10-21,新品,98,19,722
R02077,P01837,MC-2386-1837,本・音楽,1,site_A,2026-02-27,新品,132,82,1603
R02078,P00522,MC-6349-0522,ファッション,1,site_C,2025-12-02,ほぼ新品,105,65,3222
R02080,P00773,MC-5110-0773,ファッション,0,site_C,2026-01-07,ほぼ新品,129,120,3600
R02081,P01960,MC-7132-1960,ファッション,0,site_C,2025-10-01,ほぼ新品,279,79,5234
R02082,P00915,MC-3426-0915,スポーツ,0,site_E,2026-02-22,傷や汚れあり,266,75,5385
R02083,P02025,MC-8581-2025,本・音楽,1,site_A,2026-02-26,ほぼ新品,113,122,1793
R02084,P00266,MC-8110-0266,スポーツ,1,site_A,2025-11-04,ほぼ新品,89,107,20882
R02086,P00108,MC-6150-0108,ホビー,1,site_C,2026-01-19,ほぼ新品,92,78,11262
R02088,P01407,MC-6894-1407,ファッション,0,site_D,2025-12-21,傷や汚れあり,267,106,4116
R02089,P01353,MC-4277-1353,スポーツ,0,site_B,2026-01-30,全体的に状態が悪い,144,125,4648
R02090,P00946,MC-3777-0946,スポーツ,0,site_C,2025-11-21,傷や汚れあり,89,113,3055
R02091,P00039,MC-5403-0039,家電,0,site_A,2025-10-24,ほぼ新品,101,23,40824
R02092,P01868,MC-7743-1868,家電,0,site_E,2026-02-16,傷や汚れあり,13,75,6859
R02093,P00769,MC-6133-0769,ホビー,0,site_E,2025-11-12,ほぼ新品,161,42,17620
R02094,P00005,MC-1039-0005,スポーツ,1,site_C,2026-02-03,ほぼ新品,283,74,24442
R02095,P00817,MC-5215-0817,家電,2,site_A,2025-11-27,傷や汚れあり,117,53,60848
R02096,P01715,MC-5081-1715,ホビー,0,site_D,2025-12-29,傷や汚れあり,49,94,2571
R02098,P01167,MC-4847-1167,本・音楽,1,site_C,2025-10-23,傷や汚れあり,117,69,1809
R02099,P00099,MC-1561-0099,ホビー,0,site_E,2026-01-23,傷や汚れあり,189,73,9229
R02100,P00276,MC-2989-0276,家電,0,site_B,2025-10-02,傷や汚れあり,48,129,15487
R02101,P01177,MC-3662-1177,ファッション,1,site_E,2025-12-08,ほぼ新品,36,98,12057
R02103,P01985,MC-5477-1985,スポーツ,2,site_B,2025-12-31,新品,19,89,10021
R02104,P00016,MC-8662-0016,スポーツ,0,site_A,2025-12-16,新品,55,53,18154
R02105,P01797,MC-6429-1797,ホビー,1,site_D,2025-11-04,傷や汚れあり,93,69,9860
R02106,P01043,MC-7555-1043,ホビー,0,site_C,2025-12-20,傷や汚れあり,64,53,2609
R02107,P01955,MC-8989-1955,スポーツ,1,site_E,2025-12-14,傷や汚れあり,110,106,8048
R02108,P00599,MC-2696-0599,ホビー,2,site_E,2026-02-24,新品,124,116,12216
R02109,P00392,MC-8796-0392,本・音楽,0,site_E,2026-01-04,ほぼ新品,63,66,1294
R02110,P00142,MC-3037-0142,家電,1,site_A,2025-11-21,新品,140,76,81437
R02111,P01487,MC-3575-1487,ファッション,0,site_D,2025-12-03,傷や汚れあり,164,108,3521
R02112,P01614,MC-9985-1614,家電,0,site_A,2026-01-01,傷や汚れあり,112,124,58579
R02113,P02179,MC-1426-2179,ホビー,1,site_E,2025-11-26,ほぼ新品,336,91,27920
R02114,P00500,MC-9875-0500,スポーツ,0,site_E,2026-02-11,ほぼ新品,205,96,6138
R02115,P00487,MC-9165-0487,スポーツ,2,site_A,2025-11-26,全体的に状態が悪い,325,80,15395
R02116,P01611,MC-2817-1611,スポーツ,0,site_E,2025-11-15,ほぼ新品,91,110,3665
R02117,P00509,MC-9513-0509,スポーツ,1,site_C,2026-01-01,ほぼ新品,45,15,4459
R02118,P00503,MC-9882-0503,ホビー,1,site_E,2026-02-13,新品,77,110,21265
R02119,P01374,MC-6910-1374,スポーツ,1,site_B,2026-01-11,傷や汚れあり,205,35,5231
R02120,P00382,MC-6353-0382,本・音楽,0,site_A,2025-12-11,傷や汚れあり,50,46,2194
R02121,P01465,MC-8070-1465,ホビー,0,site_D,2026-02-28,ほぼ新品,95,110,7661
R02122,P01318,MC-8742-1318,ホビー,2,site_A,2025-10-22,傷や汚れあり,68,83,9699
R02123,P01566,MC-8189-1566,ホビー,1,site_E,2025-10-13,ほぼ新品,179,17,11500
R02125,P02104,MC-6279-2104,家電,0,site_D,2026-01-25,傷や汚れあり,148,51,8145
R02126,P00062,MC-1633-0062,ホビー,1,site_A,2025-10-08,傷や汚れあり,172,33,2882
R02127,P01761,MC-3797-1761,スポーツ,2,site_D,2026-01-21,傷や汚れあり,97,88,24057
R02128,P01070,MC-5815-1070,本・音楽,0,site_A,2025-12-28,傷や汚れあり,302,28,3574
R02129,P01307,MC-6225-1307,家電,2,site_E,2025-11-28,ほぼ新品,165,121,44122
R02130,P00492,MC-2350-0492,スポーツ,0,site_E,2025-10-06,傷や汚れあり,78,31,17314
R02132,P00390,MC-7330-0390,家電,0,site_B,2026-02-14,ほぼ新品,42,48,8794
R02133,P00747,MC-9806-0747,本・音楽,2,site_D,2025-10-10,新品,123,33,2740
R02135,P01783,MC-1397-1783,ホビー,0,site_A,2026-01-26,傷や汚れあり,149,18,2655
R02136,P00148,MC-4750-0148,ホビー,1,site_A,2025-11-29,ほぼ新品,80,18,6382
R02137,P01594,MC-3604-1594,本・音楽,1,site_A,2025-10-13,新品,180,34,1580
R02138,P00459,MC-9115-0459,ファッション,0,site_D,2026-02-21,傷や汚れあり,187,54,1687
R02139,P00941,MC-8976-0941,ファッション,1,site_B,2025-10-12,傷や汚れあり,195,74,7752
R02140,P00468,MC-1305-0468,スポーツ,2,site_C,2025-12-05,全体的に状態が悪い,40,15,2182
R02141,P00239,MC-2562-0239,ホビー,1,site_D,2025-10-22,新品,139,22,10427
R02142,P01350,MC-2180-1350,家電,0,site_C,2026-01-22,新品,168,56,88708
R02144,P01999,MC-9395-1999,スポーツ,1,site_C,2025-11-26,新品,146,66,10486
R02145,P02042,MC-9583-2042,ホビー,2,site_D,2025-10-09,傷や汚れあり,227,49,4156
R02146,P01004,MC-1611-1004,スポーツ,1,site_A,2025-11-30,新品,85,121,7223
R02147,P01513,MC-3898-1513,ファッション,2,site_C,2025-10-29,新品,196,117,22330
R02148,P01214,MC-9910-1214,ホビー,2,site_B,2025-12-13,傷や汚れあり,205,65,7560
R02149,P01575,MC-4343-1575,スポーツ,1,site_C,2025-11-27,新品,46,43,6200
R02150,P00925,MC-9782-0925,家電,0,site_B,2025-11-30,傷や汚れあり,87,48,14882
R02151,P02147,MC-7921-2147,家電,0,site_D,2026-02-21,傷や汚れあり,199,57,46654
R02152,P01538,MC-1953-1538,ファッション,1,site_B,2026-02-15,傷や汚れあり,48,42,4122
R02154,P01615,MC-3022-1615,スポーツ,0,site_D,2025-12-04,新品,3,70,8604
R02155,P01855,MC-4970-1855,スポーツ,0,site_D,2025-12-18,ほぼ新品,51,109,12605
R02156,P00065,MC-1799-0065,家電,1,site_C,2025-11-28,傷や汚れあり,191,128,33621
R02157,P01175,MC-4793-1175,スポーツ,0,site_A,2025-11-29,傷や汚れあり,32,105,10567
R02158,P01072,MC-8899-1072,ファッション,0,site_D,2025-11-24,全体的に状態が悪い,324,52,3958
R02159,P00243,MC-2301-0243,ホビー,0,site_C,2026-01-21,傷や汚れあり,152,34,1882
R02160,P02143,MC-7998-2143,家電,0,site_A,2025-10-06,新品,24,49,63722
R02161,P01289,MC-9305-1289,家電,1,site_E,2025-12-16,新品,167,24,79973
R02162,P01055,MC-6756-1055,スポーツ,2,site_A,2026-02-10,新品,78,28,8528
R02163,P00271,MC-7706-0271,家電,1,site_B,2025-12-14,ほぼ新品,94,67,64046
R02165,P00416,MC-7602-0416,本・音楽,0,site_B,2025-10-09,ほぼ新品,176,123,1034
R02166,P01838,MC-8408-1838,本・音楽,1,site_D,2025-10-15,傷や汚れあり,118,58,3056
R02167,P01212,MC-2650-1212,ホビー,1,site_A,2026-01-03,全体的に状態が悪い,147,65,1544
R02168,P00932,MC-8009-0932,ファッション,0,site_B,2025-11-18,ほぼ新品,109,40,3580
R02170,P00673,MC-1176-0673,ホビー,0,site_C,2025-11-08,傷や汚れあり,144,118,4181
R02171,P01108,MC-4279-1108,ファッション,1,site_B,2025-10-22,傷や汚れあり,47,33,6525
R02173,P00772,MC-2027-0772,ファッション,0,site_D,2025-10-19,傷や汚れあり,143,102,1685
R02174,P01549,MC-4052-1549,ホビー,2,site_C,2025-11-13,傷や汚れあり,81,96,2052
R02175,P01529,MC-7478-1529,ホビー,1,site_D,2026-02-13,傷や汚れあり,129,55,2828
R02176,P01440,MC-7926-1440,スポーツ,1,site_D,2025-11-15,全体的に状態が悪い,169,39,7005
R02177,P02154,MC-9717-2154,本・音楽,0,site_E,2026-01-25,傷や汚れあり,116,69,3688
R02178,P00802,MC-7146-0802,ホビー,1,site_B,2025-11-06,全体的に状態が悪い,37,31,2792
R02179,P02035,MC-1778-2035,スポーツ,0,site_D,2026-02-02,ほぼ新品,213,18,10800
R02180,P00897,MC-6158-0897,スポーツ,0,site_D,2026-02-06,ほぼ新品,146,128,5125
R02181,P01899,MC-4756-1899,ホビー,0,site_A,2025-11-16,全体的に状態が悪い,64,90,1265
R02182,P00810,MC-1292-0810,ホビー,2,site_A,2025-10-13,ほぼ新品,375,64,38675
R02183,P01138,MC-3251-1138,ホビー,0,site_A,2025-12-02,ほぼ新品,46,56,7672
R02184,P00723,MC-9653-0723,本・音楽,1,site_D,2026-02-03,全体的に状態が悪い,115,118,440
R02185,P00719,MC-5990-0719,ファッション,1,site_B,2026-02-25,新品,187,118,15002
R02186,P00053,MC-8549-0053,スポーツ,0,site_A,2026-01-07,傷や汚れあり,59,83,5929
R02188,P01820,MC-9211-1820,スポーツ,0,site_D,2025-10-14,新品,47,87,16638
R02189,P01880,MC-1568-1880,ホビー,0,site_B,2025-12-25,ほぼ新品,429,23,47154
R02190,P01195,MC-7991-1195,家電,0,site_D,2025-10-21,ほぼ新品,109,40,130736
R02191,P01606,MC-5144-1606,ファッション,2,site_C,2025-12-28,全体的に状態が悪い,150,59,2630
R02192,P01074,MC-1606-1074,ファッション,0,site_E,2026-01-16,ほぼ新品,192,125,6357
R02193,P00135,MC-5142-0135,家電,0,site_D,2025-10-23,ほぼ新品,201,57,89465
R02194,P00024,MC-1514-0024,家電,1,site_B,2025-10-14,新品,396,77,606946
R02195,P00339,MC-1033-0339,スポーツ,0,site_B,2026-01-29,傷や汚れあり,171,66,6704
R02197,P00491,MC-3900-0491,ファッション,1,site_B,2026-02-17,新品,160,90,11918
R02200,P01362,MC-4035-1362,家電,0,site_E,2025-10-17,ほぼ新品,55,27,24039
R02201,P02049,MC-9001-2049,家電,1,site_E,2025-11-23,傷や汚れあり,70,43,11816
R02203,P00176,MC-2449-0176,本・音楽,0,site_A,2025-11-11,ほぼ新品,80,36,1753
R02204,P00869,MC-5162-0869,ファッション,1,site_A,2026-01-22,傷や汚れあり,110,92,9568
R02205,P00803,MC-7320-0803,スポーツ,1,site_D,2026-01-04,ほぼ新品,75,41,25243
R02206,P01449,MC-5082-1449,ファッション,1,site_B,2025-11-27,傷や汚れあり,347,23,11244
R02207,P00262,MC-1997-0262,ホビー,0,site_E,2026-01-15,傷や汚れあり,55,73,3410
R02208,P00832,MC-6899-0832,家電,1,site_B,2025-10-28,全体的に状態が悪い,187,55,11703
R02212,P01128,MC-1789-1128,家電,1,site_C,2026-02-05,ほぼ新品,182,115,162403
R02213,P00286,MC-8136-0286,ファッション,0,site_E,2025-11-11,新品,60,39,9661
R02214,P02074,MC-7193-2074,家電,0,site_D,2025-11-05,ほぼ新品,128,64,22471
R02215,P01786,MC-3313-1786,本・音楽,0,site_E,2025-11-11,ほぼ新品,151,75,848
R02216,P01251,MC-4615-1251,ファッション,1,site_B,2026-01-11,傷や汚れあり,116,96,3080
R02217,P00680,MC-4436-0680,本・音楽,0,site_A,2026-01-10,傷や汚れあり,38,25,1749
R02218,P00801,MC-4435-0801,家電,1,site_B,2025-10-24,傷や汚れあり,49,45,20706
R02219,P01369,MC-3036-1369,本・音楽,0,site_B,2025-12-18,新品,108,104,1335
R02223,P00022,MC-3236-0022,ホビー,0,site_D,2025-10-30,傷や汚れあり,69,61,3298
R02224,P01914,MC-3526-1914,スポーツ,1,site_E,2026-02-15,ほぼ新品,179,86,12112
R02225,P01704,MC-7133-1704,本・音楽,1,site_B,2025-12-27,傷や汚れあり,89,26,489
R02226,P01737,MC-1004-1737,家電,1,site_A,2025-10-24,傷や汚れあり,89,65,33334
R02227,P01281,MC-1764-1281,スポーツ,1,site_A,2026-01-20,全体的に状態が悪い,302,121,3970
R02228,P00607,MC-5132-0607,スポーツ,0,site_D,2026-01-25,ほぼ新品,304,129,5786
R02229,P01443,MC-2075-1443,家電,0,site_E,2025-12-04,ほぼ新品,148,32,48322
R02230,P01469,MC-6295-1469,ファッション,1,site_A,2026-02-24,傷や汚れあり,94,86,9167
R02231,P01413,MC-1026-1413,家電,2,site_C,2025-11-05,ほぼ新品,278,103,147157
R02232,P01520,MC-5862-1520,ホビー,2,site_D,2026-02-16,全体的に状態が悪い,114,46,3338
R02233,P00259,MC-4494-0259,本・音楽,0,site_E,2025-11-15,傷や汚れあり,49,27,1050
R02234,P00186,MC-8993-0186,ホビー,1,site_C,2025-10-14,傷や汚れあり,145,16,6035
R02235,P00772,MC-2027-0772,ファッション,0,site_B,2025-10-17,傷や汚れあり,100,15,1636
R02238,P00898,MC-2343-0898,ホビー,0,site_B,2025-11-20,ほぼ新品,419,71,35531
R02239,P00047,MC-3733-0047,ホビー,2,site_D,2026-01-18,新品,89,93,32467
R02241,P00950,MC-3991-0950,ファッション,1,site_C,2026-01-20,傷や汚れあり,170,126,3313
R02242,P01802,MC-7620-1802,家電,0,site_C,2026-02-01,ほぼ新品,154,66,25187
R02244,P01464,MC-9929-1464,ファッション,1,site_C,2026-02-27,傷や汚れあり,172,65,4900
R02245,P02108,MC-5217-2108,ホビー,1,site_D,2026-01-21,新品,398,98,12461
R02246,P01150,MC-8976-1150,ファッション,1,site_C,2025-11-23,傷や汚れあり,55,128,6301
R02247,P01696,MC-4810-1696,ホビー,1,site_B,2025-12-29,ほぼ新品,49,16,19294
R02248,P01931,MC-1269-1931,ファッション,0,site_C,2026-01-27,全体的に状態が悪い,63,61,7361
R02249,P00056,MC-5116-0056,ファッション,1,site_D,2026-01-14,ほぼ新品,108,18,9086
R02250,P01968,MC-4969-1968,本・音楽,1,site_D,2026-01-07,ほぼ新品,29,58,1005
R02251,P00514,MC-7534-0514,家電,0,site_E,2025-10-21,新品,186,70,73854
R02252,P00058,MC-3878-0058,本・音楽,1,site_C,2026-01-05,傷や汚れあり,411,129,1073
R02253,P00560,MC-2567-0560,スポーツ,1,site_E,2025-11-14,全体的に状態が悪い,183,119,13288
R02254,P00146,MC-8559-0146,ファッション,0,site_B,2025-10-24,新品,229,108,9310
R02255,P01731,MC-9718-1731,ホビー,0,site_B,2025-11-14,傷や汚れあり,44,68,7202
R02256,P02146,MC-7199-2146,ファッション,0,site_D,2025-11-06,傷や汚れあり,206,42,3734
R02257,P01232,MC-9617-1232,ホビー,1,site_A,2025-10-31,新品,49,115,29197
R02258,P01209,MC-6778-1209,ホビー,0,site_B,2025-11-16,傷や汚れあり,169,100,8547
R02260,P01458,MC-3178-1458,ホビー,0,site_A,2025-12-20,全体的に状態が悪い,76,113,1609
R02261,P00445,MC-3494-0445,ファッション,2,site_D,2025-10-31,ほぼ新品,370,28,9801
R02262,P01623,MC-2500-1623,ファッション,1,site_E,2026-01-25,傷や汚れあり,293,99,9351
R02263,P00121,MC-5279-0121,家電,1,site_A,2025-12-16,傷や汚れあり,304,70,38683
R02264,P01389,MC-2365-1389,ファッション,0,site_E,2026-01-26,ほぼ新品,83,113,5354
R02265,P01540,MC-2191-1540,ファッション,0,site_E,2026-01-27,傷や汚れあり,45,119,2180
R02266,P00805,MC-7765-0805,家電,0,site_E,2025-12-11,ほぼ新品,364,23,30901
R02267,P02022,MC-8233-2022,ファッション,1,site_C,2025-10-21,新品,84,81,13141
R02268,P00262,MC-1997-0262,ホビー,0,site_D,2026-01-13,傷や汚れあり,127,36,4109
R02269,P02134,MC-7268-2134,ホビー,0,site_A,2025-11-17,新品,83,29,3938
R02270,P00878,MC-7178-0878,家電,2,site_A,2026-02-04,傷や汚れあり,543,18,36670
R02271,P00047,MC-3733-0047,ホビー,2,site_E,2026-01-19,傷や汚れあり,137,75,10474
R02272,P01170,MC-1375-1170,ファッション,0,site_A,2025-10-28,ほぼ新品,184,55,3515
R02273,P01128,MC-1789-1128,家電,1,site_D,2026-02-08,傷や汚れあり,183,111,79140
R02274,P00740,MC-5264-0740,家電,1,site_B,2025-10-15,新品,160,129,179260
R02275,P00379,MC-1956-0379,スポーツ,0,site_D,2026-02-05,新品,73,39,10159
R02276,P01030,MC-4789-1030,ホビー,1,site_D,2025-12-22,傷や汚れあり,49,24,3001
R02277,P01910,MC-1855-1910,本・音楽,0,site_B,2025-12-22,ほぼ新品,313,97,2520
R02280,P00613,MC-9141-0613,家電,2,site_E,2026-01-01,全体的に状態が悪い,169,117,34067
R02281,P01288,MC-6345-1288,スポーツ,0,site_E,2026-01-12,ほぼ新品,293,36,7818
R02282,P00857,MC-6968-0857,スポーツ,1,site_C,2025-10-21,全体的に状態が悪い,66,124,7127
R02283,P00816,MC-7214-0816,スポーツ,0,site_D,2025-10-17,ほぼ新品,139,82,16116
R02284,P01802,MC-7620-1802,家電,0,site_E,2026-01-31,ほぼ新品,213,88,49170
R02285,P01009,MC-7873-1009,ファッション,1,site_B,2025-12-18,新品,522,95,8092
R02286,P00774,MC-1071-0774,ファッション,0,site_C,2025-12-11,全体的に状態が悪い,61,61,2618
R02287,P00158,MC-1074-0158,家電,0,site_E,2025-12-15,ほぼ新品,277,75,82283
R02288,P01356,MC-8102-1356,本・音楽,1,site_B,2025-11-03,ほぼ新品,250,63,3081
R02289,P00881,MC-3679-0881,本・音楽,1,site_B,2025-11-19,傷や汚れあり,53,118,2665
R02290,P01627,MC-5197-1627,ファッション,0,site_E,2026-02-15,傷や汚れあり,109,27,2010
R02291,P02023,MC-8212-2023,ファッション,0,site_D,2025-11-05,新品,179,31,22074
R02292,P00157,MC-8360-0157,家電,1,site_A,2026-01-30,傷や汚れあり,304,29,25597
R02293,P01472,MC-3748-1472,ホビー,1,site_D,2025-10-01,全体的に状態が悪い,239,74,3793
R02294,P00101,MC-5011-0101,家電,2,site_C,2026-01-05,傷や汚れあり,69,92,29856
R02295,P01143,MC-3233-1143,家電,0,site_D,2025-11-04,ほぼ新品,35,46,49764
R02297,P00017,MC-7631-0017,本・音楽,1,site_B,2025-11-02,新品,195,111,1856
R02298,P00311,MC-5254-0311,スポーツ,2,site_A,2025-11-10,全体的に状態が悪い,125,119,7684
R02299,P01176,MC-9032-1176,本・音楽,1,site_D,2025-12-08,新品,38,129,490
R02300,P01904,MC-3694-1904,家電,2,site_D,2026-01-31,新品,210,102,308050
R02301,P01638,MC-6789-1638,本・音楽,0,site_D,2025-12-23,ほぼ新品,115,113,1595
R02302,P00150,MC-9213-0150,スポーツ,2,site_C,2025-11-02,傷や汚れあり,166,128,16922
R02304,P02099,MC-5026-2099,ホビー,1,site_B,2025-10-12,新品,346,32,18106
R02305,P01064,MC-4372-1064,家電,0,site_C,2026-02-19,全体的に状態が悪い,57,67,4903
R02306,P01913,MC-1356-1913,スポーツ,1,site_D,2025-12-06,傷や汚れあり,227,67,15400
R02307,P00158,MC-1074-0158,家電,0,site_B,2025-12-19,全体的に状態が悪い,327,33,19676
R02308,P01635,MC-2295-1635,ホビー,1,site_A,2025-11-06,傷や汚れあり,137,106,13336
R02310,P02057,MC-9373-2057,ファッション,0,site_E,2025-10-12,傷や汚れあり,20,103,8875
R02312,P01455,MC-9026-1455,ホビー,0,site_D,2026-01-14,新品,75,72,10057
R02314,P00797,MC-6018-0797,ファッション,2,site_A,2026-01-06,ほぼ新品,110,107,28551
R02315,P00336,MC-1567-0336,本・音楽,0,site_E,2025-12-13,傷や汚れあり,178,91,1656
R02317,P00738,MC-8797-0738,家電,0,site_B,2025-10-19,傷や汚れあり,133,55,5879
R02318,P01231,MC-1793-1231,ファッション,0,site_E,2026-01-15,傷や汚れあり,122,39,6239
R02320,P01288,MC-6345-1288,スポーツ,0,site_C,2026-01-09,ほぼ新品,9,112,5602
R02321,P00281,MC-8545-0281,ファッション,1,site_A,2026-01-31,ほぼ新品,122,56,6559
R02322,P01549,MC-4052-1549,ホビー,2,site_D,2025-11-09,傷や汚れあり,130,93,2120
R02324,P01191,MC-1372-1191,本・音楽,1,site_D,2025-10-20,ほぼ新品,79,74,1901
R02325,P00798,MC-2381-0798,家電,1,site_D,2025-11-08,全体的に状態が悪い,271,52,18515
R02326,P00518,MC-5601-0518,ファッション,1,site_E,2025-11-17,ほぼ新品,101,111,7098
R02327,P01764,MC-8102-1764,家電,2,site_D,2026-02-27,傷や汚れあり,105,83,26626
R02329,P01682,MC-4152-1682,家電,0,site_C,2026-01-29,ほぼ新品,45,93,37116
R02331,P01986,MC-4980-1986,ファッション,0,site_D,2025-12-22,全体的に状態が悪い,10,45,4396
R02332,P00584,MC-4581-0584,ホビー,1,site_C,2026-02-19,全体的に状態が悪い,117,74,5436
R02333,P01960,MC-7132-1960,ファッション,0,site_B,2025-10-04,新品,178,84,5437
R02334,P01774,MC-6060-1774,ホビー,1,site_A,2026-02-24,傷や汚れあり,204,116,4612
R02335,P00114,MC-7323-0114,ファッション,0,site_B,2026-01-10,新品,97,57,5500
R02337,P00190,MC-5492-0190,ホビー,1,site_A,2025-10-03,傷や汚れあり,217,52,8740
R02338,P00096,MC-6588-0096,ファッション,1,site_D,2026-02-18,新品,39,49,14099
R02339,P00124,MC-1734-0124,スポーツ,0,site_E,2026-01-12,ほぼ新品,33,107,7409
R02340,P00877,MC-7704-0877,ホビー,0,site_B,2025-10-10,ほぼ新品,140,51,12612
R02341,P01842,MC-6291-1842,ファッション,2,site_D,2025-11-05,新品,184,39,9931
R02342,P01557,MC-3756-1557,ホビー,0,site_A,2025-11-06,新品,266,120,17926
R02343,P00585,MC-9585-0585,本・音楽,0,site_D,2026-02-08,ほぼ新品,178,95,955
R02344,P01726,MC-3998-1726,スポーツ,1,site_C,2025-10-13,ほぼ新品,96,80,13008
R02346,P00726,MC-7819-0726,ホビー,1,site_C,2025-11-26,ほぼ新品,213,46,30537
R02347,P01797,MC-6429-1797,ホビー,1,site_B,2025-11-05,新品,241,36,33975
R02348,P01032,MC-8216-1032,家電,2,site_D,2025-12-09,傷や汚れあり,133,91,72966
R02349,P02194,MC-5764-2194,家電,0,site_C,2025-10-04,傷や汚れあり,187,56,5343
R02350,P01545,MC-6531-1545,ファッション,1,site_D,2025-11-17,ほぼ新品,224,109,8042
R02351,P01716,MC-9402-1716,ホビー,1,site_B,2026-01-01,傷や汚れあり,79,26,8247
R02352,P01792,MC-9509-1792,家電,0,site_B,2025-12-27,新品,196,51,17869
R02353,P01466,MC-2101-1466,スポーツ,0,site_E,2026-02-08,傷や汚れあり,275,104,6389
R02354,P00626,MC-3421-0626,スポーツ,1,site_C,2026-02-13,傷や汚れあり,60,17,10993
R02356,P01690,MC-8041-1690,本・音楽,1,site_C,2025-11-26,新品,102,20,1534
R02357,P01623,MC-2500-1623,ファッション,1,site_D,2026-01-24,新品,142,129,12966
R02358,P01586,MC-3172-1586,スポーツ,1,site_B,2025-12-12,傷や汚れあり,60,54,8995
R02359,P01968,MC-4969-1968,本・音楽,1,site_B,2026-01-07,全体的に状態が悪い,119,113,976
R02360,P02067,MC-8144-2067,スポーツ,0,site_B,2025-12-19,ほぼ新品,216,116,15279
R02361,P01532,MC-2193-1532,ファッション,1,site_E,2025-10-06,傷や汚れあり,147,87,8843
R02362,P02035,MC-1778-2035,スポーツ,0,site_C,2026-02-01,新品,59,110,13107
R02363,P02191,MC-7110-2191,スポーツ,0,site_A,2026-01-20,ほぼ新品,131,29,2353
R02364,P00365,MC-4502-0365,ファッション,1,site_E,2026-02-26,傷や汚れあり,358,71,11818
R02365,P01453,MC-3156-1453,ホビー,2,site_E,2025-10-13,傷や汚れあり,182,91,12747
R02366,P02088,MC-9973-2088,本・音楽,0,site_D,2026-02-07,傷や汚れあり,42,114,726
R02367,P01628,MC-5839-1628,本・音楽,0,site_E,2026-01-20,ほぼ新品,65,76,806
R02369,P00113,MC-2915-0113,ファッション,0,site_A,2025-12-13,傷や汚れあり,172,42,1709
R02370,P00671,MC-1365-0671,本・音楽,0,site_B,2025-11-11,ほぼ新品,158,28,1663
R02371,P00292,MC-1840-0292,ファッション,0,site_E,2026-01-14,傷や汚れあり,310,103,5865
R02372,P01792,MC-9509-1792,家電,0,site_D,2025-12-26,新品,88,60,13620
R02373,P00185,MC-8574-0185,本・音楽,2,site_D,2025-11-04,傷や汚れあり,68,95,3183
R02374,P01341,MC-7498-1341,家電,0,site_E,2025-11-13,全体的に状態が悪い,136,64,13241
R02375,P00888,MC-9636-0888,家電,0,site_D,2026-01-10,ほぼ新品,98,78,24057
R02376,P00972,MC-2442-0972,ホビー,1,site_A,2026-01-16,傷や汚れあり,232,49,7981
R02377,P00987,MC-9810-0987,本・音楽,1,site_B,2025-12-27,新品,167,121,567
R02378,P00075,MC-9014-0075,スポーツ,0,site_D,2025-12-24,ほぼ新品,168,58,4854
R02379,P00229,MC-3454-0229,スポーツ,1,site_B,2026-02-01,傷や汚れあり,223,74,5208
R02381,P01021,MC-5937-1021,スポーツ,1,site_A,2026-02-15,ほぼ新品,252,26,7379
R02382,P00551,MC-2766-0551,家電,0,site_A,2025-12-20,新品,199,84,77525
R02383,P00169,MC-7810-0169,本・音楽,0,site_E,2026-02-21,ほぼ新品,52,124,1742
R02384,P02126,MC-9295-2126,家電,1,site_E,2026-02-23,新品,95,60,184291
R02385,P00180,MC-7010-0180,スポーツ,1,site_D,2026-02-03,傷や汚れあり,32,39,5265
R02386,P01412,MC-1378-1412,ファッション,1,site_E,2026-02-04,新品,70,18,13942
R02387,P02114,MC-9488-2114,家電,1,site_B,2026-01-04,傷や汚れあり,114,21,31535
R02388,P00634,MC-3179-0634,スポーツ,2,site_E,2025-10-12,新品,26,92,19720
R02389,P01641,MC-5259-1641,家電,0,site_A,2025-12-27,傷や汚れあり,120,58,10248
R02390,P00896,MC-5034-0896,スポーツ,1,site_B,2025-10-25,新品,42,31,20757
R02391,P00996,MC-9805-0996,スポーツ,0,site_E,2025-11-23,全体的に状態が悪い,68,75,5458
R02392,P00687,MC-3024-0687,ホビー,1,site_E,2025-12-07,ほぼ新品,183,114,31370
R02393,P02131,MC-4321-2131,ファッション,0,site_B,2026-02-14,全体的に状態が悪い,292,69,3507
R02394,P00846,MC-9375-0846,スポーツ,0,site_D,2025-11-16,新品,177,105,15945
R02396,P01967,MC-1364-1967,ファッション,0,site_A,2025-12-19,傷や汚れあり,459,61,4816
R02397,P01897,MC-9652-1897,ファッション,2,site_B,2025-11-02,傷や汚れあり,95,117,5556
R02398,P00756,MC-4654-0756,ファッション,1,site_A,2025-12-18,全体的に状態が悪い,67,110,3384
R02399,P01383,MC-8770-1383,ホビー,1,site_C,2025-12-12,ほぼ新品,49,93,3419
R02400,P01058,MC-4642-1058,家電,0,site_B,2026-01-14,傷や汚れあり,58,59,10397
R02402,P01813,MC-2046-1813,スポーツ,0,site_E,2025-12-27,新品,78,55,6472
R02403,P01917,MC-6618-1917,スポーツ,1,site_C,2026-01-14,ほぼ新品,68,45,11398
R02404,P01608,MC-5598-1608,スポーツ,0,site_B,2025-10-10,ほぼ新品,17,68,13766
R02405,P01448,MC-4082-1448,スポーツ,2,site_D,2025-11-05,傷や汚れあり,22,90,5464
R02406,P01502,MC-8724-1502,本・音楽,0,site_C,2025-10-23,全体的に状態が悪い,85,55,647
R02407,P01950,MC-1329-1950,ファッション,0,site_E,2025-11-26,傷や汚れあり,66,126,1550
R02409,P00548,MC-4005-0548,ホビー,1,site_E,2025-12-28,新品,74,108,17788
R02410,P01566,MC-8189-1566,ホビー,1,site_C,2025-10-12,ほぼ新品,104,104,18661
R02411,P01315,MC-2459-1315,スポーツ,1,site_D,2025-10-19,傷や汚れあり,153,66,10245
R02412,P00783,MC-3717-0783,ホビー,1,site_D,2025-12-03,ほぼ新品,122,93,22659
R02413,P01769,MC-2322-1769,ホビー,1,site_B,2026-02-26,ほぼ新品,406,69,26221
R02415,P01528,MC-8671-1528,ファッション,0,site_D,2025-11-10,ほぼ新品,112,69,5774
R02416,P01782,MC-1678-1782,ホビー,2,site_C,2025-10-03,全体的に状態が悪い,44,58,3393
R02418,P01511,MC-6236-1511,本・音楽,0,site_C,2026-01-30,ほぼ新品,90,122,665
R02419,P00278,MC-2609-0278,本・音楽,0,site_D,2026-02-26,全体的に状態が悪い,71,32,4580
R02420,P00501,MC-5570-0501,スポーツ,1,site_C,2025-11-26,新品,62,66,8917
R02421,P01549,MC-4052-1549,ホビー,2,site_E,2025-11-09,ほぼ新品,211,32,9504
R02422,P01736,MC-4264-1736,ホビー,0,site_C,2026-01-15,傷や汚れあり,240,33,5940
R02423,P01504,MC-7570-1504,ファッション,1,site_C,2025-12-23,ほぼ新品,289,58,5441
R02424,P01664,MC-1324-1664,家電,0,site_D,2025-12-24,ほぼ新品,248,73,30160
R02425,P00159,MC-4824-0159,家電,0,site_D,2025-11-03,全体的に状態が悪い,441,75,15276
R02426,P01170,MC-1375-1170,ファッション,0,site_D,2025-10-28,全体的に状態が悪い,54,65,1117
R02427,P00760,MC-7009-0760,ホビー,0,site_C,2025-10-01,ほぼ新品,292,121,10136
R02428,P00437,MC-7565-0437,スポーツ,2,site_B,2025-12-14,ほぼ新品,46,71,11403
R02429,P00514,MC-7534-0514,家電,0,site_D,2025-10-21,ほぼ新品,200,125,40667
R02430,P00282,MC-4974-0282,ホビー,1,site_D,2025-12-25,傷や汚れあり,193,68,9261
R02431,P01164,MC-3524-1164,スポーツ,1,site_D,2025-12-06,新品,248,17,4922
R02434,P00900,MC-1668-0900,本・音楽,0,site_C,2026-02-23,新品,90,56,1250
R02435,P01586,MC-3172-1586,スポーツ,1,site_E,2025-12-14,ほぼ新品,29,42,12846
R02436,P00328,MC-5841-0328,ファッション,0,site_A,2025-11-21,新品,102,101,6114
R02437,P00639,MC-6384-0639,家電,0,site_A,2025-10-09,新品,105,51,75631
R02438,P01979,MC-7814-1979,ホビー,0,site_D,2025-10-10,ほぼ新品,91,38,10695
R02439,P01029,MC-4675-1029,家電,0,site_A,2026-02-06,ほぼ新品,70,63,38696
R02440,P01930,MC-3668-1930,ホビー,2,site_C,2025-12-03,傷や汚れあり,77,78,12316
R02442,P00104,MC-5394-0104,ファッション,1,site_A,2026-01-19,傷や汚れあり,52,61,1274
R02444,P00347,MC-5236-0347,家電,2,site_B,2025-11-30,傷や汚れあり,164,122,29418
R02445,P01219,MC-7559-1219,本・音楽,0,site_A,2026-02-23,傷や汚れあり,37,112,2321
R02446,P01273,MC-6634-1273,スポーツ,1,site_A,2025-10-18,ほぼ新品,61,19,7049
R02447,P01963,MC-4610-1963,ファッション,2,site_A,2025-11-01,ほぼ新品,85,41,10315
R02448,P00401,MC-4014-0401,家電,1,site_D,2026-02-20,傷や汚れあり,333,69,40368
R02449,P00665,MC-7564-0665,ファッション,2,site_C,2025-11-30,新品,90,88,43868
R02450,P00073,MC-5281-0073,ホビー,1,site_B,2025-10-25,新品,307,103,15161
R02451,P00622,MC-4367-0622,家電,0,site_B,2025-10-27,ほぼ新品,152,110,15696
R02452,P01402,MC-6698-1402,本・音楽,0,site_B,2026-01-18,傷や汚れあり,52,114,1507
R02453,P02162,MC-8535-2162,家電,1,site_E,2026-01-03,全体的に状態が悪い,191,129,10283
R02454,P00044,MC-2544-0044,ホビー,2,site_B,2025-10-14,ほぼ新品,106,73,13383
R02455,P01095,MC-9916-1095,ファッション,1,site_C,2025-10-19,ほぼ新品,142,41,5605
R02457,P00692,MC-8075-0692,家電,1,site_A,2026-01-16,ほぼ新品,210,55,55903
R02458,P01768,MC-5021-1768,ホビー,0,site_D,2025-11-27,新品,262,46,9227
R02459,P01234,MC-3235-1234,家電,0,site_E,2025-11-08,傷や汚れあり,100,77,33840
R02460,P00423,MC-8986-0423,本・音楽,1,site_B,2026-02-17,傷や汚れあり,75,99,2417
R02461,P00092,MC-1068-0092,ファッション,2,site_B,2025-10-12,新品,182,123,26568
R02462,P02076,MC-9661-2076,スポーツ,0,site_B,2025-10-06,ほぼ新品,71,76,11380
R02463,P00028,MC-2986-0028,ホビー,1,site_A,2025-10-09,全体的に状態が悪い,114,38,3422
R02464,P02069,MC-3423-2069,ホビー,2,site_B,2025-12-05,ほぼ新品,276,52,26655
R02465,P00276,MC-2989-0276,家電,0,site_E,2025-10-02,ほぼ新品,43,30,34263
R02466,P01881,MC-1403-1881,ファッション,1,site_B,2025-10-24,ほぼ新品,185,85,19678
R02468,P00980,MC-6918-0980,家電,0,site_E,2025-12-06,全体的に状態が悪い,230,67,9869
R02469,P01281,MC-1764-1281,スポーツ,1,site_C,2026-01-22,傷や汚れあり,589,53,5686
R02470,P00478,MC-5712-0478,スポーツ,0,site_B,2025-12-22,全体的に状態が悪い,202,110,2742
R02471,P00566,MC-3027-0566,ホビー,0,site_D,2025-10-16,ほぼ新品,269,37,22033
R02472,P00577,MC-5445-0577,ファッション,1,site_E,2025-11-27,ほぼ新品,250,99,1331
R02474,P00814,MC-7625-0814,家電,1,site_A,2025-10-14,新品,179,47,32542
R02475,P02108,MC-5217-2108,ホビー,1,site_E,2026-01-25,ほぼ新品,187,84,8310
R02476,P01840,MC-8573-1840,スポーツ,2,site_D,2025-12-19,ほぼ新品,128,104,8404
R02479,P01461,MC-6679-1461,家電,0,site_A,2025-11-26,新品,46,88,24565
R02481,P00923,MC-8248-0923,ファッション,0,site_B,2026-02-14,ほぼ新品,108,62,2113
R02482,P02100,MC-5737-2100,スポーツ,2,site_E,2025-10-28,傷や汚れあり,200,73,24153
R02485,P00880,MC-7798-0880,ファッション,0,site_C,2026-01-23,新品,418,125,8215
R02486,P01110,MC-7913-1110,スポーツ,1,site_A,2026-02-14,傷や汚れあり,66,15,3681
R02487,P01347,MC-6338-1347,ファッション,0,site_D,2026-02-27,新品,77,61,11069
R02488,P01483,MC-6275-1483,スポーツ,0,site_C,2025-11-09,傷や汚れあり,284,57,5453
R02489,P01735,MC-6790-1735,家電,0,site_A,2025-12-03,ほぼ新品,89,94,31196
R02490,P00806,MC-4644-0806,本・音楽,0,site_A,2025-11-29,傷や汚れあり,408,53,2171
R02492,P00168,MC-2104-0168,家電,2,site_B,2025-12-02,新品,106,75,98900
R02493,P02044,MC-1392-2044,本・音楽,2,site_A,2025-12-28,全体的に状態が悪い,370,44,2785
R02494,P02020,MC-2949-2020,ホビー,1,site_B,2025-10-28,全体的に状態が悪い,623,71,2507
R02495,P01971,MC-3039-1971,スポーツ,0,site_B,2026-01-27,ほぼ新品,105,33,12992
R02497,P00064,MC-4362-0064,本・音楽,0,site_C,2026-02-12,新品,146,99,707
R02498,P00147,MC-3372-0147,スポーツ,2,site_E,2025-11-27,ほぼ新品,51,42,22301
R02499,P01277,MC-6413-1277,家電,0,site_B,2025-12-26,傷や汚れあり,65,65,31114
R02500,P01131,MC-8429-1131,ホビー,0,site_B,2025-12-14,ほぼ新品,298,121,30283
R02501,P01436,MC-7396-1436,ファッション,1,site_B,2025-10-15,傷や汚れあり,125,126,4817
R02502,P00239,MC-2562-0239,ホビー,1,site_B,2025-10-19,傷や汚れあり,86,57,5243
R02503,P00310,MC-4081-0310,ファッション,2,site_E,2025-11-17,全体的に状態が悪い,51,83,5524
R02504,P01571,MC-2363-1571,ホビー,1,site_B,2025-11-03,ほぼ新品,23,100,8887
R02505,P00873,MC-9656-0873,家電,0,site_C,2025-12-27,新品,88,63,128249
R02506,P00002,MC-2689-0002,ホビー,0,site_E,2025-12-12,傷や汚れあり,65,104,3342
R02507,P01284,MC-2680-1284,スポーツ,0,site_D,2025-11-20,傷や汚れあり,51,59,7691
R02508,P01739,MC-7888-1739,ファッション,0,site_A,2025-11-03,ほぼ新品,83,35,3777
R02509,P00745,MC-7190-0745,本・音楽,1,site_E,2025-11-23,傷や汚れあり,27,95,2357
R02510,P00689,MC-6422-0689,ホビー,1,site_B,2026-01-27,新品,85,34,17638
R02511,P01743,MC-3099-1743,家電,1,site_D,2025-10-23,傷や汚れあり,80,104,39364
R02512,P00836,MC-4886-0836,本・音楽,0,site_C,2025-12-26,全体的に状態が悪い,48,50,1039
R02513,P01398,MC-9993-1398,スポーツ,1,site_A,2026-02-14,ほぼ新品,195,57,21770
R02515,P01762,MC-2227-1762,本・音楽,2,site_D,2025-11-03,傷や汚れあり,185,93,2893
R02516,P00236,MC-4999-0236,ファッション,0,site_D,2025-11-03,全体的に状態が悪い,116,68,4249
R02517,P01886,MC-3699-1886,ファッション,1,site_D,2026-01-09,ほぼ新品,143,72,5175
R02519,P01366,MC-5668-1366,家電,0,site_A,2025-12-12,ほぼ新品,93,113,54416
R02521,P00800,MC-1625-0800,ホビー,0,site_A,2026-01-27,ほぼ新品,75,105,5153
R02522,P00332,MC-9958-0332,家電,0,site_C,2026-01-16,ほぼ新品,112,41,27023
R02523,P00421,MC-5904-0421,家電,1,site_C,2026-01-05,ほぼ新品,85,60,18238
R02524,P00737,MC-1654-0737,ホビー,0,site_A,2026-01-18,ほぼ新品,124,105,21475
R02525,P00343,MC-4880-0343,本・音楽,0,site_E,2026-01-06,新品,290,63,1922
R02526,P00301,MC-9261-0301,本・音楽,0,site_B,2025-12-30,傷や汚れあり,319,34,3704
R02527,P00729,MC-1975-0729,ホビー,0,site_D,2025-11-25,新品,60,126,9660
R02528,P00853,MC-8444-0853,ホビー,2,site_C,2025-12-13,傷や汚れあり,365,101,8160
R02529,P02143,MC-7998-2143,家電,0,site_C,2025-10-06,新品,217,51,68795
R02530,P00508,MC-5131-0508,ホビー,1,site_E,2025-10-09,傷や汚れあり,74,105,9124
R02531,P00971,MC-9066-0971,ホビー,0,site_A,2025-10-23,新品,110,113,20936
R02532,P00491,MC-3900-0491,ファッション,1,site_D,2026-02-21,全体的に状態が悪い,157,57,3286
R02533,P01283,MC-9518-1283,ホビー,2,site_A,2025-11-18,全体的に状態が悪い,62,33,4285
R02534,P01443,MC-2075-1443,家電,0,site_B,2025-12-01,ほぼ新品,41,109,43664
R02535,P00361,MC-6251-0361,ファッション,0,site_B,2025-10-17,ほぼ新品,188,92,9155
R02537,P00019,MC-7041-0019,ファッション,1,site_A,2025-12-01,傷や汚れあり,309,86,10122
R02538,P00845,MC-5441-0845,本・音楽,1,site_D,2025-12-22,傷や汚れあり,151,68,1113
R02540,P00792,MC-6213-0792,スポーツ,0,site_B,2026-01-31,傷や汚れあり,66,95,5185
R02541,P02148,MC-8483-2148,スポーツ,1,site_C,2025-11-21,新品,183,103,21000
R02542,P00878,MC-7178-0878,家電,2,site_B,2026-02-03,新品,178,37,93155
R02543,P01002,MC-3768-1002,ファッション,0,site_A,2026-01-10,ほぼ新品,270,65,17861
R02544,P00180,MC-7010-0180,スポーツ,1,site_A,2026-01-31,傷や汚れあり,62,83,6636
R02545,P00496,MC-8729-0496,本・音楽,0,site_B,2025-10-07,全体的に状態が悪い,296,25,2090
R02546,P01412,MC-1378-1412,ファッション,1,site_C,2026-02-04,傷や汚れあり,119,50,6198
R02547,P01242,MC-4889-1242,ホビー,1,site_E,2025-11-15,傷や汚れあり,430,118,5420
R02548,P01852,MC-2704-1852,ファッション,0,site_A,2025-10-16,新品,148,63,4090
R02549,P00053,MC-8549-0053,スポーツ,0,site_B,2026-01-08,傷や汚れあり,135,75,6251
R02550,P02039,MC-2484-2039,本・音楽,0,site_A,2025-10-02,傷や汚れあり,131,89,960
R02551,P00666,MC-6861-0666,ホビー,1,site_D,2026-01-24,傷や汚れあり,202,43,3167
R02552,P00047,MC-3733-0047,ホビー,2,site_C,2026-01-19,全体的に状態が悪い,51,87,6568
R02553,P01384,MC-8436-1384,本・音楽,1,site_E,2026-02-13,傷や汚れあり,443,128,389
R02555,P01597,MC-6358-1597,本・音楽,1,site_C,2025-12-03,ほぼ新品,108,117,868
R02556,P01903,MC-1567-1903,スポーツ,0,site_B,2025-12-21,全体的に状態が悪い,164,89,6143
R02557,P01169,MC-3197-1169,ファッション,0,site_A,2026-02-14,新品,65,93,3454
R02558,P01285,MC-9775-1285,家電,0,site_B,2025-11-15,新品,350,96,43660
R02559,P01554,MC-3382-1554,家電,2,site_B,2026-01-02,ほぼ新品,124,116,122950
R02560,P02016,MC-1856-2016,本・音楽,0,site_E,2026-01-05,ほぼ新品,27,68,933
R02561,P00537,MC-6050-0537,スポーツ,0,site_A,2026-02-07,傷や汚れあり,136,117,3978
R02562,P00970,MC-9503-0970,本・音楽,1,site_D,2025-11-22,全体的に状態が悪い,228,20,1858
R02563,P00642,MC-1284-0642,スポーツ,1,site_C,2025-11-13,新品,156,100,19603
R02564,P00838,MC-4870-0838,ホビー,0,site_B,2025-10-21,ほぼ新品,67,90,3733
R02567,P01431,MC-5432-1431,スポーツ,1,site_E,2025-10-29,全体的に状態が悪い,224,23,5820
R02568,P02121,MC-9098-2121,ホビー,1,site_B,2025-10-06,ほぼ新品,292,21,14994
R02569,P01487,MC-3575-1487,ファッション,0,site_A,2025-11-30,ほぼ新品,346,74,11074
R02570,P01331,MC-7652-1331,ファッション,2,site_A,2026-02-05,全体的に状態が悪い,33,57,3381
R02571,P02020,MC-2949-2020,ホビー,1,site_E,2025-10-27,新品,535,66,8855
R02573,P01938,MC-6110-1938,家電,0,site_E,2026-02-28,傷や汚れあり,165,44,8984
R02574,P00617,MC-2720-0617,家電,0,site_A,2026-01-06,新品,101,127,35307
R02576,P01235,MC-5229-1235,ファッション,0,site_B,2025-12-20,傷や汚れあり,10,73,4004
R02577,P00241,MC-7480-0241,ホビー,0,site_A,2025-11-30,ほぼ新品,261,61,45794
R02578,P00221,MC-4500-0221,スポーツ,2,site_D,2026-02-23,ほぼ新品,210,73,10333
R02579,P00643,MC-8806-0643,ホビー,0,site_B,2026-01-19,ほぼ新品,151,122,15568
R02581,P00485,MC-5531-0485,家電,2,site_E,2025-11-03,新品,72,35,110831
R02582,P00949,MC-1564-0949,家電,1,site_C,2025-10-20,ほぼ新品,135,31,28423
R02583,P00766,MC-4095-0766,本・音楽,0,site_A,2026-01-13,新品,272,60,1734
R02584,P01468,MC-2062-1468,ファッション,0,site_C,2026-01-13,傷や汚れあり,169,97,5019
R02585,P01091,MC-3528-1091,本・音楽,0,site_E,2026-02-14,傷や汚れあり,168,110,298
R02586,P02133,MC-3282-2133,家電,0,site_E,2026-01-10,全体的に状態が悪い,99,45,14997
R02587,P01190,MC-5479-1190,ファッション,1,site_E,2025-10-14,ほぼ新品,102,21,8618
R02590,P00979,MC-8665-0979,ホビー,0,site_B,2026-02-18,ほぼ新品,27,26,6387
R02591,P01443,MC-2075-1443,家電,0,site_C,2025-11-29,ほぼ新品,105,101,40099
R02592,P01403,MC-3978-1403,ホビー,0,site_D,2025-12-14,ほぼ新品,42,66,5290
R02593,P01901,MC-8901-1901,ファッション,1,site_A,2025-11-08,傷や汚れあり,43,78,2779
R02594,P01067,MC-6244-1067,ファッション,0,site_A,2025-12-04,新品,204,60,14410
R02595,P01249,MC-8343-1249,ファッション,1,site_C,2025-11-10,ほぼ新品,137,69,4637
R02596,P01273,MC-6634-1273,スポーツ,1,site_D,2025-10-16,傷や汚れあり,121,124,4048
R02597,P00726,MC-7819-0726,ホビー,1,site_A,2025-11-29,ほぼ新品,143,85,19348
R02598,P00385,MC-1254-0385,ホビー,2,site_E,2025-12-26,傷や汚れあり,387,122,9659
R02599,P01741,MC-1641-1741,スポーツ,0,site_B,2025-11-08,傷や汚れあり,41,113,3353
R02600,P02013,MC-1611-2013,家電,1,site_E,2025-10-06,傷や汚れあり,336,79,125489
R02601,P01297,MC-9723-1297,家電,0,site_B,2025-10-27,傷や汚れあり,39,110,18723
R02602,P01015,MC-7882-1015,スポーツ,0,site_E,2026-02-28,傷や汚れあり,419,112,13011
R02603,P01386,MC-9074-1386,スポーツ,1,site_E,2025-12-23,ほぼ新品,247,54,22287
R02604,P00784,MC-4167-0784,家電,1,site_B,2025-12-20,新品,187,50,79370
R02605,P00916,MC-1522-0916,スポーツ,1,site_A,2026-01-31,傷や汚れあり,84,127,6533
R02607,P01205,MC-9288-1205,スポーツ,1,site_A,2026-01-20,新品,35,104,4650
R02608,P01250,MC-8357-1250,家電,1,site_B,2026-01-04,ほぼ新品,61,16,22542
R02609,P02058,MC-8260-2058,本・音楽,0,site_B,2026-02-18,傷や汚れあり,155,78,2322
R02610,P00028,MC-2986-0028,ホビー,1,site_E,2025-10-08,傷や汚れあり,169,16,3293
R02611,P01112,MC-2288-1112,スポーツ,0,site_B,2025-12-04,ほぼ新品,179,72,8954
R02612,P01177,MC-3662-1177,ファッション,1,site_B,2025-12-09,新品,76,90,10933
R02614,P01073,MC-3219-1073,家電,0,site_C,2025-10-16,全体的に状態が悪い,167,72,5537
R02616,P01261,MC-4604-1261,スポーツ,2,site_C,2025-12-22,ほぼ新品,94,46,20441
R02617,P01001,MC-6528-1001,スポーツ,2,site_A,2026-01-07,ほぼ新品,240,26,18922
R02618,P01024,MC-9776-1024,ファッション,0,site_A,2025-12-30,ほぼ新品,414,117,3693
R02619,P00283,MC-2490-0283,スポーツ,1,site_A,2025-10-20,ほぼ新品,178,98,14731
R02620,P01099,MC-1517-1099,ファッション,1,site_C,2026-02-01,傷や汚れあり,265,88,6661
R02621,P00375,MC-6086-0375,ホビー,0,site_E,2026-02-19,ほぼ新品,181,40,11853
R02622,P00974,MC-9885-0974,スポーツ,1,site_A,2025-11-21,ほぼ新品,178,15,18755
R02623,P01829,MC-8083-1829,ファッション,1,site_A,2025-12-25,ほぼ新品,149,61,19680
R02624,P02186,MC-1191-2186,ファッション,0,site_D,2026-02-19,新品,97,92,3477
R02625,P01947,MC-6705-1947,家電,0,site_C,2025-10-25,ほぼ新品,494,35,56103
R02626,P01107,MC-8510-1107,家電,0,site_D,2025-11-14,全体的に状態が悪い,66,102,9275
R02627,P00299,MC-3212-0299,ホビー,0,site_C,2025-12-20,ほぼ新品,247,55,15656
R02628,P01472,MC-3748-1472,ホビー,1,site_C,2025-10-05,ほぼ新品,134,120,12457
R02629,P01798,MC-5822-1798,スポーツ,2,site_A,2026-02-26,ほぼ新品,79,86,37399
R02630,P00287,MC-8236-0287,家電,2,site_C,2025-11-08,ほぼ新品,118,43,61857
R02631,P00414,MC-6492-0414,家電,2,site_D,2025-11-28,傷や汚れあり,80,35,29596
R02632,P01474,MC-6616-1474,スポーツ,0,site_A,2026-02-19,傷や汚れあり,60,56,3770
R02633,P00355,MC-8197-0355,ホビー,1,site_E,2026-01-23,傷や汚れあり,134,65,2447
R02634,P00950,MC-3991-0950,ファッション,1,site_D,2026-01-18,全体的に状態が悪い,176,20,3266
R02635,P00270,MC-5092-0270,ファッション,0,site_B,2025-11-19,傷や汚れあり,7,120,3736
R02636,P00969,MC-3429-0969,家電,0,site_E,2025-11-22,傷や汚れあり,217,73,14743
R02637,P00208,MC-7695-0208,スポーツ,0,site_E,2025-11-04,全体的に状態が悪い,195,53,2885
R02638,P00726,MC-7819-0726,ホビー,1,site_B,2025-11-28,ほぼ新品,148,17,19428
R02639,P00963,MC-1453-0963,ホビー,0,site_C,2026-01-09,ほぼ新品,215,34,13260
R02640,P01941,MC-1291-1941,スポーツ,1,site_B,2026-01-16,ほぼ新品,84,34,20786
R02641,P02071,MC-4566-2071,スポーツ,1,site_E,2025-12-03,ほぼ新品,34,73,46115
R02642,P01679,MC-7580-1679,家電,1,site_D,2026-02-04,傷や汚れあり,113,81,51154
R02643,P00834,MC-8241-0834,スポーツ,0,site_D,2025-11-01,新品,114,64,12577
R02644,P00111,MC-2903-0111,ホビー,1,site_A,2026-01-05,ほぼ新品,312,117,11453
R02645,P01350,MC-2180-1350,家電,0,site_B,2026-01-24,新品,161,90,84934
R02646,P00398,MC-2703-0398,ホビー,0,site_C,2025-10-03,傷や汚れあり,104,123,4491
R02647,P00621,MC-2250-0621,本・音楽,0,site_A,2025-11-08,傷や汚れあり,230,36,1316
R02649,P00965,MC-6725-0965,ホビー,0,site_D,2025-12-04,ほぼ新品,167,110,4186
R02650,P00340,MC-5099-0340,家電,1,site_D,2025-10-16,ほぼ新品,66,74,102756
R02651,P02044,MC-1392-2044,本・音楽,2,site_B,2026-01-01,傷や汚れあり,112,110,1796
R02652,P01625,MC-9415-1625,家電,2,site_E,2025-12-03,傷や汚れあり,165,64,78218
R02654,P00015,MC-3863-0015,本・音楽,2,site_D,2025-11-03,傷や汚れあり,209,113,666
R02655,P01143,MC-3233-1143,家電,0,site_A,2025-11-08,ほぼ新品,54,24,42808
R02656,P00476,MC-1851-0476,スポーツ,1,site_B,2025-12-15,傷や汚れあり,103,53,6667
R02657,P00080,MC-2836-0080,スポーツ,1,site_E,2025-11-22,新品,153,117,22410
R02658,P01977,MC-9970-1977,ファッション,1,site_B,2025-10-02,ほぼ新品,194,44,15542
R02659,P02195,MC-6434-2195,家電,1,site_D,2025-10-19,傷や汚れあり,110,29,41559
R02660,P01546,MC-1642-1546,ファッション,2,site_D,2025-12-31,ほぼ新品,44,47,7819
R02661,P01087,MC-4415-1087,本・音楽,0,site_D,2025-11-22,新品,55,21,1052
R02662,P01233,MC-7268-1233,スポーツ,1,site_D,2025-11-27,ほぼ新品,32,81,5197
R02663,P01137,MC-5957-1137,ホビー,1,site_D,2026-02-28,ほぼ新品,112,112,4646
R02664,P00098,MC-1110-0098,ホビー,2,site_A,2026-02-07,ほぼ新品,58,49,9504
R02665,P01535,MC-3905-1535,家電,0,site_A,2025-12-10,傷や汚れあり,139,126,11492
R02666,P01166,MC-7918-1166,家電,0,site_D,2026-01-06,全体的に状態が悪い,225,29,6790
R02667,P01957,MC-1260-1957,本・音楽,0,site_B,2026-02-24,傷や汚れあり,79,17,701
R02669,P00631,MC-1645-0631,ファッション,0,site_A,2025-12-21,全体的に状態が悪い,44,108,1936
R02670,P01097,MC-4710-1097,ファッション,1,site_A,2025-10-10,ほぼ新品,4,117,5117
R02672,P01538,MC-1953-1538,ファッション,1,site_C,2026-02-13,ほぼ新品,411,55,7797
R02673,P01794,MC-3034-1794,ファッション,1,site_B,2025-10-26,傷や汚れあり,79,128,7464
R02674,P00000,MC-6740-0000,ファッション,0,site_E,2026-02-11,ほぼ新品,255,99,15388
R02675,P02080,MC-7597-2080,ファッション,0,site_D,2025-12-21,新品,63,106,5358
R02676,P00042,MC-3073-0042,ファッション,1,site_C,2026-02-11,ほぼ新品,49,25,17520
R02677,P00710,MC-2499-0710,家電,0,site_E,2026-01-06,傷や汚れあり,36,36,11183
R02678,P00056,MC-5116-0056,ファッション,1,site_E,2026-01-12,ほぼ新品,301,45,10104
R02679,P00669,MC-6161-0669,本・音楽,1,site_B,2026-01-01,全体的に状態が悪い,51,127,1792
R02681,P02115,MC-2486-2115,ホビー,0,site_E,2026-02-20,ほぼ新品,228,65,8298
R02684,P00133,MC-5259-0133,ファッション,1,site_E,2025-12-26,新品,116,121,8666
R02685,P01986,MC-4980-1986,ファッション,0,site_B,2025-12-24,ほぼ新品,85,74,7995
R02686,P01051,MC-1394-1051,スポーツ,0,site_C,2026-01-20,傷や汚れあり,126,29,7389
R02687,P00993,MC-5215-0993,ファッション,1,site_D,2026-01-13,傷や汚れあり,180,39,9033
R02688,P01243,MC-6132-1243,ファッション,0,site_D,2026-01-16,傷や汚れあり,200,28,5480
R02689,P00066,MC-5212-0066,家電,0,site_A,2025-12-21,傷や汚れあり,70,31,7611
R02690,P00635,MC-2876-0635,家電,2,site_C,2026-01-30,傷や汚れあり,165,26,39088
R02691,P00443,MC-9684-0443,ホビー,0,site_C,2025-10-04,ほぼ新品,77,20,9171
R02692,P01673,MC-4410-1673,ホビー,0,site_A,2026-02-19,ほぼ新品,104,68,4658
R02693,P01956,MC-5515-1956,家電,0,site_D,2025-11-05,新品,138,59,60057
R02694,P01516,MC-3238-1516,スポーツ,0,site_D,2025-10-16,傷や汚れあり,62,122,18683
R02695,P01911,MC-1497-1911,ホビー,0,site_A,2025-10-18,全体的に状態が悪い,58,30,1145
R02696,P00415,MC-1176-0415,家電,0,site_C,2025-12-30,傷や汚れあり,163,21,18912
R02697,P00422,MC-9555-0422,ホビー,1,site_B,2026-02-02,ほぼ新品,149,40,29363
R02698,P01842,MC-6291-1842,ファッション,2,site_C,2025-11-03,ほぼ新品,211,103,4955
R02699,P01267,MC-8424-1267,スポーツ,0,site_D,2025-12-14,ほぼ新品,94,121,3400
R02700,P00617,MC-2720-0617,家電,0,site_B,2026-01-07,ほぼ新品,151,75,26032
R02701,P00597,MC-7968-0597,本・音楽,0,site_C,2025-10-21,ほぼ新品,57,69,760
R02704,P00332,MC-9958-0332,家電,0,site_B,2026-01-20,傷や汚れあり,184,127,18992
R02706,P00309,MC-8672-0309,スポーツ,2,site_E,2026-02-10,傷や汚れあり,216,96,24877
R02707,P00668,MC-2586-0668,ホビー,0,site_C,2026-02-16,傷や汚れあり,20,98,1528
R02709,P00684,MC-2371-0684,ファッション,0,site_C,2025-11-27,傷や汚れあり,290,34,5159
R02710,P02037,MC-4232-2037,ファッション,0,site_C,2025-10-31,傷や汚れあり,280,78,4265
R02711,P01725,MC-4852-1725,ファッション,0,site_A,2026-02-06,ほぼ新品,141,92,5356
R02712,P00657,MC-9067-0657,ファッション,1,site_A,2026-02-25,全体的に状態が悪い,83,112,1271
R02713,P01000,MC-1212-1000,ファッション,2,site_D,2025-11-08,ほぼ新品,16,94,4420
R02714,P01721,MC-9254-1721,ファッション,1,site_A,2025-12-28,ほぼ新品,239,72,3135
R02715,P00425,MC-3149-0425,スポーツ,1,site_A,2025-10-21,ほぼ新品,173,71,32172
R02716,P00981,MC-3792-0981,本・音楽,1,site_C,2025-12-29,ほぼ新品,84,101,600
R02717,P01866,MC-7831-1866,本・音楽,0,site_A,2025-10-15,傷や汚れあり,205,39,3273
R02718,P02032,MC-5631-2032,ホビー,0,site_B,2026-01-07,ほぼ新品,192,59,19878
R02719,P00220,MC-8976-0220,ホビー,1,site_E,2026-01-29,傷や汚れあり,282,119,8905
R02720,P01696,MC-4810-1696,ホビー,1,site_C,2026-01-02,新品,184,97,41886
R02721,P00283,MC-2490-0283,スポーツ,1,site_B,2025-10-23,傷や汚れあり,202,111,19467
R02722,P01835,MC-9349-1835,ファッション,1,site_A,2026-01-03,ほぼ新品,156,37,6315
R02723,P01490,MC-7996-1490,本・音楽,1,site_C,2026-01-22,全体的に状態が悪い,235,98,734
R02724,P00531,MC-1968-0531,本・音楽,0,site_E,2025-10-18,全体的に状態が悪い,304,129,1038
R02725,P01186,MC-2385-1186,スポーツ,0,site_D,2025-12-13,新品,354,58,43552
R02726,P00572,MC-9468-0572,ホビー,0,site_C,2025-12-12,ほぼ新品,155,46,5861
R02727,P02093,MC-5143-2093,家電,0,site_B,2025-11-17,全体的に状態が悪い,278,27,16001
R02728,P00588,MC-8506-0588,家電,1,site_C,2025-11-25,傷や汚れあり,47,103,28819
R02729,P00929,MC-1625-0929,ファッション,0,site_B,2026-01-20,新品,38,74,13286
R02730,P00571,MC-8947-0571,ホビー,1,site_D,2026-02-13,全体的に状態が悪い,40,34,2764
R02731,P00195,MC-6875-0195,家電,2,site_A,2025-12-23,傷や汚れあり,204,90,105019
R02733,P01415,MC-2217-1415,スポーツ,1,site_B,2025-11-28,全体的に状態が悪い,30,100,7117
R02734,P01665,MC-4488-1665,家電,0,site_D,2026-01-27,新品,174,47,38892
R02735,P00906,MC-5888-0906,ホビー,0,site_E,2026-01-29,傷や汚れあり,254,53,2817
R02736,P00357,MC-6267-0357,家電,0,site_B,2025-10-30,傷や汚れあり,87,117,17325
R02737,P00042,MC-3073-0042,ファッション,1,site_A,2026-02-08,新品,341,67,36686
R02738,P00542,MC-3027-0542,ファッション,1,site_C,2025-10-17,傷や汚れあり,54,55,6038
R02739,P02053,MC-7151-2053,家電,0,site_D,2025-11-17,傷や汚れあり,118,80,6713
R02741,P01359,MC-6949-1359,ファッション,1,site_A,2026-01-02,ほぼ新品,46,84,24853
R02742,P00479,MC-1849-0479,家電,0,site_C,2026-01-10,全体的に状態が悪い,61,116,3329
R02744,P02077,MC-5252-2077,ホビー,0,site_A,2025-12-13,傷や汚れあり,168,26,5826
R02745,P02020,MC-2949-2020,ホビー,1,site_D,2025-10-29,ほぼ新品,68,63,7418
R02746,P00736,MC-5894-0736,本・音楽,1,site_D,2026-01-27,傷や汚れあり,81,30,3357
R02748,P01294,MC-7875-1294,ホビー,0,site_D,2025-12-23,ほぼ新品,50,80,14067
R02749,P01836,MC-7706-1836,ファッション,2,site_E,2026-02-06,傷や汚れあり,261,95,10346
R02750,P00188,MC-9270-0188,ホビー,0,site_A,2026-01-26,傷や汚れあり,107,61,3020
R02751,P00404,MC-7479-0404,本・音楽,2,site_E,2025-10-21,ほぼ新品,235,86,2314
R02752,P00866,MC-4326-0866,ファッション,1,site_E,2026-01-07,全体的に状態が悪い,33,92,1993
R02753,P02181,MC-7780-2181,ホビー,2,site_E,2025-11-20,ほぼ新品,89,112,23709
R02754,P00752,MC-8667-0752,本・音楽,2,site_A,2026-02-25,ほぼ新品,52,110,516
R02755,P00473,MC-7429-0473,ファッション,1,site_D,2026-02-08,ほぼ新品,204,84,23626
R02757,P02039,MC-2484-2039,本・音楽,0,site_B,2025-10-03,新品,117,28,831
R02758,P02124,MC-1211-2124,家電,0,site_C,2025-11-11,傷や汚れあり,78,99,22061
R02759,P01225,MC-1127-1225,ファッション,1,site_E,2025-11-12,ほぼ新品,504,116,4722
R02760,P01713,MC-9870-1713,ファッション,1,site_C,2025-11-13,全体的に状態が悪い,169,32,1565
R02761,P01581,MC-4600-1581,ファッション,0,site_D,2025-11-24,ほぼ新品,113,117,5193
R02762,P01963,MC-4610-1963,ファッション,2,site_C,2025-11-03,傷や汚れあり,161,50,6340
R02764,P00170,MC-2882-0170,家電,2,site_B,2025-11-06,ほぼ新品,41,30,133651
R02765,P01826,MC-5936-1826,ファッション,1,site_C,2026-01-13,新品,54,18,6080
R02766,P01764,MC-8102-1764,家電,2,site_B,2026-02-26,ほぼ新品,92,104,33470
R02767,P00665,MC-7564-0665,ファッション,2,site_E,2025-12-02,ほぼ新品,172,66,23342
R02768,P00618,MC-6870-0618,ファッション,1,site_A,2025-11-22,ほぼ新品,53,29,6565
R02769,P00509,MC-9513-0509,スポーツ,1,site_D,2026-01-02,ほぼ新品,105,127,5197
R02770,P01209,MC-6778-1209,ホビー,0,site_D,2025-11-17,ほぼ新品,127,67,20664
R02771,P00403,MC-9269-0403,スポーツ,1,site_C,2025-10-02,傷や汚れあり,220,51,23142
R02772,P01723,MC-7964-1723,ホビー,0,site_E,2025-11-27,ほぼ新品,269,125,7343
R02774,P00525,MC-6398-0525,スポーツ,0,site_A,2026-01-18,ほぼ新品,65,74,1580
R02775,P00375,MC-6086-0375,ホビー,0,site_C,2026-02-16,ほぼ新品,381,110,8321
R02776,P00868,MC-8168-0868,ファッション,1,site_B,2025-11-20,全体的に状態が悪い,182,27,6348
R02778,P00642,MC-1284-0642,スポーツ,1,site_D,2025-11-15,ほぼ新品,224,46,20936
R02779,P00390,MC-7330-0390,家電,0,site_E,2026-02-11,ほぼ新品,223,88,10688
R02782,P00965,MC-6725-0965,ホビー,0,site_B,2025-12-08,傷や汚れあり,45,127,1873
R02784,P00878,MC-7178-0878,家電,2,site_D,2026-02-02,傷や汚れあり,86,94,22458
R02785,P00556,MC-8750-0556,スポーツ,1,site_E,2026-01-15,傷や汚れあり,57,112,8220
R02786,P01640,MC-3266-1640,ホビー,1,site_D,2026-01-22,ほぼ新品,316,97,16201
R02787,P01298,MC-2606-1298,家電,0,site_C,2026-01-13,傷や汚れあり,339,22,14620
R02788,P01635,MC-2295-1635,ホビー,1,site_C,2025-11-09,ほぼ新品,19,99,29298
R02789,P02064,MC-4755-2064,家電,0,site_B,2025-12-16,ほぼ新品,189,113,13683
R02790,P01854,MC-5445-1854,ホビー,0,site_B,2025-11-05,ほぼ新品,493,29,10540
R02791,P01539,MC-9257-1539,本・音楽,0,site_E,2025-10-15,傷や汚れあり,88,88,375
R02792,P01666,MC-9706-1666,家電,1,site_D,2026-02-15,傷や汚れあり,118,102,9416
R02793,P00999,MC-4264-0999,ホビー,0,site_A,2025-10-03,傷や汚れあり,142,98,1517
R02794,P00288,MC-4851-0288,ホビー,0,site_D,2025-12-26,ほぼ新品,313,118,8129
R02795,P00932,MC-8009-0932,ファッション,0,site_E,2025-11-18,ほぼ新品,66,94,2796
R02797,P00092,MC-1068-0092,ファッション,2,site_D,2025-10-15,新品,212,119,27892
R02798,P00759,MC-8305-0759,ファッション,0,site_B,2026-02-20,傷や汚れあり,183,118,1650
R02799,P01681,MC-5411-1681,ファッション,2,site_C,2025-10-10,全体的に状態が悪い,107,105,9445
R02800,P01168,MC-3190-1168,ファッション,1,site_D,2025-12-10,傷や汚れあり,68,62,3772
R02801,P01212,MC-2650-1212,ホビー,1,site_E,2026-01-02,ほぼ新品,124,87,4142
R02803,P00009,MC-5986-0009,本・音楽,1,site_B,2025-11-26,傷や汚れあり,55,20,655
R02804,P01337,MC-4938-1337,ファッション,1,site_B,2026-01-15,新品,62,120,15728
R02805,P00469,MC-3260-0469,家電,0,site_E,2025-10-10,傷や汚れあり,189,24,22620
R02807,P01742,MC-8001-1742,スポーツ,0,site_B,2025-11-28,傷や汚れあり,225,110,13251
R02808,P01270,MC-4596-1270,ファッション,0,site_E,2026-02-28,傷や汚れあり,203,116,2150
R02809,P01635,MC-2295-1635,ホビー,1,site_D,2025-11-07,新品,89,64,59916
R02810,P01675,MC-4940-1675,スポーツ,0,site_D,2025-12-14,ほぼ新品,348,78,9318
R02811,P01443,MC-2075-1443,家電,0,site_D,2025-12-01,全体的に状態が悪い,366,35,13884
R02812,P00258,MC-6235-0258,ホビー,0,site_B,2026-01-27,傷や汚れあり,110,90,5575
R02813,P01611,MC-2817-1611,スポーツ,0,site_B,2025-11-11,ほぼ新品,80,122,4208
R02814,P00886,MC-9807-0886,スポーツ,2,site_D,2025-12-02,傷や汚れあり,178,63,11715
R02815,P01993,MC-1718-1993,ホビー,1,site_C,2026-01-10,全体的に状態が悪い,77,46,4187
R02816,P00096,MC-6588-0096,ファッション,1,site_E,2026-02-21,ほぼ新品,109,95,9362
R02817,P00959,MC-3431-0959,スポーツ,1,site_B,2025-12-21,傷や汚れあり,61,74,8767
R02818,P01472,MC-3748-1472,ホビー,1,site_B,2025-10-04,傷や汚れあり,35,85,4217
R02819,P00273,MC-8525-0273,ホビー,1,site_E,2025-12-15,傷や汚れあり,30,38,2152
R02820,P01136,MC-7537-1136,家電,0,site_D,2025-12-30,全体的に状態が悪い,43,72,5370
R02822,P00032,MC-1760-0032,本・音楽,1,site_D,2026-02-25,ほぼ新品,119,75,1182
R02823,P02107,MC-1152-2107,ホビー,0,site_A,2026-01-23,傷や汚れあり,90,85,3271
R02824,P00457,MC-6177-0457,ファッション,0,site_C,2026-01-08,全体的に状態が悪い,346,83,2934
R02825,P01733,MC-4772-1733,ファッション,0,site_C,2025-10-07,ほぼ新品,578,86,7416
R02826,P01827,MC-4459-1827,本・音楽,2,site_B,2026-01-31,傷や汚れあり,350,24,1522
R02827,P00957,MC-4024-0957,ファッション,0,site_C,2026-02-24,ほぼ新品,98,79,5264
R02828,P01637,MC-1381-1637,本・音楽,1,site_B,2025-12-12,ほぼ新品,131,46,1973
R02829,P02175,MC-5180-2175,ファッション,0,site_B,2025-10-07,傷や汚れあり,213,80,4042
R02830,P00517,MC-7313-0517,ホビー,1,site_B,2025-11-06,ほぼ新品,17,102,6008
R02831,P00672,MC-9719-0672,ホビー,2,site_D,2025-10-24,ほぼ新品,95,34,13486
R02832,P00348,MC-9894-0348,ファッション,1,site_D,2025-11-16,傷や汚れあり,101,43,35296
R02833,P01451,MC-1970-1451,ホビー,0,site_D,2025-10-24,新品,68,126,7434
R02834,P01560,MC-6918-1560,ファッション,2,site_C,2026-01-28,ほぼ新品,125,17,3386
R02835,P01063,MC-9572-1063,ホビー,1,site_A,2025-11-03,ほぼ新品,332,98,34077
R02838,P01594,MC-3604-1594,本・音楽,1,site_D,2025-10-15,傷や汚れあり,162,104,1193
R02839,P01091,MC-3528-1091,本・音楽,0,site_C,2026-02-14,傷や汚れあり,91,118,347
R02840,P01622,MC-3719-1622,ホビー,0,site_C,2025-10-23,傷や汚れあり,107,99,1265
R02842,P01811,MC-5054-1811,ファッション,0,site_A,2025-11-01,ほぼ新品,219,48,14341
R02843,P00527,MC-9699-0527,本・音楽,1,site_D,2025-10-19,傷や汚れあり,24,95,977
R02844,P00838,MC-4870-0838,ホビー,0,site_A,2025-10-21,新品,85,65,4698
R02845,P02161,MC-9925-2161,本・音楽,0,site_C,2025-11-13,傷や汚れあり,79,124,1273
R02846,P00859,MC-7715-0859,家電,0,site_A,2026-02-12,傷や汚れあり,82,117,25335
R02847,P02040,MC-5835-2040,家電,0,site_D,2025-11-17,新品,73,107,123780
R02848,P00146,MC-8559-0146,ファッション,0,site_D,2025-10-27,傷や汚れあり,133,78,4306
R02849,P00994,MC-2362-0994,本・音楽,1,site_C,2025-12-04,新品,162,85,3176
R02850,P01797,MC-6429-1797,ホビー,1,site_C,2025-11-07,全体的に状態が悪い,15,123,5627
R02852,P00150,MC-9213-0150,スポーツ,2,site_A,2025-10-29,ほぼ新品,153,49,23769
R02853,P01376,MC-1521-1376,ホビー,1,site_A,2026-01-31,傷や汚れあり,416,30,4406
R02854,P00298,MC-1614-0298,ホビー,0,site_B,2025-11-20,ほぼ新品,126,91,8471
R02855,P00131,MC-8970-0131,家電,0,site_A,2026-01-28,全体的に状態が悪い,145,72,7025
R02856,P01520,MC-5862-1520,ホビー,2,site_C,2026-02-16,傷や汚れあり,108,107,4028
R02857,P00613,MC-9141-0613,家電,2,site_B,2025-12-28,全体的に状態が悪い,132,26,42352
R02858,P00201,MC-1560-0201,ファッション,1,site_A,2026-02-10,傷や汚れあり,22,78,5519
R02860,P00440,MC-7957-0440,ファッション,1,site_E,2026-02-05,傷や汚れあり,34,53,6416
R02863,P02153,MC-9643-2153,ホビー,1,site_E,2025-11-24,新品,110,42,12311
R02864,P00562,MC-3207-0562,本・音楽,1,site_E,2025-10-28,新品,62,75,1165
R02865,P00091,MC-1588-0091,本・音楽,0,site_A,2025-12-03,ほぼ新品,28,34,1623
R02866,P00986,MC-6617-0986,ファッション,0,site_B,2026-02-14,ほぼ新品,170,109,10192
R02867,P01971,MC-3039-1971,スポーツ,0,site_C,2026-01-27,ほぼ新品,254,34,13821
R02868,P01164,MC-3524-1164,スポーツ,1,site_E,2025-12-03,新品,156,77,3979
R02869,P00010,MC-3474-0010,スポーツ,1,site_D,2026-02-21,新品,169,21,20678
R02870,P00091,MC-1588-0091,本・音楽,0,site_D,2025-12-07,新品,98,26,2515
R02872,P01152,MC-7592-1152,本・音楽,1,site_D,2025-11-01,新品,143,75,3483
R02873,P01519,MC-6416-1519,ファッション,0,site_B,2026-01-05,傷や汚れあり,48,36,1670
R02874,P00953,MC-1858-0953,ホビー,0,site_A,2025-10-17,ほぼ新品,94,16,12254
R02876,P00446,MC-9505-0446,ファッション,0,site_C,2026-02-08,全体的に状態が悪い,103,47,2800
R02877,P00323,MC-5599-0323,家電,0,site_D,2026-01-15,ほぼ新品,295,16,84482
R02878,P00827,MC-3373-0827,本・音楽,0,site_E,2025-11-16,ほぼ新品,132,91,492
R02879,P01416,MC-8207-1416,ホビー,2,site_A,2025-10-18,新品,157,85,15116
R02880,P00846,MC-9375-0846,スポーツ,0,site_C,2025-11-19,全体的に状態が悪い,574,59,8548
R02881,P01542,MC-5002-1542,本・音楽,1,site_A,2026-02-16,傷や汚れあり,114,122,1565
R02882,P01330,MC-7022-1330,ホビー,0,site_D,2026-01-24,ほぼ新品,297,24,12056
R02883,P00719,MC-5990-0719,ファッション,1,site_C,2026-02-22,全体的に状態が悪い,255,70,3358
R02884,P00351,MC-4875-0351,家電,0,site_C,2025-10-21,傷や汚れあり,118,22,38510
R02885,P01262,MC-9167-1262,ファッション,2,site_D,2025-12-12,全体的に状態が悪い,107,63,6062
R02886,P01360,MC-6926-1360,本・音楽,2,site_B,2026-01-16,新品,306,26,3907
R02887,P02031,MC-6627-2031,家電,2,site_C,2026-02-11,全体的に状態が悪い,221,52,29985
R02889,P01198,MC-2102-1198,家電,1,site_E,2026-01-01,新品,135,79,105090
R02890,P01505,MC-7432-1505,家電,0,site_E,2025-10-06,新品,12,29,136551
R02892,P01505,MC-7432-1505,家電,0,site_C,2025-10-05,全体的に状態が悪い,74,50,26486
R02894,P01816,MC-3474-1816,ホビー,0,site_A,2026-02-04,全体的に状態が悪い,186,69,4769
R02895,P01731,MC-9718-1731,ホビー,0,site_E,2025-11-18,傷や汚れあり,202,34,8450
R02896,P00541,MC-1199-0541,スポーツ,0,site_D,2026-02-08,新品,98,20,11758
R02897,P00953,MC-1858-0953,ホビー,0,site_C,2025-10-13,新品,134,118,18318
R02898,P00371,MC-7378-0371,ファッション,1,site_B,2025-10-17,ほぼ新品,222,98,12723
R02899,P00989,MC-5348-0989,本・音楽,2,site_E,2026-01-27,傷や汚れあり,33,48,1029
R02901,P00865,MC-1317-0865,家電,1,site_C,2025-10-06,ほぼ新品,137,107,20721
R02902,P01783,MC-1397-1783,ホビー,0,site_D,2026-01-22,傷や汚れあり,14,82,4758
R02903,P02084,MC-5080-2084,ファッション,1,site_B,2025-10-14,全体的に状態が悪い,153,64,4595
R02904,P00713,MC-4090-0713,スポーツ,0,site_A,2026-02-09,ほぼ新品,132,125,5705
R02905,P02164,MC-7551-2164,スポーツ,0,site_B,2025-10-11,傷や汚れあり,506,98,11800
R02906,P00622,MC-4367-0622,家電,0,site_E,2025-10-28,傷や汚れあり,319,56,12389
R02908,P00915,MC-3426-0915,スポーツ,0,site_B,2026-02-22,傷や汚れあり,84,119,4854
R02910,P00895,MC-8035-0895,ファッション,1,site_B,2026-02-07,新品,133,77,12149
R02911,P01056,MC-9144-1056,家電,0,site_E,2026-01-04,新品,152,92,72779
R02912,P00931,MC-3459-0931,ファッション,0,site_D,2025-12-10,ほぼ新品,61,58,5138
R02913,P01992,MC-7352-1992,ファッション,1,site_E,2025-11-26,ほぼ新品,96,99,6694
R02914,P02052,MC-8611-2052,スポーツ,0,site_C,2025-11-10,傷や汚れあり,21,103,6918
R02915,P01742,MC-8001-1742,スポーツ,0,site_C,2025-11-24,新品,87,96,13076
R02916,P00143,MC-8193-0143,本・音楽,1,site_C,2026-02-14,全体的に状態が悪い,21,90,1268
R02917,P00751,MC-8350-0751,本・音楽,1,site_B,2026-01-28,ほぼ新品,125,95,4575
R02918,P00374,MC-3761-0374,ファッション,1,site_D,2025-10-26,ほぼ新品,140,105,11526
R02919,P02156,MC-3449-2156,本・音楽,1,site_E,2025-12-07,傷や汚れあり,375,48,1552
R02920,P01406,MC-9533-1406,本・音楽,2,site_D,2025-11-17,ほぼ新品,45,110,5388
R02921,P02115,MC-2486-2115,ホビー,0,site_A,2026-02-22,傷や汚れあり,169,89,2668
R02922,P00499,MC-7113-0499,家電,1,site_D,2026-02-17,ほぼ新品,294,104,115089
R02923,P00655,MC-8683-0655,家電,0,site_B,2025-12-04,新品,363,88,92781
R02924,P00150,MC-9213-0150,スポーツ,2,site_E,2025-11-01,傷や汚れあり,146,20,11560
R02925,P00214,MC-5948-0214,ファッション,1,site_B,2026-02-24,ほぼ新品,27,28,5270
R02928,P02137,MC-4319-2137,ホビー,1,site_B,2025-11-17,全体的に状態が悪い,84,102,1098
R02929,P01059,MC-9609-1059,ホビー,1,site_D,2026-01-23,傷や汚れあり,43,28,5485
R02930,P00989,MC-5348-0989,本・音楽,2,site_B,2026-01-30,傷や汚れあり,114,72,899
R02931,P00204,MC-3185-0204,ファッション,0,site_C,2025-10-29,新品,279,82,8074
R02932,P00753,MC-9483-0753,ファッション,0,site_D,2025-12-17,ほぼ新品,127,25,9933
R02933,P00885,MC-6809-0885,スポーツ,1,site_E,2025-12-31,傷や汚れあり,113,18,18617
R02935,P00834,MC-8241-0834,スポーツ,0,site_E,2025-11-02,ほぼ新品,498,32,14911
R02936,P01861,MC-8676-1861,スポーツ,1,site_B,2026-01-30,新品,87,55,7130
R02937,P00450,MC-3070-0450,ファッション,1,site_A,2025-11-07,新品,69,92,21489
R02938,P01208,MC-2823-1208,家電,0,site_B,2025-12-22,傷や汚れあり,37,110,7640
R02939,P00084,MC-5804-0084,家電,2,site_A,2026-01-18,ほぼ新品,235,37,77549
R02940,P00462,MC-7658-0462,ファッション,0,site_E,2026-02-21,傷や汚れあり,150,106,3404
R02941,P00949,MC-1564-0949,家電,1,site_D,2025-10-15,全体的に状態が悪い,368,126,15396
R02942,P00662,MC-8550-0662,家電,0,site_A,2026-02-19,ほぼ新品,40,96,14499
R02943,P01125,MC-5844-1125,ホビー,0,site_A,2026-02-07,傷や汚れあり,130,85,429
R02944,P01820,MC-9211-1820,スポーツ,0,site_A,2025-10-15,傷や汚れあり,137,32,10869
R02945,P01424,MC-4708-1424,ホビー,0,site_B,2026-02-18,新品,212,58,11062
R02946,P02138,MC-1953-2138,ファッション,1,site_C,2025-11-08,新品,108,96,88217
R02947,P01645,MC-9592-1645,スポーツ,1,site_A,2025-10-11,ほぼ新品,158,85,24065
R02948,P01253,MC-8307-1253,ファッション,0,site_D,2025-10-27,傷や汚れあり,36,23,4760
R02949,P01162,MC-5770-1162,スポーツ,0,site_D,2026-01-31,新品,198,120,63573
R02950,P01771,MC-5022-1771,本・音楽,0,site_C,2025-10-05,新品,186,79,3056
R02951,P01992,MC-7352-1992,ファッション,1,site_A,2025-11-24,新品,148,100,10941
R02952,P00147,MC-3372-0147,スポーツ,2,site_A,2025-11-25,全体的に状態が悪い,217,64,16061
R02953,P00586,MC-1042-0586,スポーツ,0,site_D,2025-12-25,傷や汚れあり,52,52,2436
R02954,P01734,MC-3393-1734,家電,1,site_B,2026-01-11,ほぼ新品,211,15,46684
R02955,P02022,MC-8233-2022,ファッション,1,site_E,2025-10-25,ほぼ新品,256,59,13010
R02957,P00415,MC-1176-0415,家電,0,site_B,2025-12-30,全体的に状態が悪い,80,69,14718
R02958,P01664,MC-1324-1664,家電,0,site_C,2025-12-24,全体的に状態が悪い,300,68,8504
R02959,P01820,MC-9211-1820,スポーツ,0,site_B,2025-10-15,全体的に状態が悪い,318,70,8915
R02960,P00154,MC-9892-0154,家電,1,site_E,2026-01-01,全体的に状態が悪い,196,49,64034
R02962,P01249,MC-8343-1249,ファッション,1,site_A,2025-11-11,ほぼ新品,111,105,4781
R02963,P00150,MC-9213-0150,スポーツ,2,site_B,2025-11-01,全体的に状態が悪い,54,86,12714
R02964,P01042,MC-3241-1042,スポーツ,1,site_A,2026-01-15,ほぼ新品,174,47,32962
R02965,P01138,MC-3251-1138,ホビー,0,site_C,2025-12-03,傷や汚れあり,764,90,2770
R02966,P01660,MC-8934-1660,ホビー,0,site_C,2025-11-30,新品,50,82,21164
R02967,P00963,MC-1453-0963,ホビー,0,site_E,2026-01-11,ほぼ新品,108,61,6579
R02969,P01714,MC-9927-1714,スポーツ,0,site_C,2026-01-07,ほぼ新品,305,35,4588
R02970,P00263,MC-1767-0263,ファッション,2,site_E,2025-10-27,新品,178,61,37879
R02973,P01125,MC-5844-1125,ホビー,0,site_E,2026-02-09,傷や汚れあり,128,29,408
R02974,P00167,MC-2452-0167,本・音楽,0,site_E,2026-02-18,全体的に状態が悪い,134,46,1706
R02975,P00071,MC-2992-0071,家電,1,site_E,2025-10-03,全体的に状態が悪い,213,86,13851
R02976,P01124,MC-9555-1124,家電,0,site_B,2025-12-12,傷や汚れあり,83,76,8352
R02977,P00275,MC-5866-0275,家電,0,site_B,2025-11-24,ほぼ新品,110,108,15076
R02978,P00261,MC-7832-0261,ファッション,0,site_B,2025-10-30,ほぼ新品,101,66,4009
R02979,P00815,MC-2783-0815,本・音楽,1,site_E,2025-10-13,傷や汚れあり,232,101,1338
R02980,P01591,MC-1121-1591,ファッション,0,site_C,2025-11-30,ほぼ新品,158,47,4377
R02981,P00365,MC-4502-0365,ファッション,1,site_B,2026-02-22,ほぼ新品,98,82,15734
R02982,P00590,MC-4799-0590,家電,1,site_A,2025-11-24,ほぼ新品,40,71,26822
R02984,P00226,MC-8099-0226,家電,1,site_D,2025-10-31,傷や汚れあり,42,21,28512
R02985,P01250,MC-8357-1250,家電,1,site_A,2026-01-07,新品,96,94,43620
R02986,P00925,MC-9782-0925,家電,0,site_A,2025-12-03,傷や汚れあり,242,100,19930
R02987,P02124,MC-1211-2124,家電,0,site_E,2025-11-07,傷や汚れあり,345,32,42566
R02988,P01191,MC-1372-1191,本・音楽,1,site_B,2025-10-20,傷や汚れあり,103,35,1576
R02989,P00914,MC-3285-0914,スポーツ,1,site_B,2025-10-26,傷や汚れあり,114,107,7898
R02990,P00487,MC-9165-0487,スポーツ,2,site_C,2025-11-22,傷や汚れあり,139,61,18452
R02991,P01659,MC-2135-1659,家電,2,site_A,2025-12-25,傷や汚れあり,40,129,39540
R02992,P01183,MC-3958-1183,スポーツ,0,site_D,2026-01-11,新品,160,23,10041
R02993,P00699,MC-3105-0699,ホビー,0,site_E,2025-11-22,傷や汚れあり,107,22,2628
R02994,P01854,MC-5445-1854,ホビー,0,site_E,2025-11-07,全体的に状態が悪い,140,54,1660
R02995,P00537,MC-6050-0537,スポーツ,0,site_D,2026-02-07,新品,123,127,5458
R02996,P01225,MC-1127-1225,ファッション,1,site_A,2025-11-11,傷や汚れあり,244,57,3905
R02997,P00394,MC-7032-0394,家電,0,site_C,2025-10-22,傷や汚れあり,304,18,12375
R02998,P00026,MC-6383-0026,ホビー,0,site_A,2025-11-01,ほぼ新品,192,116,18257
R02999,P00553,MC-3888-0553,ホビー,2,site_C,2026-02-01,傷や汚れあり,206,37,11027
R03000,P01831,MC-4913-1831,スポーツ,0,site_D,2025-10-08,ほぼ新品,106,63,6675
R03001,P01361,MC-7074-1361,スポーツ,0,site_E,2025-11-23,傷や汚れあり,74,111,11115
R03002,P02027,MC-4395-2027,ホビー,0,site_B,2025-10-15,全体的に状態が悪い,26,89,4799
R03003,P02109,MC-2928-2109,ファッション,1,site_B,2025-12-27,全体的に状態が悪い,119,33,8042
R03004,P02049,MC-9001-2049,家電,1,site_C,2025-11-25,ほぼ新品,509,89,29855
R03005,P01866,MC-7831-1866,本・音楽,0,site_E,2025-10-12,傷や汚れあり,44,67,2823
R03006,P01479,MC-1114-1479,家電,0,site_E,2026-02-20,新品,287,123,159453
R03007,P00026,MC-6383-0026,ホビー,0,site_D,2025-11-01,傷や汚れあり,339,31,8299
R03008,P01818,MC-1240-1818,スポーツ,1,site_C,2025-11-08,新品,96,65,24466
R03009,P01374,MC-6910-1374,スポーツ,1,site_E,2026-01-13,傷や汚れあり,337,17,5864
R03010,P00575,MC-7708-0575,ファッション,1,site_C,2025-10-27,全体的に状態が悪い,182,91,9828
R03011,P00853,MC-8444-0853,ホビー,2,site_E,2025-12-09,傷や汚れあり,86,108,6142
R03012,P00059,MC-4745-0059,ファッション,1,site_B,2025-12-02,新品,182,36,11426
R03013,P01474,MC-6616-1474,スポーツ,0,site_B,2026-02-20,傷や汚れあり,256,29,3489
R03014,P01575,MC-4343-1575,スポーツ,1,site_E,2025-11-24,ほぼ新品,176,56,4813
R03018,P00197,MC-8123-0197,ホビー,1,site_A,2026-02-26,ほぼ新品,213,120,23764
R03019,P01503,MC-3953-1503,スポーツ,0,site_D,2025-10-05,ほぼ新品,279,104,31456
R03021,P00469,MC-3260-0469,家電,0,site_C,2025-10-10,傷や汚れあり,61,78,24964
R03022,P01248,MC-4067-1248,家電,0,site_C,2026-02-14,新品,20,38,28884
R03023,P00672,MC-9719-0672,ホビー,2,site_C,2025-10-24,全体的に状態が悪い,115,50,4269
R03024,P00635,MC-2876-0635,家電,2,site_D,2026-02-01,傷や汚れあり,64,50,55318
R03025,P01787,MC-3853-1787,ファッション,0,site_B,2025-12-31,傷や汚れあり,273,93,6253
R03026,P01557,MC-3756-1557,ホビー,0,site_D,2025-11-03,ほぼ新品,181,126,17375
R03027,P01953,MC-9652-1953,ファッション,0,site_E,2026-01-06,傷や汚れあり,91,84,2656
R03029,P00126,MC-8264-0126,ファッション,1,site_D,2025-11-29,新品,31,30,5299
R03030,P00830,MC-7444-0830,家電,0,site_C,2026-01-28,ほぼ新品,126,94,13660
R03031,P01638,MC-6789-1638,本・音楽,0,site_B,2025-12-24,傷や汚れあり,89,60,2237
R03032,P00486,MC-8976-0486,ファッション,0,site_D,2026-01-17,ほぼ新品,65,92,8370
R03034,P01033,MC-8419-1033,スポーツ,1,site_D,2025-12-09,傷や汚れあり,154,43,6581
R03035,P01522,MC-8606-1522,家電,0,site_C,2025-12-06,新品,154,61,108170
R03036,P00261,MC-7832-0261,ファッション,0,site_C,2025-10-26,傷や汚れあり,597,86,1978
R03038,P01250,MC-8357-1250,家電,1,site_D,2026-01-05,新品,258,106,67405
R03039,P00276,MC-2989-0276,家電,0,site_C,2025-10-06,傷や汚れあり,35,90,15205
R03040,P00913,MC-2873-0913,スポーツ,2,site_B,2025-10-28,新品,134,47,15941
R03042,P01243,MC-6132-1243,ファッション,0,site_A,2026-01-17,傷や汚れあり,120,38,4577
R03043,P00577,MC-5445-0577,ファッション,1,site_A,2025-11-25,新品,567,55,2254
R03044,P02106,MC-1608-2106,本・音楽,0,site_C,2025-10-16,ほぼ新品,30,90,1559
R03045,P00586,MC-1042-0586,スポーツ,0,site_E,2025-12-25,傷や汚れあり,27,17,1785
R03046,P01072,MC-8899-1072,ファッション,0,site_A,2025-11-26,傷や汚れあり,248,56,7103
R03047,P00900,MC-1668-0900,本・音楽,0,site_D,2026-02-28,全体的に状態が悪い,76,18,980
R03048,P00862,MC-5149-0862,ファッション,2,site_A,2026-01-26,新品,322,73,25730
R03049,P01601,MC-8081-1601,家電,0,site_C,2025-12-25,ほぼ新品,136,72,47958
R03050,P01974,MC-8519-1974,ホビー,0,site_D,2026-01-03,ほぼ新品,88,84,4542
R03051,P01710,MC-4902-1710,本・音楽,1,site_C,2025-12-07,傷や汚れあり,165,81,802
R03052,P00715,MC-7676-0715,ホビー,1,site_C,2025-10-26,傷や汚れあり,268,79,6819
R03053,P01304,MC-8055-1304,ホビー,0,site_A,2025-11-22,新品,293,113,8985
R03054,P00218,MC-6027-0218,家電,0,site_A,2025-12-04,ほぼ新品,266,70,42548
R03055,P00132,MC-6810-0132,ファッション,0,site_D,2025-12-25,新品,67,43,11399
R03056,P01595,MC-2837-1595,スポーツ,0,site_A,2026-02-27,ほぼ新品,151,102,12264
R03057,P01219,MC-7559-1219,本・音楽,0,site_E,2026-02-24,ほぼ新品,165,70,2278
R03058,P01172,MC-2853-1172,家電,1,site_C,2025-12-21,新品,32,63,84823
R03059,P01065,MC-2293-1065,ファッション,2,site_D,2025-11-17,傷や汚れあり,167,96,2895
R03060,P00063,MC-7324-0063,家電,1,site_C,2026-01-29,傷や汚れあり,134,118,22064
R03061,P01633,MC-8348-1633,家電,0,site_A,2025-10-28,傷や汚れあり,20,41,29132
R03062,P00401,MC-4014-0401,家電,1,site_E,2026-02-24,傷や汚れあり,85,37,24886
R03063,P00803,MC-7320-0803,スポーツ,1,site_C,2026-01-04,ほぼ新品,197,55,28178
R03064,P00663,MC-4949-0663,スポーツ,0,site_B,2026-01-21,ほぼ新品,117,111,3319
R03065,P01116,MC-2169-1116,本・音楽,1,site_E,2026-02-03,新品,89,103,1225
R03068,P00983,MC-4173-0983,家電,0,site_B,2026-01-13,ほぼ新品,62,106,44557
R03069,P01923,MC-7137-1923,ホビー,2,site_A,2026-01-15,新品,341,61,24499
R03072,P01093,MC-8456-1093,本・音楽,1,site_A,2026-02-12,傷や汚れあり,110,35,696
R03073,P01016,MC-5249-1016,本・音楽,1,site_A,2025-11-05,傷や汚れあり,181,82,2097
R03075,P01914,MC-3526-1914,スポーツ,1,site_A,2026-02-15,ほぼ新品,167,116,8309
R03076,P01127,MC-6317-1127,ホビー,0,site_B,2026-02-11,傷や汚れあり,50,63,1277
R03077,P00906,MC-5888-0906,ホビー,0,site_B,2026-01-28,傷や汚れあり,192,121,3174
R03078,P00764,MC-5755-0764,本・音楽,0,site_A,2025-10-16,新品,19,50,2292
R03079,P01899,MC-4756-1899,ホビー,0,site_C,2025-11-16,新品,186,115,8076
R03080,P01887,MC-2706-1887,ホビー,1,site_C,2025-11-11,傷や汚れあり,77,64,2975
R03081,P01905,MC-1357-1905,ファッション,0,site_D,2025-10-30,傷や汚れあり,268,81,2944
R03082,P01091,MC-3528-1091,本・音楽,0,site_A,2026-02-14,ほぼ新品,156,122,306
R03083,P00867,MC-2467-0867,ファッション,0,site_A,2025-10-27,新品,59,16,5560
R03084,P00100,MC-2966-0100,家電,0,site_B,2026-02-05,ほぼ新品,205,68,35902
R03085,P00876,MC-6079-0876,本・音楽,1,site_E,2026-01-02,傷や汚れあり,173,22,1053
R03086,P00361,MC-6251-0361,ファッション,0,site_C,2025-10-21,ほぼ新品,229,48,8388
R03087,P00789,MC-9510-0789,家電,0,site_B,2025-10-13,新品,298,47,126166
R03088,P02082,MC-9917-2082,スポーツ,2,site_A,2026-02-02,全体的に状態が悪い,350,32,5263
R03089,P00414,MC-6492-0414,家電,2,site_A,2025-12-01,新品,253,17,115945
R03090,P00475,MC-9151-0475,ファッション,2,site_B,2026-02-16,新品,71,102,7600
R03091,P00147,MC-3372-0147,スポーツ,2,site_B,2025-11-27,新品,219,64,57461
R03092,P01509,MC-3084-1509,本・音楽,1,site_B,2025-10-30,新品,202,30,4886
R03093,P00173,MC-8353-0173,ファッション,0,site_D,2026-01-08,傷や汚れあり,290,107,3042
R03094,P00339,MC-1033-0339,スポーツ,0,site_A,2026-01-26,全体的に状態が悪い,94,87,5353
R03095,P00554,MC-1923-0554,本・音楽,0,site_B,2026-02-12,ほぼ新品,58,24,414
R03096,P00088,MC-7814-0088,ファッション,0,site_B,2025-11-04,傷や汚れあり,374,37,4546
R03098,P01828,MC-7241-1828,家電,0,site_E,2025-12-01,新品,295,33,56139
R03099,P01580,MC-3874-1580,本・音楽,0,site_B,2025-11-26,ほぼ新品,246,42,3839
R03100,P01476,MC-4208-1476,ファッション,0,site_B,2026-02-17,傷や汚れあり,11,38,2198
R03101,P00066,MC-5212-0066,家電,0,site_D,2025-12-22,傷や汚れあり,28,39,7787
R03102,P00225,MC-5425-0225,ホビー,0,site_D,2025-11-18,新品,125,38,27455
R03103,P01980,MC-2499-1980,家電,0,site_B,2025-10-04,ほぼ新品,64,84,35357
R03105,P01585,MC-3458-1585,ホビー,1,site_C,2026-02-17,全体的に状態が悪い,288,15,2755
R03106,P01650,MC-5226-1650,本・音楽,1,site_A,2026-02-17,新品,129,125,1178
R03107,P01442,MC-7083-1442,ファッション,0,site_A,2025-10-10,全体的に状態が悪い,125,27,1439
R03109,P00763,MC-4041-0763,家電,0,site_C,2026-02-15,傷や汚れあり,114,91,19551
R03110,P00338,MC-4243-0338,ファッション,1,site_E,2025-12-16,ほぼ新品,207,36,18543
R03111,P01281,MC-1764-1281,スポーツ,1,site_D,2026-01-20,ほぼ新品,92,58,7213
R03112,P01601,MC-8081-1601,家電,0,site_D,2025-12-29,全体的に状態が悪い,204,64,19743
R03113,P01689,MC-9395-1689,家電,0,site_B,2025-11-27,全体的に状態が悪い,115,77,7034
R03114,P01402,MC-6698-1402,本・音楽,0,site_A,2026-01-19,傷や汚れあり,100,22,1027
R03115,P00496,MC-8729-0496,本・音楽,0,site_E,2025-10-11,傷や汚れあり,54,104,2195
R03116,P02103,MC-2762-2103,本・音楽,0,site_E,2025-11-07,ほぼ新品,89,121,1425
R03117,P01316,MC-3735-1316,家電,1,site_C,2025-11-26,傷や汚れあり,115,27,32060
R03119,P00703,MC-3115-0703,ファッション,1,site_C,2026-02-18,全体的に状態が悪い,193,47,2035
R03120,P01912,MC-5159-1912,スポーツ,0,site_E,2025-11-17,傷や汚れあり,55,122,3559
R03121,P01870,MC-3061-1870,家電,1,site_D,2025-11-13,傷や汚れあり,564,98,42388
R03122,P00691,MC-4923-0691,スポーツ,2,site_B,2025-11-23,ほぼ新品,484,122,42498
R03123,P02032,MC-5631-2032,ホビー,0,site_D,2026-01-09,ほぼ新品,298,62,26594
R03124,P00513,MC-9216-0513,ファッション,1,site_D,2025-10-09,全体的に状態が悪い,36,113,1369
R03125,P01101,MC-1905-1101,本・音楽,0,site_A,2025-11-06,全体的に状態が悪い,302,99,899
R03126,P00596,MC-8166-0596,ホビー,2,site_E,2025-10-24,傷や汚れあり,483,123,7755
R03127,P01599,MC-8655-1599,ファッション,1,site_C,2025-10-30,全体的に状態が悪い,73,30,4679
R03128,P01180,MC-5308-1180,本・音楽,2,site_A,2025-11-08,ほぼ新品,236,87,1506
R03129,P01652,MC-1551-1652,家電,0,site_B,2025-11-29,傷や汚れあり,240,128,11630
R03130,P00816,MC-7214-0816,スポーツ,0,site_A,2025-10-18,傷や汚れあり,199,84,12833
R03131,P02176,MC-4751-2176,ファッション,0,site_D,2026-01-04,ほぼ新品,48,73,2869
R03133,P01810,MC-2883-1810,ファッション,1,site_D,2025-11-14,傷や汚れあり,143,24,6301
R03134,P00823,MC-3368-0823,スポーツ,0,site_D,2025-10-13,傷や汚れあり,128,81,10950
R03135,P00520,MC-1458-0520,ファッション,0,site_A,2026-01-04,傷や汚れあり,49,70,4364
R03136,P02054,MC-4669-2054,スポーツ,0,site_C,2025-10-15,新品,181,122,30088
R03137,P00163,MC-3454-0163,ファッション,1,site_E,2025-10-23,ほぼ新品,185,24,13814
R03138,P01990,MC-4231-1990,ホビー,1,site_B,2026-02-23,新品,100,23,9909
R03139,P01341,MC-7498-1341,家電,0,site_C,2025-11-12,全体的に状態が悪い,62,128,14966
R03142,P01792,MC-9509-1792,家電,0,site_A,2025-12-24,ほぼ新品,86,96,7678
R03145,P00072,MC-3804-0072,ファッション,1,site_A,2025-11-22,傷や汚れあり,107,54,8910
R03146,P02115,MC-2486-2115,ホビー,0,site_B,2026-02-22,傷や汚れあり,235,69,3499
R03147,P00602,MC-7199-0602,家電,0,site_D,2025-12-03,ほぼ新品,381,63,24402
R03148,P00559,MC-4502-0559,ファッション,0,site_B,2025-11-18,傷や汚れあり,123,123,1577
R03149,P02123,MC-5788-2123,ファッション,2,site_D,2025-11-24,新品,67,28,17331
R03151,P01850,MC-4064-1850,ファッション,0,site_C,2025-12-13,新品,497,25,13253
R03152,P01945,MC-6625-1945,スポーツ,1,site_D,2026-01-08,新品,107,70,6856
R03154,P01979,MC-7814-1979,ホビー,0,site_E,2025-10-12,ほぼ新品,202,87,18660
R03155,P01073,MC-3219-1073,家電,0,site_A,2025-10-15,ほぼ新品,185,123,27773
R03156,P00705,MC-3333-0705,ホビー,2,site_D,2026-01-23,ほぼ新品,201,93,15999
R03158,P01654,MC-6476-1654,本・音楽,0,site_C,2026-01-30,全体的に状態が悪い,241,77,6551
R03159,P00389,MC-5900-0389,スポーツ,1,site_D,2026-02-11,新品,243,59,4903
R03160,P01569,MC-8026-1569,家電,1,site_A,2025-12-19,ほぼ新品,219,121,67000
R03161,P00627,MC-8636-0627,スポーツ,1,site_E,2025-11-10,ほぼ新品,134,30,10186
R03162,P00139,MC-5668-0139,ホビー,1,site_B,2026-02-06,ほぼ新品,178,15,5991
R03163,P01046,MC-1651-1046,ファッション,0,site_C,2025-10-30,新品,44,88,4649
R03164,P01568,MC-1249-1568,ファッション,0,site_C,2025-11-16,ほぼ新品,28,72,1732
R03165,P00393,MC-1297-0393,スポーツ,0,site_A,2026-02-13,全体的に状態が悪い,105,112,6410
R03166,P01739,MC-7888-1739,ファッション,0,site_C,2025-11-04,ほぼ新品,356,106,5388
R03167,P01749,MC-2699-1749,ホビー,1,site_C,2025-11-07,ほぼ新品,252,61,12230
R03168,P00008,MC-2896-0008,ホビー,0,site_C,2025-12-14,新品,332,82,20165
R03169,P00238,MC-7468-0238,家電,0,site_E,2026-02-09,新品,56,32,18542
R03170,P00132,MC-6810-0132,ファッション,0,site_A,2025-12-25,傷や汚れあり,130,65,2936
R03171,P01596,MC-8634-1596,ホビー,1,site_C,2026-01-11,傷や汚れあり,234,57,2418
R03172,P00657,MC-9067-0657,ファッション,1,site_E,2026-02-22,ほぼ新品,90,81,4117
R03173,P01659,MC-2135-1659,家電,2,site_C,2025-12-20,ほぼ新品,164,44,79105
R03174,P01939,MC-6420-1939,ホビー,0,site_C,2026-02-04,全体的に状態が悪い,152,36,6016
R03175,P00263,MC-1767-0263,ファッション,2,site_A,2025-10-25,ほぼ新品,130,58,25980
R03176,P01500,MC-3208-1500,本・音楽,1,site_C,2026-02-06,ほぼ新品,210,48,2407
R03177,P01064,MC-4372-1064,家電,0,site_A,2026-02-22,全体的に状態が悪い,94,128,4780
R03178,P01319,MC-5619-1319,家電,1,site_B,2026-02-17,ほぼ新品,33,71,44515
R03179,P00244,MC-9221-0244,ホビー,0,site_A,2025-11-27,ほぼ新品,280,107,17506
R03180,P00290,MC-2680-0290,本・音楽,1,site_E,2026-02-28,新品,243,77,1428
R03181,P00065,MC-1799-0065,家電,1,site_A,2025-11-27,ほぼ新品,264,92,97215
R03182,P00014,MC-3747-0014,家電,1,site_A,2026-01-14,傷や汚れあり,153,58,17834
R03183,P01967,MC-1364-1967,ファッション,0,site_B,2025-12-22,ほぼ新品,117,21,5823
R03184,P00075,MC-9014-0075,スポーツ,0,site_A,2025-12-24,ほぼ新品,133,95,4409
R03185,P01232,MC-9617-1232,ホビー,1,site_B,2025-11-02,ほぼ新品,175,91,19103
R03187,P00242,MC-8265-0242,ファッション,2,site_E,2025-12-02,ほぼ新品,27,62,5221
R03188,P00097,MC-6905-0097,ファッション,0,site_B,2025-11-11,ほぼ新品,147,93,5465
R03189,P01843,MC-3827-1843,ファッション,1,site_E,2026-02-04,全体的に状態が悪い,74,94,1756
R03190,P00602,MC-7199-0602,家電,0,site_E,2025-12-04,新品,327,57,38884
R03191,P01401,MC-4448-1401,本・音楽,0,site_B,2025-11-08,ほぼ新品,86,44,3673
R03192,P00589,MC-7446-0589,ファッション,0,site_D,2025-11-15,傷や汚れあり,108,43,4311
R03193,P00379,MC-1956-0379,スポーツ,0,site_A,2026-02-06,ほぼ新品,236,67,16781
R03194,P01599,MC-8655-1599,ファッション,1,site_A,2025-10-29,ほぼ新品,77,75,9868
R03195,P00073,MC-5281-0073,ホビー,1,site_C,2025-10-28,ほぼ新品,251,46,11317
R03196,P02009,MC-9463-2009,スポーツ,1,site_E,2026-01-17,ほぼ新品,39,37,16045
R03197,P00478,MC-5712-0478,スポーツ,0,site_E,2025-12-20,傷や汚れあり,75,105,1994
R03200,P00759,MC-8305-0759,ファッション,0,site_D,2026-02-19,傷や汚れあり,25,71,1828
R03201,P02107,MC-1152-2107,ホビー,0,site_B,2026-01-23,全体的に状態が悪い,384,67,4882
R03202,P01382,MC-1468-1382,ファッション,1,site_E,2025-12-18,傷や汚れあり,7,125,2104
R03203,P01113,MC-9227-1113,ホビー,0,site_D,2025-10-14,新品,89,114,7293
R03204,P00199,MC-2280-0199,ホビー,1,site_E,2026-01-30,新品,195,88,6761
R03205,P01632,MC-6725-1632,スポーツ,1,site_D,2025-12-24,ほぼ新品,30,90,6329
R03206,P01820,MC-9211-1820,スポーツ,0,site_C,2025-10-17,ほぼ新品,357,81,11526
R03207,P00174,MC-7366-0174,家電,1,site_D,2026-02-04,傷や汚れあり,122,120,8757
R03208,P01346,MC-5364-1346,ホビー,1,site_E,2025-11-14,新品,292,32,19234
R03209,P01321,MC-5550-1321,本・音楽,0,site_B,2025-11-20,全体的に状態が悪い,159,89,826
R03210,P01985,MC-5477-1985,スポーツ,2,site_E,2025-12-31,傷や汚れあり,191,54,7332
R03211,P01483,MC-6275-1483,スポーツ,0,site_E,2025-11-12,ほぼ新品,229,25,8038
R03212,P02093,MC-5143-2093,家電,0,site_E,2025-11-16,ほぼ新品,177,93,37470
R03213,P00615,MC-8361-0615,ファッション,0,site_E,2025-10-17,ほぼ新品,298,43,9257
R03214,P00132,MC-6810-0132,ファッション,0,site_B,2025-12-26,ほぼ新品,37,50,6042
R03215,P01429,MC-3197-1429,本・音楽,0,site_A,2026-01-28,ほぼ新品,54,122,1749
R03216,P00029,MC-9108-0029,本・音楽,1,site_B,2025-11-23,ほぼ新品,10,35,860
R03217,P00023,MC-1942-0023,家電,0,site_C,2026-02-16,ほぼ新品,183,18,52680
R03218,P00641,MC-7606-0641,ファッション,1,site_B,2025-12-01,ほぼ新品,103,115,6214
R03219,P00566,MC-3027-0566,ホビー,0,site_E,2025-10-13,傷や汚れあり,247,36,8855
R03220,P00114,MC-7323-0114,ファッション,0,site_E,2026-01-09,新品,214,83,6077
R03221,P01341,MC-7498-1341,家電,0,site_B,2025-11-11,新品,238,84,97849
R03222,P01016,MC-5249-1016,本・音楽,1,site_D,2025-11-03,ほぼ新品,130,20,1360
R03223,P00126,MC-8264-0126,ファッション,1,site_E,2025-11-25,傷や汚れあり,156,76,2284
R03224,P01798,MC-5822-1798,スポーツ,2,site_E,2026-02-27,ほぼ新品,256,93,46267
R03225,P01053,MC-3279-1053,スポーツ,2,site_A,2025-10-17,全体的に状態が悪い,90,94,7361
R03226,P00582,MC-1947-0582,ホビー,0,site_C,2025-12-27,新品,116,18,32333
R03227,P01650,MC-5226-1650,本・音楽,1,site_E,2026-02-14,ほぼ新品,208,122,1458
R03228,P00455,MC-1766-0455,本・音楽,0,site_A,2025-10-28,傷や汚れあり,83,26,1720
R03229,P01577,MC-1081-1577,ファッション,1,site_D,2026-01-04,全体的に状態が悪い,342,44,4292
R03230,P00020,MC-1328-0020,本・音楽,0,site_E,2025-11-30,新品,371,92,1632
R03232,P01852,MC-2704-1852,ファッション,0,site_E,2025-10-12,全体的に状態が悪い,218,52,1658
R03233,P01130,MC-6332-1130,家電,1,site_A,2025-11-14,傷や汚れあり,51,76,18343
R03234,P01751,MC-3948-1751,家電,2,site_E,2025-12-08,ほぼ新品,66,45,42733
R03235,P01966,MC-4758-1966,ホビー,0,site_A,2025-10-21,傷や汚れあり,169,60,3454
R03236,P00762,MC-8564-0762,家電,2,site_A,2026-01-11,傷や汚れあり,175,100,78612
R03237,P00637,MC-1102-0637,ホビー,1,site_D,2025-12-21,全体的に状態が悪い,87,75,3613
R03238,P01753,MC-3586-1753,家電,0,site_B,2026-01-17,傷や汚れあり,25,110,8803
R03240,P00141,MC-5578-0141,スポーツ,0,site_E,2026-01-13,新品,14,28,8762
R03241,P02092,MC-6028-2092,家電,1,site_C,2026-02-01,全体的に状態が悪い,226,70,25237
R03242,P01174,MC-8455-1174,家電,2,site_B,2026-01-24,ほぼ新品,79,45,62239
R03243,P00554,MC-1923-0554,本・音楽,0,site_E,2026-02-11,ほぼ新品,122,41,502
R03246,P01199,MC-1870-1199,スポーツ,0,site_C,2026-02-07,新品,289,18,6004
R03247,P01564,MC-1393-1564,ファッション,0,site_B,2025-11-24,傷や汚れあり,124,50,5439
R03248,P01438,MC-4819-1438,ファッション,1,site_C,2025-10-07,傷や汚れあり,128,62,6897
R03250,P00033,MC-4376-0033,スポーツ,0,site_C,2026-01-23,傷や汚れあり,439,75,3952
R03251,P01043,MC-7555-1043,ホビー,0,site_B,2025-12-23,ほぼ新品,266,93,7264
R03254,P02181,MC-7780-2181,ホビー,2,site_D,2025-11-20,ほぼ新品,196,60,38751
R03255,P01887,MC-2706-1887,ホビー,1,site_D,2025-11-11,新品,17,114,12557
R03256,P02108,MC-5217-2108,ホビー,1,site_B,2026-01-21,新品,52,45,9598
R03257,P01998,MC-1693-1998,家電,1,site_D,2025-12-29,傷や汚れあり,281,74,9391
R03258,P00363,MC-9863-0363,ホビー,1,site_C,2025-12-14,傷や汚れあり,55,112,6587
R03260,P00436,MC-5482-0436,ファッション,1,site_B,2026-01-28,ほぼ新品,219,92,10196
R03265,P01274,MC-4400-1274,スポーツ,0,site_A,2025-12-08,傷や汚れあり,102,60,3869
R03267,P00510,MC-7900-0510,家電,0,site_D,2026-01-23,ほぼ新品,26,67,14504
R03268,P00317,MC-2511-0317,本・音楽,2,site_C,2026-02-25,新品,251,101,1406
R03269,P01628,MC-5839-1628,本・音楽,0,site_D,2026-01-20,ほぼ新品,224,112,905
R03270,P01954,MC-1757-1954,ホビー,2,site_A,2026-01-01,ほぼ新品,142,58,10681
R03271,P01876,MC-9971-1876,家電,1,site_E,2026-01-28,新品,58,49,36888
R03272,P02055,MC-7514-2055,スポーツ,1,site_A,2025-11-01,傷や汚れあり,109,81,7103
R03273,P00130,MC-7301-0130,本・音楽,1,site_A,2026-01-16,ほぼ新品,65,49,2278
R03275,P01290,MC-7751-1290,家電,1,site_D,2025-12-12,傷や汚れあり,90,19,23511
R03276,P00458,MC-4541-0458,家電,2,site_D,2025-11-22,新品,209,88,114819
R03277,P01252,MC-9262-1252,スポーツ,1,site_A,2025-11-11,傷や汚れあり,59,48,9197
R03278,P00381,MC-2419-0381,スポーツ,2,site_A,2025-10-27,傷や汚れあり,489,97,42109
R03280,P00786,MC-2605-0786,スポーツ,0,site_E,2026-01-03,傷や汚れあり,223,63,5422
R03281,P01620,MC-7457-1620,ホビー,0,site_C,2025-12-25,ほぼ新品,79,79,3951
R03282,P01773,MC-3939-1773,スポーツ,0,site_D,2025-12-24,ほぼ新品,81,105,10284
R03283,P00734,MC-3655-0734,ファッション,1,site_B,2025-10-20,傷や汚れあり,266,52,13987
R03284,P01078,MC-5629-1078,ホビー,0,site_E,2025-12-06,ほぼ新品,59,32,25847
R03285,P02034,MC-5474-2034,本・音楽,0,site_D,2026-02-12,ほぼ新品,61,87,945
R03286,P00460,MC-8384-0460,家電,1,site_E,2025-10-12,ほぼ新品,346,28,30926
R03287,P01081,MC-5503-1081,家電,0,site_D,2025-12-26,傷や汚れあり,39,25,5900
R03288,P01026,MC-1901-1026,ファッション,0,site_E,2026-01-25,ほぼ新品,93,21,1986
R03291,P01252,MC-9262-1252,スポーツ,1,site_D,2025-11-08,ほぼ新品,79,64,13000
R03292,P01718,MC-7548-1718,ファッション,0,site_A,2026-01-25,傷や汚れあり,260,35,2542
R03294,P01359,MC-6949-1359,ファッション,1,site_C,2026-01-02,全体的に状態が悪い,115,66,8255
R03295,P01327,MC-1342-1327,スポーツ,1,site_C,2026-01-28,ほぼ新品,88,18,49775
R03297,P01176,MC-9032-1176,本・音楽,1,site_C,2025-12-07,傷や汚れあり,158,67,498
R03298,P00691,MC-4923-0691,スポーツ,2,site_A,2025-11-28,全体的に状態が悪い,133,100,14642
R03300,P01967,MC-1364-1967,ファッション,0,site_E,2025-12-19,傷や汚れあり,159,126,3608
R03301,P01550,MC-9637-1550,家電,0,site_B,2025-11-28,傷や汚れあり,113,129,7310
R03303,P00070,MC-9225-0070,本・音楽,0,site_A,2025-12-06,ほぼ新品,122,55,2063
R03304,P01632,MC-6725-1632,スポーツ,1,site_E,2025-12-22,ほぼ新品,131,19,6429
R03307,P00902,MC-9891-0902,ホビー,2,site_A,2026-01-16,傷や汚れあり,58,78,7258
R03308,P01548,MC-2509-1548,ファッション,1,site_E,2025-11-04,傷や汚れあり,119,41,4375
R03309,P00008,MC-2896-0008,ホビー,0,site_B,2025-12-17,全体的に状態が悪い,198,64,5224
R03310,P00052,MC-5803-0052,ファッション,0,site_E,2025-11-22,傷や汚れあり,122,62,1376
R03311,P02172,MC-4133-2172,ファッション,0,site_B,2026-02-04,傷や汚れあり,183,73,2667
R03312,P01311,MC-1183-1311,ファッション,0,site_B,2026-01-27,全体的に状態が悪い,132,67,3189
R03313,P00229,MC-3454-0229,スポーツ,1,site_C,2026-02-05,傷や汚れあり,52,27,2948
R03314,P02158,MC-9301-2158,ホビー,0,site_A,2026-01-31,傷や汚れあり,83,125,3030
R03315,P01944,MC-1999-1944,ファッション,0,site_C,2026-02-05,全体的に状態が悪い,67,60,2544
R03316,P00116,MC-8508-0116,ファッション,2,site_A,2025-12-22,新品,236,29,28899
R03317,P01518,MC-1778-1518,家電,0,site_C,2025-11-25,全体的に状態が悪い,218,57,20589
R03318,P00852,MC-4719-0852,本・音楽,1,site_C,2026-01-13,全体的に状態が悪い,174,109,1096
R03319,P01362,MC-4035-1362,家電,0,site_A,2025-10-13,全体的に状態が悪い,318,40,9429
R03321,P00033,MC-4376-0033,スポーツ,0,site_E,2026-01-23,ほぼ新品,175,125,4142
R03322,P02026,MC-8992-2026,家電,0,site_B,2026-02-04,新品,89,15,48905
R03323,P01375,MC-4159-1375,本・音楽,0,site_B,2025-10-18,傷や汚れあり,101,95,2001
R03324,P01959,MC-3423-1959,ホビー,0,site_C,2025-12-05,ほぼ新品,196,88,5707
R03325,P00164,MC-1508-0164,スポーツ,0,site_D,2025-11-28,ほぼ新品,59,69,28256
R03327,P00437,MC-7565-0437,スポーツ,2,site_D,2025-12-14,傷や汚れあり,233,58,8480
R03329,P01449,MC-5082-1449,ファッション,1,site_E,2025-11-23,傷や汚れあり,79,105,11397
R03330,P01197,MC-6016-1197,家電,0,site_B,2026-01-26,傷や汚れあり,80,52,33166
R03331,P00515,MC-6924-0515,スポーツ,2,site_D,2026-02-27,全体的に状態が悪い,131,109,3874
R03332,P00821,MC-3789-0821,ホビー,1,site_E,2025-12-21,ほぼ新品,165,85,25765
R03333,P01059,MC-9609-1059,ホビー,1,site_E,2026-01-23,傷や汚れあり,201,28,8295
R03334,P01008,MC-2460-1008,ホビー,0,site_A,2026-02-08,新品,109,80,8693
R03335,P00372,MC-2366-0372,スポーツ,0,site_D,2026-01-14,傷や汚れあり,119,109,8695
R03336,P00384,MC-6779-0384,ファッション,0,site_B,2025-12-23,ほぼ新品,111,73,5801
R03337,P00881,MC-3679-0881,本・音楽,1,site_D,2025-11-24,新品,159,105,2964
R03338,P01331,MC-7652-1331,ファッション,2,site_C,2026-02-08,ほぼ新品,43,75,7282
R03339,P00465,MC-5783-0465,家電,0,site_B,2026-02-08,ほぼ新品,114,88,85798
R03340,P00859,MC-7715-0859,家電,0,site_E,2026-02-12,全体的に状態が悪い,109,63,15304
R03341,P00936,MC-8415-0936,ホビー,1,site_A,2025-12-22,傷や汚れあり,98,28,3828
R03342,P01270,MC-4596-1270,ファッション,0,site_C,2026-02-28,新品,243,51,5977
R03343,P00683,MC-1550-0683,スポーツ,2,site_E,2025-10-09,新品,238,120,26615
R03345,P00986,MC-6617-0986,ファッション,0,site_D,2026-02-11,ほぼ新品,97,72,10893
R03346,P02135,MC-9130-2135,家電,0,site_E,2026-01-18,全体的に状態が悪い,241,26,7138
R03347,P00107,MC-4071-0107,スポーツ,0,site_D,2026-02-06,ほぼ新品,220,117,10784
R03349,P01710,MC-4902-1710,本・音楽,1,site_B,2025-12-10,ほぼ新品,210,68,1489
R03350,P01242,MC-4889-1242,ホビー,1,site_C,2025-11-13,ほぼ新品,186,32,9107
R03351,P00432,MC-5091-0432,家電,1,site_D,2025-12-15,傷や汚れあり,351,120,35264
R03352,P00769,MC-6133-0769,ホビー,0,site_B,2025-11-07,傷や汚れあり,341,60,13192
R03353,P01834,MC-8633-1834,ホビー,0,site_E,2025-11-29,新品,251,18,15203
R03354,P00572,MC-9468-0572,ホビー,0,site_A,2025-12-15,新品,179,116,6280
R03355,P00865,MC-1317-0865,家電,1,site_A,2025-10-09,傷や汚れあり,217,92,15422
R03356,P01930,MC-3668-1930,ホビー,2,site_A,2025-12-07,全体的に状態が悪い,155,72,5981
R03357,P00538,MC-2503-0538,本・音楽,0,site_A,2025-12-20,ほぼ新品,122,121,925
R03358,P00271,MC-7706-0271,家電,1,site_E,2025-12-14,傷や汚れあり,25,93,18727
R03359,P01916,MC-9574-1916,本・音楽,1,site_A,2026-02-16,傷や汚れあり,108,66,1181
R03360,P00945,MC-6637-0945,スポーツ,0,site_C,2026-01-31,新品,163,23,3843
R03361,P00920,MC-5320-0920,スポーツ,1,site_E,2026-02-05,ほぼ新品,108,105,6577
R03362,P01521,MC-8435-1521,ホビー,2,site_E,2026-02-25,傷や汚れあり,152,116,2922
R03364,P02018,MC-1302-2018,ホビー,0,site_A,2025-10-30,ほぼ新品,127,69,21966
R03366,P01348,MC-5957-1348,ファッション,1,site_A,2025-12-06,全体的に状態が悪い,111,87,1597
R03367,P00006,MC-4408-0006,家電,0,site_B,2025-11-25,傷や汚れあり,35,51,9214
R03368,P02147,MC-7921-2147,家電,0,site_B,2026-02-23,傷や汚れあり,107,87,34490
R03369,P01974,MC-8519-1974,ホビー,0,site_A,2026-01-04,ほぼ新品,55,40,4532
R03370,P00058,MC-3878-0058,本・音楽,1,site_E,2026-01-06,ほぼ新品,226,81,1961
R03371,P01019,MC-6416-1019,スポーツ,1,site_A,2026-02-03,新品,97,31,21670
R03372,P01679,MC-7580-1679,家電,1,site_C,2026-02-02,ほぼ新品,143,66,68176
R03373,P00307,MC-3250-0307,スポーツ,0,site_A,2025-10-29,傷や汚れあり,112,111,8073
R03374,P00394,MC-7032-0394,家電,0,site_D,2025-10-20,傷や汚れあり,152,19,10043
R03375,P00827,MC-3373-0827,本・音楽,0,site_C,2025-11-17,ほぼ新品,272,105,620
R03376,P00915,MC-3426-0915,スポーツ,0,site_C,2026-02-20,傷や汚れあり,92,91,4089
R03377,P01330,MC-7022-1330,ホビー,0,site_A,2026-01-22,新品,93,112,11931
R03378,P00314,MC-7513-0314,本・音楽,1,site_C,2025-11-07,ほぼ新品,100,16,553
R03379,P01640,MC-3266-1640,ホビー,1,site_C,2026-01-22,新品,528,109,24163
R03381,P00442,MC-9585-0442,スポーツ,0,site_C,2025-10-15,ほぼ新品,297,82,12025
R03382,P01174,MC-8455-1174,家電,2,site_C,2026-01-27,新品,52,60,109006
R03383,P00471,MC-9549-0471,ファッション,0,site_C,2025-12-17,ほぼ新品,176,63,14399
R03384,P00088,MC-7814-0088,ファッション,0,site_C,2025-11-04,全体的に状態が悪い,42,129,1895
R03385,P01196,MC-5792-1196,ファッション,2,site_A,2025-10-20,ほぼ新品,36,123,13147
R03386,P01727,MC-7058-1727,家電,1,site_C,2025-11-22,ほぼ新品,90,57,57318
R03387,P01983,MC-3095-1983,ファッション,0,site_E,2025-12-07,ほぼ新品,53,94,2733
R03388,P01066,MC-7374-1066,ファッション,2,site_D,2026-01-23,傷や汚れあり,241,45,26964
R03389,P00893,MC-2972-0893,ファッション,0,site_C,2026-01-10,全体的に状態が悪い,54,91,1957
R03390,P01098,MC-7349-1098,家電,0,site_D,2025-10-08,ほぼ新品,257,64,27121
R03391,P02156,MC-3449-2156,本・音楽,1,site_D,2025-12-11,ほぼ新品,158,109,1275
R03394,P01636,MC-6480-1636,家電,0,site_C,2025-11-23,傷や汚れあり,267,101,14303
R03396,P01631,MC-6022-1631,ホビー,0,site_C,2026-01-19,新品,167,115,7200
R03398,P00463,MC-6485-0463,本・音楽,0,site_A,2026-01-18,傷や汚れあり,69,33,648
R03399,P01609,MC-5097-1609,ファッション,0,site_D,2025-10-12,傷や汚れあり,404,127,3019
R03402,P00590,MC-4799-0590,家電,1,site_B,2025-11-22,ほぼ新品,172,28,24966
R03403,P00406,MC-3325-0406,ホビー,0,site_E,2025-12-05,ほぼ新品,186,58,9446
R03404,P00082,MC-1421-0082,本・音楽,1,site_A,2026-02-20,ほぼ新品,224,114,1111
R03406,P00920,MC-5320-0920,スポーツ,1,site_A,2026-02-10,ほぼ新品,187,118,8994
R03407,P02050,MC-4348-2050,スポーツ,1,site_B,2025-12-28,全体的に状態が悪い,112,54,4099
R03409,P00294,MC-5277-0294,スポーツ,1,site_E,2025-11-26,傷や汚れあり,375,21,17094
R03410,P00221,MC-4500-0221,スポーツ,2,site_E,2026-02-24,ほぼ新品,172,63,4929
R03411,P00122,MC-8890-0122,ホビー,0,site_A,2025-10-23,傷や汚れあり,101,81,3606
R03412,P00506,MC-8383-0506,ホビー,0,site_C,2026-02-24,全体的に状態が悪い,111,102,2001
R03413,P01591,MC-1121-1591,ファッション,0,site_D,2025-11-26,傷や汚れあり,212,75,4770
R03414,P02044,MC-1392-2044,本・音楽,2,site_D,2025-12-28,ほぼ新品,202,78,3251
R03416,P00394,MC-7032-0394,家電,0,site_E,2025-10-19,傷や汚れあり,361,31,12508
R03417,P00571,MC-8947-0571,ホビー,1,site_A,2026-02-14,ほぼ新品,192,77,11962
R03418,P01307,MC-6225-1307,家電,2,site_A,2025-11-30,全体的に状態が悪い,148,116,14718
R03419,P01821,MC-8340-1821,スポーツ,1,site_E,2025-11-08,ほぼ新品,27,107,10831
R03420,P02049,MC-9001-2049,家電,1,site_D,2025-11-26,ほぼ新品,62,40,23117
R03421,P00703,MC-3115-0703,ファッション,1,site_B,2026-02-16,傷や汚れあり,246,83,5390
R03422,P00248,MC-8525-0248,ホビー,0,site_D,2025-11-29,新品,50,96,16338
R03423,P00400,MC-7206-0400,スポーツ,0,site_C,2026-02-28,傷や汚れあり,222,70,4542
R03424,P00309,MC-8672-0309,スポーツ,2,site_B,2026-02-09,新品,193,76,36267
R03425,P01745,MC-5490-1745,家電,2,site_C,2025-10-28,ほぼ新品,176,37,136384
R03426,P00460,MC-8384-0460,家電,1,site_B,2025-10-13,新品,60,110,53690
R03427,P00640,MC-3991-0640,ホビー,1,site_B,2026-01-24,全体的に状態が悪い,73,73,4745
R03428,P00370,MC-8454-0370,家電,0,site_C,2025-11-07,新品,68,52,31714
R03429,P01789,MC-6609-1789,家電,0,site_C,2025-11-21,新品,116,90,38748
R03431,P01182,MC-1904-1182,ファッション,2,site_C,2026-01-09,新品,188,97,28099
R03432,P01454,MC-2080-1454,ファッション,0,site_E,2025-12-12,ほぼ新品,131,126,7204
R03433,P01964,MC-9014-1964,スポーツ,1,site_C,2025-10-05,新品,99,33,9522
R03434,P02080,MC-7597-2080,ファッション,0,site_A,2025-12-20,ほぼ新品,106,129,3764
R03435,P02058,MC-8260-2058,本・音楽,0,site_E,2026-02-18,傷や汚れあり,62,48,2178
R03436,P00207,MC-6918-0207,本・音楽,0,site_E,2026-02-17,全体的に状態が悪い,140,81,763
R03437,P02146,MC-7199-2146,ファッション,0,site_E,2025-11-04,ほぼ新品,238,127,7117
R03438,P00498,MC-3529-0498,ファッション,0,site_C,2026-01-20,新品,112,53,8519
R03439,P02137,MC-4319-2137,ホビー,1,site_C,2025-11-14,傷や汚れあり,89,27,1438
R03441,P00930,MC-1290-0930,家電,0,site_A,2025-11-13,ほぼ新品,24,115,19350
R03442,P00750,MC-8355-0750,スポーツ,1,site_B,2025-11-24,傷や汚れあり,131,105,6976
R03443,P00675,MC-5112-0675,ホビー,2,site_D,2026-02-10,傷や汚れあり,102,74,5030
R03444,P02181,MC-7780-2181,ホビー,2,site_C,2025-11-21,傷や汚れあり,318,122,7325
R03445,P01481,MC-1473-1481,スポーツ,0,site_B,2026-01-30,傷や汚れあり,149,116,3734
R03446,P00857,MC-6968-0857,スポーツ,1,site_E,2025-10-21,傷や汚れあり,25,27,9290
R03447,P02187,MC-7565-2187,ファッション,0,site_D,2025-11-14,全体的に状態が悪い,349,106,6625
R03448,P01238,MC-6399-1238,ホビー,0,site_C,2026-01-16,ほぼ新品,151,17,10206
R03449,P01400,MC-6191-1400,ファッション,0,site_C,2026-02-22,新品,61,94,4115
R03450,P01353,MC-4277-1353,スポーツ,0,site_A,2026-01-27,新品,82,53,19897
R03451,P01575,MC-4343-1575,スポーツ,1,site_B,2025-11-24,傷や汚れあり,33,93,3566
R03452,P01524,MC-9840-1524,ホビー,2,site_A,2026-01-16,新品,81,90,21747
R03453,P01946,MC-6306-1946,ファッション,1,site_B,2025-10-18,傷や汚れあり,159,49,3479
R03455,P00068,MC-8092-0068,家電,2,site_B,2025-10-30,傷や汚れあり,129,26,85931
R03456,P00661,MC-9507-0661,ホビー,0,site_B,2025-10-08,新品,25,46,19264
R03457,P00990,MC-4198-0990,本・音楽,0,site_D,2025-10-08,傷や汚れあり,227,109,1549
R03458,P01549,MC-4052-1549,ホビー,2,site_A,2025-11-10,傷や汚れあり,208,48,3302
R03459,P00145,MC-5641-0145,スポーツ,0,site_A,2026-02-02,傷や汚れあり,112,18,2705
R03460,P00201,MC-1560-0201,ファッション,1,site_D,2026-02-10,傷や汚れあり,203,82,5571
R03461,P01360,MC-6926-1360,本・音楽,2,site_A,2026-01-20,ほぼ新品,223,84,5084
R03463,P00474,MC-7253-0474,家電,2,site_A,2025-11-24,傷や汚れあり,338,29,65002
R03464,P01315,MC-2459-1315,スポーツ,1,site_A,2025-10-22,傷や汚れあり,54,36,11345
R03466,P00583,MC-4622-0583,家電,0,site_C,2025-11-14,ほぼ新品,209,60,75345
R03467,P01237,MC-2850-1237,スポーツ,1,site_B,2025-12-26,傷や汚れあり,244,115,21900
R03468,P01650,MC-5226-1650,本・音楽,1,site_D,2026-02-13,傷や汚れあり,684,40,1985
R03469,P02023,MC-8212-2023,ファッション,0,site_C,2025-11-07,ほぼ新品,11,39,18735
R03470,P01606,MC-5144-1606,ファッション,2,site_D,2025-12-28,傷や汚れあり,91,91,5555
R03471,P01555,MC-5712-1555,家電,2,site_D,2026-01-27,傷や汚れあり,95,126,56482
R03472,P01838,MC-8408-1838,本・音楽,1,site_A,2025-10-16,傷や汚れあり,185,107,3568
R03473,P01364,MC-8845-1364,スポーツ,0,site_A,2025-11-24,傷や汚れあり,50,72,24625
R03474,P00356,MC-9097-0356,ホビー,0,site_D,2025-11-26,新品,87,40,16858
R03475,P00796,MC-9855-0796,本・音楽,1,site_A,2026-01-23,全体的に状態が悪い,201,125,1040
R03476,P00967,MC-5708-0967,家電,1,site_C,2026-01-24,傷や汚れあり,259,119,16101
R03477,P00186,MC-8993-0186,ホビー,1,site_B,2025-10-14,ほぼ新品,65,16,17643
R03478,P01428,MC-2198-1428,家電,0,site_D,2025-11-30,傷や汚れあり,138,27,15096
R03480,P01388,MC-7079-1388,家電,0,site_B,2025-12-27,傷や汚れあり,257,116,25588
R03481,P02179,MC-1426-2179,ホビー,1,site_D,2025-11-29,ほぼ新品,238,57,28360
R03482,P01988,MC-9761-1988,ファッション,0,site_D,2025-12-06,ほぼ新品,117,70,7599
R03483,P00923,MC-8248-0923,ファッション,0,site_D,2026-02-13,ほぼ新品,88,82,2138
R03485,P00679,MC-2123-0679,ホビー,1,site_E,2026-02-21,新品,409,69,22548
R03486,P00571,MC-8947-0571,ホビー,1,site_B,2026-02-10,傷や汚れあり,129,21,3335
R03487,P00665,MC-7564-0665,ファッション,2,site_D,2025-12-02,傷や汚れあり,25,106,18408
R03488,P00009,MC-5986-0009,本・音楽,1,site_D,2025-11-26,新品,23,129,981
R03489,P01079,MC-6981-1079,ファッション,1,site_E,2025-11-21,ほぼ新品,79,120,5587
R03491,P01440,MC-7926-1440,スポーツ,1,site_B,2025-11-16,全体的に状態が悪い,175,57,7408
R03492,P00998,MC-8631-0998,スポーツ,0,site_C,2025-11-29,ほぼ新品,116,121,13371
R03493,P00031,MC-2082-0031,家電,0,site_A,2026-02-16,傷や汚れあり,270,99,20488
R03494,P02177,MC-6825-2177,ファッション,1,site_B,2025-12-08,ほぼ新品,223,107,16947
R03495,P01013,MC-8958-1013,家電,1,site_E,2025-10-26,全体的に状態が悪い,195,111,8471
R03496,P02018,MC-1302-2018,ホビー,0,site_D,2025-10-26,傷や汚れあり,258,107,13597
R03497,P02057,MC-9373-2057,ファッション,0,site_A,2025-10-13,傷や汚れあり,98,124,7270
R03498,P00070,MC-9225-0070,本・音楽,0,site_C,2025-12-03,全体的に状態が悪い,106,52,943
R03500,P00899,MC-6829-0899,ホビー,2,site_C,2025-11-30,ほぼ新品,73,125,20502
R03502,P00616,MC-6408-0616,ファッション,0,site_D,2026-01-17,傷や汚れあり,59,63,3683
R03503,P01090,MC-9154-1090,家電,0,site_D,2026-01-12,ほぼ新品,164,66,26276
R03504,P01875,MC-3460-1875,ホビー,0,site_E,2025-12-08,新品,106,98,14055
R03506,P01937,MC-2455-1937,家電,0,site_E,2025-12-29,ほぼ新品,227,39,56555
R03507,P01234,MC-3235-1234,家電,0,site_C,2025-11-12,傷や汚れあり,283,94,39424
R03508,P00041,MC-6487-0041,ファッション,2,site_E,2025-12-05,ほぼ新品,43,16,6918
R03509,P01812,MC-4820-1812,本・音楽,0,site_E,2025-11-20,新品,166,49,2804
R03510,P01950,MC-1329-1950,ファッション,0,site_C,2025-11-27,全体的に状態が悪い,166,40,1294
R03511,P01896,MC-3397-1896,家電,0,site_D,2025-11-04,傷や汚れあり,182,31,22950
R03512,P00679,MC-2123-0679,ホビー,1,site_C,2026-02-23,ほぼ新品,261,127,12030
R03513,P00776,MC-1246-0776,ホビー,0,site_A,2025-12-03,ほぼ新品,131,110,6877
R03515,P01246,MC-9506-1246,スポーツ,0,site_D,2025-11-13,全体的に状態が悪い,195,75,8559
R03516,P01224,MC-7890-1224,本・音楽,0,site_E,2025-10-17,傷や汚れあり,235,71,3426
R03518,P01446,MC-5497-1446,ファッション,0,site_E,2026-02-23,傷や汚れあり,155,64,3088
R03519,P01524,MC-9840-1524,ホビー,2,site_D,2026-01-18,ほぼ新品,86,67,13293
R03520,P00155,MC-9813-0155,家電,1,site_A,2025-11-13,ほぼ新品,132,69,45834
R03521,P01701,MC-7516-1701,本・音楽,0,site_C,2025-10-12,全体的に状態が悪い,104,93,1112
R03522,P02196,MC-2108-2196,ファッション,0,site_B,2026-01-11,ほぼ新品,134,93,2421
R03523,P00751,MC-8350-0751,本・音楽,1,site_E,2026-02-02,全体的に状態が悪い,69,51,3496
R03525,P00924,MC-6548-0924,本・音楽,2,site_B,2026-01-05,全体的に状態が悪い,121,83,1830
R03526,P01748,MC-6182-1748,ファッション,0,site_C,2025-12-24,傷や汚れあり,160,26,2981
R03527,P01438,MC-4819-1438,ファッション,1,site_E,2025-10-09,新品,96,94,19752
R03528,P00969,MC-3429-0969,家電,0,site_B,2025-11-26,新品,165,15,26225
R03529,P01179,MC-2560-1179,ホビー,1,site_B,2026-01-21,新品,96,95,16431
R03530,P01640,MC-3266-1640,ホビー,1,site_A,2026-01-19,ほぼ新品,124,117,13341
R03531,P00549,MC-2468-0549,家電,1,site_D,2025-12-29,傷や汚れあり,168,124,25126
R03532,P02183,MC-6715-2183,ファッション,0,site_E,2025-12-18,全体的に状態が悪い,174,125,755
R03533,P01037,MC-5427-1037,スポーツ,0,site_A,2026-01-12,新品,176,55,11282
R03534,P00871,MC-2201-0871,ファッション,0,site_A,2026-02-03,ほぼ新品,76,43,3350
R03535,P01708,MC-4048-1708,ホビー,1,site_C,2026-02-23,ほぼ新品,38,62,8296
R03536,P01598,MC-2169-1598,スポーツ,0,site_E,2025-10-17,新品,77,16,11045
R03537,P00700,MC-3438-0700,家電,0,site_C,2025-11-30,全体的に状態が悪い,25,104,9928
R03538,P01284,MC-2680-1284,スポーツ,0,site_C,2025-11-19,新品,348,102,19484
R03539,P00796,MC-9855-0796,本・音楽,1,site_D,2026-01-25,ほぼ新品,202,79,2077
R03540,P01080,MC-2683-1080,ホビー,1,site_C,2026-01-16,新品,309,67,40785
R03541,P00633,MC-8589-0633,スポーツ,0,site_E,2025-11-03,傷や汚れあり,80,39,6983
R03542,P02043,MC-6134-2043,本・音楽,0,site_E,2026-02-28,ほぼ新品,10,25,750
R03543,P01693,MC-1796-1693,ホビー,0,site_D,2025-11-13,傷や汚れあり,138,89,3682
R03545,P00364,MC-7883-0364,ホビー,1,site_D,2025-11-08,ほぼ新品,307,51,44317
R03546,P01833,MC-3985-1833,ホビー,0,site_A,2026-01-17,傷や汚れあり,108,54,1491
R03547,P00833,MC-6542-0833,ファッション,0,site_B,2026-01-03,ほぼ新品,71,33,3219
R03548,P00112,MC-9881-0112,ファッション,1,site_D,2025-12-08,傷や汚れあり,115,31,5896
R03549,P00003,MC-4641-0003,本・音楽,0,site_D,2025-11-04,全体的に状態が悪い,229,101,1021
R03552,P01805,MC-4757-1805,ファッション,1,site_C,2025-12-09,ほぼ新品,270,86,23840
R03553,P00255,MC-8486-0255,家電,0,site_E,2025-10-24,新品,183,105,92466
R03554,P01864,MC-6134-1864,ファッション,1,site_B,2026-02-16,ほぼ新品,306,25,18822
R03555,P01697,MC-6052-1697,本・音楽,0,site_E,2025-10-22,新品,97,86,511
R03556,P00750,MC-8355-0750,スポーツ,1,site_D,2025-11-24,傷や汚れあり,113,109,5684
R03557,P00225,MC-5425-0225,ホビー,0,site_A,2025-11-14,ほぼ新品,40,81,20069
R03558,P00229,MC-3454-0229,スポーツ,1,site_E,2026-02-06,ほぼ新品,294,86,7862
R03560,P01738,MC-5688-1738,家電,1,site_C,2026-02-09,ほぼ新品,52,32,32612
R03561,P01988,MC-9761-1988,ファッション,0,site_C,2025-12-02,新品,23,129,4854
R03562,P02054,MC-4669-2054,スポーツ,0,site_B,2025-10-13,傷や汚れあり,182,32,20456
R03563,P01069,MC-6861-1069,本・音楽,1,site_D,2025-12-15,ほぼ新品,192,69,3649
R03564,P01654,MC-6476-1654,本・音楽,0,site_D,2026-01-30,新品,415,112,10790
R03565,P00315,MC-9001-0315,ファッション,2,site_A,2026-02-05,全体的に状態が悪い,196,128,16779
R03566,P00911,MC-5169-0911,スポーツ,2,site_A,2026-01-16,傷や汚れあり,88,95,16357
R03567,P00694,MC-5738-0694,家電,2,site_A,2026-02-28,ほぼ新品,225,129,257383
R03568,P01074,MC-1606-1074,ファッション,0,site_C,2026-01-17,ほぼ新品,522,24,7504
R03570,P01116,MC-2169-1116,本・音楽,1,site_A,2026-02-05,ほぼ新品,84,109,1115
R03571,P00945,MC-6637-0945,スポーツ,0,site_E,2026-01-28,ほぼ新品,106,77,3798
R03572,P00243,MC-2301-0243,ホビー,0,site_A,2026-01-21,傷や汚れあり,77,53,1701
R03574,P01580,MC-3874-1580,本・音楽,0,site_E,2025-11-24,傷や汚れあり,501,45,4855
R03575,P01887,MC-2706-1887,ホビー,1,site_E,2025-11-09,全体的に状態が悪い,103,49,3337
R03576,P01452,MC-6827-1452,家電,1,site_D,2026-01-15,ほぼ新品,345,126,44247
R03577,P01337,MC-4938-1337,ファッション,1,site_D,2026-01-17,全体的に状態が悪い,158,91,4368
R03578,P00247,MC-3058-0247,本・音楽,2,site_B,2026-01-25,傷や汚れあり,225,66,4906
R03579,P01438,MC-4819-1438,ファッション,1,site_A,2025-10-06,ほぼ新品,166,42,16857
R03582,P01896,MC-3397-1896,家電,0,site_E,2025-11-01,全体的に状態が悪い,116,36,11890
R03584,P00126,MC-8264-0126,ファッション,1,site_B,2025-11-30,新品,50,35,5013
R03585,P01205,MC-9288-1205,スポーツ,1,site_C,2026-01-24,傷や汚れあり,131,40,2941
R03586,P00179,MC-9712-0179,スポーツ,0,site_A,2026-01-22,傷や汚れあり,163,82,2098
R03588,P00914,MC-3285-0914,スポーツ,1,site_E,2025-10-25,傷や汚れあり,318,69,10786
R03589,P00270,MC-5092-0270,ファッション,0,site_A,2025-11-18,傷や汚れあり,202,89,4874
R03590,P00816,MC-7214-0816,スポーツ,0,site_E,2025-10-13,傷や汚れあり,312,50,12531
R03591,P01460,MC-1814-1460,スポーツ,1,site_D,2025-12-23,全体的に状態が悪い,92,99,10558
R03592,P00381,MC-2419-0381,スポーツ,2,site_B,2025-10-30,新品,425,88,78546
R03593,P00775,MC-8670-0775,ファッション,2,site_B,2026-01-05,傷や汚れあり,36,22,2870
R03595,P00477,MC-6061-0477,ファッション,1,site_C,2026-01-29,傷や汚れあり,141,59,3394
R03596,P01789,MC-6609-1789,家電,0,site_E,2025-11-18,傷や汚れあり,58,24,16129
R03598,P00630,MC-5142-0630,ホビー,0,site_D,2025-12-26,傷や汚れあり,60,101,3322
R03599,P01605,MC-7015-1605,スポーツ,0,site_B,2025-11-05,全体的に状態が悪い,326,64,6604
R03600,P01836,MC-7706-1836,ファッション,2,site_C,2026-02-06,傷や汚れあり,89,32,5458
R03601,P02091,MC-1903-2091,スポーツ,0,site_D,2025-12-11,全体的に状態が悪い,193,18,7761
R03603,P00658,MC-4571-0658,ファッション,2,site_D,2026-01-04,全体的に状態が悪い,157,40,9311
R03604,P01189,MC-8062-1189,ホビー,1,site_E,2025-11-01,傷や汚れあり,136,118,5991
R03605,P00045,MC-7486-0045,家電,1,site_A,2025-10-12,新品,101,35,289686
R03607,P01446,MC-5497-1446,ファッション,0,site_B,2026-02-24,全体的に状態が悪い,138,62,1646
R03608,P00447,MC-4320-0447,ファッション,0,site_E,2026-01-13,ほぼ新品,247,48,4242
R03609,P01971,MC-3039-1971,スポーツ,0,site_E,2026-01-27,傷や汚れあり,96,59,9223
R03610,P01242,MC-4889-1242,ホビー,1,site_D,2025-11-11,傷や汚れあり,59,74,3904
R03611,P01168,MC-3190-1168,ファッション,1,site_C,2025-12-10,傷や汚れあり,80,40,2394
R03612,P01644,MC-2091-1644,ホビー,1,site_C,2026-02-25,新品,144,105,11197
R03613,P02038,MC-2015-2038,本・音楽,1,site_C,2025-11-01,新品,251,114,1707
R03614,P01451,MC-1970-1451,ホビー,0,site_E,2025-10-20,新品,218,86,11512
R03615,P01241,MC-8468-1241,ホビー,1,site_D,2026-01-11,新品,103,59,25335
R03616,P01027,MC-3719-1027,家電,2,site_B,2026-01-27,ほぼ新品,117,38,133747
R03617,P02121,MC-9098-2121,ホビー,1,site_E,2025-10-05,新品,152,122,11678
R03618,P00971,MC-9066-0971,ホビー,0,site_E,2025-10-28,ほぼ新品,86,51,14010
R03619,P00365,MC-4502-0365,ファッション,1,site_D,2026-02-26,ほぼ新品,289,58,18347
R03620,P00961,MC-8615-0961,家電,1,site_E,2025-11-17,新品,128,65,45234
R03621,P01942,MC-5696-1942,ファッション,1,site_C,2025-12-22,傷や汚れあり,306,15,1964
R03622,P01671,MC-9636-1671,ファッション,2,site_D,2025-11-13,全体的に状態が悪い,172,57,6608
R03623,P01656,MC-1360-1656,家電,0,site_D,2026-01-25,ほぼ新品,67,18,17062
R03626,P01556,MC-7533-1556,ファッション,1,site_B,2025-10-07,ほぼ新品,180,92,10327
R03627,P00902,MC-9891-0902,ホビー,2,site_C,2026-01-17,傷や汚れあり,11,97,5280
R03628,P00859,MC-7715-0859,家電,0,site_D,2026-02-11,ほぼ新品,223,37,74032
R03629,P00585,MC-9585-0585,本・音楽,0,site_E,2026-02-09,ほぼ新品,193,109,1042
R03630,P00114,MC-7323-0114,ファッション,0,site_D,2026-01-12,新品,303,49,4448
R03631,P00456,MC-2066-0456,ファッション,0,site_C,2026-01-08,傷や汚れあり,114,125,802
R03632,P01993,MC-1718-1993,ホビー,1,site_E,2026-01-10,傷や汚れあり,82,64,5481
R03634,P00972,MC-2442-0972,ホビー,1,site_B,2026-01-19,傷や汚れあり,36,67,8901
R03635,P01989,MC-6081-1989,ホビー,1,site_A,2026-01-04,傷や汚れあり,143,127,2480
R03636,P00821,MC-3789-0821,ホビー,1,site_A,2025-12-23,新品,137,84,29418
R03637,P01066,MC-7374-1066,ファッション,2,site_A,2026-01-21,ほぼ新品,140,92,38679
R03638,P01463,MC-2550-1463,本・音楽,0,site_E,2025-11-10,ほぼ新品,121,15,941
R03639,P01660,MC-8934-1660,ホビー,0,site_E,2025-12-01,全体的に状態が悪い,270,52,6290
R03640,P00321,MC-2834-0321,ファッション,0,site_A,2026-02-07,傷や汚れあり,77,106,3377
R03641,P00589,MC-7446-0589,ファッション,0,site_A,2025-11-13,ほぼ新品,301,117,7740
R03642,P01632,MC-6725-1632,スポーツ,1,site_B,2025-12-23,ほぼ新品,165,89,6818
R03644,P01927,MC-5504-1927,家電,0,site_E,2025-12-24,ほぼ新品,587,108,84673
R03645,P00248,MC-8525-0248,ホビー,0,site_C,2025-11-29,傷や汚れあり,154,121,6646
R03647,P01303,MC-9965-1303,ホビー,1,site_B,2025-11-13,傷や汚れあり,99,42,8003
R03648,P00207,MC-6918-0207,本・音楽,0,site_D,2026-02-17,ほぼ新品,128,43,958
R03649,P00198,MC-2228-0198,ファッション,1,site_D,2026-01-17,新品,391,15,9705
R03650,P01090,MC-9154-1090,家電,0,site_B,2026-01-17,ほぼ新品,135,79,26489
R03652,P00483,MC-6898-0483,スポーツ,0,site_C,2025-11-11,全体的に状態が悪い,162,91,10710
R03653,P00000,MC-6740-0000,ファッション,0,site_C,2026-02-09,ほぼ新品,393,72,11959
R03654,P02169,MC-7061-2169,スポーツ,0,site_A,2026-02-17,ほぼ新品,272,128,25654
R03655,P00201,MC-1560-0201,ファッション,1,site_E,2026-02-12,ほぼ新品,119,58,6092
R03656,P00538,MC-2503-0538,本・音楽,0,site_D,2025-12-25,傷や汚れあり,172,79,1318
R03657,P01345,MC-1644-1345,スポーツ,0,site_B,2025-12-07,新品,27,16,4913
R03658,P00058,MC-3878-0058,本・音楽,1,site_A,2026-01-10,ほぼ新品,269,47,1898
R03659,P01607,MC-5354-1607,家電,0,site_A,2025-11-03,ほぼ新品,356,75,106978
R03661,P01879,MC-1565-1879,ファッション,0,site_D,2025-11-10,傷や汚れあり,106,89,2696
R03662,P00653,MC-1529-0653,家電,1,site_E,2025-11-14,ほぼ新品,208,65,58448
R03663,P01051,MC-1394-1051,スポーツ,0,site_A,2026-01-23,全体的に状態が悪い,90,42,5154
R03664,P01516,MC-3238-1516,スポーツ,0,site_C,2025-10-16,ほぼ新品,117,126,20857
R03665,P01697,MC-6052-1697,本・音楽,0,site_D,2025-10-24,新品,78,125,664
R03666,P00887,MC-8118-0887,本・音楽,2,site_E,2026-02-20,全体的に状態が悪い,126,56,579
R03667,P01216,MC-5065-1216,本・音楽,1,site_D,2025-10-15,傷や汚れあり,76,59,1218
R03668,P01436,MC-7396-1436,ファッション,1,site_D,2025-10-13,全体的に状態が悪い,66,36,3524
R03669,P00131,MC-8970-0131,家電,0,site_C,2026-01-28,傷や汚れあり,112,33,9388
R03670,P00456,MC-2066-0456,ファッション,0,site_B,2026-01-06,傷や汚れあり,249,93,996
R03672,P01414,MC-9438-1414,ホビー,2,site_C,2025-12-10,新品,227,67,31380
R03673,P00924,MC-6548-0924,本・音楽,2,site_A,2026-01-09,新品,51,92,2165
R03674,P00178,MC-1007-0178,家電,1,site_A,2025-10-15,全体的に状態が悪い,38,109,12119
R03675,P00406,MC-3325-0406,ホビー,0,site_C,2025-12-03,ほぼ新品,111,91,6494
R03676,P01583,MC-7203-1583,ファッション,2,site_E,2025-12-13,ほぼ新品,64,106,20457
R03677,P00000,MC-6740-0000,ファッション,0,site_A,2026-02-10,ほぼ新品,404,88,14450
R03678,P00162,MC-9660-0162,ファッション,2,site_A,2026-01-21,傷や汚れあり,11,43,6402
R03679,P02124,MC-1211-2124,家電,0,site_D,2025-11-09,ほぼ新品,349,22,87391
R03680,P00050,MC-7355-0050,ホビー,1,site_D,2025-10-21,ほぼ新品,104,17,5560
R03681,P01314,MC-4638-1314,本・音楽,2,site_A,2026-02-07,新品,254,60,2844
R03682,P01414,MC-9438-1414,ホビー,2,site_A,2025-12-09,傷や汚れあり,85,69,8343
R03684,P00619,MC-6718-0619,本・音楽,2,site_B,2026-02-27,傷や汚れあり,60,54,1717
R03685,P00721,MC-8841-0721,ファッション,1,site_D,2026-02-26,新品,68,50,9741
R03686,P00821,MC-3789-0821,ホビー,1,site_B,2025-12-25,ほぼ新品,434,82,37118
R03687,P00334,MC-5780-0334,家電,0,site_A,2025-12-29,新品,97,22,72494
R03688,P01534,MC-5276-1534,ファッション,2,site_B,2025-10-23,傷や汚れあり,39,103,3846
R03690,P00943,MC-5174-0943,家電,0,site_E,2025-10-08,新品,8,95,74746
R03691,P01162,MC-5770-1162,スポーツ,0,site_E,2026-02-02,ほぼ新品,144,39,24653
R03692,P01452,MC-6827-1452,家電,1,site_E,2026-01-13,傷や汚れあり,55,37,17851
R03693,P01697,MC-6052-1697,本・音楽,0,site_A,2025-10-25,傷や汚れあり,29,119,379
R03694,P01268,MC-8097-1268,ホビー,0,site_A,2026-02-15,ほぼ新品,157,84,9374
R03696,P01039,MC-3321-1039,ホビー,0,site_A,2025-11-30,傷や汚れあり,219,70,5612
R03697,P00904,MC-2486-0904,ホビー,1,site_D,2025-12-24,新品,223,52,13791
R03698,P01684,MC-3300-1684,ファッション,2,site_A,2025-12-01,ほぼ新品,391,92,18891
R03699,P01619,MC-7821-1619,ホビー,0,site_C,2025-11-09,傷や汚れあり,15,67,6408
R03700,P02101,MC-9287-2101,家電,1,site_E,2026-02-03,ほぼ新品,222,116,147986
R03701,P00167,MC-2452-0167,本・音楽,0,site_A,2026-02-19,全体的に状態が悪い,38,29,1562
R03702,P02000,MC-1353-2000,スポーツ,0,site_A,2026-02-07,全体的に状態が悪い,115,17,4534
R03704,P00009,MC-5986-0009,本・音楽,1,site_E,2025-11-25,ほぼ新品,160,101,555
R03705,P01994,MC-7717-1994,ホビー,1,site_A,2025-10-12,全体的に状態が悪い,73,123,3518
R03706,P01822,MC-3905-1822,スポーツ,1,site_D,2026-01-19,新品,116,70,12084
R03707,P01678,MC-5271-1678,ファッション,1,site_D,2026-02-06,傷や汚れあり,127,40,5994
R03708,P01366,MC-5668-1366,家電,0,site_E,2025-12-12,傷や汚れあり,126,83,24021
R03709,P01464,MC-9929-1464,ファッション,1,site_E,2026-02-22,新品,70,31,10648
R03710,P02025,MC-8581-2025,本・音楽,1,site_C,2026-02-26,ほぼ新品,184,121,3062
R03711,P01179,MC-2560-1179,ホビー,1,site_E,2026-01-23,ほぼ新品,29,19,10871
R03713,P00526,MC-4368-0526,本・音楽,1,site_B,2025-11-13,ほぼ新品,72,56,1391
R03714,P01015,MC-7882-1015,スポーツ,0,site_A,2026-02-27,傷や汚れあり,86,116,5002
R03715,P00364,MC-7883-0364,ホビー,1,site_C,2025-11-03,傷や汚れあり,174,68,10996
R03716,P01010,MC-3430-1010,ホビー,0,site_B,2026-02-06,傷や汚れあり,136,22,5594
R03717,P00350,MC-7065-0350,ファッション,1,site_A,2025-12-31,ほぼ新品,300,79,20969
R03718,P00898,MC-2343-0898,ホビー,0,site_D,2025-11-22,新品,85,32,52719
R03721,P00119,MC-6420-0119,ホビー,1,site_B,2025-10-22,新品,87,16,19955
R03722,P00469,MC-3260-0469,家電,0,site_B,2025-10-12,新品,134,68,91613
R03723,P01890,MC-7231-1890,スポーツ,0,site_B,2025-11-10,傷や汚れあり,79,93,9171
R03724,P00762,MC-8564-0762,家電,2,site_B,2026-01-12,ほぼ新品,16,121,141145
R03725,P01669,MC-2606-1669,ファッション,0,site_E,2026-01-27,新品,98,74,7176
R03726,P01110,MC-7913-1110,スポーツ,1,site_B,2026-02-15,傷や汚れあり,138,67,3344
R03728,P02048,MC-2539-2048,ファッション,0,site_C,2026-01-28,全体的に状態が悪い,91,18,5447
R03729,P00224,MC-7309-0224,家電,0,site_B,2025-12-07,ほぼ新品,123,94,19544
R03731,P01855,MC-4970-1855,スポーツ,0,site_B,2025-12-16,新品,110,98,17928
R03732,P00414,MC-6492-0414,家電,2,site_E,2025-12-02,傷や汚れあり,248,110,37567
R03733,P00006,MC-4408-0006,家電,0,site_E,2025-11-25,ほぼ新品,257,53,17436
R03734,P00942,MC-4217-0942,家電,1,site_C,2026-01-22,全体的に状態が悪い,272,51,9371
R03735,P00342,MC-2195-0342,スポーツ,0,site_D,2026-01-19,傷や汚れあり,222,46,8219
R03736,P00345,MC-4360-0345,スポーツ,1,site_D,2025-11-20,傷や汚れあり,270,89,29615
R03737,P02134,MC-7268-2134,ホビー,0,site_E,2025-11-14,傷や汚れあり,25,102,1718
R03738,P00557,MC-5939-0557,本・音楽,0,site_E,2025-11-24,新品,10,92,5441
R03739,P01207,MC-6479-1207,スポーツ,0,site_B,2025-10-17,傷や汚れあり,107,120,1867
R03740,P00767,MC-8326-0767,ホビー,1,site_C,2026-01-15,全体的に状態が悪い,139,106,2928
R03741,P01669,MC-2606-1669,ファッション,0,site_B,2026-01-25,新品,222,127,8854
R03742,P00370,MC-8454-0370,家電,0,site_E,2025-11-10,傷や汚れあり,160,128,8257
R03743,P01846,MC-9787-1846,スポーツ,1,site_D,2026-01-20,全体的に状態が悪い,143,43,5422
R03744,P02176,MC-4751-2176,ファッション,0,site_A,2026-01-02,傷や汚れあり,273,62,3271
R03745,P01969,MC-8821-1969,家電,1,site_D,2026-01-01,傷や汚れあり,185,91,9476
R03746,P01878,MC-7329-1878,本・音楽,2,site_C,2026-02-21,傷や汚れあり,180,84,1072
R03747,P00598,MC-1779-0598,本・音楽,0,site_A,2025-11-16,傷や汚れあり,128,112,754
R03748,P01238,MC-6399-1238,ホビー,0,site_E,2026-01-17,傷や汚れあり,262,106,4848
R03749,P00094,MC-3162-0094,家電,1,site_C,2026-01-31,ほぼ新品,333,78,124195
R03750,P01777,MC-1420-1777,本・音楽,0,site_C,2025-12-08,ほぼ新品,104,63,1399
R03751,P00370,MC-8454-0370,家電,0,site_A,2025-11-12,ほぼ新品,146,49,16216
R03752,P01290,MC-7751-1290,家電,1,site_C,2025-12-08,傷や汚れあり,157,46,22272
R03754,P01412,MC-1378-1412,ファッション,1,site_B,2026-02-04,傷や汚れあり,30,120,5529
R03755,P01033,MC-8419-1033,スポーツ,1,site_C,2025-12-12,新品,238,93,15941
R03756,P01785,MC-1953-1785,ファッション,1,site_E,2026-01-20,全体的に状態が悪い,99,16,3620
R03757,P00351,MC-4875-0351,家電,0,site_E,2025-10-22,ほぼ新品,289,55,85112
R03758,P01051,MC-1394-1051,スポーツ,0,site_E,2026-01-23,新品,188,128,12598
R03759,P00898,MC-2343-0898,ホビー,0,site_C,2025-11-20,傷や汚れあり,62,84,12360
R03760,P01851,MC-4660-1851,家電,1,site_D,2025-10-22,傷や汚れあり,125,29,99407
R03761,P00285,MC-7570-0285,家電,0,site_E,2026-01-31,ほぼ新品,74,17,11211
R03762,P02041,MC-6348-2041,ファッション,0,site_D,2026-02-26,傷や汚れあり,11,64,1950
R03763,P01627,MC-5197-1627,ファッション,0,site_A,2026-02-14,ほぼ新品,45,72,2991
R03764,P01309,MC-5000-1309,ファッション,2,site_D,2026-01-31,ほぼ新品,63,99,11562
R03765,P01518,MC-1778-1518,家電,0,site_D,2025-11-26,全体的に状態が悪い,132,59,10175
R03766,P01136,MC-7537-1136,家電,0,site_E,2025-12-29,ほぼ新品,26,108,20522
R03767,P01387,MC-4968-1387,ファッション,1,site_C,2026-02-09,新品,58,38,7698
R03768,P02123,MC-5788-2123,ファッション,2,site_A,2025-11-24,ほぼ新品,123,127,12460
R03769,P00966,MC-9151-0966,ファッション,0,site_B,2025-12-20,傷や汚れあり,129,33,1988
R03770,P00808,MC-6727-0808,家電,0,site_A,2025-10-02,傷や汚れあり,301,120,26300
R03771,P00626,MC-3421-0626,スポーツ,1,site_D,2026-02-16,傷や汚れあり,149,116,12134
R03772,P01046,MC-1651-1046,ファッション,0,site_E,2025-10-27,新品,106,55,5460
R03773,P00829,MC-2577-0829,ファッション,0,site_E,2025-12-06,新品,182,87,8716
R03774,P01421,MC-6053-1421,本・音楽,0,site_D,2026-01-05,ほぼ新品,250,20,1524
R03775,P00840,MC-6877-0840,スポーツ,0,site_E,2026-02-28,ほぼ新品,153,79,4322
R03776,P00848,MC-5376-0848,スポーツ,1,site_E,2026-01-09,傷や汚れあり,102,102,5256
R03777,P01773,MC-3939-1773,スポーツ,0,site_A,2025-12-19,傷や汚れあり,204,124,5543
R03778,P01407,MC-6894-1407,ファッション,0,site_A,2025-12-25,新品,157,43,4263
R03779,P00903,MC-1810-0903,ファッション,0,site_C,2026-01-18,新品,156,31,3731
R03780,P00585,MC-9585-0585,本・音楽,0,site_A,2026-02-08,全体的に状態が悪い,136,124,610
R03783,P00885,MC-6809-0885,スポーツ,1,site_D,2025-12-31,傷や汚れあり,392,19,28600
R03785,P00964,MC-1533-0964,ホビー,0,site_A,2026-02-02,全体的に状態が悪い,27,57,2335
R03786,P01392,MC-6055-1392,スポーツ,1,site_E,2026-02-27,傷や汚れあり,260,95,37065
R03787,P00415,MC-1176-0415,家電,0,site_D,2025-12-29,ほぼ新品,154,19,36169
R03789,P02129,MC-1136-2129,本・音楽,1,site_E,2026-01-01,全体的に状態が悪い,216,69,1699
R03790,P00624,MC-4007-0624,ホビー,2,site_D,2026-02-11,ほぼ新品,325,71,36426
R03791,P01477,MC-1916-1477,本・音楽,0,site_B,2026-01-18,新品,76,43,2657
R03793,P01349,MC-2355-1349,ホビー,1,site_A,2025-12-10,ほぼ新品,144,124,5793
R03794,P01998,MC-1693-1998,家電,1,site_E,2025-12-30,全体的に状態が悪い,68,41,4447
R03795,P00667,MC-4274-0667,スポーツ,1,site_D,2025-11-24,傷や汚れあり,209,51,12199
R03797,P01130,MC-6332-1130,家電,1,site_E,2025-11-19,新品,11,66,56754
R03798,P00610,MC-4549-0610,家電,1,site_B,2025-11-12,ほぼ新品,40,68,34947
R03799,P00745,MC-7190-0745,本・音楽,1,site_D,2025-11-25,傷や汚れあり,231,32,3811
R03800,P02132,MC-8079-2132,家電,0,site_E,2026-01-01,全体的に状態が悪い,181,18,7414
R03801,P01206,MC-8193-1206,ホビー,1,site_E,2026-01-18,ほぼ新品,276,78,12556
R03804,P00666,MC-6861-0666,ホビー,1,site_A,2026-01-27,傷や汚れあり,146,111,2498
R03805,P00553,MC-3888-0553,ホビー,2,site_A,2026-02-03,新品,78,69,32072
R03806,P00303,MC-9961-0303,ファッション,1,site_A,2026-01-07,新品,142,32,17702
R03807,P01852,MC-2704-1852,ファッション,0,site_D,2025-10-13,全体的に状態が悪い,22,114,1661
R03808,P00964,MC-1533-0964,ホビー,0,site_B,2026-02-01,新品,97,69,10638
R03809,P01368,MC-7665-1368,ホビー,2,site_C,2025-10-03,傷や汚れあり,65,33,2628
R03810,P00782,MC-8602-0782,スポーツ,2,site_C,2026-01-04,傷や汚れあり,275,77,10594
R03811,P01532,MC-2193-1532,ファッション,1,site_B,2025-10-04,新品,167,129,12818
R03812,P00504,MC-9357-0504,家電,2,site_B,2025-11-01,新品,207,58,347469
R03813,P00340,MC-5099-0340,家電,1,site_A,2025-10-19,新品,77,56,153415
R03814,P01568,MC-1249-1568,ファッション,0,site_B,2025-11-18,傷や汚れあり,50,121,1357
R03816,P01159,MC-8069-1159,ホビー,1,site_E,2025-11-10,ほぼ新品,68,112,17797
R03817,P00039,MC-5403-0039,家電,0,site_D,2025-10-24,傷や汚れあり,311,129,31421
R03818,P00648,MC-4523-0648,ファッション,2,site_C,2025-10-14,全体的に状態が悪い,168,84,11363
R03820,P01020,MC-4063-1020,ファッション,1,site_D,2026-02-28,全体的に状態が悪い,127,31,7298
R03821,P01007,MC-8727-1007,スポーツ,2,site_A,2026-01-30,傷や汚れあり,156,77,4622
R03822,P00049,MC-3656-0049,スポーツ,2,site_C,2026-02-25,ほぼ新品,82,107,9629
R03823,P00209,MC-9401-0209,ファッション,1,site_A,2025-10-15,傷や汚れあり,38,122,8916
R03825,P00352,MC-2813-0352,ホビー,0,site_D,2025-12-31,全体的に状態が悪い,187,112,2491
R03826,P02125,MC-2980-2125,ホビー,0,site_A,2025-11-01,ほぼ新品,133,63,18495
R03827,P00991,MC-2406-0991,家電,0,site_C,2026-01-06,ほぼ新品,171,41,10354
R03828,P01966,MC-4758-1966,ホビー,0,site_E,2025-10-22,傷や汚れあり,82,24,2000
R03829,P00029,MC-9108-0029,本・音楽,1,site_A,2025-11-24,新品,273,70,1101
R03830,P00025,MC-6295-0025,ホビー,1,site_B,2025-10-11,傷や汚れあり,153,27,13292
R03831,P00061,MC-9947-0061,ファッション,1,site_B,2026-01-04,ほぼ新品,115,100,20308
R03832,P01822,MC-3905-1822,スポーツ,1,site_B,2026-01-17,全体的に状態が悪い,173,123,3802
R03833,P00849,MC-3917-0849,ホビー,1,site_B,2025-11-03,全体的に状態が悪い,88,47,2653
R03834,P00688,MC-5244-0688,本・音楽,1,site_A,2026-01-04,新品,85,50,1749
R03835,P01934,MC-8987-1934,ファッション,0,site_A,2025-11-01,ほぼ新品,74,28,9343
R03836,P00048,MC-1836-0048,ファッション,1,site_A,2025-12-03,傷や汚れあり,63,116,8825
R03837,P00092,MC-1068-0092,ファッション,2,site_C,2025-10-12,傷や汚れあり,148,35,9603
R03839,P01536,MC-2520-1536,ホビー,0,site_D,2026-02-06,新品,160,88,15053
R03840,P01323,MC-3319-1323,家電,1,site_D,2025-10-12,ほぼ新品,38,62,67296
R03841,P00550,MC-8297-0550,スポーツ,0,site_D,2026-01-10,新品,90,120,11839
R03842,P01320,MC-7192-1320,スポーツ,0,site_B,2025-10-29,ほぼ新品,130,106,8827
R03843,P01602,MC-8898-1602,ファッション,1,site_B,2025-11-13,新品,104,76,6501
R03844,P01723,MC-7964-1723,ホビー,0,site_A,2025-12-01,全体的に状態が悪い,146,56,2169
R03845,P01495,MC-6789-1495,ホビー,0,site_C,2026-02-02,傷や汚れあり,54,113,4602
R03846,P00144,MC-3005-0144,本・音楽,0,site_A,2025-12-23,新品,85,76,981
R03848,P01310,MC-7910-1310,家電,2,site_D,2026-01-30,傷や汚れあり,63,73,40308
R03849,P01112,MC-2288-1112,スポーツ,0,site_D,2025-12-08,ほぼ新品,77,125,6973
R03850,P00722,MC-4256-0722,ファッション,1,site_B,2025-12-15,新品,108,16,7243
R03851,P02018,MC-1302-2018,ホビー,0,site_E,2025-10-28,傷や汚れあり,182,78,17698
R03852,P02087,MC-1221-2087,本・音楽,0,site_D,2025-11-07,ほぼ新品,39,23,1653
R03854,P01686,MC-7813-1686,スポーツ,1,site_B,2026-02-19,傷や汚れあり,151,89,5111
R03855,P01625,MC-9415-1625,家電,2,site_D,2025-12-03,傷や汚れあり,103,76,73209
R03856,P01422,MC-8024-1422,家電,0,site_A,2026-01-07,ほぼ新品,129,15,9605
R03857,P00318,MC-7021-0318,スポーツ,1,site_E,2025-12-14,傷や汚れあり,212,120,17327
R03858,P01251,MC-4615-1251,ファッション,1,site_A,2026-01-07,新品,296,97,7725
R03859,P01294,MC-7875-1294,ホビー,0,site_E,2025-12-24,傷や汚れあり,100,70,7202
R03860,P00667,MC-4274-0667,スポーツ,1,site_B,2025-11-25,全体的に状態が悪い,586,39,9834
R03862,P00338,MC-4243-0338,ファッション,1,site_B,2025-12-12,傷や汚れあり,285,73,18666
R03864,P02015,MC-4726-2015,ファッション,0,site_B,2026-01-14,傷や汚れあり,195,110,3167
R03865,P01573,MC-9363-1573,ファッション,0,site_D,2026-01-11,ほぼ新品,164,26,5719
R03866,P01481,MC-1473-1481,スポーツ,0,site_C,2026-01-30,傷や汚れあり,122,76,4012
R03867,P02190,MC-8092-2190,ホビー,0,site_E,2026-01-25,ほぼ新品,190,20,10280
R03868,P00463,MC-6485-0463,本・音楽,0,site_C,2026-01-19,傷や汚れあり,74,97,694
R03869,P00425,MC-3149-0425,スポーツ,1,site_E,2025-10-21,傷や汚れあり,63,126,20830
R03870,P02084,MC-5080-2084,ファッション,1,site_A,2025-10-14,ほぼ新品,56,95,7228
R03871,P01748,MC-6182-1748,ファッション,0,site_B,2025-12-26,新品,131,37,4653
R03872,P00521,MC-9686-0521,本・音楽,0,site_A,2025-11-18,新品,204,111,921
R03874,P01157,MC-4964-1157,ファッション,0,site_C,2026-02-13,ほぼ新品,193,48,13970
R03875,P00227,MC-3653-0227,スポーツ,1,site_B,2025-11-30,傷や汚れあり,184,50,9704
R03877,P01378,MC-5319-1378,ホビー,1,site_B,2025-10-23,傷や汚れあり,105,95,6613
R03878,P00446,MC-9505-0446,ファッション,0,site_E,2026-02-05,傷や汚れあり,213,58,4965
R03879,P01083,MC-2613-1083,スポーツ,0,site_B,2026-02-08,全体的に状態が悪い,113,75,4370
R03881,P01531,MC-9589-1531,スポーツ,0,site_E,2026-01-24,全体的に状態が悪い,145,31,4561
R03882,P01587,MC-6419-1587,家電,2,site_A,2026-01-24,ほぼ新品,193,110,55815
R03883,P01796,MC-5698-1796,家電,2,site_D,2026-02-03,ほぼ新品,111,92,44034
R03884,P01426,MC-6876-1426,家電,0,site_D,2025-10-03,傷や汚れあり,65,77,10803
R03885,P00354,MC-4258-0354,家電,1,site_A,2026-01-31,全体的に状態が悪い,203,55,25884
R03886,P01530,MC-8420-1530,家電,0,site_B,2025-11-19,ほぼ新品,71,122,27337
R03888,P01755,MC-7559-1755,ホビー,1,site_B,2026-02-18,ほぼ新品,101,127,10224
R03889,P00147,MC-3372-0147,スポーツ,2,site_C,2025-11-25,全体的に状態が悪い,307,101,15685
R03890,P01300,MC-2570-1300,本・音楽,1,site_D,2026-01-28,ほぼ新品,175,128,3045
R03892,P00748,MC-2006-0748,本・音楽,1,site_B,2025-10-11,新品,50,59,1370
R03893,P00687,MC-3024-0687,ホビー,1,site_A,2025-12-04,ほぼ新品,16,48,16427
R03894,P00531,MC-1968-0531,本・音楽,0,site_B,2025-10-18,傷や汚れあり,718,55,1498
R03895,P02156,MC-3449-2156,本・音楽,1,site_C,2025-12-10,傷や汚れあり,255,47,1827
R03896,P01560,MC-6918-1560,ファッション,2,site_D,2026-01-27,ほぼ新品,247,65,6382
R03899,P01171,MC-2928-1171,家電,1,site_E,2025-11-08,傷や汚れあり,182,108,70343
R03900,P01678,MC-5271-1678,ファッション,1,site_B,2026-02-05,傷や汚れあり,126,15,5804
R03901,P01931,MC-1269-1931,ファッション,0,site_E,2026-01-28,全体的に状態が悪い,441,30,9857
R03902,P00578,MC-2031-0578,ファッション,2,site_D,2026-01-04,新品,166,54,24065
R03903,P00508,MC-5131-0508,ホビー,1,site_C,2025-10-08,全体的に状態が悪い,68,88,5333
R03904,P01705,MC-3492-1705,家電,1,site_B,2026-01-01,ほぼ新品,122,68,160664
R03906,P00321,MC-2834-0321,ファッション,0,site_E,2026-02-09,ほぼ新品,229,57,8494
R03908,P01896,MC-3397-1896,家電,0,site_C,2025-10-30,全体的に状態が悪い,150,89,7113
R03909,P02131,MC-4321-2131,ファッション,0,site_A,2026-02-14,ほぼ新品,194,53,6971
R03910,P00117,MC-4058-0117,ファッション,0,site_C,2026-02-09,全体的に状態が悪い,48,20,3580
R03911,P01786,MC-3313-1786,本・音楽,0,site_B,2025-11-09,ほぼ新品,60,109,857
R03912,P00153,MC-8024-0153,家電,2,site_D,2025-12-10,新品,172,122,194535
R03913,P02097,MC-4527-2097,ホビー,0,site_A,2025-12-31,傷や汚れあり,122,24,10732
R03914,P00346,MC-6867-0346,家電,1,site_D,2025-11-13,傷や汚れあり,265,20,33638
R03915,P01072,MC-8899-1072,ファッション,0,site_B,2025-11-26,傷や汚れあり,120,122,4412
R03916,P00506,MC-8383-0506,ホビー,0,site_E,2026-02-21,全体的に状態が悪い,147,24,1535
R03917,P01962,MC-7961-1962,ファッション,0,site_E,2025-12-28,新品,60,44,22040
R03918,P01584,MC-7964-1584,家電,2,site_B,2025-11-13,全体的に状態が悪い,156,60,16391
R03919,P01124,MC-9555-1124,家電,0,site_C,2025-12-16,傷や汚れあり,140,98,6394
R03920,P01845,MC-2377-1845,本・音楽,0,site_A,2025-10-30,傷や汚れあり,186,108,2487
R03921,P01478,MC-4565-1478,家電,0,site_A,2025-10-25,傷や汚れあり,232,104,12680
R03922,P01996,MC-6804-1996,スポーツ,0,site_E,2025-10-23,傷や汚れあり,17,19,32925
R03923,P01951,MC-1893-1951,ファッション,0,site_E,2026-01-30,傷や汚れあり,399,97,4838
R03924,P00695,MC-3766-0695,ファッション,1,site_C,2026-01-11,傷や汚れあり,143,126,2530
R03925,P01897,MC-9652-1897,ファッション,2,site_D,2025-10-31,傷や汚れあり,82,99,6042
R03926,P02012,MC-9903-2012,スポーツ,1,site_A,2026-01-23,ほぼ新品,381,110,22106
R03928,P01463,MC-2550-1463,本・音楽,0,site_B,2025-11-08,ほぼ新品,55,38,1116
R03929,P02053,MC-7151-2053,家電,0,site_C,2025-11-17,傷や汚れあり,16,26,6989
R03930,P01663,MC-9400-1663,本・音楽,1,site_B,2026-01-18,新品,215,51,4278
R03931,P01463,MC-2550-1463,本・音楽,0,site_C,2025-11-07,ほぼ新品,243,16,2051
R03932,P01751,MC-3948-1751,家電,2,site_D,2025-12-04,ほぼ新品,221,89,74279
R03933,P02088,MC-9973-2088,本・音楽,0,site_A,2026-02-07,ほぼ新品,223,67,1755
R03936,P01963,MC-4610-1963,ファッション,2,site_B,2025-11-03,ほぼ新品,278,44,15307
R03937,P01375,MC-4159-1375,本・音楽,0,site_E,2025-10-21,全体的に状態が悪い,173,44,1706
R03938,P01070,MC-5815-1070,本・音楽,0,site_D,2025-12-29,新品,69,88,3185
R03939,P02145,MC-2985-2145,ファッション,1,site_A,2025-12-15,ほぼ新品,121,51,15639
R03940,P01734,MC-3393-1734,家電,1,site_A,2026-01-07,ほぼ新品,223,111,31908
R03941,P00678,MC-9289-0678,家電,1,site_D,2026-02-24,新品,56,88,32284
R03942,P01681,MC-5411-1681,ファッション,2,site_E,2025-10-07,新品,333,54,66956
R03944,P01983,MC-3095-1983,ファッション,0,site_A,2025-12-08,ほぼ新品,374,71,3568
R03945,P01838,MC-8408-1838,本・音楽,1,site_C,2025-10-15,ほぼ新品,166,24,2029
R03946,P00565,MC-9309-0565,スポーツ,0,site_B,2026-02-14,ほぼ新品,182,39,8652
R03947,P01949,MC-7122-1949,ホビー,0,site_C,2025-10-17,傷や汚れあり,665,55,5498
R03948,P01173,MC-5170-1173,ファッション,0,site_B,2025-10-18,新品,109,115,2177
R03949,P00437,MC-7565-0437,スポーツ,2,site_A,2025-12-11,ほぼ新品,74,81,11928
R03951,P01237,MC-2850-1237,スポーツ,1,site_C,2025-12-25,ほぼ新品,263,40,31693
R03952,P01343,MC-2334-1343,家電,0,site_D,2025-11-23,全体的に状態が悪い,141,38,6680
R03953,P00755,MC-7661-0755,家電,0,site_A,2026-01-02,傷や汚れあり,38,41,15509
R03954,P00625,MC-5699-0625,ファッション,0,site_E,2025-11-18,ほぼ新品,74,77,10311
R03955,P00318,MC-7021-0318,スポーツ,1,site_A,2025-12-18,ほぼ新品,169,84,14966
R03956,P00945,MC-6637-0945,スポーツ,0,site_B,2026-02-01,傷や汚れあり,160,101,2764
R03957,P01197,MC-6016-1197,家電,0,site_E,2026-01-23,傷や汚れあり,248,72,31605
R03958,P01008,MC-2460-1008,ホビー,0,site_C,2026-02-03,傷や汚れあり,106,25,3166
R03959,P00980,MC-6918-0980,家電,0,site_D,2025-12-04,傷や汚れあり,64,23,14142
R03960,P00555,MC-7758-0555,ホビー,0,site_C,2026-02-03,傷や汚れあり,10,83,2763
R03961,P01325,MC-2546-1325,スポーツ,0,site_D,2025-11-21,新品,139,58,20932
R03962,P01314,MC-4638-1314,本・音楽,2,site_B,2026-02-10,全体的に状態が悪い,128,125,1764
R03963,P00041,MC-6487-0041,ファッション,2,site_A,2025-12-06,傷や汚れあり,92,69,5321
R03964,P00420,MC-4659-0420,スポーツ,0,site_B,2025-10-22,ほぼ新品,108,61,35994
R03965,P01722,MC-7925-1722,家電,0,site_B,2026-02-20,全体的に状態が悪い,154,77,5870
R03967,P00250,MC-4223-0250,スポーツ,0,site_A,2026-01-29,ほぼ新品,76,121,4884
R03969,P00380,MC-4336-0380,ファッション,1,site_C,2026-02-03,ほぼ新品,416,124,22266
R03970,P00885,MC-6809-0885,スポーツ,1,site_A,2026-01-03,ほぼ新品,318,67,38362
R03971,P02078,MC-7689-2078,ファッション,0,site_B,2025-12-04,傷や汚れあり,267,93,3538
R03972,P00615,MC-8361-0615,ファッション,0,site_B,2025-10-17,ほぼ新品,74,116,8562
R03973,P01902,MC-9058-1902,ファッション,2,site_B,2025-10-13,全体的に状態が悪い,118,36,6228
R03974,P00473,MC-7429-0473,ファッション,1,site_C,2026-02-05,傷や汚れあり,85,95,6707
R03975,P01011,MC-6591-1011,ファッション,1,site_E,2026-01-17,ほぼ新品,132,73,9018
R03976,P00980,MC-6918-0980,家電,0,site_B,2025-12-06,ほぼ新品,85,111,22224
R03977,P00695,MC-3766-0695,ファッション,1,site_A,2026-01-13,ほぼ新品,210,125,6301
R03978,P01861,MC-8676-1861,スポーツ,1,site_D,2026-01-28,新品,136,90,8529
R03979,P02041,MC-6348-2041,ファッション,0,site_C,2026-02-26,傷や汚れあり,592,105,1506
R03980,P00549,MC-2468-0549,家電,1,site_C,2025-12-29,ほぼ新品,171,95,76251
R03981,P00605,MC-1391-0605,スポーツ,1,site_D,2025-11-03,傷や汚れあり,80,81,8533
R03982,P01622,MC-3719-1622,ホビー,0,site_B,2025-10-22,ほぼ新品,431,71,5347
R03983,P00368,MC-6675-0368,スポーツ,0,site_C,2026-01-09,傷や汚れあり,269,18,5449
R03984,P00576,MC-4258-0576,本・音楽,0,site_A,2025-10-22,ほぼ新品,160,76,1029
R03985,P00724,MC-3619-0724,スポーツ,1,site_C,2025-10-23,ほぼ新品,192,32,4341
R03986,P00083,MC-9800-0083,スポーツ,0,site_B,2025-12-21,傷や汚れあり,100,75,6541
R03987,P01978,MC-1386-1978,ファッション,0,site_B,2025-11-27,傷や汚れあり,338,90,4837
R03988,P01363,MC-5012-1363,家電,0,site_E,2026-02-18,ほぼ新品,132,57,81988
R03989,P01227,MC-5268-1227,スポーツ,2,site_E,2026-02-28,ほぼ新品,152,16,20544
R03990,P00894,MC-8005-0894,スポーツ,0,site_D,2026-02-27,ほぼ新品,115,91,11492
R03991,P01010,MC-3430-1010,ホビー,0,site_C,2026-02-04,全体的に状態が悪い,162,108,6082
R03993,P01124,MC-9555-1124,家電,0,site_E,2025-12-15,全体的に状態が悪い,127,33,3316
R03994,P00208,MC-7695-0208,スポーツ,0,site_D,2025-11-06,ほぼ新品,474,88,5811
R03995,P01887,MC-2706-1887,ホビー,1,site_A,2025-11-07,ほぼ新品,202,17,11361
R03997,P00233,MC-6718-0233,家電,1,site_A,2025-10-21,傷や汚れあり,82,76,60566
R03998,P00180,MC-7010-0180,スポーツ,1,site_C,2026-02-01,全体的に状態が悪い,222,67,6433
R03999,P01235,MC-5229-1235,ファッション,0,site_D,2025-12-23,ほぼ新品,179,97,4962
R04000,P01508,MC-8279-1508,家電,0,site_D,2025-12-09,新品,131,115,52546
R04001,P01291,MC-6034-1291,家電,2,site_A,2026-02-01,全体的に状態が悪い,75,42,34195
R04002,P00690,MC-2035-0690,家電,2,site_A,2026-01-11,ほぼ新品,25,70,51693
R04003,P00426,MC-1833-0426,本・音楽,0,site_C,2025-12-07,ほぼ新品,95,34,548
R04004,P01949,MC-7122-1949,ホビー,0,site_A,2025-10-20,新品,268,118,17426
R04006,P02194,MC-5764-2194,家電,0,site_A,2025-10-03,新品,278,58,31493
R04007,P00123,MC-5896-0123,本・音楽,0,site_C,2025-12-14,ほぼ新品,101,115,1223
R04008,P00923,MC-8248-0923,ファッション,0,site_C,2026-02-11,全体的に状態が悪い,165,19,1105
R04009,P01879,MC-1565-1879,ファッション,0,site_B,2025-11-08,傷や汚れあり,392,36,5151
R04010,P01408,MC-9738-1408,本・音楽,0,site_E,2026-01-02,ほぼ新品,143,55,1110
R04011,P00735,MC-4307-0735,家電,0,site_A,2025-12-04,新品,217,84,30366
R04012,P02089,MC-3255-2089,本・音楽,2,site_D,2025-11-04,ほぼ新品,80,28,5610
R04013,P01426,MC-6876-1426,家電,0,site_B,2025-10-01,ほぼ新品,75,128,18555
R04015,P01323,MC-3319-1323,家電,1,site_E,2025-10-11,傷や汚れあり,175,123,38485
R04018,P00020,MC-1328-0020,本・音楽,0,site_B,2025-12-03,ほぼ新品,144,81,1696
R04019,P01716,MC-9402-1716,ホビー,1,site_A,2026-01-02,ほぼ新品,99,99,25461
R04020,P00659,MC-4864-0659,ファッション,0,site_E,2025-10-17,ほぼ新品,80,122,2150
R04021,P01827,MC-4459-1827,本・音楽,2,site_C,2026-02-03,傷や汚れあり,227,90,1137
R04023,P01624,MC-3865-1624,ファッション,1,site_E,2025-10-28,ほぼ新品,113,104,9380
R04024,P01668,MC-3943-1668,ファッション,0,site_B,2025-11-28,傷や汚れあり,37,50,3280
R04025,P00587,MC-1918-0587,ホビー,2,site_E,2026-01-19,傷や汚れあり,36,109,6769
R04026,P00488,MC-9576-0488,本・音楽,1,site_C,2025-12-03,ほぼ新品,79,51,1131
R04027,P00726,MC-7819-0726,ホビー,1,site_E,2025-11-29,傷や汚れあり,202,89,14544
R04028,P01114,MC-8931-1114,家電,0,site_A,2025-11-15,ほぼ新品,36,42,94190
R04030,P00932,MC-8009-0932,ファッション,0,site_D,2025-11-14,ほぼ新品,130,40,2749
R04031,P00148,MC-4750-0148,ホビー,1,site_E,2025-11-25,全体的に状態が悪い,91,99,3124
R04032,P01573,MC-9363-1573,ファッション,0,site_C,2026-01-11,新品,120,63,9398
R04033,P00968,MC-2909-0968,家電,2,site_C,2026-01-11,新品,127,94,111760
R04034,P01767,MC-3112-1767,本・音楽,0,site_D,2025-10-09,ほぼ新品,42,29,1853
R04035,P00862,MC-5149-0862,ファッション,2,site_B,2026-01-27,傷や汚れあり,228,98,13128
R04036,P00824,MC-4370-0824,ファッション,0,site_C,2025-12-11,新品,106,56,2767
R04037,P01884,MC-9131-1884,家電,1,site_A,2025-10-14,傷や汚れあり,59,75,24272
R04038,P01631,MC-6022-1631,ホビー,0,site_E,2026-01-18,傷や汚れあり,211,22,4699
R04039,P00767,MC-8326-0767,ホビー,1,site_D,2026-01-12,ほぼ新品,83,59,9268
R04040,P00935,MC-1341-0935,家電,0,site_E,2026-02-22,全体的に状態が悪い,174,16,3026
R04042,P00500,MC-9875-0500,スポーツ,0,site_B,2026-02-12,ほぼ新品,41,108,4323
R04043,P00317,MC-2511-0317,本・音楽,2,site_E,2026-02-21,新品,79,86,1378
R04044,P00117,MC-4058-0117,ファッション,0,site_D,2026-02-06,ほぼ新品,43,79,6184
R04045,P00362,MC-4596-0362,家電,0,site_D,2025-10-30,全体的に状態が悪い,30,48,4160
R04046,P00956,MC-7862-0956,ファッション,0,site_A,2025-12-19,ほぼ新品,141,86,12120
R04047,P00396,MC-6675-0396,ファッション,0,site_D,2025-10-12,傷や汚れあり,86,121,3407
R04048,P02075,MC-1581-2075,ホビー,0,site_E,2026-01-05,ほぼ新品,94,57,12711
R04049,P01778,MC-3462-1778,本・音楽,0,site_A,2025-11-24,傷や汚れあり,88,84,2081
R04050,P01990,MC-4231-1990,ホビー,1,site_D,2026-02-26,傷や汚れあり,140,34,3215
R04053,P00913,MC-2873-0913,スポーツ,2,site_E,2025-10-27,傷や汚れあり,328,123,8804
R04054,P00769,MC-6133-0769,ホビー,0,site_A,2025-11-11,傷や汚れあり,76,113,8123
R04055,P01696,MC-4810-1696,ホビー,1,site_E,2026-01-01,傷や汚れあり,71,66,10873
R04056,P01476,MC-4208-1476,ファッション,0,site_C,2026-02-19,傷や汚れあり,47,72,1992
R04058,P01293,MC-1052-1293,ホビー,1,site_E,2026-02-26,傷や汚れあり,120,26,2190
R04059,P02057,MC-9373-2057,ファッション,0,site_C,2025-10-15,傷や汚れあり,118,104,9037
R04060,P00868,MC-8168-0868,ファッション,1,site_C,2025-11-19,ほぼ新品,185,55,15347
R04063,P01855,MC-4970-1855,スポーツ,0,site_E,2025-12-14,傷や汚れあり,100,76,7995
R04064,P00139,MC-5668-0139,ホビー,1,site_C,2026-02-08,傷や汚れあり,33,58,3384
R04067,P00285,MC-7570-0285,家電,0,site_A,2026-02-02,新品,61,68,29078
R04068,P00443,MC-9684-0443,ホビー,0,site_D,2025-10-03,傷や汚れあり,42,115,6808
R04069,P00849,MC-3917-0849,ホビー,1,site_E,2025-11-05,全体的に状態が悪い,327,66,4348
R04072,P00568,MC-2481-0568,スポーツ,2,site_D,2026-02-17,ほぼ新品,32,59,9548
R04073,P01780,MC-2746-1780,スポーツ,0,site_C,2025-10-11,新品,134,78,22277
R04074,P01590,MC-8826-1590,スポーツ,2,site_A,2025-12-29,傷や汚れあり,100,50,13934
R04075,P01433,MC-6920-1433,ホビー,0,site_E,2025-12-15,ほぼ新品,493,69,11295
R04076,P01539,MC-9257-1539,本・音楽,0,site_A,2025-10-16,新品,374,57,350
R04077,P00749,MC-8862-0749,スポーツ,0,site_B,2025-11-10,全体的に状態が悪い,112,17,16156
R04078,P01699,MC-3897-1699,家電,1,site_A,2025-12-24,新品,64,118,77132
R04079,P01980,MC-2499-1980,家電,0,site_C,2025-10-07,全体的に状態が悪い,145,67,11430
R04082,P00683,MC-1550-0683,スポーツ,2,site_A,2025-10-13,ほぼ新品,49,29,17791
R04083,P00840,MC-6877-0840,スポーツ,0,site_B,2026-02-23,新品,35,107,8521
R04085,P00551,MC-2766-0551,家電,0,site_D,2025-12-21,傷や汚れあり,103,50,16368
R04087,P00089,MC-2015-0089,家電,0,site_A,2026-01-08,傷や汚れあり,26,79,57332
R04088,P02060,MC-1455-2060,ホビー,1,site_D,2025-12-15,新品,245,73,16286
R04089,P01031,MC-8995-1031,スポーツ,0,site_C,2025-10-30,ほぼ新品,282,69,14449
R04090,P01085,MC-3735-1085,家電,0,site_E,2025-12-20,傷や汚れあり,21,113,11754
R04091,P02007,MC-3547-2007,家電,0,site_C,2026-02-02,傷や汚れあり,151,122,15579
R04092,P01198,MC-2102-1198,家電,1,site_B,2026-01-02,全体的に状態が悪い,174,15,14369
R04093,P01211,MC-2042-1211,ホビー,2,site_C,2026-02-28,傷や汚れあり,184,79,13236
R04095,P01940,MC-7565-1940,ファッション,1,site_A,2025-12-29,ほぼ新品,136,88,7952
R04097,P01200,MC-5163-1200,スポーツ,0,site_E,2025-12-20,傷や汚れあり,120,123,4605
R04098,P00664,MC-3312-0664,家電,0,site_E,2025-10-05,傷や汚れあり,57,126,10798
R04099,P01248,MC-4067-1248,家電,0,site_E,2026-02-17,ほぼ新品,73,70,22044
R04100,P02053,MC-7151-2053,家電,0,site_E,2025-11-17,ほぼ新品,23,104,14439
R04101,P02108,MC-5217-2108,ホビー,1,site_A,2026-01-24,ほぼ新品,102,100,7257
R04102,P00512,MC-1706-0512,ホビー,1,site_E,2026-01-23,ほぼ新品,49,94,3110
R04103,P00051,MC-7734-0051,ファッション,0,site_A,2026-02-18,全体的に状態が悪い,269,98,2016
R04104,P01120,MC-6800-1120,家電,0,site_C,2026-02-02,全体的に状態が悪い,23,118,6211
R04107,P00123,MC-5896-0123,本・音楽,0,site_B,2025-12-16,傷や汚れあり,201,56,1682
R04108,P01875,MC-3460-1875,ホビー,0,site_C,2025-12-08,新品,32,34,11419
R04109,P01021,MC-5937-1021,スポーツ,1,site_C,2026-02-11,新品,168,93,11994
R04110,P01831,MC-4913-1831,スポーツ,0,site_B,2025-10-05,傷や汚れあり,70,56,6460
R04111,P00725,MC-6160-0725,本・音楽,2,site_D,2026-01-04,傷や汚れあり,78,18,3356
R04112,P00669,MC-6161-0669,本・音楽,1,site_C,2026-01-02,傷や汚れあり,139,56,1689
R04113,P00417,MC-6594-0417,家電,2,site_A,2026-02-25,新品,58,38,89640
R04114,P00940,MC-6253-0940,スポーツ,0,site_B,2025-11-10,ほぼ新品,93,46,8746
R04115,P02040,MC-5835-2040,家電,0,site_E,2025-11-16,ほぼ新品,341,96,109861
R04116,P00616,MC-6408-0616,ファッション,0,site_C,2026-01-16,ほぼ新品,149,81,5496
R04117,P00965,MC-6725-0965,ホビー,0,site_C,2025-12-06,ほぼ新品,18,95,4453
R04118,P01970,MC-8922-1970,本・音楽,2,site_C,2025-11-15,ほぼ新品,236,41,3109
R04119,P01463,MC-2550-1463,本・音楽,0,site_A,2025-11-08,全体的に状態が悪い,144,21,786
R04120,P01853,MC-6795-1853,スポーツ,2,site_A,2025-12-12,ほぼ新品,349,66,19254
R04121,P00449,MC-7710-0449,ファッション,1,site_E,2025-11-18,傷や汚れあり,159,91,3911
R04122,P01684,MC-3300-1684,ファッション,2,site_C,2025-12-05,新品,138,57,15433
R04123,P02014,MC-3522-2014,ホビー,1,site_A,2026-01-02,傷や汚れあり,150,48,2339
R04124,P00413,MC-9499-0413,ファッション,1,site_C,2025-11-02,傷や汚れあり,27,116,6386
R04125,P00919,MC-6094-0919,家電,1,site_C,2026-02-07,ほぼ新品,99,123,45375
R04126,P02042,MC-9583-2042,ホビー,2,site_B,2025-10-12,全体的に状態が悪い,106,126,1834
R04127,P00273,MC-8525-0273,ホビー,1,site_B,2025-12-16,ほぼ新品,131,90,5065
R04128,P01068,MC-8935-1068,スポーツ,0,site_C,2026-01-05,ほぼ新品,186,20,10102
R04129,P01870,MC-3061-1870,家電,1,site_E,2025-11-13,傷や汚れあり,205,105,31169
R04131,P02075,MC-1581-2075,ホビー,0,site_B,2026-01-06,傷や汚れあり,442,40,13587
R04132,P00519,MC-9193-0519,ファッション,1,site_B,2025-10-04,傷や汚れあり,88,122,9080
R04133,P00889,MC-4667-0889,本・音楽,0,site_A,2025-11-22,全体的に状態が悪い,185,81,1195
R04134,P01087,MC-4415-1087,本・音楽,0,site_B,2025-11-23,ほぼ新品,156,125,1035
R04135,P01826,MC-5936-1826,ファッション,1,site_A,2026-01-11,傷や汚れあり,173,100,4220
R04136,P00295,MC-6257-0295,ファッション,1,site_A,2026-01-25,ほぼ新品,44,39,11083
R04137,P00766,MC-4095-0766,本・音楽,0,site_B,2026-01-15,ほぼ新品,122,42,1693
R04139,P00542,MC-3027-0542,ファッション,1,site_B,2025-10-17,傷や汚れあり,84,40,7637
R04140,P02175,MC-5180-2175,ファッション,0,site_E,2025-10-08,傷や汚れあり,124,36,1996
R04141,P01111,MC-4877-1111,ファッション,2,site_B,2025-11-24,新品,31,82,44456
R04142,P02146,MC-7199-2146,ファッション,0,site_B,2025-11-07,傷や汚れあり,152,58,4106
R04143,P00615,MC-8361-0615,ファッション,0,site_D,2025-10-18,ほぼ新品,85,43,8158
R04144,P01042,MC-3241-1042,スポーツ,1,site_E,2026-01-16,全体的に状態が悪い,111,27,15621
R04146,P00724,MC-3619-0724,スポーツ,1,site_D,2025-10-24,傷や汚れあり,153,55,3695
R04147,P01871,MC-9212-1871,ホビー,1,site_B,2025-11-14,新品,3,75,9751
R04148,P01883,MC-7678-1883,ホビー,0,site_E,2026-02-10,傷や汚れあり,237,92,10245
R04149,P00551,MC-2766-0551,家電,0,site_B,2025-12-20,ほぼ新品,106,109,24229
R04150,P00812,MC-9303-0812,ホビー,0,site_E,2026-02-22,傷や汚れあり,155,108,5236
R04151,P01142,MC-5036-1142,ホビー,0,site_E,2025-11-28,傷や汚れあり,194,63,5149
R04152,P00344,MC-9634-0344,家電,0,site_D,2025-10-16,新品,61,128,134164
R04154,P01231,MC-1793-1231,ファッション,0,site_C,2026-01-19,傷や汚れあり,164,34,4381
R04156,P00962,MC-5542-0962,ホビー,0,site_C,2025-10-07,ほぼ新品,230,101,11514
R04157,P01428,MC-2198-1428,家電,0,site_B,2025-11-28,ほぼ新品,167,94,32197
R04158,P00224,MC-7309-0224,家電,0,site_D,2025-12-10,ほぼ新品,177,81,19156
R04159,P01280,MC-7760-1280,本・音楽,0,site_C,2025-12-31,傷や汚れあり,29,120,722
R04160,P00043,MC-3202-0043,本・音楽,1,site_B,2026-02-15,ほぼ新品,159,46,1413
R04162,P00627,MC-8636-0627,スポーツ,1,site_A,2025-11-12,ほぼ新品,305,53,16392
R04163,P01076,MC-8605-1076,家電,0,site_E,2026-02-06,ほぼ新品,160,55,107844
R04164,P01748,MC-6182-1748,ファッション,0,site_D,2025-12-26,全体的に状態が悪い,351,71,2957
R04165,P00897,MC-6158-0897,スポーツ,0,site_B,2026-02-06,ほぼ新品,254,45,5931
R04166,P00643,MC-8806-0643,ホビー,0,site_C,2026-01-16,ほぼ新品,251,118,17979
R04167,P00871,MC-2201-0871,ファッション,0,site_B,2026-02-06,傷や汚れあり,288,81,2886
R04168,P01978,MC-1386-1978,ファッション,0,site_C,2025-11-30,ほぼ新品,78,95,5206
R04169,P01864,MC-6134-1864,ファッション,1,site_E,2026-02-14,傷や汚れあり,88,48,5167
R04170,P01111,MC-4877-1111,ファッション,2,site_A,2025-11-27,新品,381,36,43570
R04171,P01604,MC-8811-1604,家電,1,site_E,2026-01-09,ほぼ新品,213,104,66326
R04172,P01536,MC-2520-1536,ホビー,0,site_B,2026-02-07,傷や汚れあり,129,18,3743
R04173,P00756,MC-4654-0756,ファッション,1,site_C,2025-12-22,ほぼ新品,63,70,11383
R04175,P00933,MC-3153-0933,家電,1,site_A,2026-01-12,全体的に状態が悪い,127,18,49885
R04176,P02003,MC-1872-2003,ファッション,0,site_D,2025-10-30,全体的に状態が悪い,225,118,2979
R04177,P00928,MC-9424-0928,ファッション,0,site_A,2025-10-22,ほぼ新品,45,96,6364
R04178,P01018,MC-5286-1018,スポーツ,1,site_D,2026-01-14,ほぼ新品,180,96,40282
R04179,P01873,MC-6591-1873,家電,0,site_E,2026-01-21,新品,177,120,51569
R04180,P00387,MC-6418-0387,ファッション,1,site_A,2025-12-11,傷や汚れあり,113,120,2199
R04181,P01075,MC-6844-1075,ホビー,1,site_C,2026-02-10,ほぼ新品,162,114,4392
R04182,P00981,MC-3792-0981,本・音楽,1,site_A,2025-12-25,ほぼ新品,13,60,468
R04183,P00020,MC-1328-0020,本・音楽,0,site_D,2025-11-30,全体的に状態が悪い,41,99,1348
R04184,P00360,MC-2415-0360,ファッション,1,site_C,2026-01-11,ほぼ新品,110,15,12346
R04185,P01982,MC-2795-1982,スポーツ,0,site_E,2026-02-04,全体的に状態が悪い,173,34,7873
R04186,P00246,MC-5244-0246,ファッション,1,site_D,2026-01-15,ほぼ新品,110,108,16302
R04187,P01153,MC-6225-1153,ホビー,2,site_C,2026-02-05,全体的に状態が悪い,113,30,4572
R04189,P01952,MC-6805-1952,ホビー,0,site_E,2025-11-12,全体的に状態が悪い,82,49,5123
R04191,P00084,MC-5804-0084,家電,2,site_D,2026-01-19,ほぼ新品,215,34,68787
R04192,P02110,MC-3063-2110,ファッション,0,site_D,2026-02-21,全体的に状態が悪い,157,99,2216
R04193,P01869,MC-8529-1869,スポーツ,1,site_A,2025-10-07,新品,190,75,13560
R04194,P00494,MC-2106-0494,本・音楽,0,site_A,2026-01-05,傷や汚れあり,24,51,744
R04195,P02096,MC-3826-2096,スポーツ,1,site_D,2025-12-08,ほぼ新品,45,20,13896
R04196,P00157,MC-8360-0157,家電,1,site_E,2026-01-30,傷や汚れあり,158,34,16281
R04197,P00503,MC-9882-0503,ホビー,1,site_C,2026-02-14,ほぼ新品,114,40,16995
R04198,P00904,MC-2486-0904,ホビー,1,site_C,2025-12-23,ほぼ新品,104,86,8666
R04200,P00066,MC-5212-0066,家電,0,site_E,2025-12-18,全体的に状態が悪い,92,79,6774
R04202,P00084,MC-5804-0084,家電,2,site_B,2026-01-19,ほぼ新品,176,64,48332
R04203,P00640,MC-3991-0640,ホビー,1,site_D,2026-01-24,ほぼ新品,198,25,23736
R04204,P01953,MC-9652-1953,ファッション,0,site_C,2026-01-05,傷や汚れあり,86,115,2115
R04205,P00238,MC-7468-0238,家電,0,site_A,2026-02-09,新品,310,41,20865
R04206,P02199,MC-7096-2199,ホビー,0,site_E,2025-11-18,新品,306,34,9194
R04207,P01895,MC-6819-1895,スポーツ,2,site_D,2025-12-21,ほぼ新品,41,77,13908
R04208,P01334,MC-3528-1334,本・音楽,0,site_E,2025-10-06,傷や汚れあり,188,89,1331
R04210,P00027,MC-6212-0027,ホビー,0,site_C,2025-11-29,ほぼ新品,123,18,8011
R04211,P01421,MC-6053-1421,本・音楽,0,site_B,2026-01-04,全体的に状態が悪い,298,42,725
R04212,P00244,MC-9221-0244,ホビー,0,site_C,2025-11-27,新品,161,123,18784
R04213,P00883,MC-9672-0883,ホビー,0,site_C,2025-11-23,ほぼ新品,380,91,24365
R04214,P01351,MC-8043-1351,本・音楽,0,site_A,2025-10-25,傷や汚れあり,152,23,1404
R04216,P00100,MC-2966-0100,家電,0,site_D,2026-02-05,ほぼ新品,58,41,22141
R04217,P01174,MC-8455-1174,家電,2,site_D,2026-01-22,傷や汚れあり,168,23,38987
R04218,P00209,MC-9401-0209,ファッション,1,site_D,2025-10-11,新品,327,91,31047
R04219,P00668,MC-2586-0668,ホビー,0,site_E,2026-02-16,全体的に状態が悪い,89,84,892
R04220,P00658,MC-4571-0658,ファッション,2,site_A,2026-01-06,ほぼ新品,164,71,25575
R04222,P00432,MC-5091-0432,家電,1,site_C,2025-12-14,ほぼ新品,110,106,61764
R04223,P01290,MC-7751-1290,家電,1,site_E,2025-12-10,傷や汚れあり,54,44,22948
R04224,P01168,MC-3190-1168,ファッション,1,site_A,2025-12-10,傷や汚れあり,90,29,2883
R04225,P01794,MC-3034-1794,ファッション,1,site_C,2025-10-23,傷や汚れあり,173,53,5158
R04226,P02010,MC-5487-2010,家電,0,site_D,2026-02-07,新品,130,78,76267
R04227,P00228,MC-4215-0228,本・音楽,1,site_B,2025-10-26,ほぼ新品,258,24,1318
R04228,P00026,MC-6383-0026,ホビー,0,site_C,2025-10-30,傷や汚れあり,196,89,10290
R04229,P01000,MC-1212-1000,ファッション,2,site_E,2025-11-07,傷や汚れあり,152,53,3550
R04231,P00865,MC-1317-0865,家電,1,site_D,2025-10-09,ほぼ新品,262,23,23862
R04232,P00642,MC-1284-0642,スポーツ,1,site_B,2025-11-14,ほぼ新品,79,44,16630
R04233,P00402,MC-2313-0402,家電,0,site_B,2026-01-18,ほぼ新品,90,62,19069
R04234,P00732,MC-2317-0732,本・音楽,2,site_E,2026-01-04,傷や汚れあり,131,45,869
R04235,P01217,MC-2635-1217,家電,0,site_A,2025-11-26,ほぼ新品,72,87,84313
R04236,P01882,MC-7772-1882,家電,1,site_A,2025-11-02,新品,169,48,83523
R04237,P01272,MC-3244-1272,家電,0,site_E,2025-11-03,ほぼ新品,90,103,27534
R04238,P01210,MC-9947-1210,本・音楽,0,site_D,2025-12-28,ほぼ新品,244,25,1923
R04239,P02041,MC-6348-2041,ファッション,0,site_A,2026-02-25,傷や汚れあり,244,84,2016
R04241,P01889,MC-9317-1889,ファッション,0,site_D,2025-11-28,傷や汚れあり,147,47,2119
R04242,P00124,MC-1734-0124,スポーツ,0,site_D,2026-01-08,傷や汚れあり,357,70,8577
R04243,P01318,MC-8742-1318,ホビー,2,site_B,2025-10-22,傷や汚れあり,31,77,11082
R04244,P01147,MC-2013-1147,家電,0,site_E,2026-01-08,ほぼ新品,186,91,50101
R04245,P00070,MC-9225-0070,本・音楽,0,site_E,2025-12-05,ほぼ新品,144,56,1329
R04246,P02161,MC-9925-2161,本・音楽,0,site_B,2025-11-09,傷や汚れあり,35,57,1927
R04247,P00526,MC-4368-0526,本・音楽,1,site_C,2025-11-11,ほぼ新品,32,125,784
R04248,P00776,MC-1246-0776,ホビー,0,site_E,2025-11-29,傷や汚れあり,86,58,3782
R04249,P00896,MC-5034-0896,スポーツ,1,site_A,2025-10-21,ほぼ新品,175,123,14306
R04250,P02063,MC-8629-2063,スポーツ,0,site_E,2026-01-03,傷や汚れあり,163,82,2490
R04251,P02197,MC-9031-2197,スポーツ,1,site_C,2026-01-27,新品,81,97,14746
R04252,P00618,MC-6870-0618,ファッション,1,site_E,2025-11-20,傷や汚れあり,140,74,4897
R04253,P01916,MC-9574-1916,本・音楽,1,site_E,2026-02-13,傷や汚れあり,88,18,1183
R04254,P01334,MC-3528-1334,本・音楽,0,site_D,2025-10-08,ほぼ新品,133,70,1857
R04255,P00709,MC-8505-0709,スポーツ,2,site_E,2025-11-27,新品,94,118,15372
R04256,P00280,MC-9842-0280,スポーツ,0,site_E,2025-12-11,ほぼ新品,82,100,5255
R04257,P01545,MC-6531-1545,ファッション,1,site_B,2025-11-16,傷や汚れあり,406,118,5745
R04258,P01210,MC-9947-1210,本・音楽,0,site_C,2025-12-27,新品,257,85,1681
R04259,P00260,MC-4333-0260,ファッション,0,site_A,2025-12-30,新品,37,124,17091
R04260,P01457,MC-5474-1457,本・音楽,1,site_E,2025-12-25,傷や汚れあり,152,47,1164
R04261,P01146,MC-4851-1146,ファッション,2,site_D,2026-02-23,傷や汚れあり,61,84,3809
R04262,P01676,MC-3767-1676,ファッション,0,site_E,2025-12-26,全体的に状態が悪い,70,68,5067
R04265,P01609,MC-5097-1609,ファッション,0,site_A,2025-10-12,全体的に状態が悪い,158,51,2551
R04266,P00843,MC-1538-0843,本・音楽,0,site_D,2025-12-05,傷や汚れあり,121,119,446
R04267,P00460,MC-8384-0460,家電,1,site_C,2025-10-12,ほぼ新品,198,62,31322
R04268,P02017,MC-3383-2017,ファッション,0,site_A,2026-02-16,ほぼ新品,91,88,5477
R04269,P01352,MC-1283-1352,家電,1,site_E,2026-02-18,ほぼ新品,65,79,19004
R04271,P01638,MC-6789-1638,本・音楽,0,site_E,2025-12-21,傷や汚れあり,94,102,1781
R04272,P01145,MC-7730-1145,家電,0,site_C,2026-02-07,ほぼ新品,49,98,81938
R04273,P00675,MC-5112-0675,ホビー,2,site_A,2026-02-11,傷や汚れあり,25,102,5613
R04274,P00609,MC-5210-0609,ファッション,1,site_E,2025-10-27,傷や汚れあり,59,99,8844
R04275,P01500,MC-3208-1500,本・音楽,1,site_A,2026-02-08,傷や汚れあり,284,83,2919
R04276,P02062,MC-9712-2062,家電,0,site_B,2026-02-01,ほぼ新品,114,50,47686
R04277,P01336,MC-5223-1336,本・音楽,1,site_B,2026-01-01,傷や汚れあり,40,44,461
R04278,P00963,MC-1453-0963,ホビー,0,site_B,2026-01-10,新品,239,118,13076
R04280,P02143,MC-7998-2143,家電,0,site_D,2025-10-10,ほぼ新品,205,77,47704
R04281,P01436,MC-7396-1436,ファッション,1,site_C,2025-10-16,傷や汚れあり,291,111,7923
R04282,P01863,MC-9012-1863,家電,1,site_E,2026-02-08,傷や汚れあり,91,94,30606
R04283,P00577,MC-5445-0577,ファッション,1,site_D,2025-11-26,全体的に状態が悪い,208,49,608
R04285,P01728,MC-7185-1728,本・音楽,1,site_E,2026-01-21,新品,76,64,978
R04286,P01330,MC-7022-1330,ホビー,0,site_E,2026-01-24,ほぼ新品,186,129,9923
R04287,P01054,MC-4436-1054,ホビー,2,site_E,2026-02-21,傷や汚れあり,200,93,5653
R04288,P00723,MC-9653-0723,本・音楽,1,site_B,2026-02-03,傷や汚れあり,36,18,421
R04290,P01607,MC-5354-1607,家電,0,site_B,2025-10-29,傷や汚れあり,86,91,31727
R04291,P00542,MC-3027-0542,ファッション,1,site_E,2025-10-19,ほぼ新品,157,42,10937
R04292,P00965,MC-6725-0965,ホビー,0,site_E,2025-12-08,傷や汚れあり,81,40,1947
R04294,P01497,MC-9488-1497,本・音楽,0,site_B,2026-01-30,傷や汚れあり,138,121,2831
R04295,P00414,MC-6492-0414,家電,2,site_B,2025-11-28,新品,426,71,161717
R04297,P01347,MC-6338-1347,ファッション,0,site_A,2026-02-27,ほぼ新品,147,64,6982
R04298,P01762,MC-2227-1762,本・音楽,2,site_A,2025-11-05,新品,35,103,2979
R04299,P01235,MC-5229-1235,ファッション,0,site_A,2025-12-24,ほぼ新品,209,99,6142
R04301,P02157,MC-3570-2157,本・音楽,1,site_D,2025-12-20,ほぼ新品,35,37,1806
R04302,P00605,MC-1391-0605,スポーツ,1,site_B,2025-11-05,傷や汚れあり,237,45,10956
R04303,P00377,MC-9025-0377,ファッション,0,site_C,2026-01-15,ほぼ新品,228,21,8554
R04304,P00265,MC-7307-0265,家電,0,site_D,2025-11-27,傷や汚れあり,80,92,8263
R04305,P00747,MC-9806-0747,本・音楽,2,site_E,2025-10-11,傷や汚れあり,231,43,3552
R04306,P02130,MC-8481-2130,本・音楽,0,site_D,2025-11-03,新品,101,103,2187
R04307,P01108,MC-4279-1108,ファッション,1,site_D,2025-10-17,傷や汚れあり,91,53,7820
R04308,P01370,MC-5320-1370,スポーツ,0,site_B,2026-01-03,ほぼ新品,155,118,14096
R04309,P00266,MC-8110-0266,スポーツ,1,site_D,2025-11-07,傷や汚れあり,86,15,15015
R04310,P00637,MC-1102-0637,ホビー,1,site_E,2025-12-18,傷や汚れあり,195,64,5380
R04312,P01339,MC-5084-1339,ホビー,0,site_C,2025-12-14,新品,282,61,17661
R04313,P01879,MC-1565-1879,ファッション,0,site_C,2025-11-10,全体的に状態が悪い,105,57,2020
R04314,P00646,MC-2440-0646,ホビー,2,site_C,2026-02-18,傷や汚れあり,101,37,5908
R04315,P00010,MC-3474-0010,スポーツ,1,site_A,2026-02-20,傷や汚れあり,185,63,20823
R04316,P02036,MC-5203-2036,ファッション,2,site_A,2025-12-21,傷や汚れあり,253,89,9578
R04317,P01306,MC-6305-1306,家電,1,site_A,2026-02-08,傷や汚れあり,128,38,45987
R04318,P00091,MC-1588-0091,本・音楽,0,site_B,2025-12-04,ほぼ新品,93,39,1592
R04320,P01892,MC-2038-1892,スポーツ,0,site_D,2025-10-15,傷や汚れあり,95,69,11476
R04322,P01680,MC-3577-1680,家電,0,site_D,2026-02-26,新品,118,79,55601
R04323,P01816,MC-3474-1816,ホビー,0,site_D,2026-02-09,新品,59,119,14046
R04324,P01473,MC-9356-1473,スポーツ,0,site_A,2025-11-12,全体的に状態が悪い,184,81,6556
R04325,P01788,MC-2336-1788,本・音楽,0,site_A,2025-11-25,ほぼ新品,415,49,2524
R04326,P02052,MC-8611-2052,スポーツ,0,site_A,2025-11-08,全体的に状態が悪い,116,129,5244
R04328,P00592,MC-2360-0592,本・音楽,0,site_E,2025-10-05,傷や汚れあり,251,45,2592
R04329,P00198,MC-2228-0198,ファッション,1,site_C,2026-01-18,傷や汚れあり,313,97,3860
R04330,P01125,MC-5844-1125,ホビー,0,site_D,2026-02-08,ほぼ新品,118,77,805
R04331,P02182,MC-7410-2182,ファッション,1,site_E,2025-12-26,ほぼ新品,257,27,4378
R04332,P00613,MC-9141-0613,家電,2,site_C,2025-12-31,新品,50,81,211085
R04333,P00063,MC-7324-0063,家電,1,site_E,2026-01-28,新品,187,29,94124
R04335,P00387,MC-6418-0387,ファッション,1,site_C,2025-12-10,全体的に状態が悪い,91,22,2252
R04336,P01438,MC-4819-1438,ファッション,1,site_D,2025-10-10,全体的に状態が悪い,303,116,7494
R04337,P01305,MC-7974-1305,家電,0,site_A,2025-10-10,傷や汚れあり,155,70,21682
R04338,P02077,MC-5252-2077,ホビー,0,site_B,2025-12-13,全体的に状態が悪い,77,18,5655
R04340,P00968,MC-2909-0968,家電,2,site_B,2026-01-11,ほぼ新品,95,50,113906
R04341,P01702,MC-2075-1702,ファッション,1,site_B,2026-02-04,傷や汚れあり,107,38,6452
R04342,P00906,MC-5888-0906,ホビー,0,site_A,2026-01-29,傷や汚れあり,218,87,2341
R04343,P00881,MC-3679-0881,本・音楽,1,site_E,2025-11-20,全体的に状態が悪い,71,56,2021
R04344,P00204,MC-3185-0204,ファッション,0,site_B,2025-10-29,傷や汚れあり,39,35,2162
R04345,P00654,MC-8717-0654,ファッション,0,site_B,2026-02-25,全体的に状態が悪い,59,23,2815
R04346,P01480,MC-5309-1480,家電,2,site_B,2026-02-15,傷や汚れあり,128,32,32065
R04347,P00376,MC-1862-0376,スポーツ,2,site_C,2025-11-09,ほぼ新品,85,27,30037
R04349,P01581,MC-4600-1581,ファッション,0,site_A,2025-11-26,全体的に状態が悪い,76,101,3194
R04350,P01895,MC-6819-1895,スポーツ,2,site_B,2025-12-20,新品,27,32,16828
R04351,P00808,MC-6727-0808,家電,0,site_D,2025-10-01,新品,276,66,82681
R04353,P00742,MC-9693-0742,ホビー,1,site_D,2025-10-24,傷や汚れあり,47,21,2735
R04354,P01680,MC-3577-1680,家電,0,site_B,2026-02-26,新品,110,42,65355
R04355,P00028,MC-2986-0028,ホビー,1,site_D,2025-10-09,ほぼ新品,234,45,11595
R04356,P00188,MC-9270-0188,ホビー,0,site_C,2026-01-26,ほぼ新品,570,122,6745
R04357,P00939,MC-6791-0939,ファッション,2,site_E,2026-01-09,傷や汚れあり,27,108,14629
R04358,P01005,MC-1569-1005,スポーツ,2,site_A,2026-02-06,ほぼ新品,203,127,56008
R04359,P00623,MC-5535-0623,家電,2,site_C,2025-11-09,傷や汚れあり,73,45,50882
R04360,P01439,MC-6417-1439,ホビー,1,site_E,2025-11-24,傷や汚れあり,70,112,2442
R04361,P00916,MC-1522-0916,スポーツ,1,site_C,2026-01-31,傷や汚れあり,148,45,10025
R04362,P02188,MC-3907-2188,スポーツ,0,site_D,2026-01-23,ほぼ新品,39,94,5177
R04363,P00899,MC-6829-0899,ホビー,2,site_D,2025-12-02,ほぼ新品,204,67,22751
R04365,P00798,MC-2381-0798,家電,1,site_A,2025-11-08,傷や汚れあり,144,116,18895
R04366,P00496,MC-8729-0496,本・音楽,0,site_A,2025-10-10,傷や汚れあり,235,126,2704
R04367,P00728,MC-4034-0728,本・音楽,0,site_C,2026-02-05,新品,209,78,700
R04368,P01321,MC-5550-1321,本・音楽,0,site_D,2025-11-24,ほぼ新品,38,112,1069
R04370,P01308,MC-1302-1308,本・音楽,2,site_C,2025-12-11,傷や汚れあり,154,38,1868
R04371,P01451,MC-1970-1451,ホビー,0,site_A,2025-10-24,傷や汚れあり,119,76,2678
R04372,P01018,MC-5286-1018,スポーツ,1,site_B,2026-01-13,新品,259,25,69825
R04373,P01263,MC-7421-1263,本・音楽,1,site_D,2025-11-13,ほぼ新品,136,103,3643
R04374,P00594,MC-6459-0594,ホビー,1,site_B,2025-11-15,傷や汚れあり,134,123,4534
R04375,P01846,MC-9787-1846,スポーツ,1,site_C,2026-01-21,全体的に状態が悪い,119,125,5402
R04376,P00302,MC-8210-0302,本・音楽,1,site_D,2025-12-21,傷や汚れあり,331,61,1476
R04377,P00339,MC-1033-0339,スポーツ,0,site_E,2026-01-31,傷や汚れあり,171,99,5244
R04378,P01505,MC-7432-1505,家電,0,site_D,2025-10-02,ほぼ新品,83,24,75404
R04379,P01044,MC-4518-1044,ホビー,2,site_E,2025-10-06,傷や汚れあり,144,109,4753
R04380,P02021,MC-6820-2021,スポーツ,2,site_C,2026-02-20,傷や汚れあり,328,29,16695
R04382,P01232,MC-9617-1232,ホビー,1,site_E,2025-11-01,全体的に状態が悪い,61,40,3647
R04383,P00385,MC-1254-0385,ホビー,2,site_B,2025-12-26,新品,80,76,21840
R04384,P00378,MC-7753-0378,ホビー,2,site_E,2025-10-08,傷や汚れあり,204,99,17097
R04385,P00776,MC-1246-0776,ホビー,0,site_C,2025-11-29,ほぼ新品,149,113,6343
R04386,P00572,MC-9468-0572,ホビー,0,site_B,2025-12-15,ほぼ新品,64,127,5763
R04387,P01703,MC-7884-1703,ファッション,1,site_D,2025-12-05,傷や汚れあり,95,119,2095
R04388,P00219,MC-3234-0219,ホビー,0,site_C,2025-11-17,ほぼ新品,473,21,37212
R04389,P01784,MC-6435-1784,家電,0,site_B,2025-10-21,全体的に状態が悪い,315,45,36864
R04390,P01853,MC-6795-1853,スポーツ,2,site_C,2025-12-10,ほぼ新品,144,20,13773
R04391,P02136,MC-4998-2136,ファッション,0,site_A,2025-11-24,ほぼ新品,215,93,12298
R04392,P01254,MC-3650-1254,ファッション,1,site_B,2025-11-29,ほぼ新品,119,30,18097
R04393,P00755,MC-7661-0755,家電,0,site_B,2026-01-02,傷や汚れあり,251,127,14322
R04394,P01995,MC-1725-1995,ファッション,0,site_E,2026-01-17,傷や汚れあり,100,100,1917
R04395,P00254,MC-7540-0254,ファッション,0,site_D,2025-12-13,ほぼ新品,221,43,12813
R04396,P00754,MC-5426-0754,ファッション,0,site_D,2026-02-20,傷や汚れあり,243,114,2418
R04397,P00009,MC-5986-0009,本・音楽,1,site_C,2025-11-30,ほぼ新品,40,108,675
R04398,P01070,MC-5815-1070,本・音楽,0,site_E,2025-12-26,新品,208,19,3653
R04399,P01447,MC-2782-1447,ホビー,2,site_B,2026-02-09,傷や汚れあり,131,24,16126
R04402,P01201,MC-7589-1201,本・音楽,2,site_C,2026-02-14,ほぼ新品,163,19,1470
R04403,P01220,MC-6620-1220,スポーツ,0,site_E,2026-01-13,傷や汚れあり,108,58,11713
R04404,P00154,MC-9892-0154,家電,1,site_A,2025-12-30,傷や汚れあり,291,94,100287
R04406,P01474,MC-6616-1474,スポーツ,0,site_E,2026-02-20,傷や汚れあり,70,115,3677
R04407,P00695,MC-3766-0695,ファッション,1,site_B,2026-01-11,傷や汚れあり,92,65,2862
R04408,P02120,MC-5767-2120,本・音楽,0,site_E,2026-02-09,新品,125,43,1147
R04410,P00858,MC-5326-0858,スポーツ,0,site_B,2026-01-24,傷や汚れあり,335,116,12871
R04411,P00104,MC-5394-0104,ファッション,1,site_E,2026-01-20,新品,71,112,2753
R04412,P00836,MC-4886-0836,本・音楽,0,site_A,2025-12-21,ほぼ新品,199,118,1375
R04413,P01552,MC-7520-1552,ファッション,1,site_E,2025-12-21,傷や汚れあり,4,71,3031
R04414,P01750,MC-6764-1750,ホビー,0,site_E,2025-10-02,傷や汚れあり,290,65,7498
R04415,P00888,MC-9636-0888,家電,0,site_A,2026-01-10,ほぼ新品,73,113,24674
R04416,P01501,MC-7584-1501,本・音楽,0,site_D,2025-12-16,傷や汚れあり,48,112,1525
R04417,P01704,MC-7133-1704,本・音楽,1,site_D,2025-12-27,全体的に状態が悪い,144,24,430
R04418,P01619,MC-7821-1619,ホビー,0,site_E,2025-11-06,全体的に状態が悪い,248,106,5584
R04420,P02150,MC-6777-2150,ファッション,2,site_D,2026-02-23,全体的に状態が悪い,146,49,5017
R04421,P00558,MC-4935-0558,スポーツ,1,site_C,2025-11-02,ほぼ新品,178,37,17221
R04422,P00088,MC-7814-0088,ファッション,0,site_A,2025-11-07,全体的に状態が悪い,38,107,2246
R04423,P00686,MC-3617-0686,ホビー,1,site_E,2025-11-24,ほぼ新品,133,15,16306
R04424,P00658,MC-4571-0658,ファッション,2,site_C,2026-01-06,ほぼ新品,410,52,32637
R04425,P01907,MC-5427-1907,家電,1,site_E,2025-12-19,ほぼ新品,84,127,45565
R04426,P01748,MC-6182-1748,ファッション,0,site_E,2025-12-25,傷や汚れあり,49,69,3089
R04427,P01285,MC-9775-1285,家電,0,site_A,2025-11-12,全体的に状態が悪い,62,81,5231
R04428,P01284,MC-2680-1284,スポーツ,0,site_E,2025-11-24,ほぼ新品,161,128,14763
R04429,P01490,MC-7996-1490,本・音楽,1,site_A,2026-01-21,ほぼ新品,109,47,515
R04430,P00321,MC-2834-0321,ファッション,0,site_D,2026-02-10,全体的に状態が悪い,197,117,2986
R04431,P00364,MC-7883-0364,ホビー,1,site_E,2025-11-08,傷や汚れあり,75,84,11672
R04432,P00976,MC-2505-0976,家電,0,site_A,2026-02-09,傷や汚れあり,57,38,22337
R04433,P00884,MC-3523-0884,ファッション,2,site_A,2025-11-03,傷や汚れあり,221,124,7932
R04435,P01870,MC-3061-1870,家電,1,site_B,2025-11-10,全体的に状態が悪い,41,77,15756
R04436,P01053,MC-3279-1053,スポーツ,2,site_D,2025-10-14,ほぼ新品,54,17,9817
R04437,P00480,MC-3898-0480,ファッション,1,site_A,2026-01-03,傷や汚れあり,537,123,9119
R04438,P00745,MC-7190-0745,本・音楽,1,site_B,2025-11-26,傷や汚れあり,133,38,2060
R04440,P01552,MC-7520-1552,ファッション,1,site_A,2025-12-22,ほぼ新品,113,81,4749
R04441,P00122,MC-8890-0122,ホビー,0,site_E,2025-10-19,傷や汚れあり,294,48,4066
R04442,P01325,MC-2546-1325,スポーツ,0,site_E,2025-11-17,傷や汚れあり,109,47,12675
R04443,P01396,MC-2517-1396,ファッション,2,site_C,2025-11-14,全体的に状態が悪い,107,122,3757
R04444,P01356,MC-8102-1356,本・音楽,1,site_D,2025-11-05,新品,168,116,2812
R04445,P00055,MC-9226-0055,スポーツ,1,site_C,2025-11-06,新品,170,66,35412
R04446,P00922,MC-9003-0922,ホビー,1,site_D,2025-12-25,傷や汚れあり,69,29,6213
R04447,P01050,MC-5924-1050,ホビー,0,site_B,2026-01-31,傷や汚れあり,115,86,2325
R04448,P01956,MC-5515-1956,家電,0,site_E,2025-11-07,ほぼ新品,109,76,46352
R04449,P00099,MC-1561-0099,ホビー,0,site_D,2026-01-27,ほぼ新品,112,89,13312
R04450,P01755,MC-7559-1755,ホビー,1,site_C,2026-02-17,傷や汚れあり,219,109,5100
R04451,P00685,MC-8533-0685,ファッション,0,site_C,2026-01-23,全体的に状態が悪い,221,91,1102
R04452,P01360,MC-6926-1360,本・音楽,2,site_D,2026-01-20,全体的に状態が悪い,142,23,2622
R04453,P02050,MC-4348-2050,スポーツ,1,site_C,2025-12-31,全体的に状態が悪い,119,17,3476
R04455,P00737,MC-1654-0737,ホビー,0,site_D,2026-01-20,新品,89,115,26468
R04456,P00986,MC-6617-0986,ファッション,0,site_E,2026-02-15,傷や汚れあり,101,66,4913
R04457,P01752,MC-4668-1752,ホビー,1,site_A,2026-01-20,ほぼ新品,290,95,15974
R04458,P01829,MC-8083-1829,ファッション,1,site_E,2025-12-22,ほぼ新品,86,113,23329
R04459,P00423,MC-8986-0423,本・音楽,1,site_D,2026-02-21,新品,106,75,1913
R04460,P00648,MC-4523-0648,ファッション,2,site_E,2025-10-13,新品,149,100,31865
R04461,P02077,MC-5252-2077,ホビー,0,site_C,2025-12-15,傷や汚れあり,124,109,6400
R04462,P00791,MC-1798-0791,ホビー,1,site_E,2025-12-26,傷や汚れあり,110,121,16372
R04463,P00971,MC-9066-0971,ホビー,0,site_D,2025-10-26,ほぼ新品,241,78,18412
R04464,P01919,MC-6213-1919,家電,0,site_E,2025-10-21,ほぼ新品,277,60,42053
R04465,P00005,MC-1039-0005,スポーツ,1,site_E,2026-02-06,傷や汚れあり,180,27,10574
R04466,P02107,MC-1152-2107,ホビー,0,site_C,2026-01-23,新品,122,90,7407
R04467,P02180,MC-5173-2180,ホビー,0,site_A,2025-10-01,新品,225,97,13476
R04468,P00577,MC-5445-0577,ファッション,1,site_B,2025-11-30,新品,27,118,1226
R04469,P00261,MC-7832-0261,ファッション,0,site_E,2025-10-29,新品,107,79,4544
R04470,P00175,MC-4158-0175,ホビー,0,site_E,2025-10-08,傷や汚れあり,144,53,5675
R04471,P01877,MC-6376-1877,家電,0,site_B,2026-02-16,新品,200,106,24814
R04472,P01040,MC-1936-1040,ファッション,0,site_D,2025-12-16,ほぼ新品,31,125,4473
R04473,P02026,MC-8992-2026,家電,0,site_E,2026-02-01,傷や汚れあり,504,97,14311
R04474,P01190,MC-5479-1190,ファッション,1,site_A,2025-10-13,傷や汚れあり,49,114,5018
R04476,P00161,MC-5853-0161,ファッション,1,site_B,2026-02-13,全体的に状態が悪い,88,72,6576
R04477,P01502,MC-8724-1502,本・音楽,0,site_A,2025-10-21,傷や汚れあり,144,100,879
R04478,P00079,MC-4240-0079,ファッション,2,site_A,2025-12-12,傷や汚れあり,138,70,10398
R04480,P02112,MC-7652-2112,スポーツ,0,site_D,2025-12-13,全体的に状態が悪い,182,59,9291
R04481,P00945,MC-6637-0945,スポーツ,0,site_A,2026-02-01,ほぼ新品,82,81,5104
R04482,P01634,MC-5728-1634,家電,0,site_A,2025-11-17,傷や汚れあり,569,50,14068
R04483,P00584,MC-4581-0584,ホビー,1,site_A,2026-02-16,新品,237,80,31358
R04485,P01044,MC-4518-1044,ホビー,2,site_D,2025-10-08,傷や汚れあり,62,39,5313
R04486,P01818,MC-1240-1818,スポーツ,1,site_B,2025-11-05,新品,179,50,31455
R04487,P00236,MC-4999-0236,ファッション,0,site_E,2025-11-06,傷や汚れあり,95,20,4950
R04488,P01449,MC-5082-1449,ファッション,1,site_C,2025-11-25,全体的に状態が悪い,39,101,8310
R04489,P00801,MC-4435-0801,家電,1,site_E,2025-10-26,傷や汚れあり,225,102,24592
R04490,P01510,MC-5552-1510,家電,1,site_B,2025-11-17,傷や汚れあり,106,52,17299
R04491,P00665,MC-7564-0665,ファッション,2,site_A,2025-11-30,全体的に状態が悪い,84,91,15337
R04493,P00844,MC-6788-0844,家電,1,site_D,2025-10-22,傷や汚れあり,141,25,20406
R04494,P00717,MC-3440-0717,ホビー,2,site_C,2025-12-07,ほぼ新品,225,90,7929
R04495,P01234,MC-3235-1234,家電,0,site_A,2025-11-08,全体的に状態が悪い,252,121,21636
R04496,P02159,MC-6177-2159,スポーツ,0,site_D,2025-11-26,全体的に状態が悪い,136,78,2293
R04497,P01878,MC-7329-1878,本・音楽,2,site_A,2026-02-17,全体的に状態が悪い,116,94,1058
R04499,P02169,MC-7061-2169,スポーツ,0,site_D,2026-02-18,ほぼ新品,239,121,28349
R04500,P01662,MC-5889-1662,スポーツ,2,site_A,2026-02-16,新品,35,118,16020
R04501,P00601,MC-1525-0601,ファッション,0,site_D,2025-12-30,傷や汚れあり,285,112,2586
R04502,P01817,MC-8519-1817,ホビー,0,site_A,2025-10-29,傷や汚れあり,53,81,5084
R04503,P02142,MC-6661-2142,スポーツ,1,site_B,2025-12-16,全体的に状態が悪い,195,79,6605
R04504,P00444,MC-8224-0444,家電,1,site_A,2025-11-10,ほぼ新品,67,19,76206
R04506,P00496,MC-8729-0496,本・音楽,0,site_C,2025-10-08,傷や汚れあり,213,52,2469
R04507,P01975,MC-6585-1975,ホビー,1,site_C,2025-12-03,ほぼ新品,96,119,8126
R04509,P00447,MC-4320-0447,ファッション,0,site_A,2026-01-12,傷や汚れあり,135,26,1993
R04510,P00225,MC-5425-0225,ホビー,0,site_B,2025-11-15,全体的に状態が悪い,176,54,8530
R04511,P01529,MC-7478-1529,ホビー,1,site_A,2026-02-14,ほぼ新品,177,118,5761
R04513,P01942,MC-5696-1942,ファッション,1,site_A,2025-12-23,ほぼ新品,39,62,2213
R04514,P01881,MC-1403-1881,ファッション,1,site_D,2025-10-25,傷や汚れあり,108,102,8547
R04516,P01585,MC-3458-1585,ホビー,1,site_E,2026-02-17,ほぼ新品,67,84,6968
R04517,P00800,MC-1625-0800,ホビー,0,site_C,2026-01-25,傷や汚れあり,13,19,2337
R04518,P00981,MC-3792-0981,本・音楽,1,site_D,2025-12-28,傷や汚れあり,193,124,645
R04519,P01099,MC-1517-1099,ファッション,1,site_B,2026-02-04,傷や汚れあり,130,100,3311
R04520,P00409,MC-7580-0409,スポーツ,0,site_B,2026-01-12,傷や汚れあり,18,22,2603
R04521,P00959,MC-3431-0959,スポーツ,1,site_D,2025-12-23,ほぼ新品,46,60,8566
R04522,P02035,MC-1778-2035,スポーツ,0,site_A,2026-02-04,新品,31,77,14597
R04523,P01704,MC-7133-1704,本・音楽,1,site_A,2025-12-24,ほぼ新品,80,49,726
R04525,P01171,MC-2928-1171,家電,1,site_D,2025-11-09,ほぼ新品,106,79,121870
R04527,P00421,MC-5904-0421,家電,1,site_B,2026-01-05,傷や汚れあり,20,20,8777
R04528,P01850,MC-4064-1850,ファッション,0,site_E,2025-12-11,ほぼ新品,52,42,6720
R04529,P00071,MC-2992-0071,家電,1,site_D,2025-10-07,ほぼ新品,152,108,22771
R04530,P00693,MC-2092-0693,スポーツ,0,site_E,2026-02-24,全体的に状態が悪い,32,105,1552
R04531,P00547,MC-7090-0547,ファッション,1,site_A,2025-10-26,傷や汚れあり,167,67,7499
R04532,P00407,MC-1115-0407,ファッション,0,site_B,2025-11-27,全体的に状態が悪い,42,106,1595
R04533,P00292,MC-1840-0292,ファッション,0,site_A,2026-01-12,ほぼ新品,63,112,5183
R04534,P01002,MC-3768-1002,ファッション,0,site_E,2026-01-13,ほぼ新品,75,34,7739
R04535,P00637,MC-1102-0637,ホビー,1,site_A,2025-12-17,傷や汚れあり,69,55,3993
R04536,P00858,MC-5326-0858,スポーツ,0,site_E,2026-01-21,傷や汚れあり,260,69,11707
R04538,P01959,MC-3423-1959,ホビー,0,site_A,2025-12-05,傷や汚れあり,141,66,1322
R04540,P00700,MC-3438-0700,家電,0,site_D,2025-11-28,ほぼ新品,262,112,52131
R04541,P01984,MC-7322-1984,ファッション,0,site_E,2025-11-27,全体的に状態が悪い,156,121,2402
R04542,P00681,MC-8173-0681,ファッション,0,site_B,2026-01-30,ほぼ新品,152,123,10265
R04543,P00731,MC-3318-0731,スポーツ,2,site_D,2026-01-14,傷や汚れあり,257,97,12813
R04544,P01840,MC-8573-1840,スポーツ,2,site_C,2025-12-19,傷や汚れあり,101,23,4588
R04546,P01649,MC-9834-1649,スポーツ,2,site_B,2025-11-06,新品,107,127,4667
R04548,P01723,MC-7964-1723,ホビー,0,site_C,2025-11-26,新品,249,102,10656
R04549,P01164,MC-3524-1164,スポーツ,1,site_B,2025-12-08,傷や汚れあり,238,24,3358
R04550,P00970,MC-9503-0970,本・音楽,1,site_E,2025-11-23,ほぼ新品,178,107,2031
R04551,P01225,MC-1127-1225,ファッション,1,site_C,2025-11-08,傷や汚れあり,167,95,2839
R04552,P01720,MC-6897-1720,スポーツ,0,site_D,2025-12-16,傷や汚れあり,263,92,5819
R04553,P01567,MC-1941-1567,本・音楽,2,site_E,2026-01-12,ほぼ新品,144,127,2374
R04554,P00786,MC-2605-0786,スポーツ,0,site_A,2026-01-04,全体的に状態が悪い,101,126,2970
R04555,P01019,MC-6416-1019,スポーツ,1,site_C,2026-02-07,ほぼ新品,111,101,17255
R04556,P01785,MC-1953-1785,ファッション,1,site_B,2026-01-19,ほぼ新品,101,86,10171
R04557,P02026,MC-8992-2026,家電,0,site_A,2026-02-01,傷や汚れあり,48,86,12747
R04559,P01068,MC-8935-1068,スポーツ,0,site_E,2026-01-04,傷や汚れあり,184,102,8660
R04560,P02081,MC-1959-2081,家電,0,site_E,2025-10-12,ほぼ新品,350,100,83197
R04561,P01943,MC-6182-1943,家電,0,site_B,2026-02-16,ほぼ新品,107,74,46482
R04563,P00128,MC-9440-0128,ファッション,2,site_B,2025-11-06,傷や汚れあり,20,129,11460
R04564,P00874,MC-1711-0874,ファッション,1,site_B,2026-02-25,傷や汚れあり,189,101,6050
R04565,P00778,MC-1652-0778,家電,0,site_D,2026-01-10,傷や汚れあり,146,36,13591
R04566,P01322,MC-7886-1322,スポーツ,0,site_A,2026-01-16,新品,106,120,4005
R04567,P02138,MC-1953-2138,ファッション,1,site_E,2025-11-05,全体的に状態が悪い,35,110,21143
R04568,P00125,MC-3534-0125,家電,1,site_C,2026-02-27,新品,55,111,308075
R04569,P00547,MC-7090-0547,ファッション,1,site_B,2025-10-22,傷や汚れあり,35,103,8568
R04570,P00508,MC-5131-0508,ホビー,1,site_B,2025-10-11,ほぼ新品,184,61,25981
R04571,P00311,MC-5254-0311,スポーツ,2,site_E,2025-11-09,傷や汚れあり,20,111,8305
R04572,P00954,MC-5703-0954,スポーツ,0,site_B,2026-01-31,新品,185,82,13788
R04573,P02085,MC-8600-2085,ホビー,0,site_D,2026-02-10,傷や汚れあり,230,72,16788
R04574,P00811,MC-1835-0811,ホビー,1,site_B,2025-11-27,全体的に状態が悪い,322,37,17840
R04575,P00847,MC-9293-0847,スポーツ,1,site_C,2026-01-14,ほぼ新品,46,106,10568
R04576,P00083,MC-9800-0083,スポーツ,0,site_A,2025-12-18,ほぼ新品,66,21,8207
R04577,P01445,MC-6182-1445,家電,0,site_A,2026-02-12,ほぼ新品,22,96,25050
R04578,P00048,MC-1836-0048,ファッション,1,site_D,2025-12-01,傷や汚れあり,155,36,10077
R04579,P00439,MC-1028-0439,家電,0,site_C,2025-12-20,傷や汚れあり,23,88,11344
R04580,P00173,MC-8353-0173,ファッション,0,site_B,2026-01-04,ほぼ新品,79,51,3823
R04581,P02160,MC-5463-2160,ホビー,0,site_C,2026-02-05,ほぼ新品,42,18,6090
R04582,P00538,MC-2503-0538,本・音楽,0,site_E,2025-12-21,傷や汚れあり,157,104,1057
R04583,P01827,MC-4459-1827,本・音楽,2,site_D,2026-02-03,傷や汚れあり,136,16,601
R04584,P00575,MC-7708-0575,ファッション,1,site_E,2025-10-27,傷や汚れあり,94,48,9227
R04585,P00405,MC-6433-0405,ホビー,0,site_C,2026-02-26,新品,98,103,11928
R04586,P01546,MC-1642-1546,ファッション,2,site_C,2026-01-02,傷や汚れあり,154,95,4021
R04587,P00404,MC-7479-0404,本・音楽,2,site_A,2025-10-24,傷や汚れあり,217,59,2483
R04588,P00131,MC-8970-0131,家電,0,site_E,2026-01-27,ほぼ新品,132,55,19833
R04590,P00512,MC-1706-0512,ホビー,1,site_B,2026-01-24,傷や汚れあり,202,57,2028
R04592,P01804,MC-7881-1804,ホビー,2,site_E,2025-11-10,ほぼ新品,132,98,12920
R04594,P01067,MC-6244-1067,ファッション,0,site_D,2025-12-04,傷や汚れあり,39,32,6067
R04595,P00022,MC-3236-0022,ホビー,0,site_B,2025-10-27,全体的に状態が悪い,86,82,2326
R04596,P01904,MC-3694-1904,家電,2,site_B,2026-01-30,傷や汚れあり,234,44,103625
R04597,P01197,MC-6016-1197,家電,0,site_A,2026-01-25,ほぼ新品,108,34,41789
R04599,P00431,MC-2481-0431,ファッション,1,site_E,2025-10-18,新品,73,17,4786
R04600,P02103,MC-2762-2103,本・音楽,0,site_C,2025-11-04,新品,91,80,2196
R04601,P01687,MC-6607-1687,スポーツ,1,site_E,2026-02-07,ほぼ新品,77,19,10853
R04603,P01683,MC-7737-1683,ホビー,0,site_B,2025-10-31,傷や汚れあり,55,33,1656
R04604,P01807,MC-5330-1807,スポーツ,1,site_A,2025-11-01,新品,266,77,28900
R04605,P00713,MC-4090-0713,スポーツ,0,site_D,2026-02-11,全体的に状態が悪い,98,114,2897
R04606,P00591,MC-6779-0591,ホビー,0,site_C,2025-11-03,全体的に状態が悪い,93,52,2076
R04607,P01483,MC-6275-1483,スポーツ,0,site_A,2025-11-09,新品,220,24,14995
R04608,P01432,MC-5390-1432,ファッション,1,site_E,2025-11-09,全体的に状態が悪い,18,101,11594
R04609,P00382,MC-6353-0382,本・音楽,0,site_D,2025-12-09,ほぼ新品,37,18,2105
R04610,P02172,MC-4133-2172,ファッション,0,site_E,2026-02-02,傷や汚れあり,45,91,1818
R04611,P00864,MC-5384-0864,スポーツ,0,site_D,2025-10-16,ほぼ新品,39,71,8718
R04612,P02145,MC-2985-2145,ファッション,1,site_E,2025-12-14,新品,168,127,13486
R04613,P00739,MC-7826-0739,本・音楽,0,site_E,2026-01-13,ほぼ新品,180,91,3807
R04614,P01374,MC-6910-1374,スポーツ,1,site_D,2026-01-13,新品,106,26,7819
R04615,P02184,MC-7515-2184,ファッション,0,site_D,2026-02-28,ほぼ新品,48,55,4484
R04616,P01255,MC-7173-1255,スポーツ,1,site_A,2025-11-17,新品,18,94,61308
R04618,P00456,MC-2066-0456,ファッション,0,site_E,2026-01-06,ほぼ新品,197,113,1833
R04619,P01904,MC-3694-1904,家電,2,site_C,2026-01-31,ほぼ新品,51,40,111674
R04620,P01229,MC-7446-1229,ファッション,2,site_E,2025-12-09,傷や汚れあり,146,37,6939
R04621,P01446,MC-5497-1446,ファッション,0,site_A,2026-02-24,傷や汚れあり,146,78,2403
R04622,P00670,MC-5314-0670,ファッション,0,site_A,2025-11-24,傷や汚れあり,160,56,3863
R04623,P00807,MC-8908-0807,家電,0,site_D,2026-01-25,全体的に状態が悪い,341,94,7045
R04624,P00642,MC-1284-0642,スポーツ,1,site_A,2025-11-15,ほぼ新品,204,19,19316
R04625,P01225,MC-1127-1225,ファッション,1,site_B,2025-11-11,傷や汚れあり,146,34,3603
R04626,P02102,MC-5451-2102,本・音楽,1,site_D,2025-11-08,ほぼ新品,103,113,830
R04628,P01431,MC-5432-1431,スポーツ,1,site_D,2025-10-28,全体的に状態が悪い,129,114,5647
R04630,P00214,MC-5948-0214,ファッション,1,site_D,2026-02-27,傷や汚れあり,133,118,1992
R04631,P00973,MC-8191-0973,本・音楽,0,site_C,2025-12-25,傷や汚れあり,22,49,2022
R04632,P01516,MC-3238-1516,スポーツ,0,site_B,2025-10-18,ほぼ新品,199,18,42952
R04633,P00784,MC-4167-0784,家電,1,site_D,2025-12-17,傷や汚れあり,79,84,16160
R04634,P00479,MC-1849-0479,家電,0,site_D,2026-01-07,ほぼ新品,186,62,20662
R04635,P01056,MC-9144-1056,家電,0,site_D,2026-01-04,傷や汚れあり,199,73,31102
R04636,P00643,MC-8806-0643,ホビー,0,site_A,2026-01-20,ほぼ新品,145,36,18455
R04638,P00622,MC-4367-0622,家電,0,site_A,2025-10-29,ほぼ新品,38,59,19115
R04639,P00974,MC-9885-0974,スポーツ,1,site_C,2025-11-21,傷や汚れあり,111,18,8477
R04640,P00388,MC-3785-0388,家電,2,site_C,2025-12-28,ほぼ新品,187,49,25851
R04641,P01087,MC-4415-1087,本・音楽,0,site_A,2025-11-23,ほぼ新品,114,87,1056
R04642,P01405,MC-2383-1405,ホビー,2,site_E,2025-10-14,ほぼ新品,20,108,11231
R04643,P00085,MC-2092-0085,家電,0,site_B,2025-12-30,傷や汚れあり,76,100,14895
R04644,P01881,MC-1403-1881,ファッション,1,site_A,2025-10-25,傷や汚れあり,129,58,9734
R04645,P01954,MC-1757-1954,ホビー,2,site_C,2025-12-27,全体的に状態が悪い,49,82,2585
R04646,P00730,MC-3393-0730,ファッション,0,site_C,2026-01-21,全体的に状態が悪い,295,17,3224
R04648,P01065,MC-2293-1065,ファッション,2,site_E,2025-11-19,ほぼ新品,361,129,5235
R04649,P02146,MC-7199-2146,ファッション,0,site_C,2025-11-07,傷や汚れあり,73,95,2730
R04650,P00328,MC-5841-0328,ファッション,0,site_B,2025-11-25,傷や汚れあり,108,22,3799
R04651,P00184,MC-5540-0184,家電,1,site_A,2025-10-05,新品,90,118,50743
R04652,P00737,MC-1654-0737,ホビー,0,site_E,2026-01-16,傷や汚れあり,177,79,7528
R04653,P00705,MC-3333-0705,ホビー,2,site_E,2026-01-22,新品,210,127,23774
R04657,P01013,MC-8958-1013,家電,1,site_D,2025-10-28,ほぼ新品,116,34,25949
R04658,P00213,MC-4642-0213,ファッション,0,site_D,2025-11-14,傷や汚れあり,22,68,2593
R04659,P01277,MC-6413-1277,家電,0,site_D,2025-12-29,新品,621,51,73389
R04660,P01411,MC-2062-1411,家電,1,site_C,2025-11-05,ほぼ新品,98,29,37446
R04661,P00559,MC-4502-0559,ファッション,0,site_A,2025-11-20,新品,183,26,4220
R04664,P00800,MC-1625-0800,ホビー,0,site_D,2026-01-26,傷や汚れあり,104,118,1764
R04666,P01312,MC-8497-1312,ファッション,0,site_B,2026-02-22,ほぼ新品,184,74,11174
R04668,P00931,MC-3459-0931,ファッション,0,site_B,2025-12-15,傷や汚れあり,46,73,4464
R04669,P00192,MC-6444-0192,本・音楽,2,site_E,2025-12-15,傷や汚れあり,27,85,2449
R04670,P00338,MC-4243-0338,ファッション,1,site_D,2025-12-17,傷や汚れあり,167,15,11283
R04671,P00451,MC-2099-0451,ファッション,0,site_B,2025-11-05,ほぼ新品,278,109,2892
R04672,P00672,MC-9719-0672,ホビー,2,site_B,2025-10-24,ほぼ新品,70,16,13622
R04673,P00993,MC-5215-0993,ファッション,1,site_A,2026-01-12,全体的に状態が悪い,109,30,6275
R04674,P01902,MC-9058-1902,ファッション,2,site_D,2025-10-13,ほぼ新品,122,52,10891
R04675,P00653,MC-1529-0653,家電,1,site_D,2025-11-16,ほぼ新品,184,109,87487
R04676,P01788,MC-2336-1788,本・音楽,0,site_E,2025-11-30,新品,160,64,2190
R04678,P00019,MC-7041-0019,ファッション,1,site_C,2025-12-02,新品,226,86,14340
R04679,P00879,MC-9843-0879,ファッション,0,site_E,2026-02-16,傷や汚れあり,121,80,2861
R04680,P01342,MC-5199-1342,家電,0,site_D,2026-02-19,ほぼ新品,38,96,16312
R04681,P00306,MC-1511-0306,ファッション,1,site_C,2025-10-21,ほぼ新品,43,58,11734
R04682,P01951,MC-1893-1951,ファッション,0,site_D,2026-01-27,ほぼ新品,70,24,5958
R04683,P00829,MC-2577-0829,ファッション,0,site_A,2025-12-05,傷や汚れあり,446,61,6166
R04684,P01140,MC-4581-1140,家電,0,site_D,2025-12-25,傷や汚れあり,473,16,68044
R04685,P01037,MC-5427-1037,スポーツ,0,site_D,2026-01-10,ほぼ新品,148,77,9918
R04686,P00193,MC-8718-0193,本・音楽,0,site_D,2026-02-28,全体的に状態が悪い,85,84,2576
R04687,P00378,MC-7753-0378,ホビー,2,site_B,2025-10-07,ほぼ新品,88,126,28154
R04688,P01537,MC-3713-1537,ファッション,0,site_D,2025-12-07,ほぼ新品,77,55,7838
R04689,P00363,MC-9863-0363,ホビー,1,site_E,2025-12-15,ほぼ新品,151,94,14552
R04690,P00899,MC-6829-0899,ホビー,2,site_A,2025-12-03,傷や汚れあり,262,100,8940
R04692,P01112,MC-2288-1112,スポーツ,0,site_A,2025-12-05,ほぼ新品,203,80,11817
R04693,P01829,MC-8083-1829,ファッション,1,site_B,2025-12-23,新品,45,112,31904
R04694,P01040,MC-1936-1040,ファッション,0,site_C,2025-12-14,ほぼ新品,197,82,7609
R04696,P02169,MC-7061-2169,スポーツ,0,site_E,2026-02-18,全体的に状態が悪い,245,74,14618
R04697,P01866,MC-7831-1866,本・音楽,0,site_B,2025-10-17,傷や汚れあり,84,56,1884
R04698,P00879,MC-9843-0879,ファッション,0,site_A,2026-02-15,傷や汚れあり,333,82,5035
R04699,P01620,MC-7457-1620,ホビー,0,site_A,2025-12-28,全体的に状態が悪い,41,92,1471
R04700,P01107,MC-8510-1107,家電,0,site_A,2025-11-11,ほぼ新品,40,128,37323
R04701,P00578,MC-2031-0578,ファッション,2,site_C,2026-01-09,ほぼ新品,131,92,15859
R04702,P00630,MC-5142-0630,ホビー,0,site_C,2025-12-22,ほぼ新品,69,91,6471
R04703,P00657,MC-9067-0657,ファッション,1,site_C,2026-02-22,全体的に状態が悪い,124,35,1463
R04705,P00311,MC-5254-0311,スポーツ,2,site_D,2025-11-07,新品,195,31,28675
R04706,P01353,MC-4277-1353,スポーツ,0,site_D,2026-01-27,傷や汚れあり,165,18,9300
R04707,P00023,MC-1942-0023,家電,0,site_A,2026-02-16,全体的に状態が悪い,189,104,12475
R04708,P00929,MC-1625-0929,ファッション,0,site_D,2026-01-21,ほぼ新品,581,20,13119
R04709,P01573,MC-9363-1573,ファッション,0,site_A,2026-01-09,傷や汚れあり,207,114,5052
R04710,P01119,MC-5750-1119,ホビー,0,site_A,2026-01-05,全体的に状態が悪い,287,78,13996
R04711,P01729,MC-1015-1729,ファッション,1,site_E,2025-12-03,傷や汚れあり,152,43,7317
R04712,P01981,MC-2204-1981,ファッション,1,site_C,2026-01-05,全体的に状態が悪い,139,62,3213
R04713,P01575,MC-4343-1575,スポーツ,1,site_D,2025-11-25,ほぼ新品,123,83,6863
R04714,P01912,MC-5159-1912,スポーツ,0,site_A,2025-11-18,ほぼ新品,86,73,4583
R04715,P00081,MC-4544-0081,ファッション,1,site_A,2026-02-23,ほぼ新品,5,36,8277
R04716,P01041,MC-6526-1041,スポーツ,2,site_A,2025-11-22,傷や汚れあり,23,116,19466
R04717,P00027,MC-6212-0027,ホビー,0,site_B,2025-11-28,新品,165,108,13862
R04718,P01540,MC-2191-1540,ファッション,0,site_B,2026-01-26,傷や汚れあり,39,60,2663
R04719,P01058,MC-4642-1058,家電,0,site_E,2026-01-10,傷や汚れあり,75,27,8382
R04720,P00433,MC-3129-0433,スポーツ,1,site_C,2025-11-20,新品,86,116,10702
R04722,P01258,MC-5603-1258,スポーツ,1,site_A,2025-11-25,ほぼ新品,98,21,3073
R04723,P01276,MC-9288-1276,ホビー,1,site_E,2025-10-05,傷や汚れあり,186,27,3095
R04724,P00418,MC-3208-0418,ファッション,0,site_E,2026-02-27,傷や汚れあり,313,119,2899
R04725,P00344,MC-9634-0344,家電,0,site_E,2025-10-17,ほぼ新品,125,50,62640
R04726,P00319,MC-2138-0319,スポーツ,1,site_E,2026-02-10,全体的に状態が悪い,151,46,5679
R04727,P00631,MC-1645-0631,ファッション,0,site_E,2025-12-21,新品,68,94,5114
R04728,P01793,MC-2029-1793,家電,1,site_B,2025-12-01,傷や汚れあり,73,114,30324
R04729,P01700,MC-3865-1700,家電,2,site_A,2026-02-26,傷や汚れあり,213,74,130886
R04730,P00785,MC-9988-0785,ファッション,0,site_A,2025-11-09,傷や汚れあり,94,22,3748
R04731,P01448,MC-4082-1448,スポーツ,2,site_E,2025-11-01,傷や汚れあり,77,49,4243
R04732,P00122,MC-8890-0122,ホビー,0,site_D,2025-10-20,ほぼ新品,102,99,5938
R04733,P01059,MC-9609-1059,ホビー,1,site_A,2026-01-18,ほぼ新品,115,106,15513
R04734,P01884,MC-9131-1884,家電,1,site_B,2025-10-15,傷や汚れあり,164,78,24025
R04735,P01508,MC-8279-1508,家電,0,site_B,2025-12-09,ほぼ新品,42,67,41410
R04736,P01551,MC-7690-1551,ファッション,1,site_D,2026-01-11,新品,169,93,8947
R04737,P00523,MC-8086-0523,スポーツ,1,site_D,2026-01-12,傷や汚れあり,33,107,10002
R04738,P01350,MC-2180-1350,家電,0,site_E,2026-01-25,ほぼ新品,392,117,60165
R04739,P01593,MC-7416-1593,スポーツ,1,site_A,2025-11-19,ほぼ新品,169,108,29932
R04740,P01676,MC-3767-1676,ファッション,0,site_B,2025-12-23,傷や汚れあり,134,103,5325
R04741,P00708,MC-1939-0708,本・音楽,0,site_E,2026-02-13,ほぼ新品,47,88,980
R04742,P00368,MC-6675-0368,スポーツ,0,site_D,2026-01-14,新品,448,59,16415
R04746,P01763,MC-9994-1763,ファッション,0,site_E,2025-11-30,傷や汚れあり,59,120,3901
R04747,P00346,MC-6867-0346,家電,1,site_B,2025-11-08,ほぼ新品,39,49,53861
R04748,P01514,MC-2050-1514,本・音楽,0,site_A,2026-01-24,ほぼ新品,119,86,1285
R04750,P00544,MC-1003-0544,家電,1,site_C,2025-10-23,全体的に状態が悪い,353,118,11187
R04751,P01905,MC-1357-1905,ファッション,0,site_B,2025-10-27,ほぼ新品,179,127,3094
R04752,P00080,MC-2836-0080,スポーツ,1,site_A,2025-11-21,新品,222,37,41106
R04753,P01324,MC-8649-1324,本・音楽,0,site_E,2025-10-29,傷や汚れあり,15,37,2627
R04754,P01701,MC-7516-1701,本・音楽,0,site_D,2025-10-13,ほぼ新品,120,68,954
R04755,P00271,MC-7706-0271,家電,1,site_C,2025-12-14,新品,72,98,55098
R04757,P01660,MC-8934-1660,ホビー,0,site_B,2025-12-01,傷や汚れあり,77,70,5653
R04758,P01022,MC-2001-1022,ホビー,1,site_D,2025-12-25,ほぼ新品,28,65,34430
R04759,P01218,MC-5359-1218,本・音楽,1,site_C,2026-01-07,傷や汚れあり,53,24,749
R04760,P00213,MC-4642-0213,ファッション,0,site_B,2025-11-12,傷や汚れあり,146,120,2301
R04761,P02153,MC-9643-2153,ホビー,1,site_A,2025-11-23,傷や汚れあり,295,46,7198
R04762,P00478,MC-5712-0478,スポーツ,0,site_D,2025-12-19,新品,127,30,3241
R04763,P01667,MC-6295-1667,ホビー,0,site_C,2025-12-12,ほぼ新品,33,53,23897
R04764,P01507,MC-5198-1507,ファッション,2,site_E,2025-10-16,傷や汚れあり,201,75,8396
R04765,P00421,MC-5904-0421,家電,1,site_D,2026-01-07,全体的に状態が悪い,102,124,4883
R04766,P01380,MC-3425-1380,本・音楽,0,site_E,2026-02-24,傷や汚れあり,102,49,681
R04767,P00061,MC-9947-0061,ファッション,1,site_C,2026-01-06,傷や汚れあり,171,90,10480
R04769,P00801,MC-4435-0801,家電,1,site_A,2025-10-27,傷や汚れあり,124,56,17750
R04770,P01576,MC-2486-1576,スポーツ,0,site_B,2025-12-07,全体的に状態が悪い,84,123,11370
R04771,P02164,MC-7551-2164,スポーツ,0,site_C,2025-10-11,ほぼ新品,556,81,9883
R04772,P00517,MC-7313-0517,ホビー,1,site_A,2025-11-04,新品,49,113,7594
R04773,P00718,MC-1678-0718,スポーツ,0,site_B,2025-11-02,ほぼ新品,218,57,9476
R04774,P01598,MC-2169-1598,スポーツ,0,site_B,2025-10-18,ほぼ新品,103,120,9270
R04775,P00112,MC-9881-0112,ファッション,1,site_C,2025-12-11,傷や汚れあり,313,73,7704
R04776,P00842,MC-5764-0842,家電,0,site_A,2025-12-05,傷や汚れあり,314,87,47489
R04777,P00199,MC-2280-0199,ホビー,1,site_D,2026-02-02,ほぼ新品,409,73,5026
R04778,P00442,MC-9585-0442,スポーツ,0,site_E,2025-10-17,ほぼ新品,30,31,7693
R04779,P00559,MC-4502-0559,ファッション,0,site_D,2025-11-21,傷や汚れあり,89,115,1718
R04780,P02092,MC-6028-2092,家電,1,site_A,2026-02-04,ほぼ新品,87,31,61338
R04781,P01709,MC-6409-1709,家電,1,site_C,2026-01-09,ほぼ新品,63,116,42103
R04782,P01139,MC-9188-1139,家電,0,site_E,2026-01-22,新品,115,113,80112
R04783,P00596,MC-8166-0596,ホビー,2,site_D,2025-10-22,傷や汚れあり,483,103,8793
R04784,P00604,MC-4363-0604,スポーツ,0,site_C,2026-02-02,傷や汚れあり,148,116,5941
R04786,P01148,MC-7038-1148,ホビー,0,site_C,2026-02-05,新品,76,101,7704
R04788,P01303,MC-9965-1303,ホビー,1,site_D,2025-11-18,ほぼ新品,64,108,14937
R04789,P01868,MC-7743-1868,家電,0,site_D,2026-02-14,ほぼ新品,168,52,13556
R04790,P00230,MC-5373-0230,ファッション,1,site_C,2025-11-12,新品,271,108,5069
R04791,P00654,MC-8717-0654,ファッション,0,site_E,2026-02-25,ほぼ新品,133,38,3787
R04792,P01850,MC-4064-1850,ファッション,0,site_D,2025-12-11,ほぼ新品,140,61,7773
R04793,P00970,MC-9503-0970,本・音楽,1,site_C,2025-11-18,傷や汚れあり,34,36,1870
R04794,P00379,MC-1956-0379,スポーツ,0,site_B,2026-02-07,ほぼ新品,153,126,7725
R04795,P01953,MC-9652-1953,ファッション,0,site_A,2026-01-05,傷や汚れあり,175,55,1880
R04796,P00524,MC-3764-0524,家電,0,site_B,2025-12-03,全体的に状態が悪い,336,81,3453
R04797,P00673,MC-1176-0673,ホビー,0,site_B,2025-11-09,傷や汚れあり,66,59,4514
R04798,P00068,MC-8092-0068,家電,2,site_A,2025-11-01,ほぼ新品,50,110,109945
R04799,P00886,MC-9807-0886,スポーツ,2,site_E,2025-12-05,ほぼ新品,174,33,16160
R04800,P00988,MC-1061-0988,スポーツ,0,site_A,2025-10-07,傷や汚れあり,257,23,5455
R04801,P01835,MC-9349-1835,ファッション,1,site_D,2025-12-31,ほぼ新品,107,18,6515
R04802,P00661,MC-9507-0661,ホビー,0,site_D,2025-10-04,ほぼ新品,368,28,16762
R04803,P01043,MC-7555-1043,ホビー,0,site_D,2025-12-21,傷や汚れあり,66,66,3748
R04804,P01375,MC-4159-1375,本・音楽,0,site_D,2025-10-19,ほぼ新品,50,63,1703
R04805,P01108,MC-4279-1108,ファッション,1,site_E,2025-10-18,ほぼ新品,90,70,8726
R04806,P01367,MC-5863-1367,ホビー,0,site_E,2025-10-07,全体的に状態が悪い,105,125,3959
R04807,P00875,MC-3848-0875,本・音楽,0,site_B,2025-10-19,傷や汚れあり,300,82,2563
R04808,P01771,MC-5022-1771,本・音楽,0,site_A,2025-10-06,傷や汚れあり,185,122,3876
R04809,P00734,MC-3655-0734,ファッション,1,site_C,2025-10-20,ほぼ新品,348,66,15479
R04810,P01675,MC-4940-1675,スポーツ,0,site_A,2025-12-14,新品,217,125,11880
R04811,P00705,MC-3333-0705,ホビー,2,site_A,2026-01-19,傷や汚れあり,12,82,6773
R04812,P00844,MC-6788-0844,家電,1,site_C,2025-10-25,ほぼ新品,336,68,32058
R04813,P00998,MC-8631-0998,スポーツ,0,site_A,2025-11-29,ほぼ新品,110,28,15708
R04815,P01209,MC-6778-1209,ホビー,0,site_C,2025-11-19,新品,109,30,18820
R04816,P00530,MC-4544-0530,ホビー,2,site_D,2025-11-07,ほぼ新品,152,50,7776
R04818,P00598,MC-1779-0598,本・音楽,0,site_C,2025-11-15,ほぼ新品,123,118,591
R04819,P00376,MC-1862-0376,スポーツ,2,site_D,2025-11-12,ほぼ新品,139,64,26645
R04820,P00367,MC-1985-0367,ホビー,1,site_B,2025-11-20,新品,215,17,7321
R04821,P00121,MC-5279-0121,家電,1,site_D,2025-12-17,ほぼ新品,34,113,40894
R04822,P01024,MC-9776-1024,ファッション,0,site_D,2025-12-29,傷や汚れあり,83,37,2108
R04823,P00314,MC-7513-0314,本・音楽,1,site_D,2025-11-04,傷や汚れあり,66,27,543
R04824,P01073,MC-3219-1073,家電,0,site_E,2025-10-14,傷や汚れあり,71,97,16911
R04825,P00341,MC-9798-0341,ホビー,0,site_E,2025-12-22,ほぼ新品,138,63,6523
R04826,P01371,MC-2696-1371,ファッション,1,site_C,2026-02-23,傷や汚れあり,192,53,3104
R04827,P00267,MC-9281-0267,ファッション,1,site_B,2025-10-16,傷や汚れあり,133,123,3190
R04828,P00735,MC-4307-0735,家電,0,site_D,2025-11-30,新品,28,20,30999
R04829,P01368,MC-7665-1368,ホビー,2,site_D,2025-10-06,新品,210,21,12678
R04830,P00621,MC-2250-0621,本・音楽,0,site_B,2025-11-03,全体的に状態が悪い,136,32,1258
R04832,P00433,MC-3129-0433,スポーツ,1,site_D,2025-11-22,傷や汚れあり,55,17,3470
R04833,P00952,MC-7891-0952,本・音楽,0,site_D,2025-12-21,ほぼ新品,350,61,2138
R04834,P00431,MC-2481-0431,ファッション,1,site_B,2025-10-17,傷や汚れあり,68,60,3236
R04835,P01594,MC-3604-1594,本・音楽,1,site_B,2025-10-16,傷や汚れあり,114,15,1867
R04836,P01305,MC-7974-1305,家電,0,site_D,2025-10-13,ほぼ新品,175,58,43835
R04837,P01320,MC-7192-1320,スポーツ,0,site_D,2025-10-31,傷や汚れあり,353,109,8174
R04838,P00108,MC-6150-0108,ホビー,1,site_B,2026-01-17,傷や汚れあり,31,36,3798
R04839,P01695,MC-6997-1695,スポーツ,0,site_D,2025-10-10,新品,100,105,6652
R04840,P01582,MC-7777-1582,スポーツ,0,site_E,2026-02-11,傷や汚れあり,51,117,12542
R04841,P00863,MC-1252-0863,家電,2,site_E,2026-01-11,ほぼ新品,150,21,63577
R04842,P00701,MC-2819-0701,本・音楽,0,site_D,2026-01-25,傷や汚れあり,44,20,781
R04843,P00645,MC-4672-0645,ファッション,1,site_A,2025-11-12,ほぼ新品,462,29,22458
R04844,P00395,MC-1177-0395,ファッション,2,site_C,2026-01-24,新品,184,51,25697
R04845,P00365,MC-4502-0365,ファッション,1,site_A,2026-02-27,傷や汚れあり,140,40,10281
R04846,P00065,MC-1799-0065,家電,1,site_D,2025-12-02,新品,75,27,65031
R04847,P01354,MC-6549-1354,ファッション,0,site_E,2025-11-23,傷や汚れあり,33,41,9803
R04848,P00324,MC-1105-0324,ホビー,2,site_C,2025-10-08,全体的に状態が悪い,141,83,3244
R04849,P00491,MC-3900-0491,ファッション,1,site_C,2026-02-18,全体的に状態が悪い,218,124,4792
R04850,P01500,MC-3208-1500,本・音楽,1,site_E,2026-02-08,ほぼ新品,383,71,2261
R04851,P01128,MC-1789-1128,家電,1,site_E,2026-02-05,ほぼ新品,55,88,154355
R04852,P01969,MC-8821-1969,家電,1,site_C,2026-01-03,新品,257,78,37236
R04853,P01599,MC-8655-1599,ファッション,1,site_E,2025-11-01,傷や汚れあり,71,77,7587
R04854,P01779,MC-1741-1779,ファッション,1,site_B,2025-11-05,傷や汚れあり,193,91,6991
R04855,P00981,MC-3792-0981,本・音楽,1,site_B,2025-12-30,傷や汚れあり,73,54,752
R04856,P01315,MC-2459-1315,スポーツ,1,site_E,2025-10-19,傷や汚れあり,83,97,10546
R04857,P00967,MC-5708-0967,家電,1,site_A,2026-01-21,新品,125,17,38224
R04858,P01464,MC-9929-1464,ファッション,1,site_D,2026-02-22,ほぼ新品,113,53,7331
R04859,P01127,MC-6317-1127,ホビー,0,site_D,2026-02-10,全体的に状態が悪い,171,118,1162
R04861,P01658,MC-3213-1658,家電,1,site_A,2025-10-16,傷や汚れあり,106,84,24651
R04862,P01994,MC-7717-1994,ホビー,1,site_E,2025-10-14,ほぼ新品,144,34,12353
R04863,P00528,MC-6331-0528,ファッション,0,site_B,2025-11-10,ほぼ新品,76,80,4105
R04864,P01718,MC-7548-1718,ファッション,0,site_D,2026-01-25,ほぼ新品,56,32,2348
R04865,P00584,MC-4581-0584,ホビー,1,site_B,2026-02-16,新品,213,84,32824
R04866,P00568,MC-2481-0568,スポーツ,2,site_C,2026-02-18,全体的に状態が悪い,121,100,3997
R04867,P02080,MC-7597-2080,ファッション,0,site_E,2025-12-22,ほぼ新品,32,54,3907
R04868,P00658,MC-4571-0658,ファッション,2,site_B,2026-01-02,傷や汚れあり,239,57,22335
R04869,P00263,MC-1767-0263,ファッション,2,site_B,2025-10-24,ほぼ新品,156,99,27363
R04870,P02005,MC-2554-2005,スポーツ,1,site_E,2025-11-01,傷や汚れあり,255,97,30693
R04871,P01908,MC-7083-1908,ホビー,1,site_C,2026-01-23,新品,156,119,20742
R04873,P00934,MC-2677-0934,本・音楽,0,site_A,2025-10-22,傷や汚れあり,624,28,696
R04874,P01046,MC-1651-1046,ファッション,0,site_D,2025-10-30,ほぼ新品,58,19,3332
R04875,P01499,MC-6002-1499,家電,1,site_E,2025-12-24,ほぼ新品,319,67,68439
R04876,P01888,MC-4857-1888,家電,0,site_D,2025-11-04,新品,136,105,82046
R04878,P01606,MC-5144-1606,ファッション,2,site_B,2025-12-30,ほぼ新品,151,107,5703
R04879,P01256,MC-1504-1256,ファッション,0,site_A,2026-01-22,傷や汚れあり,139,118,2680
R04880,P01802,MC-7620-1802,家電,0,site_A,2026-02-02,ほぼ新品,124,96,20565
R04882,P01574,MC-3230-1574,家電,0,site_A,2025-12-25,新品,110,76,80687
R04883,P01580,MC-3874-1580,本・音楽,0,site_A,2025-11-23,ほぼ新品,109,53,3562
R04884,P02090,MC-9603-2090,スポーツ,2,site_D,2025-11-25,ほぼ新品,35,31,9756
R04885,P01198,MC-2102-1198,家電,1,site_D,2026-01-03,ほぼ新品,72,50,66062
R04886,P01091,MC-3528-1091,本・音楽,0,site_D,2026-02-14,傷や汚れあり,96,120,262
R04887,P00904,MC-2486-0904,ホビー,1,site_E,2025-12-25,全体的に状態が悪い,90,53,2188
R04889,P00231,MC-3056-0231,スポーツ,1,site_E,2026-01-06,新品,110,129,20062
R04890,P00548,MC-4005-0548,ホビー,1,site_B,2025-12-28,ほぼ新品,192,83,21719
R04891,P00077,MC-3884-0077,スポーツ,0,site_D,2026-02-01,傷や汚れあり,83,37,7172
R04893,P01853,MC-6795-1853,スポーツ,2,site_B,2025-12-15,全体的に状態が悪い,99,68,6651
R04894,P00046,MC-9499-0046,ホビー,0,site_B,2025-12-29,ほぼ新品,122,93,6938
R04895,P01618,MC-4075-1618,ファッション,0,site_A,2026-02-13,ほぼ新品,146,123,3045
R04896,P01017,MC-9957-1017,ファッション,1,site_C,2026-02-08,ほぼ新品,216,26,16004
R04897,P00395,MC-1177-0395,ファッション,2,site_D,2026-01-27,全体的に状態が悪い,194,47,12908
R04898,P00773,MC-5110-0773,ファッション,0,site_A,2026-01-09,ほぼ新品,70,101,4045
R04899,P00059,MC-4745-0059,ファッション,1,site_A,2025-12-06,全体的に状態が悪い,237,124,3453
R04901,P00747,MC-9806-0747,本・音楽,2,site_A,2025-10-08,全体的に状態が悪い,253,118,2555
R04902,P01651,MC-8779-1651,ファッション,0,site_C,2025-12-07,ほぼ新品,208,43,6144
R04903,P00401,MC-4014-0401,家電,1,site_A,2026-02-23,傷や汚れあり,128,95,24624
R04904,P01015,MC-7882-1015,スポーツ,0,site_C,2026-02-24,ほぼ新品,11,122,10899
R04905,P00848,MC-5376-0848,スポーツ,1,site_A,2026-01-13,全体的に状態が悪い,110,119,3904
R04906,P01641,MC-5259-1641,家電,0,site_E,2025-12-24,傷や汚れあり,266,75,13266
R04907,P01997,MC-1467-1997,ファッション,2,site_A,2026-02-08,傷や汚れあり,111,34,6212
R04908,P00985,MC-4531-0985,ファッション,1,site_D,2026-01-01,ほぼ新品,268,123,4925
R04909,P02141,MC-6723-2141,本・音楽,0,site_B,2025-12-16,新品,86,31,1713
R04910,P01751,MC-3948-1751,家電,2,site_B,2025-12-04,傷や汚れあり,150,54,25536
R04911,P00849,MC-3917-0849,ホビー,1,site_C,2025-11-07,傷や汚れあり,209,75,5794
R04912,P00953,MC-1858-0953,ホビー,0,site_D,2025-10-17,全体的に状態が悪い,114,31,5395
R04913,P01635,MC-2295-1635,ホビー,1,site_E,2025-11-04,ほぼ新品,228,32,59415
R04914,P01366,MC-5668-1366,家電,0,site_C,2025-12-14,全体的に状態が悪い,177,70,16895
R04916,P02060,MC-1455-2060,ホビー,1,site_A,2025-12-16,ほぼ新品,177,83,7215
R04918,P02110,MC-3063-2110,ファッション,0,site_C,2026-02-19,ほぼ新品,214,47,5998
R04920,P01625,MC-9415-1625,家電,2,site_C,2025-12-05,傷や汚れあり,68,127,55893
R04921,P01490,MC-7996-1490,本・音楽,1,site_E,2026-01-23,新品,43,33,856
R04922,P01079,MC-6981-1079,ファッション,1,site_A,2025-11-19,ほぼ新品,71,38,7022
R04923,P00625,MC-5699-0625,ファッション,0,site_B,2025-11-19,傷や汚れあり,55,38,6739
R04924,P01991,MC-8326-1991,本・音楽,1,site_D,2025-12-20,傷や汚れあり,89,117,1078
R04925,P00442,MC-9585-0442,スポーツ,0,site_B,2025-10-16,新品,121,49,12219
R04926,P00115,MC-8404-0115,スポーツ,0,site_B,2025-10-11,傷や汚れあり,210,125,11499
R04927,P01304,MC-8055-1304,ホビー,0,site_C,2025-11-21,新品,221,49,9718
R04928,P01275,MC-3273-1275,本・音楽,1,site_A,2025-10-12,全体的に状態が悪い,223,108,1940
R04929,P00987,MC-9810-0987,本・音楽,1,site_D,2025-12-28,傷や汚れあり,107,55,369
R04930,P02176,MC-4751-2176,ファッション,0,site_E,2026-01-03,ほぼ新品,265,118,3561
R04931,P01437,MC-9095-1437,家電,0,site_E,2025-10-22,ほぼ新品,108,22,17761
R04932,P01823,MC-8659-1823,家電,0,site_D,2025-11-07,新品,143,85,48183
R04933,P00408,MC-9421-0408,家電,0,site_E,2026-01-11,新品,192,97,35884
R04934,P01238,MC-6399-1238,ホビー,0,site_D,2026-01-15,新品,77,29,12468
R04935,P01677,MC-8169-1677,ファッション,0,site_C,2026-02-15,新品,115,64,5939
R04936,P00024,MC-1514-0024,家電,1,site_D,2025-10-13,全体的に状態が悪い,313,100,132384
R04937,P00201,MC-1560-0201,ファッション,1,site_B,2026-02-11,ほぼ新品,333,43,10331
R04938,P01560,MC-6918-1560,ファッション,2,site_B,2026-01-28,傷や汚れあり,98,110,3002
R04939,P02170,MC-7185-2170,ファッション,1,site_A,2025-11-07,ほぼ新品,60,101,7373
R04940,P01439,MC-6417-1439,ホビー,1,site_A,2025-11-19,全体的に状態が悪い,324,81,3112
R04941,P01521,MC-8435-1521,ホビー,2,site_B,2026-02-28,ほぼ新品,105,73,6136
R04942,P01665,MC-4488-1665,家電,0,site_A,2026-01-24,全体的に状態が悪い,227,106,12060
R04944,P01782,MC-1678-1782,ホビー,2,site_E,2025-10-04,新品,572,87,19586
R04945,P00506,MC-8383-0506,ホビー,0,site_D,2026-02-21,ほぼ新品,28,50,6549
R04947,P01203,MC-1904-1203,家電,0,site_C,2025-11-06,ほぼ新品,200,67,8008
R04948,P00591,MC-6779-0591,ホビー,0,site_D,2025-11-06,傷や汚れあり,95,49,3125
R04949,P01817,MC-8519-1817,ホビー,0,site_E,2025-10-29,全体的に状態が悪い,36,42,3841
R04950,P00343,MC-4880-0343,本・音楽,0,site_C,2026-01-04,新品,98,107,1010
R04951,P00812,MC-9303-0812,ホビー,0,site_C,2026-02-23,新品,188,17,19674
R04952,P01791,MC-4463-1791,本・音楽,1,site_C,2026-02-19,新品,187,82,1158
R04953,P01934,MC-8987-1934,ファッション,0,site_B,2025-10-31,ほぼ新品,428,39,13520
R04955,P00466,MC-3305-0466,家電,1,site_E,2025-11-30,新品,94,31,112548
R04956,P00692,MC-8075-0692,家電,1,site_D,2026-01-18,傷や汚れあり,36,53,24394
R04957,P00120,MC-4146-0120,ホビー,0,site_E,2025-11-25,新品,62,73,12235
R04958,P01162,MC-5770-1162,スポーツ,0,site_C,2026-01-28,ほぼ新品,352,74,43429
R04959,P01479,MC-1114-1479,家電,0,site_C,2026-02-23,全体的に状態が悪い,300,19,25071
R04960,P01773,MC-3939-1773,スポーツ,0,site_C,2025-12-22,ほぼ新品,138,66,7678
R04961,P00429,MC-5182-0429,ホビー,1,site_C,2025-10-06,ほぼ新品,205,92,12402
R04962,P00797,MC-6018-0797,ファッション,2,site_D,2026-01-06,全体的に状態が悪い,176,60,16589
R04963,P00495,MC-4379-0495,スポーツ,0,site_E,2025-11-14,ほぼ新品,252,31,9117
R04965,P01467,MC-9859-1467,本・音楽,0,site_E,2025-11-02,ほぼ新品,53,58,921
R04967,P01943,MC-6182-1943,家電,0,site_D,2026-02-18,全体的に状態が悪い,130,74,18666
R04968,P01677,MC-8169-1677,ファッション,0,site_B,2026-02-18,傷や汚れあり,54,29,4246
R04970,P01962,MC-7961-1962,ファッション,0,site_C,2025-12-29,傷や汚れあり,67,28,9933
R04971,P01686,MC-7813-1686,スポーツ,1,site_A,2026-02-20,新品,104,66,8514
R04972,P00960,MC-9087-0960,本・音楽,1,site_B,2025-11-16,傷や汚れあり,144,48,1963
R04973,P00750,MC-8355-0750,スポーツ,1,site_E,2025-11-22,ほぼ新品,77,119,9457
R04974,P01497,MC-9488-1497,本・音楽,0,site_A,2026-01-31,ほぼ新品,10,114,2026
R04975,P01998,MC-1693-1998,家電,1,site_A,2025-12-29,全体的に状態が悪い,24,21,4224
R04977,P01051,MC-1394-1051,スポーツ,0,site_B,2026-01-20,新品,89,35,13803
R04978,P00175,MC-4158-0175,ホビー,0,site_B,2025-10-11,ほぼ新品,176,105,13987
R04979,P00693,MC-2092-0693,スポーツ,0,site_C,2026-02-26,傷や汚れあり,88,94,2452
R04980,P00456,MC-2066-0456,ファッション,0,site_D,2026-01-09,傷や汚れあり,193,51,1095
R04981,P00864,MC-5384-0864,スポーツ,0,site_E,2025-10-17,傷や汚れあり,118,70,6896
R04983,P00860,MC-2580-0860,ファッション,0,site_C,2025-12-27,全体的に状態が悪い,85,41,1115
R04984,P00651,MC-8451-0651,スポーツ,0,site_B,2025-11-17,傷や汚れあり,179,87,8184
R04985,P01504,MC-7570-1504,ファッション,1,site_A,2025-12-23,傷や汚れあり,52,85,3976
R04986,P00411,MC-5203-0411,ホビー,0,site_A,2025-12-13,傷や汚れあり,135,51,4161
R04987,P01169,MC-3197-1169,ファッション,0,site_B,2026-02-12,ほぼ新品,199,19,3355
R04988,P00566,MC-3027-0566,ホビー,0,site_A,2025-10-14,ほぼ新品,142,32,17961
R04989,P01062,MC-1427-1062,スポーツ,0,site_E,2026-02-13,ほぼ新品,160,88,4616
R04990,P00459,MC-9115-0459,ファッション,0,site_E,2026-02-21,ほぼ新品,18,90,2060
R04991,P00115,MC-8404-0115,スポーツ,0,site_E,2025-10-10,傷や汚れあり,180,30,5794
R04992,P02135,MC-9130-2135,家電,0,site_B,2026-01-13,全体的に状態が悪い,53,18,5075
R04993,P01106,MC-8773-1106,ファッション,0,site_D,2025-11-05,全体的に状態が悪い,199,54,779
R04994,P01968,MC-4969-1968,本・音楽,1,site_C,2026-01-03,傷や汚れあり,137,95,1020
R04995,P00746,MC-5559-0746,ホビー,1,site_C,2025-12-02,ほぼ新品,243,62,14162
R04996,P00659,MC-4864-0659,ファッション,0,site_D,2025-10-18,新品,31,49,4213
R04997,P01198,MC-2102-1198,家電,1,site_A,2025-12-29,傷や汚れあり,139,100,34900
R04998,P02064,MC-4755-2064,家電,0,site_C,2025-12-13,全体的に状態が悪い,246,17,4683
R04999,P00679,MC-2123-0679,ホビー,1,site_A,2026-02-23,傷や汚れあり,260,70,6352
R05000,P01493,MC-7764-1493,本・音楽,0,site_D,2025-11-01,新品,64,116,1475
R05002,P00521,MC-9686-0521,本・音楽,0,site_E,2025-11-21,ほぼ新品,66,38,638
R05003,P01907,MC-5427-1907,家電,1,site_D,2025-12-18,ほぼ新品,352,25,114010
R05004,P00097,MC-6905-0097,ファッション,0,site_E,2025-11-14,傷や汚れあり,149,27,3855
R05005,P02087,MC-1221-2087,本・音楽,0,site_E,2025-11-07,新品,191,122,2385
R05006,P01187,MC-3355-1187,スポーツ,1,site_A,2025-12-17,全体的に状態が悪い,204,77,5650
R05007,P01590,MC-8826-1590,スポーツ,2,site_E,2025-12-29,新品,28,25,30667
R05009,P01526,MC-4595-1526,ファッション,0,site_D,2025-12-13,新品,161,38,10718
R05011,P00084,MC-5804-0084,家電,2,site_C,2026-01-18,傷や汚れあり,235,19,27045
R05014,P01834,MC-8633-1834,ホビー,0,site_A,2025-11-27,ほぼ新品,241,79,9524
