item_id,category,brand,condition,shipping,listed_at,description_len,views,price
tr_00000,ファッション,brand_12,傷や汚れあり,1,2026-04-18,537.0,314,5364
tr_00001,ファッション,brand_15,ほぼ新品,1,2026-04-09,150.0,78,0
tr_00002,ファッション,brand_16,新品,0,2026-03-31,514.0,50,6622
tr_00003,家電,brand_05,ほぼ新品,0,2026-03-25,20.0,96,27806
tr_00004,家電,brand_12,全体的に状態が悪い,1,2026-03-20,264.0,99,11835
tr_00005,ファッション,brand_11,全体的に状態が悪い,1,2026-01-18,457.0,40,2546
tr_00006,ファッション,brand_00,傷や汚れあり,0,2026-02-16,277.0,133,2618
tr_00007,本・音楽,brand_00,新品,0,2026-03-17,548.0,381,1792
tr_00008,家電,brand_05,ほぼ新品,1,2026-02-19,365.0,154,31004
tr_00009,ファッション,brand_01,ほぼ新品,1,2026-02-12,463.0,33,3660
tr_00010,ホビー,brand_17,新品,1,2026-03-12,183.0,173,5660
tr_00011,家電,brand_17,傷や汚れあり,0,2026-01-03,312.0,164,14894
tr_00012,スポーツ,brand_07,傷や汚れあり,0,2026-03-05,454.0,72,6230
tr_00013,スポーツ,brand_07,ほぼ新品,0,2026-03-01,203.0,186,6474
tr_00014,ホビー,brand_09,傷や汚れあり,1,2026-03-20,320.0,83,4353
tr_00015,ファッション,brand_17,全体的に状態が悪い,1,2026-03-27,92.0,31,4440
tr_00016,ファッション,brand_12,ほぼ新品,1,2026-02-02,220.0,98,3817
tr_00017,ファッション,brand_11,ほぼ新品,1,2026-02-11,284.0,44,2288
tr_00018,スポーツ,brand_11,全体的に状態が悪い,0,2026-02-07,,66,12676
tr_00019,本・音楽,,ほぼ新品,0,2026-02-06,544.0,117,1432
tr_00020,ホビー,brand_19,ほぼ新品,0,2026-03-15,327.0,250,15835
tr_00021,ホビー,brand_06,全体的に状態が悪い,0,2026-03-02,154.0,270,2563
tr_00022,ファッション,brand_19,新品,1,2026-01-13,236.0,39,8857
tr_00023,家電,brand_09,新品,1,2026-03-11,532.0,112,31902
tr_00024,家電,brand_11,傷や汚れあり,0,2026-04-29,243.0,29,10664
tr_00025,ファッション,brand_19,全体的に状態が悪い,0,2026-02-26,138.0,50,3432
tr_00026,スポーツ,brand_06,ほぼ新品,0,2026-02-18,,69,8137
tr_00027,本・音楽,brand_02,傷や汚れあり,1,2026-03-22,218.0,65,1131
tr_00028,家電,brand_10,ほぼ新品,1,2026-02-14,398.0,95,42125
tr_00029,ファッション,brand_19,ほぼ新品,1,2026-04-18,96.0,138,8634
tr_00030,家電,brand_14,全体的に状態が悪い,1,2026-04-10,538.0,55,9939
tr_00031,ホビー,brand_01,ほぼ新品,0,2026-01-12,298.0,166,11774
tr_00032,家電,brand_03,ほぼ新品,1,2026-02-04,50.0,64,12623
tr_00033,スポーツ,brand_02,新品,0,2026-02-08,176.0,53,19349
tr_00034,ホビー,brand_12,ほぼ新品,1,2026-03-29,143.0,208,9164
tr_00035,ファッション,brand_06,ほぼ新品,1,2026-03-02,127.0,37,2691
tr_00036,ファッション,brand_13,ほぼ新品,1,2026-02-15,374.0,128,7333
tr_00037,スポーツ,brand_15,傷や汚れあり,0,2026-01-02,331.0,35,14058
tr_00038,スポーツ,brand_11,ほぼ新品,1,2026-04-17,597.0,48,12765
tr_00039,家電,brand_11,ほぼ新品,0,2026-03-01,318.0,140,14779
tr_00040,ファッション,brand_03,全体的に状態が悪い,0,2026-04-27,67.0,127,2984
tr_00041,本・音楽,brand_13,ほぼ新品,0,2026-03-03,81.0,127,3002
tr_00042,ホビー,brand_06,ほぼ新品,1,2026-01-19,86.0,55,13733
tr_00043,ファッション,brand_13,ほぼ新品,0,2026-03-10,505.0,28,5273
tr_00044,スポーツ,brand_02,ほぼ新品,1,2026-01-31,394.0,181,13419
tr_00045,ファッション,brand_14,傷や汚れあり,0,2026-03-21,198.0,176,4342
tr_00046,ファッション,brand_03,傷や汚れあり,0,2026-03-28,175.0,28,6393
tr_00047,ファッション,brand_05,ほぼ新品,0,2026-04-02,132.0,50,6301
tr_00048,ホビー,brand_07,全体的に状態が悪い,1,2026-03-27,374.0,174,5372
tr_00049,ホビー,brand_11,新品,1,2026-02-14,77.0,261,12037
tr_00050,家電,,ほぼ新品,1,2026-03-25,184.0,-1,29875
tr_00051,本・音楽,brand_05,ほぼ新品,1,2026-03-29,235.0,106,1883
tr_00052,ファッション,brand_12,ほぼ新品,1,2026-01-03,27.0,114,2258
tr_00053,ホビー,brand_16,傷や汚れあり,0,2026-04-17,,78,8409
tr_00054,家電,brand_04,傷や汚れあり,1,2026-04-11,207.0,68,19727
tr_00055,本・音楽,brand_04,傷や汚れあり,0,2026-01-22,,170,1266
tr_00056,ホビー,brand_18,傷や汚れあり,1,2026-04-18,554.0,151,4605
tr_00057,スポーツ,brand_03,全体的に状態が悪い,1,2026-01-09,439.0,257,3357
tr_00058,家電,brand_12,全体的に状態が悪い,0,2026-01-25,523.0,42,10888
tr_00059,ファッション,brand_08,傷や汚れあり,1,2026-02-12,367.0,27,3020
tr_00060,ホビー,brand_08,傷や汚れあり,1,2026-01-26,462.0,99,8542
tr_00061,本・音楽,,全体的に状態が悪い,1,2026-04-12,254.0,55,97100
tr_00062,家電,brand_18,新品,1,2026-01-06,130.0,88,26478
tr_00063,ホビー,brand_14,新品,1,2026-02-28,504.0,95,9736
tr_00064,家電,brand_19,傷や汚れあり,1,2026-04-25,275.0,129,21055
tr_00065,家電,brand_04,全体的に状態が悪い,1,2026-04-07,230.0,121,9928
tr_00066,家電,brand_10,新品,1,2026-01-03,117.0,36,12116
tr_00067,ファッション,brand_05,全体的に状態が悪い,1,2026-02-03,437.0,141,4037
tr_00068,スポーツ,brand_09,ほぼ新品,1,2026-01-17,248.0,140,8352
tr_00069,ファッション,brand_07,ほぼ新品,1,2026-01-10,494.0,193,3242
tr_00070,ファッション,brand_16,ほぼ新品,1,2026-01-15,245.0,90,10182
tr_00071,家電,brand_08,傷や汚れあり,1,2026-03-17,324.0,142,11509
tr_00072,本・音楽,,ほぼ新品,1,2026-04-20,366.0,92,3626
tr_00073,本・音楽,,新品,0,2026-04-29,292.0,82,912
tr_00074,スポーツ,brand_06,新品,0,2026-02-19,273.0,178,8207
tr_00075,スポーツ,brand_14,傷や汚れあり,1,2026-02-05,107.0,63,9374
tr_00076,ファッション,brand_16,傷や汚れあり,0,2026-02-17,573.0,147,9153
tr_00077,ファッション,brand_03,全体的に状態が悪い,0,2026-04-12,389.0,245,8486
tr_00078,家電,brand_07,傷や汚れあり,1,2026-03-11,239.0,28,21271
tr_00079,家電,brand_00,傷や汚れあり,1,2026-01-03,191.0,84,18687
tr_00080,ファッション,brand_19,ほぼ新品,0,2026-04-10,194.0,91,4392
tr_00081,家電,brand_15,ほぼ新品,1,2026-02-03,350.0,150,22548
tr_00082,ホビー,brand_04,ほぼ新品,0,2026-02-19,191.0,33,9154
tr_00083,ホビー,brand_09,ほぼ新品,0,2026-03-07,482.0,64,11292
tr_00084,ファッション,,ほぼ新品,1,2026-03-21,525.0,102,7794
tr_00085,スポーツ,brand_08,全体的に状態が悪い,0,2026-03-16,90.0,25,5258
tr_00086,ファッション,brand_04,傷や汚れあり,0,2026-03-22,406.0,226,4642
tr_00087,ホビー,brand_02,ほぼ新品,0,2026-01-28,64.0,100,10125
tr_00088,家電,brand_06,傷や汚れあり,1,2026-02-04,203.0,7,1039400
tr_00089,家電,,新品,1,2026-01-09,319.0,57,24418
tr_00090,本・音楽,,傷や汚れあり,1,2026-03-28,191.0,79,1127
tr_00091,ファッション,,ほぼ新品,0,2026-02-16,531.0,66,7619
tr_00092,ファッション,brand_06,傷や汚れあり,1,2026-02-02,340.0,33,6283
tr_00093,ファッション,brand_00,ほぼ新品,0,2026-01-30,120.0,106,4129
tr_00094,ホビー,brand_16,全体的に状態が悪い,0,2026-01-20,225.0,96,2426
tr_00095,家電,brand_08,全体的に状態が悪い,1,2026-01-13,582.0,75,17317
tr_00096,ファッション,brand_10,ほぼ新品,1,2026-04-26,99.0,287,4172
tr_00097,本・音楽,,全体的に状態が悪い,1,2026-04-15,578.0,161,1054
tr_00098,スポーツ,brand_17,傷や汚れあり,1,2026-03-30,505.0,109,12025
tr_00099,ファッション,brand_14,全体的に状態が悪い,1,2026-04-09,48.0,121,2768
tr_00100,ファッション,brand_06,ほぼ新品,1,2026-02-23,270.0,73,6247
tr_00101,家電,brand_05,ほぼ新品,0,2026-03-29,540.0,216,23469
tr_00102,ホビー,brand_11,ほぼ新品,1,2026-01-17,,182,4369
tr_00103,ファッション,brand_13,ほぼ新品,1,2026-01-10,489.0,108,7280
tr_00104,家電,brand_15,傷や汚れあり,0,2026-02-16,417.0,52,21068
tr_00105,家電,brand_07,傷や汚れあり,1,2026-01-05,168.0,106,15524
tr_00106,家電,brand_17,ほぼ新品,1,2026-03-16,537.0,77,27923
tr_00107,家電,brand_08,ほぼ新品,0,2026-04-03,575.0,35,23878
tr_00108,家電,brand_12,傷や汚れあり,0,2026-01-20,296.0,-1,19368
tr_00109,ファッション,brand_05,ほぼ新品,0,2026-02-04,481.0,305,0
tr_00110,家電,brand_10,傷や汚れあり,1,2026-01-18,173.0,95,17020
tr_00111,ファッション,brand_17,全体的に状態が悪い,1,2026-01-26,487.0,88,2809
tr_00112,家電,brand_18,ほぼ新品,1,2026-01-14,550.0,99,18276
tr_00113,ファッション,brand_05,傷や汚れあり,0,2026-02-01,414.0,27,2761
tr_00114,本・音楽,,傷や汚れあり,1,2026-02-24,410.0,80,1874
tr_00115,ホビー,brand_00,全体的に状態が悪い,0,2026-02-20,414.0,244,3962
tr_00116,本・音楽,brand_17,傷や汚れあり,0,2026-03-01,181.0,33,1436
tr_00117,ホビー,brand_13,傷や汚れあり,0,2026-02-09,584.0,37,8663
tr_00118,家電,brand_17,新品,1,2026-04-16,474.0,20,20191
tr_00119,ファッション,brand_06,傷や汚れあり,0,2026-01-18,428.0,42,2952
tr_00120,家電,brand_07,全体的に状態が悪い,1,2026-03-11,568.0,45,26094
tr_00121,家電,brand_12,全体的に状態が悪い,1,2026-01-17,528.0,109,10725
tr_00122,スポーツ,brand_19,全体的に状態が悪い,0,2026-01-01,,43,4999
tr_00123,ファッション,brand_05,傷や汚れあり,1,2026-04-29,521.0,115,1344
tr_00124,ファッション,brand_12,全体的に状態が悪い,1,2026-03-04,386.0,288,1656
tr_00125,ファッション,brand_14,全体的に状態が悪い,1,2026-01-23,500.0,100,2403
tr_00126,ファッション,brand_08,全体的に状態が悪い,0,2026-03-09,289.0,-1,2348
tr_00127,スポーツ,brand_04,傷や汚れあり,0,2026-01-22,443.0,125,11557
tr_00128,スポーツ,brand_09,ほぼ新品,1,2026-03-28,,108,8453
tr_00129,ホビー,brand_16,ほぼ新品,0,2026-04-23,305.0,106,6323
tr_00130,ホビー,brand_14,ほぼ新品,0,2026-04-08,418.0,47,8598
tr_00131,家電,brand_08,全体的に状態が悪い,1,2026-01-06,506.0,68,28661
tr_00132,ファッション,brand_13,ほぼ新品,1,2026-04-27,45.0,37,11008
tr_00133,家電,brand_18,全体的に状態が悪い,0,2026-04-14,550.0,178,6939
tr_00134,ホビー,brand_11,ほぼ新品,1,2026-04-04,178.0,50,7052
tr_00135,本・音楽,brand_06,新品,1,2026-01-06,309.0,128,2872
tr_00136,ファッション,,傷や汚れあり,0,2026-01-30,400.0,89,3344
tr_00137,ファッション,brand_01,全体的に状態が悪い,1,2026-02-13,345.0,182,1979
tr_00138,家電,brand_12,ほぼ新品,0,2026-01-02,300.0,303,24620
tr_00139,家電,brand_00,傷や汚れあり,1,2026-04-28,562.0,137,19264
tr_00140,家電,brand_14,傷や汚れあり,1,2026-04-14,94.0,35,13591
tr_00141,ファッション,brand_11,ほぼ新品,0,2026-02-03,569.0,139,10376
tr_00142,ホビー,brand_13,全体的に状態が悪い,1,2026-02-12,337.0,53,7984
tr_00143,家電,brand_13,全体的に状態が悪い,0,2026-04-06,163.0,6,17056
tr_00144,ファッション,brand_00,ほぼ新品,0,2026-03-04,444.0,42,6170
tr_00145,ファッション,brand_06,全体的に状態が悪い,0,2026-04-22,152.0,17,2061
tr_00146,スポーツ,brand_03,ほぼ新品,1,2026-03-15,402.0,73,10826
tr_00147,家電,brand_08,新品,1,2026-04-23,179.0,50,38881
tr_00148,家電,brand_07,新品,1,2026-01-16,557.0,21,13080
tr_00149,ファッション,brand_08,ほぼ新品,0,2026-03-25,597.0,54,3939
tr_00150,家電,brand_02,ほぼ新品,1,2026-03-06,71.0,20,18508
tr_00151,ホビー,brand_05,傷や汚れあり,1,2026-02-01,279.0,215,4522
tr_00152,家電,brand_05,傷や汚れあり,1,2026-03-15,139.0,220,24648
tr_00153,家電,brand_09,傷や汚れあり,0,2026-04-26,106.0,25,14916
tr_00154,ファッション,brand_14,新品,1,2026-04-02,271.0,83,7085
tr_00155,ファッション,brand_09,ほぼ新品,1,2026-04-23,274.0,72,2582
tr_00156,スポーツ,brand_14,傷や汚れあり,1,2026-02-01,90.0,150,12381
tr_00157,ホビー,,傷や汚れあり,1,2026-04-29,599.0,163,15087
tr_00158,ファッション,brand_14,ほぼ新品,0,2026-01-03,103.0,72,4487
tr_00159,家電,brand_16,全体的に状態が悪い,1,2026-01-28,231.0,162,12037
tr_00160,ファッション,brand_10,ほぼ新品,1,2026-02-06,426.0,67,8518
tr_00161,本・音楽,,ほぼ新品,1,2026-02-18,581.0,-1,2266
tr_00162,スポーツ,brand_04,全体的に状態が悪い,1,2026-03-10,350.0,16,7527
tr_00163,家電,brand_09,傷や汚れあり,1,2026-04-26,25.0,47,11419
tr_00164,本・音楽,brand_01,傷や汚れあり,0,2026-01-03,,67,1004
tr_00165,家電,brand_09,傷や汚れあり,0,2026-03-18,268.0,98,13097
tr_00166,ホビー,brand_02,新品,0,2026-03-12,66.0,44,7090
tr_00167,本・音楽,brand_15,傷や汚れあり,1,2026-02-16,551.0,21,1007
tr_00168,ホビー,brand_17,傷や汚れあり,0,2026-03-25,447.0,81,3563
tr_00169,ホビー,brand_17,全体的に状態が悪い,0,2026-03-15,515.0,146,2443
tr_00170,本・音楽,brand_04,ほぼ新品,1,2026-01-02,473.0,243,3028
tr_00171,ホビー,brand_07,ほぼ新品,0,2026-02-21,280.0,184,3710
tr_00172,本・音楽,,傷や汚れあり,0,2026-04-29,323.0,162,1879
tr_00173,ファッション,brand_03,ほぼ新品,1,2026-03-07,598.0,105,12471
tr_00174,ホビー,brand_02,ほぼ新品,0,2026-04-11,101.0,44,9556
tr_00175,スポーツ,brand_09,傷や汚れあり,0,2026-01-30,320.0,59,5265
tr_00176,ファッション,,傷や汚れあり,1,2026-04-25,519.0,47,9922
tr_00177,本・音楽,,傷や汚れあり,1,2026-02-16,564.0,66,1817
tr_00178,ホビー,brand_14,全体的に状態が悪い,0,2026-01-02,142.0,112,6433
tr_00179,ホビー,brand_06,全体的に状態が悪い,0,2026-04-23,405.0,137,4324
tr_00180,ホビー,brand_03,傷や汚れあり,1,2026-04-29,273.0,166,4274
tr_00181,本・音楽,,ほぼ新品,1,2026-02-14,566.0,160,2263
tr_00182,家電,brand_03,傷や汚れあり,1,2026-02-14,472.0,70,29221
tr_00183,スポーツ,brand_00,傷や汚れあり,0,2026-04-26,583.0,122,7799
tr_00184,ファッション,brand_17,新品,1,2026-04-03,,91,17674
tr_00185,家電,,全体的に状態が悪い,0,2026-04-20,92.0,43,5973
tr_00186,ホビー,brand_18,傷や汚れあり,1,2026-01-22,219.0,27,3411
tr_00187,本・音楽,brand_01,全体的に状態が悪い,1,2026-02-14,306.0,92,984
tr_00188,家電,brand_19,傷や汚れあり,1,2026-03-07,382.0,61,8554
tr_00189,家電,brand_01,傷や汚れあり,0,2026-01-09,322.0,103,16623
tr_00190,ファッション,brand_07,傷や汚れあり,1,2026-01-20,565.0,24,5752
tr_00191,家電,brand_09,全体的に状態が悪い,1,2026-04-19,167.0,123,17130
tr_00192,家電,brand_15,傷や汚れあり,1,2026-01-22,,54,30156
tr_00193,家電,brand_01,ほぼ新品,1,2026-04-28,171.0,66,24666
tr_00194,家電,brand_16,全体的に状態が悪い,1,2026-03-26,173.0,109,7230
tr_00195,ファッション,brand_13,全体的に状態が悪い,1,2026-02-13,66.0,44,1788
tr_00196,ファッション,brand_14,ほぼ新品,1,2026-02-22,102.0,16,5485
tr_00197,ファッション,brand_01,ほぼ新品,1,2026-03-05,581.0,99,4717
tr_00198,ホビー,brand_09,全体的に状態が悪い,1,2026-04-18,256.0,14,5153
tr_00199,スポーツ,brand_15,新品,0,2026-04-17,384.0,36,37367
tr_00200,ファッション,brand_05,傷や汚れあり,0,2026-01-29,319.0,85,5922
tr_00201,ファッション,,全体的に状態が悪い,1,2026-04-29,401.0,60,6473
tr_00202,スポーツ,brand_02,新品,1,2026-03-01,343.0,34,16439
tr_00203,ホビー,brand_05,ほぼ新品,0,2026-01-12,485.0,55,10036
tr_00204,ファッション,brand_09,新品,1,2026-03-28,583.0,133,9279
tr_00205,スポーツ,brand_17,傷や汚れあり,1,2026-03-10,166.0,53,4597
tr_00206,本・音楽,,傷や汚れあり,1,2026-04-24,390.0,40,3052
tr_00207,本・音楽,brand_02,傷や汚れあり,1,2026-04-02,398.0,207,1789
tr_00208,ホビー,brand_18,ほぼ新品,1,2026-02-24,423.0,110,10375
tr_00209,ファッション,,ほぼ新品,0,2026-01-23,,180,4860
tr_00210,ホビー,,ほぼ新品,1,2026-03-24,,296,4122
tr_00211,ホビー,brand_00,新品,0,2026-02-05,325.0,225,11925
tr_00212,家電,brand_13,新品,0,2026-01-02,322.0,94,45211
tr_00213,ファッション,brand_14,傷や汚れあり,0,2026-02-07,337.0,229,6997
tr_00214,スポーツ,brand_00,傷や汚れあり,0,2026-02-20,,14,11181
tr_00215,ホビー,brand_18,傷や汚れあり,0,2026-02-11,72.0,28,5985
tr_00216,本・音楽,,傷や汚れあり,1,2026-01-07,177.0,88,3143
tr_00217,スポーツ,,新品,1,2026-03-06,285.0,109,7992
tr_00218,ファッション,brand_09,傷や汚れあり,1,2026-03-19,372.0,50,6584
tr_00219,ホビー,brand_09,傷や汚れあり,1,2026-02-07,390.0,77,11489
tr_00220,ホビー,brand_15,ほぼ新品,1,2026-03-10,235.0,29,9316
tr_00221,本・音楽,brand_08,新品,1,2026-03-25,153.0,176,1883
tr_00222,ホビー,brand_19,ほぼ新品,0,2026-01-21,,43,8654
tr_00223,スポーツ,brand_10,ほぼ新品,1,2026-04-04,568.0,34,8725
tr_00224,本・音楽,brand_00,傷や汚れあり,1,2026-02-27,381.0,73,2632
tr_00225,ホビー,brand_17,ほぼ新品,1,2026-02-15,593.0,39,14041
tr_00226,スポーツ,brand_06,全体的に状態が悪い,1,2026-02-28,458.0,66,6423
tr_00227,本・音楽,,傷や汚れあり,0,2026-04-20,,15,1706
tr_00228,家電,brand_18,傷や汚れあり,1,2026-03-28,209.0,110,11287
tr_00229,家電,brand_11,傷や汚れあり,0,2026-02-22,446.0,18,19605
tr_00230,家電,brand_09,傷や汚れあり,1,2026-02-07,238.0,74,15937
tr_00231,ホビー,brand_05,ほぼ新品,0,2026-02-19,223.0,38,4295
tr_00232,家電,brand_13,新品,1,2026-01-29,433.0,6,27805
tr_00233,ファッション,brand_04,傷や汚れあり,0,2026-01-24,446.0,106,5665
tr_00234,ホビー,brand_00,傷や汚れあり,1,2026-04-19,355.0,77,8532
tr_00235,家電,brand_10,ほぼ新品,1,2026-01-19,489.0,45,23383
tr_00236,ホビー,brand_04,傷や汚れあり,0,2026-01-30,428.0,81,6876
tr_00237,ホビー,brand_03,全体的に状態が悪い,1,2026-03-10,309.0,51,4470
tr_00238,ファッション,brand_04,傷や汚れあり,1,2026-03-22,140.0,85,5495
tr_00239,ホビー,brand_13,ほぼ新品,1,2026-01-17,440.0,89,6597
tr_00240,スポーツ,brand_15,傷や汚れあり,1,2026-01-21,534.0,96,9404
tr_00241,ホビー,brand_12,ほぼ新品,1,2026-03-26,215.0,39,14852
tr_00242,スポーツ,brand_04,傷や汚れあり,1,2026-04-15,466.0,217,8736
tr_00243,スポーツ,brand_00,新品,1,2026-03-16,127.0,289,8996
tr_00244,本・音楽,brand_15,傷や汚れあり,1,2026-01-06,317.0,96,1320
tr_00245,ホビー,brand_08,ほぼ新品,0,2026-03-26,506.0,124,10170
tr_00246,スポーツ,brand_14,新品,0,2026-02-10,496.0,97,19613
tr_00247,ファッション,brand_18,ほぼ新品,0,2026-02-22,327.0,39,4724
tr_00248,ファッション,brand_14,ほぼ新品,0,2026-02-02,229.0,93,4052
tr_00249,本・音楽,,傷や汚れあり,1,2026-02-25,134.0,126,101100
tr_00250,家電,brand_07,ほぼ新品,1,2026-03-23,26.0,92,37033
tr_00251,ホビー,brand_09,新品,0,2026-01-16,516.0,129,13969
tr_00252,本・音楽,,ほぼ新品,0,2026-03-31,307.0,156,2442
tr_00253,ホビー,brand_17,全体的に状態が悪い,0,2026-01-22,119.0,31,3330
tr_00254,ホビー,brand_09,ほぼ新品,0,2026-04-03,454.0,98,13925
tr_00255,ホビー,brand_11,傷や汚れあり,1,2026-04-26,461.0,52,6370
tr_00256,ファッション,brand_07,傷や汚れあり,1,2026-02-04,527.0,99,5683
tr_00257,ホビー,brand_17,傷や汚れあり,1,2026-04-03,142.0,63,4883
tr_00258,スポーツ,brand_03,ほぼ新品,0,2026-04-29,302.0,55,9200
tr_00259,スポーツ,brand_05,新品,0,2026-04-01,186.0,140,14855
tr_00260,ホビー,brand_12,傷や汚れあり,1,2026-03-20,581.0,256,4127
tr_00261,家電,brand_11,傷や汚れあり,0,2026-01-28,571.0,36,14328
tr_00262,家電,brand_07,ほぼ新品,0,2026-03-08,70.0,22,20185
tr_00263,家電,brand_09,全体的に状態が悪い,0,2026-02-05,298.0,70,7335
tr_00264,ホビー,brand_12,傷や汚れあり,0,2026-04-03,572.0,36,5873
tr_00265,家電,brand_17,全体的に状態が悪い,0,2026-03-23,582.0,28,23241
tr_00266,本・音楽,brand_07,傷や汚れあり,1,2026-02-03,297.0,28,1570
tr_00267,本・音楽,,ほぼ新品,0,2026-01-25,573.0,56,2260
tr_00268,ファッション,brand_01,傷や汚れあり,0,2026-01-19,340.0,36,2611
tr_00269,本・音楽,brand_18,傷や汚れあり,1,2026-04-16,71.0,23,1530
tr_00270,家電,brand_05,新品,0,2026-01-24,446.0,15,18849
tr_00271,ファッション,brand_07,全体的に状態が悪い,1,2026-03-12,416.0,102,2924
tr_00272,家電,brand_02,ほぼ新品,1,2026-01-07,38.0,192,14652
tr_00273,スポーツ,brand_03,傷や汚れあり,1,2026-04-29,512.0,9,7938
tr_00274,本・音楽,brand_01,ほぼ新品,0,2026-03-02,542.0,30,1526
tr_00275,ファッション,brand_14,新品,0,2026-04-16,149.0,50,2725
tr_00276,家電,brand_18,ほぼ新品,1,2026-01-08,561.0,58,24001
tr_00277,ホビー,brand_12,全体的に状態が悪い,0,2026-03-01,162.0,150,6502
tr_00278,家電,brand_14,傷や汚れあり,1,2026-02-08,242.0,38,6575
tr_00279,ファッション,brand_16,ほぼ新品,1,2026-03-27,214.0,89,7082
tr_00280,ファッション,brand_18,ほぼ新品,1,2026-04-14,477.0,342,6140
tr_00281,ファッション,brand_07,ほぼ新品,0,2026-02-11,443.0,182,2898
tr_00282,ファッション,brand_18,ほぼ新品,1,2026-03-17,147.0,82,4406
tr_00283,ホビー,brand_03,新品,1,2026-04-19,93.0,71,8627
tr_00284,ホビー,brand_18,傷や汚れあり,0,2026-01-26,65.0,251,4697
tr_00285,ファッション,brand_12,ほぼ新品,0,2026-04-17,480.0,34,7392
tr_00286,本・音楽,,ほぼ新品,1,2026-02-07,415.0,138,2184
tr_00287,家電,brand_05,全体的に状態が悪い,0,2026-01-29,110.0,169,6370
tr_00288,ホビー,brand_09,ほぼ新品,1,2026-03-16,233.0,76,5199
tr_00289,家電,brand_02,ほぼ新品,0,2026-03-16,289.0,39,35238
tr_00290,本・音楽,,全体的に状態が悪い,0,2026-03-12,64.0,57,972
tr_00291,ホビー,brand_11,ほぼ新品,1,2026-01-03,71.0,10,5136
tr_00292,本・音楽,brand_01,傷や汚れあり,1,2026-02-23,93.0,51,1843
tr_00293,本・音楽,,ほぼ新品,1,2026-01-11,193.0,156,3338
tr_00294,本・音楽,,傷や汚れあり,1,2026-02-08,506.0,134,677
tr_00295,ファッション,brand_04,ほぼ新品,1,2026-03-16,553.0,38,18300
tr_00296,本・音楽,brand_01,ほぼ新品,1,2026-03-16,,175,0
tr_00297,スポーツ,,全体的に状態が悪い,0,2026-04-16,323.0,51,4423
tr_00298,ホビー,brand_18,ほぼ新品,1,2026-04-17,46.0,149,6049
tr_00299,家電,brand_17,全体的に状態が悪い,0,2026-01-01,413.0,60,11406
tr_00300,ホビー,,傷や汚れあり,1,2026-01-02,238.0,49,7259
tr_00301,スポーツ,brand_11,新品,0,2026-04-28,72.0,308,8462
tr_00302,ホビー,brand_10,傷や汚れあり,0,2026-01-03,456.0,410,7474
tr_00303,ホビー,brand_08,傷や汚れあり,1,2026-02-06,331.0,104,5844
tr_00304,ファッション,brand_06,ほぼ新品,1,2026-04-16,92.0,159,2676
tr_00305,家電,brand_19,傷や汚れあり,0,2026-02-27,329.0,90,17897
tr_00306,本・音楽,,ほぼ新品,0,2026-04-29,72.0,337,1388
tr_00307,家電,brand_01,傷や汚れあり,1,2026-01-18,198.0,73,8631
tr_00308,家電,,全体的に状態が悪い,1,2026-01-04,,29,13956
tr_00309,スポーツ,brand_13,傷や汚れあり,0,2026-04-18,45.0,150,7939
tr_00310,本・音楽,,新品,1,2026-03-16,536.0,335,3531
tr_00311,スポーツ,brand_12,ほぼ新品,0,2026-02-25,514.0,86,0
tr_00312,ファッション,brand_19,傷や汚れあり,0,2026-02-09,,151,5029
tr_00313,スポーツ,brand_00,ほぼ新品,0,2026-01-12,430.0,105,6247
tr_00314,スポーツ,brand_15,ほぼ新品,0,2026-01-29,203.0,57,7450
tr_00315,ファッション,brand_16,全体的に状態が悪い,0,2026-04-20,525.0,101,4354
tr_00316,ファッション,brand_05,新品,0,2026-04-26,163.0,77,12529
tr_00317,ファッション,brand_11,ほぼ新品,0,2026-01-22,312.0,89,5358
tr_00318,本・音楽,,新品,0,2026-01-21,,80,4329
tr_00319,家電,brand_07,傷や汚れあり,0,2026-03-09,482.0,48,9062
tr_00320,家電,brand_17,傷や汚れあり,1,2026-04-20,361.0,83,11852
tr_00321,家電,brand_01,新品,0,2026-03-04,309.0,81,3580200
tr_00322,家電,brand_09,ほぼ新品,1,2026-04-18,413.0,42,24855
tr_00323,スポーツ,brand_02,傷や汚れあり,1,2026-03-15,311.0,87,7910
tr_00324,ホビー,brand_16,新品,1,2026-04-27,291.0,15,12818
tr_00325,家電,brand_00,ほぼ新品,0,2026-02-19,212.0,38,34181
tr_00326,スポーツ,brand_13,全体的に状態が悪い,0,2026-04-28,109.0,62,3703
tr_00327,ファッション,brand_19,ほぼ新品,0,2026-02-07,125.0,84,8323
tr_00328,本・音楽,brand_04,全体的に状態が悪い,0,2026-02-18,46.0,128,576
tr_00329,ファッション,brand_16,傷や汚れあり,1,2026-01-28,94.0,124,1852
tr_00330,ファッション,brand_01,ほぼ新品,1,2026-01-31,151.0,51,9646
tr_00331,ファッション,brand_18,傷や汚れあり,0,2026-04-25,299.0,103,4664
tr_00332,スポーツ,brand_18,新品,1,2026-03-23,142.0,355,4011
tr_00333,ファッション,brand_06,ほぼ新品,0,2026-03-23,116.0,70,5639
tr_00334,ファッション,brand_11,全体的に状態が悪い,1,2026-03-18,287.0,67,2496
tr_00335,ファッション,brand_16,傷や汚れあり,1,2026-01-28,279.0,71,2864
tr_00336,スポーツ,brand_00,傷や汚れあり,1,2026-04-15,32.0,98,7067
tr_00337,ホビー,brand_07,全体的に状態が悪い,1,2026-04-30,470.0,176,17403
tr_00338,スポーツ,brand_04,新品,1,2026-02-12,25.0,80,10197
tr_00339,ファッション,,全体的に状態が悪い,1,2026-03-06,173.0,33,3422
tr_00340,ホビー,brand_05,全体的に状態が悪い,0,2026-02-27,380.0,18,3274
tr_00341,家電,brand_16,傷や汚れあり,0,2026-02-14,592.0,134,13375
tr_00342,本・音楽,,傷や汚れあり,1,2026-04-20,206.0,129,3580
tr_00343,本・音楽,brand_04,傷や汚れあり,1,2026-01-25,504.0,25,2254
tr_00344,ファッション,brand_06,傷や汚れあり,1,2026-01-02,140.0,139,7228
tr_00345,家電,brand_02,傷や汚れあり,1,2026-03-23,427.0,55,11960
tr_00346,スポーツ,brand_06,新品,1,2026-04-14,304.0,26,17953
tr_00347,ホビー,brand_10,傷や汚れあり,0,2026-04-05,267.0,123,2991
tr_00348,ファッション,brand_10,ほぼ新品,0,2026-03-11,236.0,58,5096
tr_00349,ファッション,,全体的に状態が悪い,1,2026-02-18,415.0,120,2559
tr_00350,ファッション,brand_01,傷や汚れあり,0,2026-04-10,200.0,36,4878
tr_00351,ホビー,brand_06,ほぼ新品,1,2026-04-27,388.0,116,11096
tr_00352,家電,brand_04,新品,1,2026-01-10,44.0,116,46748
tr_00353,家電,brand_16,全体的に状態が悪い,0,2026-04-08,200.0,-1,16687
tr_00354,スポーツ,brand_03,新品,1,2026-04-01,39.0,52,6286
tr_00355,ファッション,brand_09,ほぼ新品,1,2026-04-20,486.0,69,5516
tr_00356,スポーツ,brand_00,新品,1,2026-04-23,123.0,28,17748
tr_00357,ファッション,brand_17,新品,1,2026-04-10,371.0,26,15513
tr_00358,家電,brand_00,傷や汚れあり,0,2026-01-11,422.0,128,19883
tr_00359,ホビー,brand_14,ほぼ新品,1,2026-01-03,174.0,203,7558
tr_00360,家電,brand_00,新品,1,2026-04-08,503.0,29,40479
tr_00361,家電,brand_19,ほぼ新品,1,2026-03-08,502.0,24,16666
tr_00362,家電,brand_08,傷や汚れあり,1,2026-01-03,296.0,106,17158
tr_00363,本・音楽,brand_18,ほぼ新品,0,2026-04-23,302.0,172,2056
tr_00364,本・音楽,brand_16,全体的に状態が悪い,0,2026-04-21,107.0,51,1010
tr_00365,ホビー,brand_16,ほぼ新品,0,2026-04-26,50.0,16,7539
tr_00366,家電,,ほぼ新品,1,2026-04-12,,108,31901
tr_00367,ファッション,brand_12,新品,1,2026-01-28,582.0,90,5591
tr_00368,家電,,全体的に状態が悪い,0,2026-01-06,59.0,50,9262
tr_00369,本・音楽,brand_17,全体的に状態が悪い,1,2026-04-02,573.0,59,2068
tr_00370,ホビー,brand_03,傷や汚れあり,1,2026-03-28,69.0,36,19399
tr_00371,ファッション,brand_10,傷や汚れあり,1,2026-04-17,306.0,85,5687
tr_00372,家電,brand_06,新品,1,2026-01-01,395.0,52,46920
tr_00373,ホビー,brand_19,ほぼ新品,1,2026-01-28,,22,8606
tr_00374,家電,,全体的に状態が悪い,1,2026-01-08,86.0,-1,7555
tr_00375,ファッション,brand_08,ほぼ新品,0,2026-04-07,,239,4470
tr_00376,家電,brand_19,傷や汚れあり,1,2026-02-16,176.0,134,9175
tr_00377,ホビー,brand_12,全体的に状態が悪い,1,2026-02-09,152.0,37,3229
tr_00378,ホビー,brand_01,全体的に状態が悪い,1,2026-04-11,436.0,169,7666
tr_00379,ホビー,brand_11,新品,0,2026-03-25,509.0,95,11543
tr_00380,ファッション,brand_10,ほぼ新品,1,2026-03-23,463.0,330,756300
tr_00381,ホビー,brand_13,全体的に状態が悪い,1,2026-01-02,291.0,105,5728
tr_00382,ファッション,brand_18,ほぼ新品,1,2026-04-26,321.0,31,2685
tr_00383,家電,brand_07,全体的に状態が悪い,0,2026-02-24,222.0,134,14379
tr_00384,本・音楽,brand_05,ほぼ新品,1,2026-02-12,466.0,111,3499
tr_00385,スポーツ,brand_17,傷や汚れあり,0,2026-03-17,378.0,76,6427
tr_00386,ファッション,brand_19,ほぼ新品,1,2026-04-24,576.0,47,12191
tr_00387,ファッション,brand_01,ほぼ新品,0,2026-02-02,481.0,109,3907
tr_00388,ホビー,brand_10,ほぼ新品,1,2026-02-14,444.0,21,13902
tr_00389,ファッション,brand_07,全体的に状態が悪い,0,2026-03-12,475.0,98,3884
tr_00390,家電,brand_16,傷や汚れあり,1,2026-03-25,428.0,61,15186
tr_00391,ホビー,brand_17,傷や汚れあり,0,2026-02-25,488.0,92,4050
tr_00392,本・音楽,brand_10,新品,1,2026-03-20,387.0,59,3066
tr_00393,ホビー,brand_04,全体的に状態が悪い,1,2026-03-03,42.0,56,2509
tr_00394,ファッション,brand_07,傷や汚れあり,1,2026-02-27,270.0,289,3348
tr_00395,ファッション,brand_06,ほぼ新品,1,2026-04-13,76.0,109,3997
tr_00396,家電,brand_02,傷や汚れあり,0,2026-02-17,512.0,35,20722
tr_00397,スポーツ,brand_14,ほぼ新品,1,2026-02-15,589.0,30,10420
tr_00398,ファッション,brand_02,全体的に状態が悪い,1,2026-01-03,448.0,144,3757
tr_00399,ファッション,brand_18,傷や汚れあり,1,2026-04-02,32.0,481,2151
tr_00400,本・音楽,,ほぼ新品,1,2026-01-12,20.0,396,947
tr_00401,ファッション,brand_06,新品,0,2026-03-10,282.0,23,3966
tr_00402,家電,,全体的に状態が悪い,1,2026-01-06,43.0,74,18946
tr_00403,ファッション,brand_13,ほぼ新品,1,2026-03-09,279.0,103,6364
tr_00404,本・音楽,brand_14,傷や汚れあり,1,2026-02-08,158.0,153,1278
tr_00405,家電,brand_18,ほぼ新品,1,2026-03-30,341.0,57,18557
tr_00406,ファッション,brand_12,全体的に状態が悪い,1,2026-02-07,404.0,193,1967
tr_00407,ホビー,brand_02,傷や汚れあり,0,2026-03-04,573.0,39,10556
tr_00408,ホビー,brand_05,傷や汚れあり,0,2026-03-28,130.0,106,11719
tr_00409,ホビー,brand_03,ほぼ新品,1,2026-01-25,482.0,138,5975
tr_00410,スポーツ,brand_03,ほぼ新品,0,2026-01-03,518.0,82,9473
tr_00411,家電,brand_13,新品,1,2026-01-03,302.0,87,21163
tr_00412,本・音楽,,ほぼ新品,0,2026-01-30,215.0,59,1418
tr_00413,家電,brand_03,全体的に状態が悪い,1,2026-02-18,339.0,66,14647
tr_00414,ファッション,brand_03,傷や汚れあり,0,2026-04-27,58.0,27,3573
tr_00415,ファッション,brand_17,ほぼ新品,1,2026-04-05,149.0,91,7831
tr_00416,家電,brand_17,傷や汚れあり,1,2026-04-14,325.0,50,15617
tr_00417,ホビー,brand_06,ほぼ新品,1,2026-04-25,44.0,219,6197
tr_00418,本・音楽,,新品,1,2026-01-20,159.0,536,4005
tr_00419,ファッション,brand_14,傷や汚れあり,1,2026-04-17,270.0,32,4489
tr_00420,ファッション,brand_00,傷や汚れあり,1,2026-01-03,357.0,101,7909
tr_00421,ファッション,brand_03,傷や汚れあり,1,2026-04-21,437.0,137,6464
tr_00422,スポーツ,brand_19,傷や汚れあり,1,2026-03-06,53.0,198,8118
tr_00423,ファッション,brand_01,全体的に状態が悪い,1,2026-04-19,250.0,42,1779
tr_00424,家電,brand_02,全体的に状態が悪い,1,2026-02-12,523.0,162,19931
tr_00425,家電,brand_06,全体的に状態が悪い,0,2026-01-29,233.0,75,10368
tr_00426,スポーツ,brand_08,傷や汚れあり,1,2026-03-08,340.0,94,9030
tr_00427,ホビー,brand_12,ほぼ新品,1,2026-02-01,425.0,98,12842
tr_00428,ファッション,brand_02,傷や汚れあり,0,2026-01-07,262.0,48,2775
tr_00429,家電,brand_07,傷や汚れあり,0,2026-04-30,532.0,224,9434
tr_00430,ファッション,brand_15,傷や汚れあり,0,2026-03-13,94.0,171,2615
tr_00431,ホビー,brand_06,ほぼ新品,0,2026-04-16,129.0,121,5670
tr_00432,ホビー,,ほぼ新品,1,2026-01-03,228.0,148,5659
tr_00433,本・音楽,brand_13,傷や汚れあり,0,2026-03-20,128.0,94,1584
tr_00434,家電,brand_13,傷や汚れあり,0,2026-03-11,325.0,165,15669
tr_00435,家電,brand_05,ほぼ新品,1,2026-01-28,140.0,105,1454800
tr_00436,家電,brand_13,傷や汚れあり,1,2026-03-31,95.0,59,8802
tr_00437,ホビー,brand_15,傷や汚れあり,0,2026-02-02,155.0,72,4935
tr_00438,家電,,新品,1,2026-02-02,551.0,98,26691
tr_00439,スポーツ,brand_08,傷や汚れあり,0,2026-03-11,416.0,37,6266
tr_00440,スポーツ,brand_01,新品,0,2026-01-31,41.0,93,7117
tr_00441,ファッション,brand_19,傷や汚れあり,1,2026-01-28,254.0,46,7809
tr_00442,ホビー,brand_12,全体的に状態が悪い,1,2026-02-04,548.0,202,8901
tr_00443,ホビー,brand_09,ほぼ新品,1,2026-01-16,138.0,112,4959
tr_00444,ホビー,,傷や汚れあり,1,2026-02-09,569.0,120,11401
tr_00445,ホビー,,新品,1,2026-04-25,46.0,35,11705
tr_00446,家電,brand_17,ほぼ新品,0,2026-03-23,52.0,47,17153
tr_00447,ファッション,brand_18,全体的に状態が悪い,1,2026-04-11,228.0,183,4579
tr_00448,ファッション,brand_00,傷や汚れあり,0,2026-01-05,485.0,104,3706
tr_00449,家電,brand_00,ほぼ新品,0,2026-02-28,135.0,74,33038
tr_00450,ホビー,brand_05,ほぼ新品,1,2026-03-12,149.0,26,12063
tr_00451,ホビー,brand_17,傷や汚れあり,0,2026-03-31,306.0,29,4279
tr_00452,スポーツ,brand_04,ほぼ新品,1,2026-02-01,321.0,24,13089
tr_00453,ホビー,brand_09,全体的に状態が悪い,1,2026-01-29,73.0,134,4273
tr_00454,本・音楽,,全体的に状態が悪い,1,2026-01-28,544.0,-1,1446
tr_00455,ファッション,brand_00,ほぼ新品,1,2026-02-26,380.0,131,9674
tr_00456,本・音楽,brand_12,傷や汚れあり,0,2026-03-19,67.0,234,1744
tr_00457,ホビー,brand_06,新品,1,2026-01-04,392.0,63,22596
tr_00458,ホビー,brand_03,ほぼ新品,1,2026-03-12,,50,6598
tr_00459,ファッション,brand_13,ほぼ新品,0,2026-04-02,453.0,103,8116
tr_00460,ファッション,brand_01,新品,1,2026-03-09,420.0,61,9878
tr_00461,ホビー,brand_10,ほぼ新品,1,2026-04-09,155.0,204,6668
tr_00462,家電,brand_12,ほぼ新品,1,2026-02-17,68.0,33,17010
tr_00463,スポーツ,brand_09,新品,0,2026-01-18,202.0,41,15565
tr_00464,ホビー,brand_11,ほぼ新品,0,2026-04-13,516.0,103,10036
tr_00465,スポーツ,brand_00,新品,1,2026-03-07,187.0,125,8435
tr_00466,ファッション,brand_00,新品,1,2026-04-09,92.0,29,7607
tr_00467,ファッション,brand_19,ほぼ新品,1,2026-04-25,,50,2628
tr_00468,ファッション,brand_12,傷や汚れあり,0,2026-04-16,396.0,192,4922
tr_00469,ファッション,brand_19,ほぼ新品,0,2026-01-05,492.0,132,9835
tr_00470,ファッション,brand_12,傷や汚れあり,0,2026-04-05,250.0,55,12372
tr_00471,本・音楽,brand_12,傷や汚れあり,0,2026-02-09,485.0,249,2294
tr_00472,スポーツ,brand_19,全体的に状態が悪い,0,2026-01-18,374.0,217,2472
tr_00473,ファッション,brand_17,ほぼ新品,1,2026-02-03,488.0,154,4286
tr_00474,スポーツ,brand_00,ほぼ新品,0,2026-02-28,92.0,131,3839
tr_00475,ファッション,brand_04,傷や汚れあり,1,2026-04-11,428.0,134,3527
tr_00476,ホビー,brand_05,ほぼ新品,1,2026-04-21,325.0,130,5635
tr_00477,スポーツ,brand_12,ほぼ新品,0,2026-01-30,241.0,74,14368
tr_00478,ファッション,brand_10,傷や汚れあり,1,2026-03-10,410.0,57,5533
tr_00479,ホビー,brand_03,ほぼ新品,0,2026-04-29,437.0,79,4824
tr_00480,家電,brand_05,ほぼ新品,0,2026-03-06,250.0,41,16673
tr_00481,本・音楽,brand_05,傷や汚れあり,1,2026-01-30,194.0,144,1054
tr_00482,ファッション,brand_12,新品,1,2026-03-27,136.0,185,5638
tr_00483,本・音楽,brand_16,ほぼ新品,0,2026-04-29,579.0,196,1159
tr_00484,ファッション,brand_10,ほぼ新品,0,2026-02-14,43.0,25,4229
tr_00485,家電,brand_15,新品,1,2026-02-03,519.0,16,34432
tr_00486,スポーツ,brand_15,新品,1,2026-03-11,552.0,5,8291
tr_00487,ホビー,brand_12,ほぼ新品,0,2026-04-06,,63,9686
tr_00488,ホビー,brand_11,新品,1,2026-04-17,267.0,180,9717
tr_00489,ファッション,brand_06,ほぼ新品,0,2026-04-16,165.0,18,7736
tr_00490,本・音楽,brand_02,傷や汚れあり,1,2026-02-06,510.0,116,1307
tr_00491,ホビー,brand_12,ほぼ新品,0,2026-03-18,157.0,74,7247
tr_00492,ホビー,brand_14,傷や汚れあり,1,2026-04-21,392.0,19,5986
tr_00493,本・音楽,brand_01,ほぼ新品,0,2026-01-23,356.0,72,1470
tr_00494,スポーツ,,傷や汚れあり,1,2026-04-08,33.0,90,7609
tr_00495,スポーツ,brand_07,傷や汚れあり,0,2026-01-08,130.0,150,8965
tr_00496,家電,brand_01,傷や汚れあり,1,2026-01-12,301.0,129,14825
tr_00497,スポーツ,brand_06,傷や汚れあり,0,2026-02-14,562.0,57,6324
tr_00498,ファッション,brand_04,新品,1,2026-04-30,389.0,49,8465
tr_00499,スポーツ,brand_17,ほぼ新品,0,2026-02-09,,203,4499
tr_00500,本・音楽,brand_13,ほぼ新品,1,2026-02-17,137.0,133,2281
tr_00501,家電,brand_04,ほぼ新品,1,2026-02-17,101.0,86,9695
tr_00502,ファッション,brand_15,傷や汚れあり,0,2026-01-14,193.0,111,5017
tr_00503,ファッション,brand_02,傷や汚れあり,0,2026-04-06,539.0,24,2589
tr_00504,本・音楽,,ほぼ新品,0,2026-02-04,501.0,128,194900
tr_00505,ホビー,brand_07,ほぼ新品,1,2026-01-14,555.0,10,5322
tr_00506,スポーツ,brand_13,全体的に状態が悪い,1,2026-01-15,576.0,50,2417
tr_00507,家電,brand_18,ほぼ新品,0,2026-02-01,60.0,191,23073
tr_00508,家電,brand_12,新品,1,2026-02-07,158.0,40,26165
tr_00509,ファッション,brand_16,傷や汚れあり,0,2026-03-12,374.0,43,3771
tr_00510,ホビー,brand_09,傷や汚れあり,1,2026-04-30,129.0,136,7790
tr_00511,ファッション,brand_07,ほぼ新品,1,2026-02-14,329.0,18,4830
tr_00512,ファッション,brand_09,ほぼ新品,1,2026-02-02,209.0,71,6418
tr_00513,家電,brand_04,ほぼ新品,1,2026-01-18,430.0,82,58554
tr_00514,スポーツ,,全体的に状態が悪い,1,2026-03-06,394.0,115,8032
tr_00515,本・音楽,brand_01,傷や汚れあり,1,2026-04-27,202.0,92,1744
tr_00516,家電,brand_17,ほぼ新品,1,2026-01-02,361.0,47,16950
tr_00517,家電,brand_04,新品,1,2026-01-06,126.0,66,25659
tr_00518,ファッション,brand_19,ほぼ新品,0,2026-04-29,241.0,44,5041
tr_00519,家電,brand_18,ほぼ新品,1,2026-03-10,66.0,25,32913
tr_00520,家電,brand_08,傷や汚れあり,1,2026-01-03,322.0,85,13553
tr_00521,家電,brand_14,ほぼ新品,0,2026-03-23,120.0,20,30791
tr_00522,家電,brand_05,全体的に状態が悪い,1,2026-01-12,,193,11750
tr_00523,本・音楽,,新品,0,2026-04-13,581.0,81,3846
tr_00524,家電,brand_05,傷や汚れあり,1,2026-03-20,545.0,16,15328
tr_00525,家電,brand_06,ほぼ新品,1,2026-01-26,509.0,218,22826
tr_00526,ホビー,brand_04,傷や汚れあり,1,2026-01-16,493.0,70,7785
tr_00527,ホビー,brand_19,傷や汚れあり,0,2026-03-13,,48,2876
tr_00528,家電,brand_08,傷や汚れあり,0,2026-04-02,436.0,54,21011
tr_00529,ホビー,brand_00,傷や汚れあり,0,2026-03-01,20.0,67,6544
tr_00530,スポーツ,,全体的に状態が悪い,1,2026-03-29,282.0,52,3838
tr_00531,家電,brand_07,ほぼ新品,1,2026-04-23,253.0,61,29105
tr_00532,ホビー,brand_00,傷や汚れあり,1,2026-02-10,92.0,150,5586
tr_00533,ファッション,brand_14,傷や汚れあり,1,2026-03-07,112.0,106,8334
tr_00534,ファッション,brand_19,ほぼ新品,0,2026-02-18,477.0,95,7470
tr_00535,スポーツ,brand_05,全体的に状態が悪い,1,2026-01-23,177.0,156,12113
tr_00536,スポーツ,brand_19,傷や汚れあり,1,2026-04-30,57.0,162,8412
tr_00537,家電,brand_11,全体的に状態が悪い,1,2026-02-17,326.0,71,13676
tr_00538,本・音楽,brand_04,傷や汚れあり,1,2026-04-14,197.0,83,1125
tr_00539,家電,brand_00,傷や汚れあり,1,2026-04-26,297.0,66,17660
tr_00540,スポーツ,brand_19,傷や汚れあり,1,2026-04-15,372.0,514,9319
tr_00541,スポーツ,brand_14,新品,1,2026-02-15,197.0,118,11254
tr_00542,ホビー,brand_06,ほぼ新品,1,2026-01-11,271.0,154,9498
tr_00543,本・音楽,brand_18,傷や汚れあり,1,2026-02-14,259.0,83,1715
tr_00544,家電,brand_18,ほぼ新品,1,2026-02-08,562.0,4,15919
tr_00545,本・音楽,,ほぼ新品,1,2026-01-11,433.0,73,4972
tr_00546,スポーツ,brand_02,傷や汚れあり,1,2026-02-05,93.0,31,0
tr_00547,ホビー,brand_08,傷や汚れあり,0,2026-02-19,,124,5053
tr_00548,家電,brand_16,傷や汚れあり,1,2026-01-18,488.0,118,17087
tr_00549,本・音楽,,傷や汚れあり,1,2026-04-10,153.0,135,652
tr_00550,ファッション,,ほぼ新品,0,2026-01-24,,112,5292
tr_00551,ファッション,brand_00,ほぼ新品,1,2026-04-27,169.0,99,9627
tr_00552,家電,brand_08,全体的に状態が悪い,1,2026-01-30,488.0,96,13885
tr_00553,家電,brand_17,新品,0,2026-02-14,490.0,38,33806
tr_00554,家電,brand_06,新品,0,2026-01-10,33.0,7,58780
tr_00555,スポーツ,brand_05,ほぼ新品,1,2026-04-09,488.0,116,10793
tr_00556,ファッション,brand_09,ほぼ新品,0,2026-04-28,,109,5998
tr_00557,ホビー,brand_16,傷や汚れあり,1,2026-04-08,326.0,31,7463
tr_00558,スポーツ,brand_04,ほぼ新品,0,2026-01-25,448.0,21,7891
tr_00559,ホビー,brand_02,傷や汚れあり,1,2026-04-23,396.0,46,7155
tr_00560,家電,,傷や汚れあり,0,2026-02-25,196.0,21,16505
tr_00561,家電,brand_02,傷や汚れあり,0,2026-03-31,162.0,52,14892
tr_00562,ホビー,brand_19,ほぼ新品,1,2026-01-31,213.0,146,9070
tr_00563,ホビー,brand_14,傷や汚れあり,1,2026-02-05,348.0,117,5885
tr_00564,ホビー,brand_17,全体的に状態が悪い,0,2026-03-20,45.0,94,4596
tr_00565,ファッション,brand_19,傷や汚れあり,1,2026-03-31,274.0,148,2426
tr_00566,ファッション,brand_00,ほぼ新品,1,2026-04-27,169.0,99,9627
tr_00567,ホビー,brand_08,全体的に状態が悪い,0,2026-02-07,548.0,91,7942
tr_00568,家電,brand_04,新品,0,2026-02-21,225.0,70,19801
tr_00569,家電,brand_13,新品,0,2026-03-11,358.0,22,53106
tr_00570,ファッション,brand_09,傷や汚れあり,0,2026-01-25,200.0,67,2892
tr_00571,スポーツ,brand_18,ほぼ新品,1,2026-01-30,530.0,128,8366
tr_00572,本・音楽,,全体的に状態が悪い,1,2026-03-25,552.0,42,1276
tr_00573,スポーツ,brand_02,傷や汚れあり,1,2026-01-25,375.0,20,21204
tr_00574,ホビー,brand_02,ほぼ新品,1,2026-04-08,60.0,140,7444
tr_00575,家電,brand_10,傷や汚れあり,1,2026-01-11,55.0,29,13123
tr_00576,家電,brand_17,ほぼ新品,1,2026-03-12,516.0,33,17839
tr_00577,本・音楽,,傷や汚れあり,0,2026-01-03,395.0,133,1078
tr_00578,家電,brand_10,傷や汚れあり,1,2026-04-09,41.0,158,17021
tr_00579,家電,brand_08,全体的に状態が悪い,0,2026-01-18,134.0,116,12547
tr_00580,本・音楽,,傷や汚れあり,1,2026-01-19,383.0,255,2007
tr_00581,家電,brand_10,傷や汚れあり,1,2026-03-15,570.0,110,10875
tr_00582,ファッション,brand_17,新品,1,2026-03-24,52.0,49,11163
tr_00583,本・音楽,brand_05,傷や汚れあり,1,2026-04-03,453.0,230,1710
tr_00584,スポーツ,brand_16,全体的に状態が悪い,0,2026-02-11,314.0,54,3020
tr_00585,家電,brand_05,傷や汚れあり,1,2026-02-04,217.0,86,15321
tr_00586,家電,brand_08,ほぼ新品,0,2026-02-16,535.0,60,19502
tr_00587,スポーツ,brand_19,全体的に状態が悪い,1,2026-03-07,476.0,83,3721
tr_00588,スポーツ,brand_14,ほぼ新品,1,2026-03-13,412.0,80,14734
tr_00589,ホビー,brand_12,傷や汚れあり,0,2026-03-08,107.0,13,9271
tr_00590,本・音楽,,ほぼ新品,1,2026-02-13,59.0,91,3321
tr_00591,本・音楽,brand_03,全体的に状態が悪い,1,2026-02-25,465.0,96,901
tr_00592,家電,brand_15,傷や汚れあり,0,2026-03-09,76.0,64,12596
tr_00593,スポーツ,brand_04,傷や汚れあり,1,2026-04-11,581.0,138,13221
tr_00594,家電,brand_01,全体的に状態が悪い,1,2026-01-29,358.0,41,26430
tr_00595,ホビー,brand_18,新品,1,2026-03-26,545.0,165,10429
tr_00596,ファッション,brand_06,ほぼ新品,1,2026-03-26,87.0,154,3208
tr_00597,スポーツ,brand_10,傷や汚れあり,1,2026-02-11,52.0,94,6219
tr_00598,家電,brand_18,傷や汚れあり,1,2026-01-04,113.0,-1,24665
tr_00599,スポーツ,brand_04,新品,0,2026-02-15,,173,10340
tr_00600,ファッション,brand_01,全体的に状態が悪い,1,2026-04-15,535.0,30,3719
tr_00601,ファッション,brand_17,傷や汚れあり,1,2026-01-08,389.0,169,5332
tr_00602,家電,brand_07,ほぼ新品,1,2026-03-07,334.0,42,31931
tr_00603,ファッション,brand_12,傷や汚れあり,0,2026-01-08,406.0,107,4379
tr_00604,家電,brand_15,傷や汚れあり,1,2026-02-03,244.0,87,18898
tr_00605,家電,brand_13,ほぼ新品,1,2026-02-12,474.0,15,45164
tr_00606,ファッション,brand_10,ほぼ新品,1,2026-03-03,173.0,158,8011
tr_00607,ファッション,brand_14,ほぼ新品,1,2026-01-18,502.0,50,8576
tr_00608,ファッション,brand_12,傷や汚れあり,1,2026-02-10,71.0,58,4235
tr_00609,ホビー,brand_03,傷や汚れあり,0,2026-04-16,92.0,228,5143
tr_00610,ホビー,brand_19,ほぼ新品,1,2026-02-09,246.0,74,8799
tr_00611,家電,brand_18,新品,0,2026-02-04,392.0,62,32709
tr_00612,本・音楽,,ほぼ新品,1,2026-03-09,399.0,151,1886
tr_00613,家電,brand_09,ほぼ新品,0,2026-01-30,360.0,60,19496
tr_00614,家電,brand_12,ほぼ新品,1,2026-04-28,463.0,19,46714
tr_00615,家電,brand_08,新品,1,2026-04-28,190.0,109,28731
tr_00616,ホビー,brand_06,傷や汚れあり,1,2026-01-11,103.0,34,4881
tr_00617,ファッション,brand_01,ほぼ新品,1,2026-03-23,361.0,13,11165
tr_00618,家電,brand_08,ほぼ新品,0,2026-01-05,416.0,68,41529
tr_00619,スポーツ,brand_17,全体的に状態が悪い,1,2026-01-25,79.0,119,4324
tr_00620,家電,brand_17,傷や汚れあり,0,2026-01-09,49.0,142,27120
tr_00621,ホビー,brand_11,全体的に状態が悪い,0,2026-02-12,128.0,62,2352
tr_00622,ファッション,brand_17,傷や汚れあり,1,2026-02-20,349.0,70,4675
tr_00623,家電,,ほぼ新品,0,2026-04-07,60.0,114,24585
tr_00624,ホビー,brand_04,傷や汚れあり,0,2026-01-09,374.0,69,10758
tr_00625,ホビー,brand_02,ほぼ新品,1,2026-02-22,561.0,66,11018
tr_00626,ファッション,brand_01,傷や汚れあり,0,2026-01-05,183.0,25,3953
tr_00627,ホビー,brand_06,新品,0,2026-04-24,548.0,38,16368
tr_00628,ホビー,brand_08,新品,1,2026-01-13,260.0,86,1897800
tr_00629,家電,brand_15,新品,1,2026-03-22,584.0,40,70274
tr_00630,スポーツ,brand_19,傷や汚れあり,1,2026-02-22,550.0,53,7407
tr_00631,ファッション,brand_09,全体的に状態が悪い,1,2026-02-14,496.0,121,2492
tr_00632,ファッション,brand_17,傷や汚れあり,1,2026-03-28,192.0,61,4588
tr_00633,家電,brand_14,新品,1,2026-02-18,34.0,17,22396
tr_00634,ホビー,brand_11,新品,0,2026-02-24,485.0,54,16830
tr_00635,家電,,ほぼ新品,1,2026-02-14,204.0,57,48128
tr_00636,ホビー,brand_11,傷や汚れあり,1,2026-03-13,193.0,64,6242
tr_00637,本・音楽,,全体的に状態が悪い,1,2026-01-29,82.0,114,1878
tr_00638,ホビー,brand_07,ほぼ新品,0,2026-03-04,347.0,68,15424
tr_00639,家電,brand_01,ほぼ新品,1,2026-01-20,55.0,24,18827
tr_00640,家電,brand_12,ほぼ新品,0,2026-01-10,34.0,11,22652
tr_00641,スポーツ,brand_14,傷や汚れあり,1,2026-03-06,352.0,90,8289
tr_00642,本・音楽,brand_09,ほぼ新品,1,2026-01-27,365.0,33,2861
tr_00643,ホビー,brand_08,傷や汚れあり,0,2026-02-25,499.0,120,5619
tr_00644,本・音楽,brand_19,傷や汚れあり,1,2026-03-12,254.0,102,1765
tr_00645,スポーツ,brand_15,傷や汚れあり,0,2026-04-29,232.0,32,4611
tr_00646,スポーツ,brand_15,傷や汚れあり,1,2026-03-21,42.0,97,5286
tr_00647,ホビー,brand_11,新品,0,2026-04-28,546.0,67,8887
tr_00648,ホビー,brand_00,全体的に状態が悪い,0,2026-04-27,569.0,438,4550
tr_00649,スポーツ,brand_11,ほぼ新品,1,2026-04-28,508.0,44,21555
tr_00650,ファッション,brand_04,新品,1,2026-03-27,143.0,245,5198
tr_00651,ファッション,brand_13,新品,1,2026-02-16,216.0,89,20150
tr_00652,本・音楽,,ほぼ新品,0,2026-01-05,184.0,80,965
tr_00653,スポーツ,,傷や汚れあり,0,2026-04-11,101.0,9,6805
tr_00654,家電,brand_00,新品,0,2026-03-26,409.0,51,49119
tr_00655,ファッション,brand_01,傷や汚れあり,0,2026-03-25,204.0,141,2509
tr_00656,スポーツ,brand_07,新品,0,2026-02-24,362.0,38,25084
tr_00657,ファッション,brand_04,傷や汚れあり,0,2026-02-15,337.0,134,1957
tr_00658,家電,brand_05,新品,1,2026-01-28,191.0,199,27437
tr_00659,ファッション,brand_11,全体的に状態が悪い,0,2026-04-05,344.0,107,3698
tr_00660,ホビー,brand_09,新品,1,2026-02-20,220.0,44,19331
tr_00661,スポーツ,brand_18,全体的に状態が悪い,1,2026-04-10,236.0,100,2374
tr_00662,家電,brand_02,全体的に状態が悪い,1,2026-01-17,248.0,43,7941
tr_00663,家電,brand_13,新品,0,2026-02-18,284.0,45,14319
tr_00664,本・音楽,,新品,0,2026-03-20,477.0,93,3314
tr_00665,スポーツ,brand_18,ほぼ新品,0,2026-04-12,489.0,23,8602
tr_00666,ホビー,brand_09,傷や汚れあり,0,2026-03-02,264.0,28,3732
tr_00667,ファッション,brand_15,ほぼ新品,1,2026-04-10,526.0,26,7262
tr_00668,家電,brand_06,傷や汚れあり,0,2026-02-16,358.0,133,7861
tr_00669,ファッション,brand_13,全体的に状態が悪い,1,2026-03-20,196.0,332,2840
tr_00670,本・音楽,brand_09,傷や汚れあり,1,2026-02-05,104.0,209,981
tr_00671,ファッション,brand_17,ほぼ新品,1,2026-03-19,30.0,87,4102
tr_00672,スポーツ,brand_09,全体的に状態が悪い,1,2026-02-09,313.0,114,6436
tr_00673,スポーツ,brand_05,傷や汚れあり,1,2026-01-17,527.0,162,25563
tr_00674,家電,brand_16,新品,1,2026-02-18,31.0,88,23910
tr_00675,ファッション,brand_11,ほぼ新品,0,2026-02-03,123.0,256,3721
tr_00676,スポーツ,brand_17,新品,1,2026-01-22,,66,14037
tr_00677,家電,brand_03,傷や汚れあり,1,2026-03-28,190.0,88,11156
tr_00678,スポーツ,brand_02,傷や汚れあり,0,2026-01-14,289.0,257,9214
tr_00679,ファッション,brand_03,傷や汚れあり,0,2026-02-15,448.0,258,7662
tr_00680,本・音楽,brand_14,新品,0,2026-03-19,101.0,86,2031
tr_00681,ファッション,brand_11,傷や汚れあり,1,2026-01-23,250.0,43,1757
tr_00682,家電,brand_17,ほぼ新品,1,2026-02-03,91.0,69,15310
tr_00683,ファッション,brand_12,ほぼ新品,0,2026-03-16,226.0,88,3603
tr_00684,家電,brand_19,全体的に状態が悪い,1,2026-04-20,536.0,122,12645
tr_00685,ファッション,brand_14,ほぼ新品,1,2026-03-21,594.0,78,5597
tr_00686,ホビー,brand_00,傷や汚れあり,0,2026-02-19,202.0,82,3521
tr_00687,ファッション,brand_00,新品,1,2026-04-20,340.0,117,10574
tr_00688,スポーツ,brand_16,新品,1,2026-01-04,26.0,93,9957
tr_00689,ファッション,brand_08,ほぼ新品,1,2026-02-27,229.0,74,8000
tr_00690,ホビー,brand_14,ほぼ新品,1,2026-01-05,158.0,230,9292
tr_00691,本・音楽,brand_08,全体的に状態が悪い,1,2026-01-02,494.0,66,1709
tr_00692,家電,brand_17,ほぼ新品,0,2026-04-03,399.0,113,10666
tr_00693,ファッション,brand_17,傷や汚れあり,1,2026-02-26,444.0,101,4987
tr_00694,ファッション,brand_07,ほぼ新品,1,2026-02-16,275.0,45,5066
tr_00695,ファッション,brand_00,新品,0,2026-03-25,276.0,48,11610
tr_00696,ファッション,brand_00,全体的に状態が悪い,1,2026-04-19,,49,4147
tr_00697,家電,brand_13,傷や汚れあり,1,2026-01-05,32.0,91,1042300
tr_00698,スポーツ,brand_10,ほぼ新品,1,2026-02-20,237.0,16,9261
tr_00699,ホビー,brand_18,傷や汚れあり,1,2026-01-24,497.0,66,3870
tr_00700,家電,brand_11,傷や汚れあり,1,2026-04-27,239.0,119,15486
tr_00701,家電,,新品,1,2026-03-26,253.0,52,27038
tr_00702,スポーツ,,ほぼ新品,1,2026-01-21,299.0,74,4487
tr_00703,家電,brand_01,傷や汚れあり,1,2026-04-21,293.0,71,35175
tr_00704,スポーツ,brand_17,傷や汚れあり,0,2026-03-23,256.0,63,3490
tr_00705,スポーツ,brand_10,ほぼ新品,0,2026-03-30,342.0,85,5799
tr_00706,本・音楽,brand_00,ほぼ新品,1,2026-01-27,460.0,162,1455
tr_00707,ファッション,brand_00,ほぼ新品,0,2026-01-06,265.0,110,8591
tr_00708,家電,brand_02,傷や汚れあり,0,2026-03-12,244.0,91,19587
tr_00709,ファッション,brand_00,ほぼ新品,1,2026-01-11,45.0,120,3650
tr_00710,ファッション,brand_02,ほぼ新品,1,2026-03-06,361.0,275,9476
tr_00711,スポーツ,brand_02,ほぼ新品,0,2026-03-21,515.0,49,1343200
tr_00712,ホビー,brand_18,新品,1,2026-02-20,166.0,183,8523
tr_00713,ファッション,,傷や汚れあり,0,2026-01-07,405.0,139,2505
tr_00714,ファッション,brand_13,傷や汚れあり,0,2026-04-14,309.0,41,4580
tr_00715,ファッション,brand_14,傷や汚れあり,0,2026-03-30,123.0,178,2318
tr_00716,ファッション,brand_02,ほぼ新品,0,2026-04-19,366.0,51,8485
tr_00717,本・音楽,,新品,0,2026-01-19,107.0,197,948
tr_00718,ファッション,brand_11,新品,1,2026-04-30,310.0,95,11558
tr_00719,ホビー,brand_07,全体的に状態が悪い,1,2026-02-16,,216,6475
tr_00720,本・音楽,,ほぼ新品,1,2026-04-22,434.0,44,2417
tr_00721,ホビー,brand_01,傷や汚れあり,0,2026-03-29,105.0,105,5775
tr_00722,ファッション,brand_01,ほぼ新品,0,2026-02-07,58.0,225,11545
tr_00723,本・音楽,brand_12,全体的に状態が悪い,1,2026-04-25,553.0,145,833
tr_00724,ファッション,,ほぼ新品,1,2026-04-23,298.0,74,6388
tr_00725,ファッション,brand_02,傷や汚れあり,0,2026-04-30,303.0,41,2664
tr_00726,家電,brand_17,傷や汚れあり,1,2026-02-16,556.0,91,16010
tr_00727,家電,brand_03,ほぼ新品,0,2026-04-09,584.0,69,20461
tr_00728,スポーツ,brand_03,傷や汚れあり,0,2026-02-27,312.0,214,4775
tr_00729,ホビー,brand_12,新品,0,2026-04-22,243.0,71,12985
tr_00730,家電,brand_15,ほぼ新品,1,2026-04-02,550.0,27,19992
tr_00731,ホビー,brand_12,新品,1,2026-04-24,519.0,185,7941
tr_00732,家電,brand_08,傷や汚れあり,1,2026-02-13,,31,16094
tr_00733,家電,brand_05,傷や汚れあり,1,2026-01-30,396.0,135,14582
tr_00734,家電,brand_14,ほぼ新品,0,2026-01-30,525.0,7,41375
tr_00735,スポーツ,brand_18,ほぼ新品,1,2026-03-15,,138,16237
tr_00736,家電,brand_19,傷や汚れあり,0,2026-03-20,340.0,68,16444
tr_00737,家電,brand_06,新品,1,2026-03-24,292.0,92,59015
tr_00738,家電,brand_16,ほぼ新品,1,2026-01-15,319.0,41,40634
tr_00739,家電,brand_19,ほぼ新品,1,2026-01-02,542.0,46,27182
tr_00740,家電,brand_15,傷や汚れあり,1,2026-02-23,297.0,101,8728
tr_00741,家電,brand_00,全体的に状態が悪い,1,2026-02-09,91.0,77,13972
tr_00742,ホビー,brand_05,ほぼ新品,0,2026-01-03,579.0,178,9839
tr_00743,ホビー,brand_15,新品,1,2026-03-27,597.0,79,13227
tr_00744,ファッション,brand_07,ほぼ新品,1,2026-04-23,415.0,149,4625
tr_00745,ホビー,,ほぼ新品,0,2026-01-24,86.0,106,5214
tr_00746,ホビー,brand_19,ほぼ新品,1,2026-04-06,261.0,68,4185
tr_00747,本・音楽,,傷や汚れあり,0,2026-02-16,108.0,101,1398
tr_00748,スポーツ,brand_08,ほぼ新品,0,2026-03-31,370.0,156,16865
tr_00749,ホビー,brand_05,ほぼ新品,1,2026-02-22,456.0,73,13800
tr_00750,ホビー,brand_05,傷や汚れあり,1,2026-03-16,377.0,60,12382
tr_00751,スポーツ,brand_17,新品,0,2026-03-09,237.0,-1,9494
tr_00752,スポーツ,brand_04,全体的に状態が悪い,1,2026-03-25,398.0,316,4241
tr_00753,家電,brand_09,新品,0,2026-04-15,135.0,40,28785
tr_00754,家電,brand_06,ほぼ新品,1,2026-01-07,48.0,48,18262
tr_00755,ホビー,brand_13,ほぼ新品,1,2026-03-14,319.0,84,5326
tr_00756,ファッション,brand_01,傷や汚れあり,1,2026-04-01,104.0,75,5372
tr_00757,ファッション,brand_19,ほぼ新品,1,2026-03-18,506.0,125,8123
tr_00758,家電,brand_12,ほぼ新品,0,2026-01-03,537.0,31,48401
tr_00759,ファッション,brand_04,傷や汚れあり,1,2026-04-12,305.0,179,3317
tr_00760,家電,brand_07,全体的に状態が悪い,0,2026-04-15,321.0,157,15770
tr_00761,スポーツ,brand_09,ほぼ新品,0,2026-03-21,296.0,93,4672
tr_00762,ファッション,brand_02,ほぼ新品,0,2026-02-15,474.0,36,7905
tr_00763,ファッション,brand_05,新品,0,2026-04-09,343.0,100,6921
tr_00764,ホビー,brand_13,傷や汚れあり,0,2026-03-25,211.0,37,7903
tr_00765,家電,brand_17,傷や汚れあり,1,2026-01-20,428.0,54,10052
tr_00766,家電,brand_11,傷や汚れあり,1,2026-04-19,437.0,91,21428
tr_00767,本・音楽,brand_08,傷や汚れあり,1,2026-03-24,517.0,124,2319
tr_00768,家電,brand_06,ほぼ新品,1,2026-04-13,263.0,59,31804
tr_00769,ファッション,brand_03,傷や汚れあり,0,2026-03-16,144.0,52,3500
tr_00770,ファッション,brand_16,傷や汚れあり,1,2026-01-12,35.0,112,4530
tr_00771,ホビー,brand_18,新品,0,2026-01-30,357.0,82,15120
tr_00772,ファッション,brand_12,新品,0,2026-04-18,524.0,86,8089
tr_00773,ホビー,brand_14,新品,1,2026-04-23,424.0,76,7143
tr_00774,本・音楽,,傷や汚れあり,1,2026-02-03,250.0,84,1335
tr_00775,スポーツ,brand_19,ほぼ新品,0,2026-01-17,28.0,87,14074
tr_00776,家電,brand_16,ほぼ新品,1,2026-03-25,565.0,58,42153
tr_00777,ホビー,brand_17,傷や汚れあり,1,2026-01-07,503.0,83,9151
tr_00778,家電,,傷や汚れあり,1,2026-01-11,492.0,26,33281
tr_00779,スポーツ,brand_00,傷や汚れあり,0,2026-02-07,493.0,15,7903
tr_00780,ホビー,brand_09,全体的に状態が悪い,1,2026-02-20,183.0,65,7192
tr_00781,ファッション,brand_16,ほぼ新品,0,2026-02-11,108.0,135,2813
tr_00782,スポーツ,brand_16,傷や汚れあり,1,2026-01-29,182.0,69,4794
tr_00783,本・音楽,brand_05,全体的に状態が悪い,0,2026-01-11,453.0,61,1230
tr_00784,ファッション,brand_17,ほぼ新品,0,2026-01-07,388.0,166,2519
tr_00785,ファッション,brand_12,ほぼ新品,0,2026-03-12,508.0,147,4418
tr_00786,家電,brand_06,ほぼ新品,1,2026-04-12,330.0,20,21017
tr_00787,スポーツ,brand_19,ほぼ新品,1,2026-04-03,103.0,15,16896
tr_00788,本・音楽,,全体的に状態が悪い,0,2026-02-12,94.0,153,1549
tr_00789,スポーツ,brand_04,ほぼ新品,1,2026-02-25,107.0,68,6438
tr_00790,家電,brand_03,ほぼ新品,0,2026-03-13,298.0,9,50788
tr_00791,ホビー,brand_19,傷や汚れあり,0,2026-03-11,264.0,41,7286
tr_00792,ファッション,brand_18,傷や汚れあり,1,2026-03-14,404.0,83,5102
tr_00793,ファッション,brand_10,傷や汚れあり,1,2026-02-11,476.0,71,5520
tr_00794,家電,brand_12,ほぼ新品,1,2026-04-06,593.0,34,25100
tr_00795,ファッション,brand_10,全体的に状態が悪い,1,2026-03-23,512.0,158,6021
tr_00796,ホビー,brand_11,ほぼ新品,1,2026-04-01,178.0,34,10209
tr_00797,ファッション,brand_06,ほぼ新品,1,2026-04-05,157.0,226,2823
tr_00798,本・音楽,brand_16,ほぼ新品,0,2026-04-21,521.0,55,2327
tr_00799,スポーツ,brand_15,ほぼ新品,0,2026-02-28,315.0,33,34971
tr_00800,ホビー,brand_11,傷や汚れあり,1,2026-01-23,397.0,115,5353
tr_00801,家電,brand_02,傷や汚れあり,0,2026-01-01,43.0,151,13215
tr_00802,本・音楽,,傷や汚れあり,1,2026-01-16,443.0,68,1177
tr_00803,家電,brand_19,ほぼ新品,1,2026-01-25,325.0,96,12920
tr_00804,本・音楽,,全体的に状態が悪い,1,2026-02-06,61.0,83,1213
tr_00805,ホビー,brand_01,全体的に状態が悪い,1,2026-03-01,217.0,98,3196
tr_00806,スポーツ,brand_08,全体的に状態が悪い,0,2026-01-31,506.0,81,5354
tr_00807,ファッション,brand_09,ほぼ新品,0,2026-04-08,208.0,41,8428
tr_00808,家電,brand_00,傷や汚れあり,1,2026-02-24,167.0,132,12482
tr_00809,ファッション,brand_14,傷や汚れあり,1,2026-01-10,24.0,110,5427
tr_00810,本・音楽,,ほぼ新品,1,2026-01-29,322.0,251,2353
tr_00811,スポーツ,brand_06,ほぼ新品,1,2026-01-11,447.0,119,11664
tr_00812,スポーツ,brand_19,傷や汚れあり,1,2026-03-01,581.0,79,6094
tr_00813,本・音楽,brand_02,新品,0,2026-04-19,348.0,385,2307
tr_00814,家電,brand_06,新品,0,2026-01-27,459.0,8,22856
tr_00815,家電,brand_18,ほぼ新品,1,2026-04-21,78.0,26,15435
tr_00816,ファッション,,傷や汚れあり,0,2026-03-06,374.0,94,5469
tr_00817,ホビー,brand_10,傷や汚れあり,0,2026-02-17,525.0,22,2511
tr_00818,本・音楽,brand_15,傷や汚れあり,0,2026-02-15,181.0,97,845
tr_00819,スポーツ,brand_08,ほぼ新品,0,2026-03-25,434.0,157,19645
tr_00820,ファッション,brand_05,ほぼ新品,0,2026-02-24,557.0,225,0
tr_00821,ファッション,brand_05,ほぼ新品,1,2026-01-13,586.0,103,2319
tr_00822,家電,brand_01,傷や汚れあり,1,2026-03-25,404.0,81,30216
tr_00823,家電,brand_08,ほぼ新品,1,2026-03-29,324.0,77,14188
tr_00824,本・音楽,brand_15,新品,1,2026-04-20,150.0,62,2111
tr_00825,スポーツ,brand_01,ほぼ新品,0,2026-03-22,127.0,51,8884
tr_00826,スポーツ,brand_02,ほぼ新品,0,2026-03-21,515.0,49,1343200
tr_00827,スポーツ,brand_19,ほぼ新品,1,2026-04-23,238.0,63,9689
tr_00828,ホビー,brand_03,全体的に状態が悪い,1,2026-01-01,438.0,83,6123
tr_00829,ファッション,brand_00,傷や汚れあり,1,2026-01-17,45.0,166,3682
tr_00830,家電,brand_09,傷や汚れあり,1,2026-04-04,308.0,52,21666
tr_00831,ファッション,brand_18,ほぼ新品,1,2026-04-24,233.0,65,6537
tr_00832,ホビー,brand_17,傷や汚れあり,0,2026-03-10,84.0,46,4043
tr_00833,スポーツ,brand_12,新品,0,2026-02-24,48.0,144,16181
tr_00834,本・音楽,brand_06,傷や汚れあり,0,2026-01-01,211.0,124,2631
tr_00835,ファッション,brand_03,傷や汚れあり,1,2026-03-17,289.0,27,4182
tr_00836,本・音楽,,傷や汚れあり,1,2026-01-15,404.0,106,1113
tr_00837,ファッション,brand_06,ほぼ新品,0,2026-01-14,470.0,138,5703
tr_00838,本・音楽,brand_19,傷や汚れあり,1,2026-01-10,478.0,100,2733
tr_00839,ファッション,brand_12,ほぼ新品,1,2026-02-02,36.0,101,6311
tr_00840,家電,brand_17,傷や汚れあり,1,2026-03-29,512.0,52,68823
tr_00841,ファッション,brand_07,傷や汚れあり,1,2026-03-12,,173,6118
tr_00842,ファッション,brand_01,ほぼ新品,0,2026-01-04,150.0,151,8439
tr_00843,ファッション,brand_05,全体的に状態が悪い,1,2026-03-07,305.0,203,3651
tr_00844,家電,brand_06,ほぼ新品,0,2026-01-31,67.0,50,18287
tr_00845,スポーツ,brand_15,傷や汚れあり,1,2026-04-07,176.0,78,8149
tr_00846,ファッション,brand_19,ほぼ新品,1,2026-03-06,50.0,8,2648
tr_00847,本・音楽,brand_18,傷や汚れあり,0,2026-01-02,443.0,66,1971
tr_00848,本・音楽,brand_19,ほぼ新品,1,2026-03-21,217.0,59,2664
tr_00849,スポーツ,brand_01,傷や汚れあり,1,2026-03-25,343.0,74,8918
tr_00850,ファッション,brand_14,傷や汚れあり,0,2026-01-16,320.0,130,3716
tr_00851,ファッション,brand_16,傷や汚れあり,0,2026-02-18,,58,10658
tr_00852,スポーツ,brand_02,傷や汚れあり,0,2026-03-01,42.0,28,7462
tr_00853,ファッション,brand_10,傷や汚れあり,0,2026-03-05,433.0,31,2478
tr_00854,本・音楽,,全体的に状態が悪い,1,2026-02-17,530.0,59,1144
tr_00855,ファッション,brand_12,新品,1,2026-03-18,274.0,210,10487
tr_00856,ファッション,,ほぼ新品,1,2026-01-20,293.0,140,3653
tr_00857,家電,,全体的に状態が悪い,1,2026-04-08,,49,7452
tr_00858,家電,brand_00,新品,1,2026-03-16,551.0,22,22142
tr_00859,家電,brand_08,新品,0,2026-01-15,384.0,60,32249
tr_00860,ホビー,brand_08,傷や汚れあり,0,2026-03-20,170.0,85,4808
tr_00861,家電,brand_18,傷や汚れあり,1,2026-02-11,384.0,10,22073
tr_00862,ホビー,brand_08,新品,1,2026-01-20,105.0,129,13525
tr_00863,スポーツ,brand_09,全体的に状態が悪い,1,2026-04-10,252.0,160,7849
tr_00864,家電,brand_06,新品,1,2026-04-02,483.0,102,41267
tr_00865,ファッション,,ほぼ新品,1,2026-01-07,503.0,44,8488
tr_00866,ホビー,brand_07,全体的に状態が悪い,1,2026-02-17,150.0,36,4720
tr_00867,本・音楽,brand_03,新品,1,2026-01-09,177.0,65,3098
tr_00868,スポーツ,brand_03,全体的に状態が悪い,0,2026-04-14,491.0,201,7323
tr_00869,ホビー,brand_11,傷や汚れあり,0,2026-01-03,45.0,117,5808
tr_00870,ファッション,brand_16,傷や汚れあり,1,2026-04-16,82.0,53,1857
tr_00871,スポーツ,brand_09,傷や汚れあり,1,2026-04-04,,246,5411
tr_00872,ファッション,brand_15,全体的に状態が悪い,0,2026-04-30,533.0,217,3081
tr_00873,家電,brand_04,全体的に状態が悪い,1,2026-04-10,399.0,12,5571
tr_00874,ホビー,brand_17,ほぼ新品,1,2026-03-23,313.0,197,5587
tr_00875,本・音楽,,新品,0,2026-02-27,352.0,46,2007
tr_00876,スポーツ,brand_02,全体的に状態が悪い,1,2026-04-05,394.0,41,11652
tr_00877,ファッション,brand_15,傷や汚れあり,1,2026-01-05,,235,6679
tr_00878,スポーツ,brand_04,全体的に状態が悪い,0,2026-01-30,111.0,150,2338
tr_00879,ホビー,brand_18,新品,0,2026-04-26,172.0,140,5098
tr_00880,ファッション,brand_14,ほぼ新品,1,2026-03-24,504.0,121,5289
tr_00881,ホビー,brand_13,ほぼ新品,0,2026-03-03,148.0,49,10282
tr_00882,ファッション,brand_07,ほぼ新品,1,2026-03-21,302.0,39,4075
tr_00883,ファッション,brand_07,新品,0,2026-04-15,188.0,160,6704
tr_00884,ホビー,brand_08,ほぼ新品,0,2026-04-18,457.0,44,5416
tr_00885,ホビー,brand_19,傷や汚れあり,1,2026-03-04,588.0,7,11381
tr_00886,ホビー,brand_12,傷や汚れあり,1,2026-03-16,,80,3335
tr_00887,ファッション,brand_08,ほぼ新品,0,2026-01-02,,64,5494
tr_00888,本・音楽,brand_00,傷や汚れあり,1,2026-02-06,176.0,185,1425
tr_00889,スポーツ,brand_06,ほぼ新品,1,2026-01-31,449.0,70,23677
tr_00890,スポーツ,brand_06,ほぼ新品,0,2026-03-02,112.0,164,9591
tr_00891,スポーツ,brand_14,傷や汚れあり,1,2026-03-09,464.0,29,10861
tr_00892,家電,brand_10,ほぼ新品,0,2026-01-02,420.0,80,17209
tr_00893,家電,brand_00,ほぼ新品,1,2026-02-11,527.0,96,24528
tr_00894,スポーツ,brand_04,ほぼ新品,0,2026-03-29,340.0,109,8423
tr_00895,ファッション,,傷や汚れあり,1,2026-03-03,194.0,52,1761
tr_00896,本・音楽,,ほぼ新品,1,2026-03-23,277.0,137,2482
tr_00897,ホビー,brand_07,傷や汚れあり,1,2026-01-08,139.0,45,5007
tr_00898,本・音楽,brand_11,ほぼ新品,1,2026-01-06,460.0,5,1793
tr_00899,家電,,傷や汚れあり,1,2026-02-06,519.0,9,16824
tr_00900,家電,brand_02,ほぼ新品,0,2026-01-12,403.0,100,20651
tr_00901,ホビー,brand_09,傷や汚れあり,1,2026-04-27,67.0,23,9243
tr_00902,ホビー,brand_03,ほぼ新品,0,2026-04-04,103.0,-1,7250
tr_00903,ホビー,brand_17,傷や汚れあり,1,2026-03-27,570.0,130,6973
tr_00904,スポーツ,brand_07,ほぼ新品,0,2026-04-06,371.0,179,7487
tr_00905,家電,brand_03,ほぼ新品,1,2026-01-17,173.0,158,38987
tr_00906,家電,brand_09,ほぼ新品,0,2026-03-13,263.0,41,10168
tr_00907,ホビー,brand_16,傷や汚れあり,1,2026-01-03,186.0,91,7213
tr_00908,ファッション,brand_01,新品,0,2026-02-08,356.0,127,4823
tr_00909,ファッション,brand_11,傷や汚れあり,0,2026-03-26,240.0,12,2959
tr_00910,ホビー,brand_09,ほぼ新品,1,2026-01-13,588.0,138,6576
tr_00911,家電,brand_01,全体的に状態が悪い,1,2026-03-13,153.0,264,14566
tr_00912,ファッション,brand_06,新品,1,2026-04-04,290.0,88,2539
tr_00913,本・音楽,brand_07,傷や汚れあり,0,2026-03-25,468.0,161,1463
tr_00914,ホビー,brand_06,傷や汚れあり,1,2026-03-07,584.0,80,6238
tr_00915,ファッション,brand_19,傷や汚れあり,0,2026-03-15,428.0,35,4059
tr_00916,スポーツ,brand_17,ほぼ新品,0,2026-04-07,558.0,37,7239
tr_00917,ファッション,brand_05,全体的に状態が悪い,0,2026-04-30,284.0,85,2414
tr_00918,ファッション,brand_04,ほぼ新品,1,2026-04-30,195.0,163,9989
tr_00919,スポーツ,brand_07,傷や汚れあり,1,2026-01-31,116.0,60,6599
tr_00920,家電,brand_06,傷や汚れあり,1,2026-03-12,336.0,124,24664
tr_00921,本・音楽,brand_18,傷や汚れあり,0,2026-03-15,381.0,90,2252
tr_00922,家電,brand_03,新品,0,2026-02-03,298.0,24,26688
tr_00923,スポーツ,brand_10,ほぼ新品,1,2026-02-21,48.0,95,10356
tr_00924,ファッション,brand_13,全体的に状態が悪い,0,2026-02-11,343.0,141,4075
tr_00925,本・音楽,brand_03,ほぼ新品,1,2026-04-09,29.0,25,3257
tr_00926,家電,brand_19,ほぼ新品,0,2026-03-25,311.0,60,27621
tr_00927,本・音楽,,新品,0,2026-04-15,508.0,94,1132
tr_00928,スポーツ,brand_17,傷や汚れあり,0,2026-01-15,528.0,105,6429
tr_00929,スポーツ,brand_09,ほぼ新品,1,2026-02-13,265.0,-1,17176
tr_00930,ファッション,brand_08,ほぼ新品,1,2026-01-19,358.0,146,6697
tr_00931,本・音楽,brand_11,全体的に状態が悪い,1,2026-03-28,560.0,186,2035
tr_00932,ファッション,brand_05,ほぼ新品,0,2026-01-03,94.0,32,4289
tr_00933,ファッション,brand_14,全体的に状態が悪い,1,2026-02-01,314.0,31,4052
tr_00934,家電,brand_16,傷や汚れあり,0,2026-04-25,194.0,41,20689
tr_00935,ファッション,brand_04,新品,1,2026-03-03,183.0,18,6242
tr_00936,ファッション,brand_06,ほぼ新品,1,2026-04-25,567.0,93,7357
tr_00937,スポーツ,brand_06,ほぼ新品,1,2026-03-16,342.0,107,9138
tr_00938,ホビー,brand_07,傷や汚れあり,0,2026-02-17,279.0,54,4452
tr_00939,本・音楽,brand_18,ほぼ新品,1,2026-04-19,557.0,63,2167
tr_00940,本・音楽,,傷や汚れあり,1,2026-02-17,462.0,199,1351
tr_00941,ファッション,brand_11,ほぼ新品,1,2026-01-08,234.0,112,5988
tr_00942,家電,brand_11,全体的に状態が悪い,1,2026-04-09,589.0,109,14192
tr_00943,本・音楽,,傷や汚れあり,1,2026-01-19,29.0,86,729
tr_00944,家電,brand_05,新品,0,2026-01-14,282.0,106,22226
tr_00945,ファッション,brand_09,ほぼ新品,0,2026-02-19,79.0,352,3165
tr_00946,本・音楽,brand_16,ほぼ新品,1,2026-01-10,69.0,63,1307
tr_00947,ホビー,brand_03,ほぼ新品,0,2026-01-15,499.0,198,9808
tr_00948,ファッション,brand_05,全体的に状態が悪い,1,2026-03-26,23.0,41,1693
tr_00949,ファッション,brand_13,傷や汚れあり,0,2026-02-22,271.0,18,4821
tr_00950,本・音楽,brand_00,傷や汚れあり,0,2026-04-25,351.0,46,1153
tr_00951,スポーツ,brand_00,傷や汚れあり,0,2026-04-07,28.0,314,11265
tr_00952,ファッション,brand_08,ほぼ新品,0,2026-01-11,126.0,80,6160
tr_00953,家電,brand_01,新品,1,2026-03-17,101.0,106,30888
tr_00954,家電,brand_14,ほぼ新品,1,2026-04-01,122.0,97,9928
tr_00955,ファッション,brand_16,新品,1,2026-01-11,465.0,32,8878
tr_00956,ファッション,brand_19,ほぼ新品,1,2026-02-09,,145,4795
tr_00957,スポーツ,brand_00,ほぼ新品,0,2026-04-11,155.0,37,15076
tr_00958,スポーツ,brand_18,ほぼ新品,1,2026-02-13,399.0,39,7834
tr_00959,ファッション,brand_16,新品,1,2026-02-07,199.0,109,9190
tr_00960,ファッション,brand_11,ほぼ新品,1,2026-04-27,463.0,106,9602
tr_00961,スポーツ,brand_05,全体的に状態が悪い,0,2026-02-06,370.0,212,2932
tr_00962,家電,brand_19,新品,1,2026-03-07,165.0,98,21782
tr_00963,スポーツ,brand_01,全体的に状態が悪い,1,2026-02-01,348.0,79,6667
tr_00964,家電,,傷や汚れあり,0,2026-02-01,247.0,40,21326
tr_00965,家電,brand_08,ほぼ新品,0,2026-04-15,547.0,49,31802
tr_00966,ホビー,brand_09,新品,1,2026-01-05,498.0,30,10530
tr_00967,本・音楽,,ほぼ新品,1,2026-03-22,261.0,30,1787
tr_00968,本・音楽,brand_00,全体的に状態が悪い,0,2026-01-30,539.0,190,1028
tr_00969,本・音楽,,ほぼ新品,1,2026-04-26,428.0,51,1664
tr_00970,ファッション,brand_06,全体的に状態が悪い,0,2026-01-27,,155,3763
tr_00971,ホビー,brand_02,傷や汚れあり,0,2026-01-15,22.0,62,6197
tr_00972,本・音楽,brand_18,ほぼ新品,1,2026-03-12,529.0,119,2875
tr_00973,ファッション,brand_11,新品,0,2026-03-25,468.0,-1,10537
tr_00974,本・音楽,,ほぼ新品,0,2026-03-02,124.0,100,1744
tr_00975,スポーツ,brand_09,傷や汚れあり,1,2026-04-06,241.0,163,6343
tr_00976,家電,brand_11,全体的に状態が悪い,1,2026-03-28,67.0,92,10844
tr_00977,本・音楽,brand_13,傷や汚れあり,1,2026-04-03,193.0,150,881
tr_00978,家電,brand_09,傷や汚れあり,1,2026-04-12,515.0,16,14427
tr_00979,本・音楽,brand_02,傷や汚れあり,1,2026-03-22,218.0,65,1131
tr_00980,家電,brand_19,傷や汚れあり,0,2026-04-24,466.0,31,19578
tr_00981,家電,brand_08,ほぼ新品,1,2026-02-28,562.0,41,35952
tr_00982,ファッション,brand_16,傷や汚れあり,1,2026-01-18,250.0,58,5079
tr_00983,本・音楽,,傷や汚れあり,1,2026-02-14,539.0,176,1968
tr_00984,ファッション,brand_14,傷や汚れあり,1,2026-03-02,409.0,63,7465
tr_00985,家電,brand_14,ほぼ新品,1,2026-04-30,511.0,54,66271
tr_00986,ファッション,brand_10,ほぼ新品,0,2026-03-26,513.0,76,6283
tr_00987,ホビー,brand_09,傷や汚れあり,0,2026-01-02,219.0,54,7855
tr_00988,ファッション,,ほぼ新品,1,2026-04-26,263.0,136,5547
tr_00989,家電,,全体的に状態が悪い,0,2026-04-17,59.0,11,7809
tr_00990,ホビー,,全体的に状態が悪い,0,2026-03-21,521.0,148,3123
tr_00991,家電,brand_11,ほぼ新品,1,2026-02-11,156.0,73,25672
tr_00992,本・音楽,brand_14,新品,0,2026-01-28,308.0,109,1559
tr_00993,ファッション,,ほぼ新品,1,2026-01-23,356.0,156,6169
tr_00994,ホビー,brand_17,ほぼ新品,1,2026-03-12,423.0,111,9966
tr_00995,ホビー,brand_19,ほぼ新品,0,2026-04-26,313.0,167,11979
tr_00996,スポーツ,brand_19,全体的に状態が悪い,0,2026-02-26,97.0,146,5506
tr_00997,家電,brand_04,傷や汚れあり,1,2026-04-26,124.0,37,16963
tr_00998,スポーツ,brand_09,傷や汚れあり,1,2026-02-06,373.0,63,7772
tr_00999,ファッション,brand_12,ほぼ新品,1,2026-01-14,148.0,124,6090
tr_01000,ホビー,brand_19,新品,1,2026-01-30,475.0,38,15956
tr_01001,家電,brand_18,傷や汚れあり,1,2026-04-03,390.0,61,23618
tr_01002,ファッション,brand_16,全体的に状態が悪い,1,2026-04-08,149.0,62,2184
tr_01003,本・音楽,brand_06,新品,1,2026-01-11,240.0,257,3479
tr_01004,家電,brand_19,ほぼ新品,0,2026-02-07,308.0,182,15967
tr_01005,スポーツ,brand_01,全体的に状態が悪い,0,2026-01-11,141.0,62,2738
tr_01006,ホビー,brand_18,傷や汚れあり,1,2026-03-06,250.0,89,10623
tr_01007,スポーツ,brand_01,全体的に状態が悪い,1,2026-04-01,243.0,21,3134
tr_01008,スポーツ,brand_06,傷や汚れあり,1,2026-02-05,,42,4537
tr_01009,本・音楽,,傷や汚れあり,0,2026-02-10,23.0,121,708
tr_01010,家電,brand_07,傷や汚れあり,1,2026-02-16,546.0,95,19653
tr_01011,家電,brand_09,傷や汚れあり,1,2026-04-06,154.0,42,11439
tr_01012,ホビー,brand_16,傷や汚れあり,1,2026-02-27,192.0,128,3726
tr_01013,スポーツ,brand_06,新品,1,2026-01-04,398.0,26,24531
tr_01014,ホビー,brand_07,全体的に状態が悪い,0,2026-01-29,115.0,198,8222
tr_01015,ファッション,brand_14,ほぼ新品,0,2026-01-11,496.0,180,3513
tr_01016,ファッション,brand_12,傷や汚れあり,0,2026-01-19,303.0,34,1915
tr_01017,ファッション,brand_08,ほぼ新品,1,2026-01-13,24.0,119,5606
tr_01018,ホビー,brand_16,ほぼ新品,1,2026-02-16,262.0,113,11517
tr_01019,本・音楽,,ほぼ新品,0,2026-01-31,294.0,175,3467
tr_01020,スポーツ,brand_00,傷や汚れあり,1,2026-01-01,,133,14421
tr_01021,本・音楽,,全体的に状態が悪い,1,2026-02-10,83.0,116,1401
tr_01022,ホビー,brand_18,ほぼ新品,0,2026-01-16,545.0,27,6895
tr_01023,スポーツ,brand_05,傷や汚れあり,1,2026-04-04,88.0,79,8754
tr_01024,ファッション,brand_00,全体的に状態が悪い,0,2026-04-25,517.0,93,2641
tr_01025,スポーツ,brand_04,ほぼ新品,1,2026-01-08,500.0,168,10010
tr_01026,スポーツ,,新品,1,2026-04-11,391.0,38,13826
tr_01027,本・音楽,brand_02,傷や汚れあり,0,2026-04-22,109.0,57,547
tr_01028,本・音楽,brand_06,全体的に状態が悪い,0,2026-01-08,401.0,168,1973
tr_01029,スポーツ,brand_19,新品,0,2026-01-05,389.0,124,7786
tr_01030,ホビー,brand_02,ほぼ新品,1,2026-04-03,570.0,175,915800
tr_01031,家電,brand_11,ほぼ新品,1,2026-03-27,167.0,63,31639
tr_01032,スポーツ,,新品,1,2026-02-24,367.0,11,20286
tr_01033,本・音楽,,ほぼ新品,0,2026-02-09,452.0,37,1838
tr_01034,ファッション,brand_03,傷や汚れあり,0,2026-04-04,206.0,95,5674
tr_01035,ファッション,brand_12,傷や汚れあり,0,2026-04-12,419.0,97,4155
tr_01036,ファッション,brand_17,ほぼ新品,1,2026-03-12,,107,5852
tr_01037,家電,brand_18,ほぼ新品,1,2026-03-01,581.0,90,36272
tr_01038,本・音楽,,新品,1,2026-02-26,595.0,-1,3541
tr_01039,家電,brand_18,ほぼ新品,0,2026-03-14,511.0,52,18527
tr_01040,ファッション,brand_17,傷や汚れあり,1,2026-04-28,300.0,54,5634
tr_01041,ホビー,brand_03,新品,1,2026-04-16,73.0,148,12202
tr_01042,家電,brand_13,全体的に状態が悪い,0,2026-01-08,447.0,134,13665
tr_01043,ホビー,,ほぼ新品,1,2026-03-15,,213,11945
tr_01044,ファッション,brand_00,傷や汚れあり,1,2026-01-03,357.0,101,7909
tr_01045,スポーツ,brand_02,ほぼ新品,1,2026-04-01,302.0,68,19327
tr_01046,本・音楽,brand_09,ほぼ新品,0,2026-04-04,464.0,159,2678
tr_01047,ファッション,brand_18,傷や汚れあり,0,2026-04-20,232.0,37,2579
tr_01048,スポーツ,brand_17,全体的に状態が悪い,0,2026-04-29,64.0,127,5082
tr_01049,スポーツ,brand_10,ほぼ新品,0,2026-02-23,497.0,86,9275
tr_01050,ファッション,brand_16,ほぼ新品,1,2026-03-21,162.0,196,2667
tr_01051,ファッション,brand_06,ほぼ新品,0,2026-01-31,202.0,134,5038
tr_01052,スポーツ,brand_05,傷や汚れあり,1,2026-04-10,475.0,141,9019
tr_01053,ホビー,brand_11,傷や汚れあり,1,2026-01-31,,60,4525
tr_01054,家電,brand_01,傷や汚れあり,0,2026-02-23,102.0,61,18572
tr_01055,ホビー,brand_15,ほぼ新品,1,2026-04-27,511.0,67,3497
tr_01056,ホビー,brand_18,ほぼ新品,1,2026-03-14,196.0,15,11520
tr_01057,ホビー,brand_06,ほぼ新品,0,2026-04-23,179.0,21,14608
tr_01058,家電,brand_06,傷や汚れあり,0,2026-02-12,144.0,37,23957
tr_01059,ファッション,brand_11,ほぼ新品,0,2026-03-23,417.0,147,4662
tr_01060,本・音楽,brand_07,傷や汚れあり,0,2026-04-29,415.0,148,1549
tr_01061,家電,brand_17,新品,0,2026-02-12,485.0,88,33070
tr_01062,ファッション,brand_03,ほぼ新品,0,2026-01-01,240.0,82,3759
tr_01063,家電,brand_18,傷や汚れあり,1,2026-01-26,49.0,27,8198
tr_01064,家電,brand_16,ほぼ新品,1,2026-03-11,315.0,85,21374
tr_01065,ファッション,brand_10,ほぼ新品,0,2026-01-08,258.0,62,14778
tr_01066,ホビー,brand_03,新品,0,2026-03-25,415.0,46,20386
tr_01067,ホビー,brand_16,全体的に状態が悪い,1,2026-03-12,283.0,129,8597
tr_01068,ファッション,brand_15,ほぼ新品,0,2026-01-15,507.0,48,14834
tr_01069,家電,brand_18,全体的に状態が悪い,0,2026-02-11,69.0,12,10954
tr_01070,家電,brand_05,傷や汚れあり,0,2026-03-11,57.0,297,8443
tr_01071,スポーツ,brand_04,ほぼ新品,1,2026-02-26,115.0,166,6273
tr_01072,家電,brand_11,傷や汚れあり,0,2026-02-05,508.0,19,25770
tr_01073,本・音楽,,ほぼ新品,0,2026-04-27,297.0,361,1733
tr_01074,家電,brand_15,ほぼ新品,1,2026-03-27,475.0,170,21196
tr_01075,スポーツ,brand_04,ほぼ新品,0,2026-04-11,,101,10963
tr_01076,ファッション,brand_11,傷や汚れあり,1,2026-04-30,439.0,31,4573
tr_01077,家電,brand_14,傷や汚れあり,1,2026-03-29,,67,18476
tr_01078,ホビー,brand_10,ほぼ新品,0,2026-01-11,491.0,37,12878
tr_01079,家電,brand_11,全体的に状態が悪い,0,2026-03-08,501.0,52,9315
tr_01080,スポーツ,brand_09,傷や汚れあり,1,2026-01-31,467.0,17,12034
tr_01081,家電,brand_14,新品,0,2026-02-25,373.0,40,35433
tr_01082,ホビー,brand_17,全体的に状態が悪い,0,2026-04-10,413.0,223,4992
tr_01083,ファッション,brand_04,ほぼ新品,1,2026-04-21,487.0,176,8443
tr_01084,本・音楽,,ほぼ新品,0,2026-01-05,451.0,124,2073
tr_01085,本・音楽,brand_01,ほぼ新品,0,2026-02-07,,79,2603
tr_01086,ホビー,brand_05,ほぼ新品,1,2026-03-29,287.0,29,8430
tr_01087,ホビー,brand_14,傷や汚れあり,1,2026-02-09,523.0,122,6263
tr_01088,スポーツ,brand_10,全体的に状態が悪い,0,2026-01-31,64.0,64,4886
tr_01089,家電,brand_19,ほぼ新品,0,2026-02-28,399.0,263,13475
tr_01090,本・音楽,brand_12,全体的に状態が悪い,1,2026-01-19,237.0,160,522
tr_01091,スポーツ,brand_17,傷や汚れあり,1,2026-01-01,489.0,68,8883
tr_01092,家電,brand_15,傷や汚れあり,0,2026-02-20,298.0,95,21473
tr_01093,スポーツ,brand_03,傷や汚れあり,1,2026-01-23,,218,9775
tr_01094,本・音楽,,ほぼ新品,1,2026-04-21,404.0,26,982
tr_01095,スポーツ,brand_00,傷や汚れあり,0,2026-01-17,441.0,220,3400
tr_01096,ファッション,brand_14,ほぼ新品,0,2026-03-21,136.0,90,6954
tr_01097,ファッション,brand_12,ほぼ新品,0,2026-02-10,403.0,65,2196
tr_01098,本・音楽,brand_04,新品,1,2026-01-16,465.0,129,2430
tr_01099,ファッション,brand_11,新品,1,2026-04-05,320.0,211,9123
tr_01100,家電,brand_02,ほぼ新品,0,2026-04-21,251.0,42,48964
tr_01101,ファッション,brand_06,ほぼ新品,1,2026-04-14,125.0,69,5942
tr_01102,スポーツ,brand_04,ほぼ新品,0,2026-03-06,577.0,46,9482
tr_01103,スポーツ,brand_11,傷や汚れあり,0,2026-01-08,401.0,36,11255
tr_01104,スポーツ,brand_06,ほぼ新品,1,2026-02-18,368.0,74,19162
tr_01105,ホビー,brand_04,傷や汚れあり,0,2026-02-21,426.0,199,2699
tr_01106,家電,brand_19,新品,1,2026-03-07,552.0,66,3293300
tr_01107,ファッション,brand_00,傷や汚れあり,1,2026-04-05,77.0,46,4253
tr_01108,ホビー,brand_07,傷や汚れあり,1,2026-04-05,384.0,68,13784
tr_01109,スポーツ,brand_03,傷や汚れあり,1,2026-04-01,449.0,22,5700
tr_01110,スポーツ,brand_02,ほぼ新品,1,2026-02-25,163.0,52,7073
tr_01111,スポーツ,brand_16,全体的に状態が悪い,1,2026-02-10,161.0,191,6448
tr_01112,家電,brand_18,新品,0,2026-01-02,90.0,82,18028
tr_01113,ホビー,brand_10,新品,1,2026-04-11,59.0,120,7257
tr_01114,ファッション,brand_17,ほぼ新品,1,2026-04-21,369.0,132,8541
tr_01115,ファッション,brand_13,傷や汚れあり,1,2026-04-03,21.0,151,3159
tr_01116,ファッション,,ほぼ新品,1,2026-03-24,587.0,132,5578
tr_01117,スポーツ,brand_11,傷や汚れあり,1,2026-04-29,187.0,41,11543
tr_01118,本・音楽,brand_03,ほぼ新品,1,2026-04-15,499.0,102,4938
tr_01119,ホビー,brand_00,傷や汚れあり,0,2026-04-14,494.0,14,5241
tr_01120,本・音楽,brand_10,新品,0,2026-03-14,284.0,21,2086
tr_01121,本・音楽,brand_06,傷や汚れあり,0,2026-02-04,103.0,97,987
tr_01122,ファッション,brand_09,ほぼ新品,0,2026-01-31,438.0,73,17727
tr_01123,スポーツ,,全体的に状態が悪い,1,2026-04-20,,76,7544
tr_01124,ホビー,brand_00,傷や汚れあり,1,2026-01-24,474.0,105,11067
tr_01125,家電,brand_00,ほぼ新品,0,2026-03-12,395.0,66,26950
tr_01126,ファッション,brand_11,ほぼ新品,0,2026-04-02,,-1,0
tr_01127,ファッション,brand_12,傷や汚れあり,1,2026-04-28,59.0,71,3659
tr_01128,本・音楽,,傷や汚れあり,1,2026-02-06,324.0,38,1191
tr_01129,本・音楽,brand_00,ほぼ新品,1,2026-04-14,128.0,44,3629
tr_01130,家電,brand_10,傷や汚れあり,0,2026-01-10,502.0,55,18841
tr_01131,ファッション,brand_04,傷や汚れあり,1,2026-02-24,277.0,28,2762
tr_01132,本・音楽,brand_04,傷や汚れあり,1,2026-04-28,107.0,24,1335
tr_01133,スポーツ,brand_12,傷や汚れあり,0,2026-02-27,69.0,73,2576
tr_01134,ファッション,brand_11,傷や汚れあり,0,2026-01-25,314.0,245,1554
tr_01135,家電,brand_09,傷や汚れあり,0,2026-02-08,96.0,66,19278
tr_01136,ホビー,brand_01,全体的に状態が悪い,1,2026-03-24,123.0,82,1927
tr_01137,スポーツ,brand_18,傷や汚れあり,0,2026-01-07,176.0,96,2580
tr_01138,ホビー,brand_05,傷や汚れあり,0,2026-02-26,39.0,57,5774
tr_01139,スポーツ,brand_16,傷や汚れあり,1,2026-04-21,277.0,165,4538
tr_01140,スポーツ,brand_10,ほぼ新品,1,2026-01-06,426.0,108,14844
tr_01141,スポーツ,brand_19,傷や汚れあり,1,2026-02-06,65.0,261,3905
tr_01142,スポーツ,,ほぼ新品,1,2026-01-05,480.0,38,12072
tr_01143,ファッション,brand_19,傷や汚れあり,1,2026-02-02,331.0,14,3046
tr_01144,家電,brand_10,全体的に状態が悪い,1,2026-03-05,275.0,40,18405
tr_01145,家電,brand_13,ほぼ新品,0,2026-02-07,303.0,92,9381
tr_01146,ファッション,brand_18,ほぼ新品,1,2026-03-15,172.0,44,6490
tr_01147,スポーツ,brand_08,傷や汚れあり,0,2026-03-01,,102,10036
tr_01148,ファッション,brand_03,全体的に状態が悪い,1,2026-01-01,220.0,56,3223
tr_01149,本・音楽,,全体的に状態が悪い,1,2026-04-10,258.0,156,1042
tr_01150,スポーツ,brand_17,全体的に状態が悪い,1,2026-01-22,562.0,116,7165
tr_01151,ファッション,brand_10,全体的に状態が悪い,1,2026-01-15,149.0,60,4025
tr_01152,ファッション,brand_06,ほぼ新品,0,2026-02-26,199.0,36,3561
tr_01153,スポーツ,brand_06,傷や汚れあり,0,2026-03-06,516.0,23,5529
tr_01154,スポーツ,brand_04,ほぼ新品,1,2026-04-13,179.0,85,8738
tr_01155,ファッション,brand_13,新品,1,2026-01-12,194.0,73,8295
tr_01156,家電,brand_11,全体的に状態が悪い,0,2026-03-15,463.0,104,15219
tr_01157,スポーツ,brand_18,ほぼ新品,0,2026-04-07,258.0,79,5182
tr_01158,家電,brand_09,全体的に状態が悪い,1,2026-02-09,498.0,21,44114
tr_01159,ファッション,brand_10,ほぼ新品,1,2026-01-25,416.0,314,6059
tr_01160,家電,brand_13,傷や汚れあり,1,2026-01-30,309.0,15,58539
tr_01161,家電,,傷や汚れあり,0,2026-04-20,396.0,146,12040
tr_01162,ホビー,brand_01,傷や汚れあり,1,2026-04-06,392.0,103,10539
tr_01163,ファッション,brand_19,ほぼ新品,0,2026-03-23,438.0,34,7420
tr_01164,スポーツ,brand_01,傷や汚れあり,1,2026-03-14,443.0,139,6088
tr_01165,本・音楽,brand_18,ほぼ新品,1,2026-01-18,371.0,106,1432
tr_01166,スポーツ,brand_07,傷や汚れあり,1,2026-02-10,272.0,229,6896
tr_01167,ファッション,brand_11,新品,0,2026-01-02,90.0,19,9444
tr_01168,スポーツ,brand_09,新品,0,2026-04-08,386.0,14,15090
tr_01169,家電,brand_04,ほぼ新品,1,2026-03-30,249.0,89,25811
tr_01170,ホビー,brand_02,新品,1,2026-04-05,219.0,57,5753
tr_01171,家電,brand_08,傷や汚れあり,1,2026-02-15,241.0,60,21289
tr_01172,ファッション,brand_08,全体的に状態が悪い,1,2026-03-13,,141,1606
tr_01173,スポーツ,,ほぼ新品,1,2026-01-20,396.0,72,14257
tr_01174,本・音楽,brand_01,新品,0,2026-01-19,508.0,94,3747
tr_01175,本・音楽,,新品,1,2026-01-27,98.0,93,3515
tr_01176,スポーツ,brand_00,全体的に状態が悪い,1,2026-01-02,50.0,31,2218
tr_01177,ファッション,brand_00,ほぼ新品,0,2026-04-21,555.0,89,4124
tr_01178,ファッション,brand_17,傷や汚れあり,1,2026-01-02,250.0,131,6525
tr_01179,ファッション,brand_08,ほぼ新品,0,2026-02-15,468.0,76,3935
tr_01180,家電,brand_19,新品,1,2026-03-12,258.0,42,32448
tr_01181,スポーツ,brand_03,傷や汚れあり,0,2026-02-24,338.0,93,11781
tr_01182,スポーツ,brand_02,新品,1,2026-04-03,334.0,7,19960
tr_01183,ファッション,brand_04,新品,1,2026-01-20,32.0,82,6980
tr_01184,家電,brand_03,傷や汚れあり,1,2026-01-15,464.0,32,30467
tr_01185,ホビー,brand_09,ほぼ新品,1,2026-01-16,138.0,112,4959
tr_01186,スポーツ,brand_02,新品,0,2026-04-06,385.0,158,11365
tr_01187,ホビー,brand_06,傷や汚れあり,1,2026-04-27,38.0,147,12569
tr_01188,本・音楽,,全体的に状態が悪い,1,2026-02-12,260.0,401,1469
tr_01189,ホビー,brand_01,ほぼ新品,1,2026-02-12,572.0,34,9980
tr_01190,スポーツ,brand_00,ほぼ新品,1,2026-01-02,38.0,43,4294
tr_01191,スポーツ,brand_19,全体的に状態が悪い,1,2026-03-29,389.0,13,4482
tr_01192,家電,brand_13,傷や汚れあり,0,2026-02-26,161.0,70,1586000
tr_01193,ファッション,brand_14,傷や汚れあり,1,2026-04-20,356.0,-1,6067
tr_01194,本・音楽,,ほぼ新品,0,2026-04-01,159.0,11,1030
tr_01195,ホビー,brand_01,ほぼ新品,0,2026-02-12,,62,5399
tr_01196,本・音楽,brand_08,傷や汚れあり,0,2026-03-05,170.0,45,1380
tr_01197,ファッション,brand_17,傷や汚れあり,1,2026-03-21,574.0,214,2317
tr_01198,ファッション,brand_04,新品,1,2026-04-24,585.0,128,6604
tr_01199,ファッション,brand_13,傷や汚れあり,0,2026-02-28,204.0,218,3967
tr_01200,家電,brand_10,全体的に状態が悪い,0,2026-01-16,312.0,60,8320
tr_01201,ホビー,brand_12,ほぼ新品,1,2026-01-08,336.0,77,24295
tr_01202,家電,brand_03,ほぼ新品,0,2026-03-28,546.0,75,26145
tr_01203,スポーツ,brand_08,ほぼ新品,0,2026-04-22,493.0,101,25343
tr_01204,ファッション,brand_03,ほぼ新品,1,2026-01-15,47.0,182,2935
tr_01205,本・音楽,,ほぼ新品,0,2026-02-04,152.0,36,2726
tr_01206,家電,,ほぼ新品,0,2026-02-17,200.0,24,30930
tr_01207,家電,brand_15,新品,1,2026-03-21,200.0,121,39298
tr_01208,ホビー,brand_15,傷や汚れあり,1,2026-04-23,256.0,180,5802
tr_01209,本・音楽,brand_02,傷や汚れあり,0,2026-03-03,441.0,103,2335
tr_01210,家電,brand_05,新品,1,2026-03-19,554.0,19,36522
tr_01211,家電,brand_12,全体的に状態が悪い,0,2026-03-14,108.0,55,10646
tr_01212,スポーツ,brand_18,新品,0,2026-04-28,300.0,107,7863
tr_01213,家電,brand_02,傷や汚れあり,1,2026-03-16,506.0,97,21534
tr_01214,ファッション,,新品,1,2026-01-13,233.0,45,9478
tr_01215,家電,brand_15,ほぼ新品,0,2026-03-22,122.0,91,32557
tr_01216,家電,brand_18,新品,0,2026-03-12,591.0,-1,33490
tr_01217,スポーツ,brand_19,全体的に状態が悪い,1,2026-03-01,426.0,206,6363
tr_01218,ファッション,brand_03,傷や汚れあり,1,2026-04-05,296.0,20,3331
tr_01219,スポーツ,brand_10,傷や汚れあり,0,2026-01-23,43.0,76,2499
tr_01220,ホビー,brand_08,新品,1,2026-02-27,296.0,149,10327
tr_01221,スポーツ,brand_14,傷や汚れあり,1,2026-03-14,454.0,47,10214
tr_01222,ファッション,brand_07,ほぼ新品,0,2026-04-09,569.0,107,4880
tr_01223,ファッション,brand_16,傷や汚れあり,1,2026-01-01,408.0,194,4017
tr_01224,家電,brand_02,全体的に状態が悪い,1,2026-01-10,29.0,79,13571
tr_01225,本・音楽,,ほぼ新品,0,2026-02-25,255.0,75,1757
tr_01226,ファッション,brand_10,傷や汚れあり,1,2026-02-19,437.0,193,3254
tr_01227,スポーツ,brand_06,全体的に状態が悪い,1,2026-02-11,183.0,146,2837
tr_01228,スポーツ,brand_18,傷や汚れあり,0,2026-01-20,307.0,144,5454
tr_01229,家電,brand_15,新品,0,2026-04-15,453.0,109,47483
tr_01230,家電,brand_03,ほぼ新品,1,2026-03-09,117.0,101,22787
tr_01231,ホビー,brand_14,ほぼ新品,0,2026-03-29,512.0,85,8580
tr_01232,スポーツ,,ほぼ新品,0,2026-04-25,128.0,207,10288
tr_01233,ファッション,brand_11,ほぼ新品,0,2026-02-19,357.0,121,3565
tr_01234,ファッション,brand_02,新品,0,2026-03-26,383.0,429,7335
tr_01235,ファッション,brand_10,ほぼ新品,1,2026-01-11,62.0,81,5665
tr_01236,家電,brand_16,傷や汚れあり,1,2026-01-17,235.0,71,9918
tr_01237,本・音楽,brand_04,ほぼ新品,0,2026-01-25,309.0,17,1220
tr_01238,家電,brand_06,ほぼ新品,1,2026-01-14,537.0,-1,16883
tr_01239,ファッション,brand_14,全体的に状態が悪い,1,2026-04-14,371.0,40,3313
tr_01240,家電,brand_09,傷や汚れあり,0,2026-02-09,503.0,129,12732
tr_01241,ホビー,brand_16,ほぼ新品,1,2026-04-06,126.0,106,9355
tr_01242,ファッション,brand_13,傷や汚れあり,0,2026-03-26,29.0,145,1790
tr_01243,ファッション,brand_01,傷や汚れあり,1,2026-01-11,308.0,149,2814
tr_01244,スポーツ,brand_04,全体的に状態が悪い,0,2026-03-11,250.0,49,2552
tr_01245,ファッション,brand_14,傷や汚れあり,0,2026-02-28,438.0,134,2567
tr_01246,ホビー,brand_05,全体的に状態が悪い,0,2026-01-14,575.0,222,6290
tr_01247,ホビー,brand_00,新品,0,2026-03-26,404.0,40,5896
tr_01248,ホビー,brand_05,全体的に状態が悪い,0,2026-03-05,83.0,196,8831
tr_01249,ファッション,brand_07,全体的に状態が悪い,1,2026-02-24,30.0,118,3367
tr_01250,本・音楽,brand_09,新品,0,2026-01-19,79.0,143,2956
tr_01251,家電,brand_03,傷や汚れあり,1,2026-04-22,40.0,47,11867
tr_01252,ホビー,brand_07,全体的に状態が悪い,0,2026-03-23,485.0,51,7035
tr_01253,家電,brand_03,全体的に状態が悪い,1,2026-02-26,38.0,37,25524
tr_01254,ホビー,brand_07,ほぼ新品,1,2026-01-26,177.0,63,12156
tr_01255,家電,brand_19,傷や汚れあり,1,2026-02-04,231.0,45,15471
tr_01256,ファッション,brand_19,新品,1,2026-03-22,568.0,164,14990
tr_01257,ホビー,brand_18,傷や汚れあり,1,2026-01-21,175.0,118,10068
tr_01258,ファッション,brand_12,ほぼ新品,1,2026-03-02,461.0,93,8265
tr_01259,ホビー,brand_06,ほぼ新品,1,2026-04-17,,51,13394
tr_01260,ファッション,brand_05,ほぼ新品,0,2026-03-13,,142,8852
tr_01261,ファッション,brand_06,新品,0,2026-04-17,334.0,322,11458
tr_01262,ファッション,brand_07,ほぼ新品,1,2026-02-05,386.0,195,7431
tr_01263,本・音楽,,ほぼ新品,1,2026-04-08,536.0,16,2591
tr_01264,ファッション,brand_04,ほぼ新品,1,2026-01-04,239.0,27,8229
tr_01265,ホビー,brand_06,傷や汚れあり,1,2026-02-07,110.0,164,5028
tr_01266,ファッション,brand_14,傷や汚れあり,1,2026-04-17,226.0,103,3088
tr_01267,家電,brand_18,新品,1,2026-01-26,578.0,60,31969
tr_01268,スポーツ,brand_03,ほぼ新品,0,2026-01-05,162.0,105,7968
tr_01269,家電,brand_04,ほぼ新品,0,2026-04-14,187.0,33,29276
tr_01270,ファッション,brand_19,傷や汚れあり,1,2026-03-11,317.0,235,9130
tr_01271,ファッション,brand_03,全体的に状態が悪い,1,2026-03-25,485.0,96,5949
tr_01272,ホビー,brand_11,傷や汚れあり,1,2026-02-19,199.0,101,5195
tr_01273,スポーツ,brand_15,ほぼ新品,0,2026-04-09,506.0,28,13522
tr_01274,ファッション,brand_00,傷や汚れあり,0,2026-02-21,484.0,209,3869
tr_01275,ファッション,brand_10,全体的に状態が悪い,1,2026-02-26,380.0,126,6319
tr_01276,家電,brand_12,ほぼ新品,1,2026-02-17,68.0,33,17010
tr_01277,スポーツ,brand_19,傷や汚れあり,0,2026-04-27,465.0,201,7050
tr_01278,家電,brand_05,ほぼ新品,1,2026-03-20,325.0,39,34133
tr_01279,ファッション,brand_15,ほぼ新品,1,2026-04-12,526.0,113,10869
tr_01280,スポーツ,brand_16,傷や汚れあり,1,2026-03-08,562.0,-1,15967
tr_01281,本・音楽,brand_11,ほぼ新品,0,2026-04-30,166.0,-1,1576
tr_01282,家電,brand_19,全体的に状態が悪い,1,2026-03-14,401.0,73,9295
tr_01283,本・音楽,,傷や汚れあり,1,2026-04-21,427.0,167,1592
tr_01284,ファッション,brand_09,全体的に状態が悪い,1,2026-01-20,46.0,99,2149
tr_01285,ホビー,brand_06,ほぼ新品,1,2026-04-20,337.0,74,10877
tr_01286,家電,brand_08,傷や汚れあり,0,2026-04-05,498.0,13,13516
tr_01287,本・音楽,,ほぼ新品,1,2026-02-27,145.0,211,1299
tr_01288,家電,brand_07,傷や汚れあり,0,2026-02-05,470.0,44,18397
tr_01289,家電,brand_00,傷や汚れあり,1,2026-01-13,166.0,24,21194
tr_01290,家電,brand_17,新品,0,2026-04-29,434.0,15,56869
tr_01291,スポーツ,brand_19,傷や汚れあり,1,2026-03-10,222.0,60,8920
tr_01292,家電,,全体的に状態が悪い,1,2026-02-11,327.0,15,7144
tr_01293,ファッション,brand_19,ほぼ新品,1,2026-01-14,,119,2952
tr_01294,家電,brand_02,傷や汚れあり,1,2026-03-05,356.0,90,13017
tr_01295,スポーツ,brand_09,ほぼ新品,1,2026-02-01,194.0,60,13755
tr_01296,ファッション,brand_04,新品,0,2026-03-09,227.0,55,6632
tr_01297,ファッション,brand_03,新品,0,2026-01-20,331.0,54,4619
tr_01298,本・音楽,brand_04,ほぼ新品,1,2026-03-07,128.0,309,2928
tr_01299,家電,,傷や汚れあり,0,2026-04-22,304.0,36,10721
tr_01300,ファッション,brand_11,ほぼ新品,0,2026-02-13,483.0,36,6402
tr_01301,ホビー,brand_19,傷や汚れあり,1,2026-02-10,160.0,175,4095
tr_01302,本・音楽,,傷や汚れあり,1,2026-04-30,,54,1064
tr_01303,本・音楽,brand_00,新品,1,2026-04-30,74.0,59,2254
tr_01304,家電,brand_07,全体的に状態が悪い,0,2026-01-01,233.0,59,21592
tr_01305,ファッション,brand_16,全体的に状態が悪い,1,2026-01-25,574.0,27,2737
tr_01306,本・音楽,,傷や汚れあり,0,2026-04-29,433.0,58,2121
tr_01307,ファッション,,ほぼ新品,1,2026-01-02,512.0,153,11392
tr_01308,ホビー,brand_19,全体的に状態が悪い,1,2026-02-03,235.0,70,6311
tr_01309,本・音楽,,ほぼ新品,1,2026-03-15,130.0,24,1238
tr_01310,家電,,新品,0,2026-04-07,504.0,14,41255
tr_01311,ファッション,brand_10,傷や汚れあり,1,2026-04-22,176.0,20,5335
tr_01312,本・音楽,,新品,1,2026-01-01,391.0,18,2696
tr_01313,ファッション,brand_00,新品,0,2026-02-10,180.0,112,5639
tr_01314,本・音楽,,新品,1,2026-02-02,340.0,136,2006
tr_01315,本・音楽,,傷や汚れあり,1,2026-04-19,303.0,69,1292
tr_01316,ホビー,brand_15,傷や汚れあり,0,2026-03-18,42.0,57,4123
tr_01317,ファッション,brand_09,ほぼ新品,0,2026-03-12,385.0,22,4700
tr_01318,ファッション,brand_11,ほぼ新品,0,2026-04-19,565.0,77,11627
tr_01319,スポーツ,brand_19,ほぼ新品,1,2026-01-21,596.0,24,14441
tr_01320,ファッション,brand_12,全体的に状態が悪い,1,2026-01-16,487.0,72,2907
tr_01321,家電,brand_19,傷や汚れあり,0,2026-01-20,232.0,68,7508
tr_01322,ファッション,brand_18,ほぼ新品,1,2026-03-28,97.0,209,8130
tr_01323,スポーツ,brand_02,ほぼ新品,0,2026-03-07,270.0,204,20865
tr_01324,家電,brand_09,ほぼ新品,1,2026-02-16,29.0,6,25942
tr_01325,本・音楽,brand_05,傷や汚れあり,1,2026-03-05,161.0,49,2409
tr_01326,ファッション,brand_09,ほぼ新品,0,2026-04-05,246.0,23,8659
tr_01327,家電,brand_07,全体的に状態が悪い,1,2026-01-02,167.0,169,9973
tr_01328,本・音楽,brand_18,ほぼ新品,0,2026-03-03,53.0,227,1139
tr_01329,家電,brand_04,傷や汚れあり,1,2026-01-11,267.0,15,40369
tr_01330,家電,brand_11,ほぼ新品,1,2026-04-27,405.0,291,15818
tr_01331,スポーツ,brand_01,傷や汚れあり,1,2026-03-19,276.0,75,9215
tr_01332,本・音楽,brand_05,傷や汚れあり,1,2026-02-25,224.0,28,1920
tr_01333,本・音楽,,ほぼ新品,0,2026-01-11,270.0,188,3394
tr_01334,ホビー,brand_11,ほぼ新品,1,2026-01-03,71.0,10,5136
tr_01335,ファッション,brand_01,傷や汚れあり,1,2026-04-19,558.0,107,8830
tr_01336,家電,brand_08,傷や汚れあり,1,2026-03-21,470.0,-1,6567
tr_01337,スポーツ,brand_02,ほぼ新品,0,2026-02-27,306.0,140,6407
tr_01338,ファッション,brand_15,傷や汚れあり,0,2026-03-21,472.0,34,4877
tr_01339,スポーツ,brand_00,ほぼ新品,0,2026-04-04,95.0,165,7346
tr_01340,本・音楽,brand_02,ほぼ新品,1,2026-03-20,464.0,35,2115
tr_01341,ファッション,brand_06,傷や汚れあり,1,2026-03-10,68.0,125,3313
tr_01342,本・音楽,brand_12,ほぼ新品,0,2026-01-17,129.0,92,1840
tr_01343,本・音楽,,傷や汚れあり,0,2026-03-14,,234,1193
tr_01344,ファッション,brand_12,新品,0,2026-03-18,235.0,205,5655
tr_01345,家電,brand_03,傷や汚れあり,0,2026-02-04,494.0,90,32743
tr_01346,家電,brand_02,ほぼ新品,0,2026-01-22,427.0,13,35508
tr_01347,ファッション,brand_04,傷や汚れあり,1,2026-03-11,174.0,97,2680
tr_01348,スポーツ,brand_07,ほぼ新品,1,2026-02-03,139.0,76,5998
tr_01349,ファッション,brand_08,全体的に状態が悪い,1,2026-03-29,501.0,158,2340
tr_01350,ファッション,brand_17,全体的に状態が悪い,1,2026-02-09,45.0,124,1317
tr_01351,ホビー,brand_18,傷や汚れあり,1,2026-04-27,186.0,69,5999
tr_01352,家電,brand_10,傷や汚れあり,1,2026-01-18,173.0,95,17020
tr_01353,家電,,新品,1,2026-02-01,241.0,133,22444
tr_01354,スポーツ,brand_01,全体的に状態が悪い,0,2026-01-02,220.0,64,3888
tr_01355,本・音楽,,全体的に状態が悪い,1,2026-04-15,472.0,45,1864
tr_01356,ファッション,brand_07,新品,1,2026-02-28,502.0,148,6775
tr_01357,本・音楽,,傷や汚れあり,1,2026-03-28,565.0,238,1929
tr_01358,ファッション,,全体的に状態が悪い,1,2026-03-10,70.0,90,5211
tr_01359,家電,brand_07,ほぼ新品,0,2026-01-18,430.0,37,21267
tr_01360,ファッション,brand_13,傷や汚れあり,1,2026-03-08,192.0,54,3252
tr_01361,ファッション,brand_11,傷や汚れあり,1,2026-01-27,105.0,24,2629
tr_01362,スポーツ,brand_12,ほぼ新品,0,2026-04-11,405.0,-1,13471
tr_01363,ホビー,brand_13,ほぼ新品,0,2026-01-13,540.0,84,6114
tr_01364,家電,brand_12,ほぼ新品,1,2026-02-14,70.0,19,27036
tr_01365,ファッション,brand_09,傷や汚れあり,0,2026-01-25,54.0,69,2938
tr_01366,ホビー,brand_02,傷や汚れあり,0,2026-02-17,181.0,132,8515
tr_01367,ファッション,brand_00,傷や汚れあり,1,2026-02-27,55.0,45,3186
tr_01368,家電,brand_13,ほぼ新品,1,2026-02-03,132.0,93,24740
tr_01369,スポーツ,brand_01,全体的に状態が悪い,0,2026-01-09,,48,5751
tr_01370,ホビー,brand_06,傷や汚れあり,0,2026-01-22,92.0,124,10181
tr_01371,家電,brand_02,傷や汚れあり,0,2026-03-21,194.0,99,7841
tr_01372,家電,brand_05,全体的に状態が悪い,1,2026-01-03,368.0,122,7441
tr_01373,ホビー,brand_03,全体的に状態が悪い,0,2026-02-17,365.0,230,5019
tr_01374,本・音楽,,全体的に状態が悪い,0,2026-01-15,599.0,89,2616
tr_01375,本・音楽,,ほぼ新品,0,2026-01-01,476.0,55,1168
tr_01376,本・音楽,,新品,1,2026-01-22,462.0,95,3091
tr_01377,ファッション,brand_05,傷や汚れあり,0,2026-02-10,572.0,149,5051
tr_01378,ファッション,brand_14,傷や汚れあり,0,2026-04-25,236.0,72,2962
tr_01379,ホビー,brand_06,傷や汚れあり,0,2026-03-29,392.0,312,5148
tr_01380,ホビー,brand_07,傷や汚れあり,1,2026-03-08,344.0,41,5265
tr_01381,家電,brand_04,ほぼ新品,1,2026-01-14,596.0,73,38005
tr_01382,ホビー,brand_19,傷や汚れあり,1,2026-02-15,443.0,82,12829
tr_01383,ファッション,brand_10,ほぼ新品,0,2026-02-27,161.0,83,3959
tr_01384,スポーツ,brand_14,傷や汚れあり,1,2026-04-06,265.0,70,10611
tr_01385,ホビー,brand_13,傷や汚れあり,0,2026-04-18,,117,1911
tr_01386,ファッション,brand_16,全体的に状態が悪い,0,2026-03-01,481.0,136,4636
tr_01387,家電,brand_04,ほぼ新品,1,2026-01-23,329.0,71,23820
tr_01388,ファッション,brand_02,全体的に状態が悪い,0,2026-04-17,301.0,54,3122
tr_01389,ファッション,brand_01,全体的に状態が悪い,1,2026-03-16,422.0,142,2082
tr_01390,ファッション,brand_10,傷や汚れあり,1,2026-01-07,116.0,42,4025
tr_01391,本・音楽,brand_15,新品,0,2026-02-13,189.0,100,2501
tr_01392,ファッション,,ほぼ新品,1,2026-03-05,231.0,21,11550
tr_01393,ファッション,brand_12,傷や汚れあり,1,2026-03-23,237.0,-1,8743
tr_01394,本・音楽,,全体的に状態が悪い,1,2026-04-16,489.0,52,2735
tr_01395,スポーツ,brand_11,ほぼ新品,1,2026-01-05,468.0,55,5336
tr_01396,ホビー,brand_08,新品,0,2026-02-09,407.0,38,27619
tr_01397,スポーツ,brand_07,ほぼ新品,0,2026-01-09,383.0,49,5539
tr_01398,ホビー,brand_16,傷や汚れあり,1,2026-02-05,189.0,86,7407
tr_01399,ファッション,brand_14,ほぼ新品,1,2026-02-20,404.0,105,4389
tr_01400,本・音楽,brand_13,ほぼ新品,1,2026-03-07,593.0,167,2700
tr_01401,家電,brand_00,傷や汚れあり,1,2026-01-06,373.0,184,29181
tr_01402,家電,brand_06,傷や汚れあり,0,2026-01-01,481.0,13,50621
tr_01403,ファッション,brand_07,ほぼ新品,1,2026-02-07,451.0,26,9248
tr_01404,ホビー,brand_17,ほぼ新品,0,2026-02-15,58.0,30,7608
tr_01405,ファッション,brand_18,傷や汚れあり,1,2026-04-22,339.0,55,3955
tr_01406,スポーツ,brand_15,新品,0,2026-03-12,352.0,10,19644
tr_01407,ホビー,brand_09,傷や汚れあり,0,2026-03-22,271.0,185,3269
tr_01408,スポーツ,brand_18,傷や汚れあり,0,2026-01-20,307.0,144,5454
tr_01409,家電,brand_18,ほぼ新品,1,2026-04-28,125.0,61,26478
tr_01410,本・音楽,,新品,0,2026-02-27,352.0,46,2007
tr_01411,スポーツ,brand_10,ほぼ新品,0,2026-03-01,326.0,96,5980
tr_01412,ファッション,brand_12,ほぼ新品,1,2026-04-12,126.0,72,6101
tr_01413,ホビー,brand_05,全体的に状態が悪い,1,2026-04-17,451.0,58,4790
tr_01414,ファッション,brand_15,全体的に状態が悪い,1,2026-02-22,593.0,161,4893
tr_01415,ファッション,,ほぼ新品,1,2026-03-17,67.0,42,6414
tr_01416,ホビー,brand_12,傷や汚れあり,0,2026-01-22,,228,4124
tr_01417,ファッション,brand_01,新品,0,2026-02-21,369.0,102,5379
tr_01418,家電,,傷や汚れあり,1,2026-04-09,458.0,-1,11818
tr_01419,家電,brand_18,傷や汚れあり,0,2026-02-26,150.0,114,7089
tr_01420,ホビー,brand_13,全体的に状態が悪い,1,2026-04-10,599.0,220,5171
tr_01421,ホビー,brand_09,ほぼ新品,1,2026-01-02,58.0,126,0
tr_01422,ファッション,brand_14,全体的に状態が悪い,1,2026-03-30,545.0,466,0
tr_01423,ファッション,brand_09,ほぼ新品,1,2026-04-19,78.0,45,9488
tr_01424,スポーツ,brand_07,傷や汚れあり,1,2026-03-03,296.0,132,6599
tr_01425,ファッション,brand_00,ほぼ新品,1,2026-01-11,24.0,83,5614
tr_01426,スポーツ,brand_02,新品,1,2026-03-24,124.0,46,11643
tr_01427,ホビー,brand_13,新品,0,2026-02-09,105.0,207,3045
tr_01428,スポーツ,brand_07,傷や汚れあり,0,2026-02-14,388.0,44,7950
tr_01429,ファッション,brand_18,新品,1,2026-02-25,163.0,106,9445
tr_01430,家電,brand_19,傷や汚れあり,1,2026-04-04,499.0,133,26688
tr_01431,ホビー,brand_01,新品,1,2026-03-06,404.0,36,13014
tr_01432,ホビー,brand_04,傷や汚れあり,0,2026-02-02,156.0,84,7908
tr_01433,ファッション,brand_06,傷や汚れあり,1,2026-01-16,261.0,11,2251
tr_01434,ホビー,brand_16,傷や汚れあり,1,2026-01-14,242.0,52,8663
tr_01435,スポーツ,brand_10,傷や汚れあり,1,2026-01-26,441.0,154,11051
tr_01436,ファッション,brand_15,ほぼ新品,1,2026-03-27,357.0,135,7031
tr_01437,ホビー,brand_09,全体的に状態が悪い,0,2026-01-30,62.0,139,3491
tr_01438,スポーツ,brand_14,新品,1,2026-01-06,151.0,94,10149
tr_01439,ファッション,brand_01,新品,0,2026-04-19,371.0,99,6907
tr_01440,ホビー,brand_14,ほぼ新品,0,2026-04-06,154.0,96,4645
tr_01441,スポーツ,brand_06,全体的に状態が悪い,0,2026-02-22,391.0,51,8357
tr_01442,本・音楽,brand_01,新品,0,2026-04-20,,65,2852
tr_01443,ホビー,brand_02,ほぼ新品,1,2026-01-08,575.0,186,13320
tr_01444,ホビー,,傷や汚れあり,1,2026-01-29,540.0,62,11219
tr_01445,本・音楽,brand_10,ほぼ新品,1,2026-03-24,197.0,31,1178
tr_01446,ファッション,brand_03,ほぼ新品,0,2026-02-08,111.0,153,3583
tr_01447,ファッション,brand_18,傷や汚れあり,1,2026-03-11,371.0,139,3768
tr_01448,スポーツ,brand_15,傷や汚れあり,1,2026-01-10,28.0,58,4925
tr_01449,スポーツ,brand_02,傷や汚れあり,0,2026-02-03,85.0,39,5743
tr_01450,家電,brand_01,ほぼ新品,1,2026-02-05,361.0,54,35724
tr_01451,ファッション,brand_02,全体的に状態が悪い,1,2026-03-29,560.0,188,4052
tr_01452,本・音楽,,傷や汚れあり,1,2026-02-26,131.0,114,1570
tr_01453,ファッション,brand_12,傷や汚れあり,1,2026-04-24,546.0,47,4814
tr_01454,ホビー,brand_00,全体的に状態が悪い,1,2026-04-06,369.0,52,3025
tr_01455,ファッション,brand_06,全体的に状態が悪い,1,2026-02-07,22.0,171,1666
tr_01456,本・音楽,brand_18,ほぼ新品,1,2026-03-02,532.0,67,4374
tr_01457,ファッション,brand_16,傷や汚れあり,0,2026-02-02,153.0,107,3188
tr_01458,家電,brand_02,ほぼ新品,1,2026-04-25,134.0,47,24363
tr_01459,スポーツ,brand_05,全体的に状態が悪い,0,2026-03-26,270.0,213,3893
tr_01460,本・音楽,,ほぼ新品,0,2026-01-02,123.0,76,2070
tr_01461,ホビー,brand_13,新品,0,2026-03-04,479.0,124,9808
tr_01462,家電,brand_03,ほぼ新品,0,2026-01-13,105.0,98,21409
tr_01463,家電,brand_07,傷や汚れあり,1,2026-01-08,,124,15164
tr_01464,家電,brand_12,新品,1,2026-02-18,128.0,19,29752
tr_01465,家電,brand_11,ほぼ新品,0,2026-02-21,269.0,18,22956
tr_01466,スポーツ,brand_11,ほぼ新品,1,2026-02-22,385.0,72,10763
tr_01467,ファッション,brand_03,傷や汚れあり,1,2026-01-31,460.0,192,7451
tr_01468,家電,brand_08,ほぼ新品,1,2026-01-26,106.0,136,15959
tr_01469,ファッション,brand_07,ほぼ新品,1,2026-02-14,443.0,175,6463
tr_01470,スポーツ,brand_12,ほぼ新品,0,2026-02-18,391.0,32,15028
tr_01471,ファッション,brand_00,ほぼ新品,1,2026-02-11,64.0,87,5055
tr_01472,本・音楽,,ほぼ新品,1,2026-01-13,408.0,127,4584
tr_01473,ホビー,brand_07,ほぼ新品,0,2026-04-20,377.0,32,2815
tr_01474,ファッション,brand_13,新品,0,2026-03-26,55.0,119,0
tr_01475,ホビー,,ほぼ新品,1,2026-03-25,169.0,36,15917
tr_01476,ファッション,brand_17,全体的に状態が悪い,1,2026-03-07,123.0,81,2052
tr_01477,本・音楽,,新品,1,2026-01-18,121.0,74,4673
tr_01478,本・音楽,,ほぼ新品,1,2026-01-17,361.0,109,3025
tr_01479,スポーツ,brand_01,ほぼ新品,1,2026-01-28,345.0,168,6853
tr_01480,本・音楽,brand_06,新品,1,2026-03-31,177.0,253,6777
tr_01481,ホビー,brand_04,ほぼ新品,1,2026-01-12,49.0,56,7124
tr_01482,本・音楽,brand_19,ほぼ新品,0,2026-03-18,22.0,15,1942
tr_01483,家電,brand_17,ほぼ新品,0,2026-04-16,82.0,82,12877
tr_01484,本・音楽,brand_16,傷や汚れあり,0,2026-04-28,73.0,60,2896
tr_01485,ホビー,brand_08,傷や汚れあり,1,2026-02-03,470.0,9,10935
tr_01486,本・音楽,,傷や汚れあり,1,2026-03-28,65.0,169,1410
tr_01487,本・音楽,brand_03,ほぼ新品,0,2026-04-22,334.0,212,2329
tr_01488,本・音楽,,傷や汚れあり,1,2026-03-04,,412,1889
tr_01489,本・音楽,brand_05,傷や汚れあり,1,2026-04-22,134.0,138,1856
tr_01490,ホビー,brand_04,新品,0,2026-03-24,262.0,71,9164
tr_01491,スポーツ,brand_00,傷や汚れあり,0,2026-01-25,427.0,99,2039
tr_01492,ホビー,brand_00,新品,1,2026-04-15,354.0,228,7700
tr_01493,家電,brand_12,新品,0,2026-01-14,302.0,54,35320
tr_01494,家電,brand_14,新品,1,2026-02-01,312.0,209,30638
tr_01495,ファッション,brand_03,傷や汚れあり,1,2026-02-13,226.0,172,5636
tr_01496,家電,brand_10,ほぼ新品,1,2026-03-19,475.0,66,27644
tr_01497,ホビー,brand_01,全体的に状態が悪い,1,2026-01-29,85.0,165,2668
tr_01498,家電,brand_06,ほぼ新品,0,2026-02-09,125.0,149,19665
tr_01499,ホビー,brand_10,新品,1,2026-04-25,315.0,113,10585
tr_01500,本・音楽,,傷や汚れあり,0,2026-03-02,73.0,302,631
tr_01501,ファッション,brand_00,傷や汚れあり,1,2026-01-23,501.0,121,2204
tr_01502,スポーツ,brand_10,傷や汚れあり,1,2026-03-20,72.0,39,4584
tr_01503,ホビー,brand_04,ほぼ新品,1,2026-04-23,424.0,104,9097
tr_01504,スポーツ,brand_04,傷や汚れあり,1,2026-02-20,264.0,187,7883
tr_01505,ホビー,brand_06,ほぼ新品,0,2026-04-16,113.0,150,5850
tr_01506,家電,brand_02,ほぼ新品,1,2026-03-06,440.0,106,21504
tr_01507,ファッション,brand_13,傷や汚れあり,0,2026-01-11,75.0,138,2898
tr_01508,家電,brand_18,傷や汚れあり,1,2026-01-19,590.0,75,41439
tr_01509,スポーツ,brand_08,全体的に状態が悪い,1,2026-01-08,555.0,164,8005
tr_01510,ホビー,brand_09,全体的に状態が悪い,1,2026-01-08,385.0,23,11744
tr_01511,スポーツ,brand_08,傷や汚れあり,1,2026-04-14,47.0,28,4015
tr_01512,ファッション,brand_04,ほぼ新品,0,2026-01-21,31.0,150,3803
tr_01513,ホビー,brand_05,ほぼ新品,1,2026-04-13,590.0,56,6607
tr_01514,ファッション,brand_11,ほぼ新品,1,2026-04-22,100.0,181,7540
tr_01515,スポーツ,brand_01,ほぼ新品,1,2026-02-28,35.0,46,14464
tr_01516,ファッション,brand_02,ほぼ新品,0,2026-04-18,341.0,137,7015
tr_01517,スポーツ,brand_01,ほぼ新品,0,2026-01-22,455.0,116,10774
tr_01518,ファッション,brand_14,新品,0,2026-01-04,87.0,96,2942
tr_01519,ファッション,brand_03,全体的に状態が悪い,1,2026-03-14,405.0,109,5457
tr_01520,家電,brand_19,ほぼ新品,0,2026-03-14,183.0,383,9470
tr_01521,本・音楽,brand_07,ほぼ新品,1,2026-03-12,575.0,154,1462
tr_01522,スポーツ,brand_07,ほぼ新品,1,2026-04-25,148.0,194,8851
tr_01523,スポーツ,brand_06,傷や汚れあり,1,2026-03-21,506.0,93,5694
tr_01524,ホビー,brand_11,ほぼ新品,0,2026-02-14,327.0,32,3386
tr_01525,家電,brand_00,ほぼ新品,1,2026-03-21,157.0,27,43405
tr_01526,家電,brand_03,傷や汚れあり,1,2026-02-14,449.0,66,19189
tr_01527,家電,brand_13,ほぼ新品,0,2026-04-09,405.0,96,41590
tr_01528,本・音楽,brand_17,傷や汚れあり,0,2026-04-16,89.0,93,1201
tr_01529,スポーツ,brand_18,新品,1,2026-01-14,527.0,75,25952
tr_01530,ホビー,brand_18,傷や汚れあり,0,2026-04-06,338.0,93,6171
tr_01531,ファッション,brand_14,ほぼ新品,0,2026-03-09,504.0,273,6651
tr_01532,ホビー,brand_15,傷や汚れあり,1,2026-03-24,446.0,122,6544
tr_01533,スポーツ,brand_03,ほぼ新品,1,2026-01-17,350.0,40,10044
tr_01534,ファッション,brand_06,全体的に状態が悪い,1,2026-01-25,569.0,69,3920
tr_01535,ファッション,,ほぼ新品,0,2026-01-13,425.0,108,2883
tr_01536,本・音楽,,ほぼ新品,0,2026-02-06,431.0,38,3438
tr_01537,家電,brand_13,全体的に状態が悪い,0,2026-03-27,85.0,42,9157
tr_01538,ホビー,brand_12,傷や汚れあり,1,2026-04-24,565.0,399,4449
tr_01539,ホビー,brand_04,ほぼ新品,0,2026-03-02,595.0,32,11332
tr_01540,本・音楽,brand_07,傷や汚れあり,1,2026-01-09,549.0,32,1258
tr_01541,ファッション,brand_06,傷や汚れあり,1,2026-04-29,123.0,42,4729
tr_01542,本・音楽,,新品,1,2026-04-15,509.0,22,2014
tr_01543,ファッション,brand_19,全体的に状態が悪い,1,2026-03-23,538.0,122,3258
tr_01544,家電,brand_01,新品,0,2026-01-15,502.0,32,19133
tr_01545,スポーツ,brand_19,傷や汚れあり,0,2026-04-13,183.0,43,5860
tr_01546,ホビー,brand_11,傷や汚れあり,1,2026-01-09,258.0,123,6216
tr_01547,ファッション,brand_00,全体的に状態が悪い,0,2026-04-07,,40,3710
tr_01548,本・音楽,,全体的に状態が悪い,1,2026-03-27,493.0,31,2114
tr_01549,スポーツ,brand_15,傷や汚れあり,0,2026-03-10,20.0,126,3819
tr_01550,ホビー,brand_00,傷や汚れあり,1,2026-01-01,362.0,77,2731
tr_01551,ファッション,brand_12,傷や汚れあり,1,2026-01-09,82.0,47,1983
tr_01552,ファッション,brand_08,ほぼ新品,1,2026-03-24,377.0,142,7160
tr_01553,ファッション,brand_11,傷や汚れあり,1,2026-04-09,350.0,404,3948
tr_01554,家電,brand_00,ほぼ新品,1,2026-01-30,474.0,27,15060
tr_01555,家電,brand_19,全体的に状態が悪い,0,2026-04-06,270.0,20,12905
tr_01556,ホビー,brand_08,新品,1,2026-03-24,494.0,142,16833
tr_01557,ホビー,brand_15,ほぼ新品,0,2026-03-18,427.0,92,12521
tr_01558,ファッション,brand_08,ほぼ新品,0,2026-01-25,224.0,142,14814
tr_01559,家電,brand_03,全体的に状態が悪い,1,2026-02-13,123.0,38,32932
tr_01560,本・音楽,,傷や汚れあり,0,2026-01-04,171.0,219,1190
tr_01561,スポーツ,brand_13,ほぼ新品,0,2026-02-25,512.0,25,7713
tr_01562,家電,brand_10,傷や汚れあり,1,2026-03-05,563.0,74,15924
tr_01563,ホビー,brand_06,ほぼ新品,0,2026-03-03,217.0,45,4821
tr_01564,ファッション,brand_13,全体的に状態が悪い,1,2026-03-29,378.0,55,3420
tr_01565,スポーツ,brand_05,傷や汚れあり,1,2026-04-28,443.0,94,13596
tr_01566,ファッション,brand_09,ほぼ新品,1,2026-01-17,102.0,145,11005
tr_01567,スポーツ,brand_09,ほぼ新品,0,2026-04-12,538.0,57,23508
tr_01568,本・音楽,brand_03,全体的に状態が悪い,1,2026-01-01,539.0,187,1152
tr_01569,本・音楽,brand_13,全体的に状態が悪い,0,2026-04-07,312.0,158,1034
tr_01570,スポーツ,brand_15,ほぼ新品,1,2026-02-10,481.0,136,15747
tr_01571,ファッション,brand_10,傷や汚れあり,0,2026-01-16,406.0,134,4578
tr_01572,家電,brand_06,ほぼ新品,1,2026-01-05,504.0,33,48862
tr_01573,本・音楽,,新品,1,2026-04-23,575.0,16,5311
tr_01574,本・音楽,brand_14,ほぼ新品,1,2026-01-12,598.0,105,3073
tr_01575,スポーツ,brand_06,新品,1,2026-03-07,180.0,34,15112
tr_01576,家電,brand_12,ほぼ新品,1,2026-02-09,407.0,196,20851
tr_01577,ホビー,brand_19,ほぼ新品,0,2026-03-25,39.0,76,6484
tr_01578,家電,brand_17,新品,1,2026-01-15,257.0,28,29064
tr_01579,本・音楽,,傷や汚れあり,0,2026-04-04,164.0,79,1392
tr_01580,スポーツ,brand_03,ほぼ新品,1,2026-04-04,289.0,256,15256
tr_01581,スポーツ,brand_08,傷や汚れあり,0,2026-04-22,289.0,84,5373
tr_01582,本・音楽,brand_01,傷や汚れあり,1,2026-04-09,61.0,123,1048
tr_01583,スポーツ,brand_17,傷や汚れあり,1,2026-04-27,231.0,69,2462
tr_01584,ファッション,brand_13,ほぼ新品,1,2026-02-18,107.0,161,3774
tr_01585,ホビー,brand_18,全体的に状態が悪い,0,2026-03-27,473.0,87,4337
tr_01586,家電,brand_03,ほぼ新品,1,2026-01-31,70.0,79,15652
tr_01587,ファッション,brand_17,傷や汚れあり,1,2026-02-01,58.0,243,2567
tr_01588,家電,brand_14,ほぼ新品,1,2026-03-05,378.0,113,24211
tr_01589,スポーツ,brand_09,傷や汚れあり,1,2026-01-01,496.0,34,16665
tr_01590,本・音楽,brand_16,ほぼ新品,1,2026-04-24,295.0,254,2091
tr_01591,ファッション,brand_03,ほぼ新品,1,2026-02-14,582.0,110,3297
tr_01592,ホビー,,新品,0,2026-04-04,87.0,152,13404
tr_01593,家電,brand_09,傷や汚れあり,0,2026-01-21,,308,9522
tr_01594,家電,brand_08,全体的に状態が悪い,0,2026-02-14,225.0,78,21070
tr_01595,ホビー,brand_12,傷や汚れあり,0,2026-02-26,389.0,73,7443
tr_01596,家電,brand_10,全体的に状態が悪い,0,2026-04-19,429.0,78,9319
tr_01597,家電,brand_00,ほぼ新品,0,2026-01-10,126.0,70,17266
tr_01598,家電,brand_14,新品,0,2026-03-03,23.0,93,21009
tr_01599,スポーツ,brand_08,ほぼ新品,1,2026-01-20,108.0,179,12916
tr_01600,本・音楽,,傷や汚れあり,0,2026-01-25,376.0,279,1313
tr_01601,ファッション,brand_13,新品,0,2026-02-08,186.0,135,4386
tr_01602,ホビー,brand_12,新品,1,2026-03-27,278.0,24,11969
tr_01603,本・音楽,brand_05,全体的に状態が悪い,1,2026-03-04,527.0,418,1053
tr_01604,家電,brand_19,全体的に状態が悪い,1,2026-01-22,406.0,91,15106
tr_01605,本・音楽,,新品,1,2026-01-09,197.0,32,1595
tr_01606,スポーツ,brand_12,新品,1,2026-02-24,598.0,106,18696
tr_01607,本・音楽,,ほぼ新品,0,2026-02-20,284.0,253,1426
tr_01608,本・音楽,brand_19,新品,1,2026-03-30,338.0,107,2329
tr_01609,ホビー,brand_09,傷や汚れあり,0,2026-02-18,553.0,41,4794
tr_01610,家電,brand_16,傷や汚れあり,1,2026-02-09,209.0,125,28294
tr_01611,本・音楽,brand_00,傷や汚れあり,1,2026-03-28,294.0,210,2017
tr_01612,ホビー,brand_19,ほぼ新品,1,2026-03-07,82.0,161,5886
tr_01613,スポーツ,brand_10,ほぼ新品,1,2026-03-04,441.0,33,12875
tr_01614,スポーツ,brand_07,傷や汚れあり,1,2026-01-30,108.0,83,6836
tr_01615,家電,brand_17,ほぼ新品,0,2026-04-20,,104,21848
tr_01616,スポーツ,brand_03,傷や汚れあり,1,2026-02-07,268.0,-1,13390
tr_01617,家電,brand_07,傷や汚れあり,0,2026-01-15,459.0,39,7302
tr_01618,家電,brand_02,傷や汚れあり,0,2026-04-28,143.0,107,34032
tr_01619,家電,brand_04,ほぼ新品,0,2026-01-02,404.0,57,16200
tr_01620,ファッション,brand_00,ほぼ新品,0,2026-02-19,309.0,25,3870
tr_01621,家電,brand_15,ほぼ新品,1,2026-04-04,348.0,94,12766
tr_01622,スポーツ,brand_14,新品,0,2026-04-25,324.0,60,17672
tr_01623,ホビー,brand_16,ほぼ新品,1,2026-03-10,301.0,190,6400
tr_01624,ホビー,brand_00,傷や汚れあり,1,2026-01-01,390.0,37,8560
tr_01625,ホビー,brand_18,傷や汚れあり,1,2026-04-13,437.0,90,12838
tr_01626,スポーツ,brand_07,傷や汚れあり,0,2026-03-20,188.0,350,9622
tr_01627,ホビー,brand_01,新品,1,2026-01-19,67.0,102,7277
tr_01628,ホビー,brand_17,全体的に状態が悪い,0,2026-04-29,78.0,71,5623
tr_01629,ファッション,brand_11,傷や汚れあり,0,2026-02-18,515.0,67,4018
tr_01630,ファッション,brand_17,新品,1,2026-01-31,31.0,40,14001
tr_01631,家電,brand_01,ほぼ新品,1,2026-03-16,278.0,27,14065
tr_01632,ファッション,brand_00,ほぼ新品,1,2026-03-27,281.0,-1,5247
tr_01633,家電,,傷や汚れあり,0,2026-04-06,233.0,30,20503
tr_01634,ファッション,brand_01,ほぼ新品,1,2026-04-11,146.0,5,15968
tr_01635,家電,brand_05,傷や汚れあり,1,2026-01-22,336.0,51,8134
tr_01636,ファッション,brand_18,ほぼ新品,0,2026-03-23,,144,3147
tr_01637,ファッション,brand_17,傷や汚れあり,1,2026-03-15,407.0,153,4006
tr_01638,スポーツ,brand_06,傷や汚れあり,0,2026-01-14,544.0,105,6710
tr_01639,ホビー,brand_19,新品,0,2026-02-01,81.0,34,14576
tr_01640,ファッション,brand_16,新品,1,2026-03-10,326.0,112,11989
tr_01641,家電,brand_04,ほぼ新品,1,2026-04-03,296.0,26,30501
tr_01642,スポーツ,brand_00,傷や汚れあり,0,2026-01-29,300.0,303,5972
tr_01643,家電,brand_05,全体的に状態が悪い,1,2026-02-28,26.0,132,3706
tr_01644,スポーツ,brand_04,傷や汚れあり,0,2026-01-24,,38,3711
tr_01645,スポーツ,brand_14,ほぼ新品,1,2026-04-13,473.0,94,39866
tr_01646,ファッション,brand_08,全体的に状態が悪い,0,2026-03-14,133.0,107,3118
tr_01647,スポーツ,brand_15,新品,1,2026-02-21,31.0,223,23432
tr_01648,スポーツ,brand_13,ほぼ新品,1,2026-02-23,372.0,38,17568
tr_01649,家電,brand_00,全体的に状態が悪い,0,2026-03-25,580.0,61,10046
tr_01650,スポーツ,brand_17,ほぼ新品,0,2026-04-11,138.0,55,7975
tr_01651,スポーツ,brand_10,傷や汚れあり,1,2026-01-15,208.0,69,13075
tr_01652,スポーツ,brand_05,ほぼ新品,1,2026-02-09,69.0,99,5652
tr_01653,本・音楽,,傷や汚れあり,0,2026-01-30,266.0,68,869
tr_01654,家電,brand_07,ほぼ新品,1,2026-03-28,351.0,136,15066
tr_01655,スポーツ,brand_14,ほぼ新品,1,2026-03-04,411.0,101,7845
tr_01656,家電,brand_01,傷や汚れあり,1,2026-02-07,37.0,86,15856
tr_01657,スポーツ,brand_02,ほぼ新品,1,2026-01-23,257.0,25,12472
tr_01658,ファッション,brand_03,傷や汚れあり,1,2026-04-02,289.0,89,2947
tr_01659,スポーツ,brand_02,傷や汚れあり,0,2026-03-01,352.0,128,4954
tr_01660,ファッション,brand_05,ほぼ新品,1,2026-01-13,586.0,103,2319
tr_01661,ファッション,brand_07,傷や汚れあり,0,2026-01-14,481.0,27,2408
tr_01662,家電,brand_06,傷や汚れあり,0,2026-02-13,133.0,87,5375
tr_01663,ファッション,brand_00,ほぼ新品,1,2026-04-17,61.0,109,0
tr_01664,ファッション,brand_12,傷や汚れあり,0,2026-02-25,267.0,96,3724
tr_01665,ファッション,brand_12,傷や汚れあり,0,2026-02-02,180.0,81,6130
tr_01666,スポーツ,brand_08,全体的に状態が悪い,1,2026-01-31,554.0,57,12046
tr_01667,ホビー,brand_17,全体的に状態が悪い,0,2026-01-30,143.0,96,1919
tr_01668,ホビー,brand_14,ほぼ新品,1,2026-01-03,154.0,179,7454
tr_01669,ホビー,brand_17,新品,1,2026-02-16,108.0,72,9350
tr_01670,ファッション,brand_15,ほぼ新品,1,2026-01-06,493.0,189,2638
tr_01671,ホビー,brand_11,ほぼ新品,1,2026-04-17,485.0,20,18748
tr_01672,ホビー,brand_15,全体的に状態が悪い,0,2026-02-14,292.0,94,5584
tr_01673,スポーツ,brand_00,ほぼ新品,1,2026-01-03,280.0,28,5786
tr_01674,家電,brand_16,傷や汚れあり,0,2026-04-17,69.0,104,13465
tr_01675,家電,brand_02,新品,0,2026-03-07,265.0,17,26900
tr_01676,本・音楽,,傷や汚れあり,1,2026-01-07,214.0,83,3486
tr_01677,ファッション,,傷や汚れあり,0,2026-02-25,315.0,116,3102
tr_01678,ファッション,brand_00,新品,1,2026-03-03,504.0,277,9239
tr_01679,家電,brand_04,傷や汚れあり,1,2026-04-01,480.0,165,21968
tr_01680,スポーツ,brand_18,全体的に状態が悪い,1,2026-04-09,468.0,164,5928
tr_01681,家電,brand_08,ほぼ新品,1,2026-04-03,277.0,167,10072
tr_01682,本・音楽,,全体的に状態が悪い,1,2026-01-31,571.0,79,1281
tr_01683,ホビー,brand_03,ほぼ新品,0,2026-04-18,150.0,122,10662
tr_01684,スポーツ,brand_13,ほぼ新品,0,2026-01-22,595.0,129,13483
tr_01685,家電,brand_03,新品,0,2026-01-10,260.0,28,28035
tr_01686,ホビー,brand_08,ほぼ新品,0,2026-04-27,310.0,43,8772
tr_01687,ホビー,brand_09,新品,0,2026-01-31,255.0,140,13073
tr_01688,ファッション,brand_15,全体的に状態が悪い,0,2026-03-30,297.0,94,2547
tr_01689,スポーツ,brand_17,ほぼ新品,1,2026-02-23,289.0,209,7705
tr_01690,家電,brand_01,ほぼ新品,1,2026-03-22,590.0,80,28107
tr_01691,家電,brand_12,新品,1,2026-04-16,531.0,42,28845
tr_01692,家電,brand_16,傷や汚れあり,1,2026-01-13,46.0,29,29852
tr_01693,ファッション,brand_11,傷や汚れあり,0,2026-02-03,169.0,27,4233
tr_01694,家電,brand_16,傷や汚れあり,1,2026-03-20,110.0,113,18695
tr_01695,スポーツ,brand_05,傷や汚れあり,1,2026-01-26,501.0,113,11826
tr_01696,ホビー,brand_08,新品,0,2026-02-09,292.0,33,13813
tr_01697,スポーツ,,傷や汚れあり,0,2026-03-19,338.0,35,20540
tr_01698,家電,brand_07,全体的に状態が悪い,0,2026-01-06,406.0,225,7824
tr_01699,ファッション,brand_14,全体的に状態が悪い,1,2026-03-06,75.0,165,4183
tr_01700,ホビー,,ほぼ新品,1,2026-04-06,361.0,43,13250
tr_01701,ホビー,brand_03,ほぼ新品,0,2026-01-16,521.0,63,7532
tr_01702,家電,brand_04,ほぼ新品,0,2026-04-11,436.0,74,16692
tr_01703,本・音楽,brand_01,全体的に状態が悪い,0,2026-03-18,38.0,181,1009
tr_01704,ファッション,brand_03,傷や汚れあり,0,2026-03-25,107.0,147,4400
tr_01705,本・音楽,brand_03,ほぼ新品,1,2026-01-19,530.0,32,2775
tr_01706,本・音楽,brand_15,ほぼ新品,1,2026-03-09,339.0,55,1344
tr_01707,ファッション,brand_01,新品,1,2026-04-02,528.0,79,12355
tr_01708,ファッション,brand_05,新品,0,2026-04-22,274.0,89,5900
tr_01709,家電,brand_06,全体的に状態が悪い,0,2026-02-26,68.0,157,9430
tr_01710,ファッション,brand_05,ほぼ新品,1,2026-02-26,440.0,167,5030
tr_01711,ホビー,brand_10,傷や汚れあり,1,2026-03-21,87.0,186,6437
tr_01712,スポーツ,brand_16,ほぼ新品,0,2026-04-02,100.0,1,7292
tr_01713,家電,brand_02,全体的に状態が悪い,1,2026-04-26,63.0,106,7387
tr_01714,家電,brand_16,ほぼ新品,0,2026-04-17,237.0,27,26661
tr_01715,本・音楽,brand_05,傷や汚れあり,1,2026-04-02,178.0,132,1668
tr_01716,ファッション,brand_16,ほぼ新品,0,2026-04-17,480.0,67,5472
tr_01717,本・音楽,,新品,1,2026-02-14,24.0,72,2119
tr_01718,家電,brand_03,ほぼ新品,0,2026-02-21,94.0,41,23976
tr_01719,ファッション,brand_12,傷や汚れあり,1,2026-01-22,426.0,154,5089
tr_01720,ファッション,brand_10,全体的に状態が悪い,1,2026-01-11,585.0,47,1887
tr_01721,ファッション,brand_04,全体的に状態が悪い,0,2026-01-16,226.0,165,3219
tr_01722,本・音楽,brand_10,ほぼ新品,0,2026-01-24,476.0,69,2554
tr_01723,ファッション,brand_10,ほぼ新品,1,2026-01-31,456.0,91,6786
tr_01724,家電,brand_15,ほぼ新品,1,2026-01-22,272.0,59,20822
tr_01725,ファッション,,新品,1,2026-01-29,304.0,81,7343
tr_01726,本・音楽,,全体的に状態が悪い,0,2026-02-15,,102,1371
tr_01727,スポーツ,brand_09,全体的に状態が悪い,1,2026-02-24,134.0,70,4546
tr_01728,家電,brand_02,ほぼ新品,0,2026-01-14,174.0,183,17395
tr_01729,本・音楽,brand_09,全体的に状態が悪い,1,2026-03-13,310.0,219,1142
tr_01730,ファッション,brand_09,新品,0,2026-03-23,517.0,279,8326
tr_01731,本・音楽,brand_09,傷や汚れあり,1,2026-03-03,,61,2472
tr_01732,家電,brand_06,ほぼ新品,0,2026-01-12,188.0,139,13104
tr_01733,ファッション,brand_17,全体的に状態が悪い,0,2026-03-25,351.0,98,2097
tr_01734,ホビー,brand_05,傷や汚れあり,1,2026-04-02,269.0,30,2362
tr_01735,本・音楽,,ほぼ新品,1,2026-04-19,156.0,47,1639
tr_01736,ファッション,brand_00,傷や汚れあり,1,2026-01-17,45.0,166,3682
tr_01737,本・音楽,,ほぼ新品,1,2026-04-20,346.0,86,1621
tr_01738,家電,brand_06,全体的に状態が悪い,1,2026-01-30,60.0,194,11328
tr_01739,ホビー,brand_09,傷や汚れあり,1,2026-02-10,117.0,29,3270
tr_01740,スポーツ,brand_07,ほぼ新品,1,2026-04-08,124.0,50,8551
tr_01741,ファッション,brand_14,全体的に状態が悪い,1,2026-03-12,452.0,368,3945
tr_01742,ホビー,,ほぼ新品,0,2026-01-04,599.0,68,6516
tr_01743,ホビー,brand_03,傷や汚れあり,1,2026-04-04,594.0,133,10156
tr_01744,スポーツ,brand_06,ほぼ新品,1,2026-01-04,292.0,32,14817
tr_01745,ファッション,,ほぼ新品,0,2026-01-02,559.0,33,3438
tr_01746,家電,brand_07,全体的に状態が悪い,1,2026-04-17,130.0,47,5725
tr_01747,本・音楽,brand_14,ほぼ新品,1,2026-02-01,470.0,161,1209
tr_01748,ホビー,brand_00,ほぼ新品,1,2026-02-14,334.0,59,4645
tr_01749,ファッション,brand_12,ほぼ新品,0,2026-04-28,188.0,127,3779
tr_01750,ホビー,brand_04,傷や汚れあり,1,2026-01-26,437.0,132,8937
tr_01751,家電,brand_14,傷や汚れあり,0,2026-03-01,446.0,68,7724
tr_01752,家電,brand_09,新品,0,2026-04-27,501.0,20,10510
tr_01753,スポーツ,brand_03,新品,0,2026-02-09,223.0,86,14058
tr_01754,本・音楽,brand_08,ほぼ新品,0,2026-04-07,51.0,14,901
tr_01755,ホビー,brand_01,ほぼ新品,1,2026-02-02,330.0,108,5264
tr_01756,ファッション,brand_19,ほぼ新品,0,2026-04-10,397.0,133,3556
tr_01757,ファッション,brand_17,新品,0,2026-04-03,360.0,197,2316
tr_01758,本・音楽,brand_00,傷や汚れあり,1,2026-03-01,319.0,84,3021
tr_01759,家電,,傷や汚れあり,0,2026-04-04,264.0,189,9872
tr_01760,本・音楽,,傷や汚れあり,0,2026-02-08,324.0,87,1881
tr_01761,家電,brand_09,ほぼ新品,1,2026-02-03,270.0,175,11245
tr_01762,家電,,新品,1,2026-01-18,478.0,21,28136
tr_01763,スポーツ,brand_11,全体的に状態が悪い,0,2026-03-27,37.0,73,3331
tr_01764,スポーツ,brand_00,ほぼ新品,1,2026-02-23,280.0,14,11564
tr_01765,家電,brand_14,傷や汚れあり,1,2026-03-21,373.0,121,18473
tr_01766,スポーツ,brand_18,ほぼ新品,0,2026-02-09,445.0,129,6877
tr_01767,ホビー,brand_19,全体的に状態が悪い,1,2026-04-24,342.0,71,6571
tr_01768,ファッション,brand_09,ほぼ新品,0,2026-03-18,290.0,11,2646
tr_01769,ファッション,brand_14,ほぼ新品,1,2026-02-07,425.0,141,8905
tr_01770,ホビー,brand_16,傷や汚れあり,0,2026-04-08,585.0,198,7760
tr_01771,ファッション,brand_13,ほぼ新品,0,2026-04-26,153.0,24,1640
tr_01772,ホビー,brand_06,新品,1,2026-03-24,506.0,48,11468
tr_01773,家電,brand_11,ほぼ新品,0,2026-02-21,531.0,22,42204
tr_01774,家電,brand_07,新品,0,2026-04-09,520.0,178,26936
tr_01775,ファッション,brand_19,ほぼ新品,1,2026-01-01,588.0,79,3721
tr_01776,ファッション,brand_11,傷や汚れあり,1,2026-02-07,465.0,-1,5660
tr_01777,スポーツ,brand_04,傷や汚れあり,1,2026-01-07,492.0,147,11812
tr_01778,ファッション,brand_00,ほぼ新品,0,2026-01-27,420.0,441,4982
tr_01779,ファッション,brand_02,傷や汚れあり,0,2026-02-02,380.0,38,7871
tr_01780,家電,brand_13,傷や汚れあり,1,2026-02-07,526.0,88,23896
tr_01781,家電,brand_18,傷や汚れあり,1,2026-02-08,397.0,25,12845
tr_01782,ファッション,brand_03,傷や汚れあり,1,2026-04-29,197.0,100,2583
tr_01783,スポーツ,brand_05,ほぼ新品,0,2026-01-15,45.0,106,7433
tr_01784,スポーツ,brand_07,ほぼ新品,1,2026-01-14,429.0,74,26888
tr_01785,ファッション,brand_04,全体的に状態が悪い,0,2026-03-27,446.0,100,3811
tr_01786,ファッション,brand_01,全体的に状態が悪い,1,2026-01-09,239.0,47,7887
tr_01787,ホビー,brand_00,ほぼ新品,1,2026-04-04,232.0,63,9287
tr_01788,家電,,全体的に状態が悪い,0,2026-01-14,86.0,226,7273
tr_01789,家電,brand_18,傷や汚れあり,1,2026-01-11,274.0,131,7977
tr_01790,本・音楽,brand_17,新品,1,2026-03-21,562.0,164,3979
tr_01791,本・音楽,brand_13,ほぼ新品,1,2026-01-07,453.0,55,0
tr_01792,ファッション,brand_13,ほぼ新品,1,2026-02-07,21.0,3,3659
tr_01793,本・音楽,,全体的に状態が悪い,0,2026-03-19,233.0,286,738
tr_01794,家電,brand_11,ほぼ新品,1,2026-03-01,179.0,44,14852
tr_01795,家電,brand_01,傷や汚れあり,1,2026-04-07,274.0,79,11034
tr_01796,ファッション,brand_05,傷や汚れあり,0,2026-01-09,387.0,47,4333
tr_01797,ファッション,brand_11,新品,1,2026-03-29,95.0,53,4527
tr_01798,ホビー,brand_12,全体的に状態が悪い,0,2026-01-03,59.0,103,5358
tr_01799,ホビー,brand_05,全体的に状態が悪い,0,2026-03-07,530.0,296,3301
tr_01800,家電,brand_10,新品,1,2026-02-24,57.0,11,46579
tr_01801,スポーツ,brand_05,新品,0,2026-03-09,323.0,126,10424
tr_01802,家電,,新品,1,2026-01-02,210.0,28,25167
tr_01803,ファッション,brand_14,全体的に状態が悪い,1,2026-03-30,84.0,269,3757
tr_01804,ファッション,brand_03,ほぼ新品,1,2026-01-11,234.0,250,5914
tr_01805,ホビー,brand_06,新品,1,2026-02-02,,93,18147
tr_01806,ファッション,brand_09,全体的に状態が悪い,1,2026-03-09,433.0,118,6160
tr_01807,ホビー,brand_14,ほぼ新品,1,2026-02-24,214.0,40,7447
tr_01808,家電,brand_16,傷や汚れあり,1,2026-04-16,136.0,35,10757
tr_01809,ホビー,brand_06,ほぼ新品,1,2026-02-20,450.0,55,13173
tr_01810,ホビー,brand_00,ほぼ新品,0,2026-04-15,213.0,161,11490
tr_01811,ホビー,brand_19,ほぼ新品,0,2026-03-10,549.0,177,7441
tr_01812,家電,brand_07,新品,1,2026-04-07,511.0,118,0
tr_01813,ホビー,brand_04,新品,0,2026-04-07,351.0,191,13386
tr_01814,本・音楽,brand_16,傷や汚れあり,0,2026-02-26,587.0,112,1545
tr_01815,ファッション,brand_17,新品,1,2026-02-09,551.0,-1,10488
tr_01816,ファッション,,傷や汚れあり,0,2026-02-07,581.0,80,2766
tr_01817,ホビー,brand_00,新品,0,2026-03-06,199.0,198,4358
tr_01818,ファッション,brand_13,新品,0,2026-04-01,28.0,58,11405
tr_01819,本・音楽,,ほぼ新品,0,2026-02-08,100.0,104,2097
tr_01820,ホビー,brand_02,全体的に状態が悪い,1,2026-02-21,123.0,120,5775
tr_01821,本・音楽,brand_00,傷や汚れあり,0,2026-02-04,370.0,236,2246
tr_01822,ホビー,brand_15,全体的に状態が悪い,1,2026-03-17,513.0,133,4025
tr_01823,ホビー,brand_19,ほぼ新品,1,2026-04-21,186.0,97,14036
tr_01824,本・音楽,brand_02,傷や汚れあり,1,2026-03-16,473.0,111,984
tr_01825,ファッション,brand_07,ほぼ新品,1,2026-02-24,366.0,15,8698
tr_01826,家電,brand_09,ほぼ新品,1,2026-03-11,484.0,10,58209
tr_01827,本・音楽,brand_09,ほぼ新品,0,2026-02-09,245.0,173,2397
tr_01828,ファッション,brand_15,傷や汚れあり,1,2026-03-27,213.0,131,3742
tr_01829,家電,brand_00,全体的に状態が悪い,0,2026-03-29,347.0,168,11709
tr_01830,ホビー,brand_16,全体的に状態が悪い,0,2026-04-20,429.0,77,9392
tr_01831,ファッション,brand_15,傷や汚れあり,0,2026-01-23,28.0,56,4914
tr_01832,ホビー,brand_05,新品,1,2026-02-21,577.0,33,13718
tr_01833,ホビー,brand_10,傷や汚れあり,0,2026-04-22,441.0,30,14397
tr_01834,ホビー,brand_14,新品,0,2026-01-14,313.0,215,14566
tr_01835,本・音楽,,ほぼ新品,1,2026-03-17,470.0,56,2480
tr_01836,ファッション,brand_10,全体的に状態が悪い,0,2026-02-02,296.0,158,2537
tr_01837,家電,brand_19,新品,1,2026-03-11,489.0,29,52761
tr_01838,スポーツ,brand_02,傷や汚れあり,1,2026-02-19,377.0,80,12206
tr_01839,ホビー,brand_01,新品,1,2026-04-16,434.0,56,18488
tr_01840,本・音楽,,傷や汚れあり,1,2026-01-29,198.0,-1,800
tr_01841,家電,brand_19,全体的に状態が悪い,0,2026-01-19,241.0,32,21755
tr_01842,ファッション,brand_14,全体的に状態が悪い,1,2026-03-18,544.0,61,388100
tr_01843,家電,brand_19,ほぼ新品,0,2026-03-15,194.0,112,21108
tr_01844,ホビー,brand_05,傷や汚れあり,1,2026-04-14,407.0,50,7077
tr_01845,ファッション,brand_03,ほぼ新品,0,2026-03-22,75.0,58,3642
tr_01846,家電,brand_14,ほぼ新品,1,2026-02-05,489.0,47,29268
tr_01847,ファッション,brand_04,ほぼ新品,1,2026-02-04,572.0,202,9437
tr_01848,家電,brand_15,ほぼ新品,1,2026-03-09,331.0,54,17531
tr_01849,本・音楽,,新品,1,2026-04-25,55.0,129,8267
tr_01850,ホビー,brand_17,ほぼ新品,0,2026-03-31,447.0,82,10367
tr_01851,スポーツ,brand_06,ほぼ新品,1,2026-01-05,87.0,168,12652
tr_01852,家電,brand_10,新品,0,2026-03-13,98.0,54,19469
tr_01853,本・音楽,,傷や汚れあり,1,2026-04-21,539.0,103,1881
tr_01854,ファッション,brand_04,傷や汚れあり,0,2026-02-03,233.0,245,4879
tr_01855,家電,brand_06,傷や汚れあり,1,2026-01-20,27.0,135,17217
tr_01856,ファッション,brand_18,傷や汚れあり,1,2026-01-04,269.0,67,4399
tr_01857,スポーツ,brand_05,ほぼ新品,1,2026-02-11,570.0,148,10763
tr_01858,家電,brand_14,ほぼ新品,1,2026-02-14,540.0,74,25838
tr_01859,ホビー,brand_04,ほぼ新品,1,2026-04-07,47.0,169,10617
tr_01860,スポーツ,brand_08,傷や汚れあり,1,2026-01-12,101.0,96,17159
tr_01861,ファッション,brand_06,新品,1,2026-02-10,341.0,300,17015
tr_01862,ファッション,brand_18,全体的に状態が悪い,1,2026-03-07,170.0,46,2414
tr_01863,家電,brand_11,全体的に状態が悪い,0,2026-02-21,403.0,27,6000
tr_01864,本・音楽,brand_00,傷や汚れあり,0,2026-04-09,100.0,217,1564
tr_01865,本・音楽,brand_02,傷や汚れあり,0,2026-01-28,111.0,89,1310
tr_01866,本・音楽,,ほぼ新品,0,2026-03-25,395.0,94,4295
tr_01867,ファッション,brand_03,新品,0,2026-03-30,26.0,27,3460
tr_01868,ファッション,brand_16,ほぼ新品,0,2026-04-25,473.0,69,2421
tr_01869,ホビー,brand_09,全体的に状態が悪い,1,2026-02-02,383.0,52,6473
tr_01870,ファッション,brand_15,ほぼ新品,1,2026-04-21,431.0,122,4295
tr_01871,ファッション,brand_09,傷や汚れあり,0,2026-01-13,105.0,21,2052
tr_01872,ファッション,brand_07,傷や汚れあり,0,2026-04-06,,17,2455
tr_01873,ファッション,brand_03,傷や汚れあり,0,2026-04-14,208.0,83,2884
tr_01874,ホビー,brand_09,傷や汚れあり,0,2026-02-11,145.0,146,5085
tr_01875,ホビー,brand_07,ほぼ新品,1,2026-04-06,559.0,98,9500
tr_01876,ホビー,brand_02,新品,1,2026-02-21,213.0,100,11033
tr_01877,本・音楽,,ほぼ新品,1,2026-04-04,527.0,214,4488
tr_01878,本・音楽,,ほぼ新品,1,2026-03-28,519.0,-1,2486
tr_01879,ファッション,brand_06,傷や汚れあり,0,2026-02-10,581.0,15,2773
tr_01880,ファッション,brand_03,傷や汚れあり,1,2026-02-06,399.0,4,4603
tr_01881,家電,brand_06,全体的に状態が悪い,0,2026-01-28,231.0,198,8838
tr_01882,ファッション,brand_06,ほぼ新品,0,2026-03-30,117.0,99,7095
tr_01883,ファッション,brand_12,傷や汚れあり,1,2026-02-04,296.0,85,6580
tr_01884,ファッション,brand_06,全体的に状態が悪い,1,2026-04-13,129.0,35,4982
tr_01885,家電,brand_14,ほぼ新品,1,2026-01-08,597.0,29,33125
tr_01886,本・音楽,,新品,1,2026-01-04,188.0,110,3334
tr_01887,家電,brand_10,ほぼ新品,0,2026-01-20,369.0,97,25018
tr_01888,ホビー,brand_16,ほぼ新品,1,2026-02-13,587.0,191,19411
tr_01889,ファッション,brand_03,ほぼ新品,0,2026-01-05,367.0,180,12588
tr_01890,スポーツ,brand_04,ほぼ新品,0,2026-03-07,590.0,28,9662
tr_01891,ホビー,brand_03,全体的に状態が悪い,1,2026-02-10,590.0,25,6456
tr_01892,家電,,ほぼ新品,1,2026-02-20,173.0,80,35079
tr_01893,家電,brand_19,ほぼ新品,1,2026-03-05,172.0,210,19804
tr_01894,本・音楽,,ほぼ新品,0,2026-04-26,373.0,216,1638
tr_01895,ホビー,brand_01,全体的に状態が悪い,1,2026-01-30,538.0,167,4466
tr_01896,ホビー,brand_04,新品,0,2026-03-25,229.0,90,11391
tr_01897,ファッション,brand_08,ほぼ新品,0,2026-02-19,365.0,152,7528
tr_01898,家電,brand_18,傷や汚れあり,0,2026-04-27,,49,27047
tr_01899,家電,brand_06,新品,0,2026-01-24,243.0,90,16622
tr_01900,本・音楽,,ほぼ新品,1,2026-02-09,389.0,127,3559
tr_01901,ファッション,brand_01,ほぼ新品,1,2026-02-06,292.0,79,2453
tr_01902,家電,brand_18,傷や汚れあり,0,2026-04-14,379.0,98,23740
tr_01903,ファッション,brand_13,傷や汚れあり,1,2026-04-20,363.0,196,5679
tr_01904,家電,brand_06,ほぼ新品,1,2026-03-10,215.0,100,35774
tr_01905,ホビー,brand_03,新品,1,2026-02-21,65.0,60,12841
tr_01906,ホビー,brand_12,傷や汚れあり,0,2026-01-02,352.0,15,8380
tr_01907,ホビー,brand_04,新品,0,2026-03-28,362.0,136,12791
tr_01908,ファッション,brand_17,傷や汚れあり,1,2026-03-30,149.0,65,3986
tr_01909,家電,brand_16,全体的に状態が悪い,1,2026-01-28,231.0,162,12037
tr_01910,ホビー,brand_07,ほぼ新品,1,2026-04-20,142.0,197,9421
tr_01911,本・音楽,brand_06,傷や汚れあり,0,2026-01-16,155.0,25,1555
tr_01912,本・音楽,,ほぼ新品,1,2026-01-12,25.0,139,808
tr_01913,スポーツ,brand_10,ほぼ新品,1,2026-03-09,329.0,16,13188
tr_01914,家電,brand_13,傷や汚れあり,0,2026-02-01,211.0,366,32332
tr_01915,ファッション,brand_01,傷や汚れあり,1,2026-02-05,359.0,250,8492
tr_01916,ファッション,brand_04,ほぼ新品,0,2026-02-19,64.0,94,3534
tr_01917,ファッション,brand_01,ほぼ新品,0,2026-01-03,265.0,90,5802
tr_01918,家電,brand_06,ほぼ新品,1,2026-02-15,569.0,196,24118
tr_01919,本・音楽,,ほぼ新品,1,2026-01-17,361.0,201,2326
tr_01920,家電,brand_15,新品,1,2026-01-21,595.0,51,29440
tr_01921,家電,brand_05,新品,0,2026-03-07,66.0,98,28356
tr_01922,ホビー,brand_15,傷や汚れあり,0,2026-03-05,461.0,15,8176
tr_01923,家電,brand_18,ほぼ新品,0,2026-04-10,490.0,57,19004
tr_01924,ホビー,brand_09,全体的に状態が悪い,0,2026-01-31,579.0,36,3538
tr_01925,ファッション,brand_18,ほぼ新品,1,2026-03-27,31.0,57,4298
tr_01926,家電,brand_05,ほぼ新品,0,2026-02-06,23.0,47,23412
tr_01927,本・音楽,,ほぼ新品,0,2026-03-19,388.0,118,3335
tr_01928,家電,brand_16,傷や汚れあり,0,2026-01-23,327.0,119,0
tr_01929,本・音楽,brand_17,傷や汚れあり,1,2026-04-26,154.0,97,1769
tr_01930,スポーツ,brand_10,ほぼ新品,1,2026-03-26,213.0,12,9273
tr_01931,ファッション,,傷や汚れあり,0,2026-02-27,284.0,116,3669
tr_01932,ホビー,brand_10,ほぼ新品,1,2026-01-03,572.0,31,10368
tr_01933,スポーツ,brand_16,新品,1,2026-04-18,383.0,82,25800
tr_01934,ファッション,brand_02,ほぼ新品,1,2026-03-29,508.0,27,22016
tr_01935,スポーツ,brand_07,ほぼ新品,0,2026-02-16,142.0,57,10063
tr_01936,本・音楽,brand_13,傷や汚れあり,0,2026-01-22,188.0,100,0
tr_01937,ファッション,brand_04,ほぼ新品,0,2026-04-13,595.0,152,13661
tr_01938,ファッション,brand_16,新品,1,2026-01-09,326.0,79,5633
tr_01939,スポーツ,brand_13,傷や汚れあり,1,2026-01-21,320.0,27,5992
tr_01940,ファッション,brand_16,ほぼ新品,0,2026-02-03,481.0,147,4550
tr_01941,ファッション,brand_10,ほぼ新品,0,2026-04-19,66.0,87,5075
tr_01942,ファッション,brand_16,全体的に状態が悪い,1,2026-01-16,119.0,138,5617
tr_01943,ファッション,brand_04,ほぼ新品,1,2026-04-23,424.0,51,7641
tr_01944,家電,brand_17,傷や汚れあり,0,2026-04-25,582.0,134,16355
tr_01945,スポーツ,brand_09,傷や汚れあり,1,2026-04-02,,126,10477
tr_01946,家電,brand_11,新品,1,2026-04-05,67.0,144,30117
tr_01947,家電,brand_08,傷や汚れあり,1,2026-02-26,210.0,46,15931
tr_01948,スポーツ,,傷や汚れあり,1,2026-01-29,52.0,84,5086
tr_01949,ファッション,brand_12,傷や汚れあり,0,2026-02-20,129.0,458,3384
tr_01950,家電,brand_12,新品,1,2026-04-21,327.0,18,53822
tr_01951,スポーツ,brand_18,新品,1,2026-03-30,217.0,66,17902
tr_01952,ファッション,brand_15,全体的に状態が悪い,0,2026-03-22,453.0,173,6257
tr_01953,ホビー,brand_19,全体的に状態が悪い,1,2026-03-04,301.0,89,2609
tr_01954,ファッション,brand_04,全体的に状態が悪い,1,2026-01-10,354.0,111,2229
tr_01955,本・音楽,,ほぼ新品,1,2026-02-23,261.0,97,1691
tr_01956,本・音楽,brand_00,傷や汚れあり,0,2026-03-24,553.0,42,3432
tr_01957,ホビー,brand_02,新品,1,2026-02-21,213.0,100,11033
tr_01958,本・音楽,brand_00,傷や汚れあり,1,2026-04-06,507.0,244,1899
tr_01959,ファッション,brand_02,ほぼ新品,1,2026-03-06,242.0,143,4483
tr_01960,家電,brand_14,傷や汚れあり,0,2026-04-12,226.0,59,12615
tr_01961,家電,brand_02,傷や汚れあり,1,2026-04-29,588.0,81,20885
tr_01962,本・音楽,brand_03,傷や汚れあり,0,2026-01-28,372.0,124,2109
tr_01963,本・音楽,brand_00,傷や汚れあり,1,2026-04-16,181.0,95,1395
tr_01964,ホビー,brand_13,ほぼ新品,1,2026-03-20,498.0,208,6262
tr_01965,ファッション,brand_06,全体的に状態が悪い,0,2026-02-13,211.0,53,1940
tr_01966,ファッション,,ほぼ新品,1,2026-04-03,155.0,122,4955
tr_01967,家電,brand_19,全体的に状態が悪い,0,2026-03-10,169.0,44,12237
tr_01968,ファッション,brand_16,傷や汚れあり,0,2026-02-07,362.0,95,3658
tr_01969,スポーツ,brand_03,ほぼ新品,1,2026-02-06,21.0,83,8325
tr_01970,ファッション,brand_08,傷や汚れあり,0,2026-04-11,445.0,43,6609
tr_01971,ファッション,brand_16,ほぼ新品,1,2026-03-17,,107,4186
tr_01972,ホビー,brand_03,ほぼ新品,1,2026-04-22,199.0,108,5300
tr_01973,ホビー,brand_17,ほぼ新品,0,2026-02-17,90.0,276,5755
tr_01974,ファッション,brand_06,全体的に状態が悪い,1,2026-02-23,344.0,181,1856
tr_01975,ホビー,brand_03,傷や汚れあり,0,2026-02-22,52.0,204,9970
tr_01976,ホビー,brand_11,傷や汚れあり,1,2026-02-22,250.0,16,4007
tr_01977,スポーツ,,傷や汚れあり,1,2026-02-19,257.0,257,7799
tr_01978,本・音楽,,ほぼ新品,1,2026-02-07,260.0,103,4138
tr_01979,ファッション,brand_08,傷や汚れあり,1,2026-01-05,24.0,175,4474
tr_01980,家電,brand_09,ほぼ新品,0,2026-02-25,493.0,52,27086
tr_01981,家電,brand_15,傷や汚れあり,1,2026-03-24,146.0,151,0
tr_01982,ファッション,brand_05,傷や汚れあり,1,2026-02-28,110.0,109,5864
tr_01983,ホビー,brand_14,傷や汚れあり,1,2026-04-12,314.0,34,6433
tr_01984,ホビー,brand_18,全体的に状態が悪い,0,2026-03-01,212.0,115,4938
tr_01985,スポーツ,brand_04,全体的に状態が悪い,0,2026-02-13,157.0,43,5317
tr_01986,家電,brand_05,全体的に状態が悪い,0,2026-03-15,221.0,145,11524
tr_01987,ホビー,,ほぼ新品,1,2026-02-11,315.0,247,8607
tr_01988,ホビー,brand_15,新品,1,2026-01-30,302.0,80,22027
tr_01989,ファッション,brand_05,ほぼ新品,1,2026-01-18,350.0,51,2454
tr_01990,家電,brand_09,傷や汚れあり,1,2026-02-01,342.0,9,30647
tr_01991,本・音楽,brand_06,全体的に状態が悪い,1,2026-01-20,314.0,37,1328
tr_01992,家電,brand_05,全体的に状態が悪い,1,2026-02-22,389.0,129,6601
tr_01993,ホビー,brand_18,傷や汚れあり,1,2026-02-22,249.0,85,0
tr_01994,家電,brand_04,傷や汚れあり,1,2026-04-16,404.0,289,10897
tr_01995,ホビー,brand_09,傷や汚れあり,1,2026-03-11,393.0,238,5985
tr_01996,本・音楽,,傷や汚れあり,1,2026-01-31,255.0,91,1773
tr_01997,ホビー,brand_07,傷や汚れあり,1,2026-01-17,483.0,98,7965
tr_01998,スポーツ,brand_11,傷や汚れあり,1,2026-03-10,570.0,-1,9317
tr_01999,ファッション,brand_13,傷や汚れあり,1,2026-03-13,590.0,205,9272
tr_02000,ホビー,brand_15,傷や汚れあり,1,2026-04-20,372.0,378,9321
tr_02001,ファッション,brand_05,全体的に状態が悪い,0,2026-02-13,194.0,71,3323
tr_02002,ホビー,brand_02,ほぼ新品,1,2026-04-24,216.0,58,0
tr_02003,本・音楽,brand_04,傷や汚れあり,1,2026-01-22,98.0,86,1997
tr_02004,スポーツ,brand_12,傷や汚れあり,1,2026-01-31,67.0,41,5074
tr_02005,スポーツ,brand_00,新品,0,2026-02-22,460.0,34,15439
tr_02006,本・音楽,,傷や汚れあり,0,2026-02-24,558.0,34,1798
tr_02007,ホビー,brand_06,ほぼ新品,1,2026-01-10,464.0,37,11848
tr_02008,ホビー,brand_09,傷や汚れあり,1,2026-02-28,271.0,60,5325
tr_02009,ホビー,brand_16,新品,1,2026-01-11,73.0,104,12517
tr_02010,家電,brand_05,全体的に状態が悪い,1,2026-04-26,47.0,37,18331
tr_02011,ファッション,brand_18,傷や汚れあり,0,2026-01-04,277.0,135,3862
tr_02012,ホビー,brand_08,傷や汚れあり,1,2026-03-20,318.0,42,5292
tr_02013,本・音楽,,傷や汚れあり,0,2026-02-12,243.0,58,3453
tr_02014,ファッション,brand_16,全体的に状態が悪い,0,2026-04-25,262.0,56,966
tr_02015,スポーツ,brand_04,ほぼ新品,1,2026-02-18,113.0,150,7404
tr_02016,家電,brand_02,全体的に状態が悪い,0,2026-03-29,429.0,83,11993
tr_02017,ホビー,brand_19,全体的に状態が悪い,1,2026-04-10,,30,6056
tr_02018,ファッション,brand_04,ほぼ新品,1,2026-04-21,549.0,79,4222
tr_02019,家電,brand_14,ほぼ新品,0,2026-01-19,188.0,180,30011
tr_02020,家電,brand_06,ほぼ新品,1,2026-02-14,570.0,154,17531
tr_02021,家電,brand_19,新品,1,2026-01-02,559.0,152,17062
tr_02022,ホビー,brand_07,傷や汚れあり,1,2026-03-05,561.0,120,7509
tr_02023,ホビー,brand_17,全体的に状態が悪い,1,2026-04-09,429.0,55,4820
tr_02024,ファッション,brand_09,ほぼ新品,0,2026-04-05,246.0,23,8659
tr_02025,ホビー,brand_06,ほぼ新品,0,2026-02-23,593.0,70,12145
tr_02026,ファッション,brand_19,傷や汚れあり,1,2026-04-19,359.0,221,4178
tr_02027,ホビー,brand_09,ほぼ新品,0,2026-03-18,145.0,121,5613
tr_02028,家電,brand_02,新品,1,2026-01-05,166.0,17,44650
tr_02029,本・音楽,brand_04,新品,0,2026-01-06,390.0,376,1707
tr_02030,ファッション,brand_14,傷や汚れあり,1,2026-04-30,536.0,228,3897
tr_02031,ホビー,brand_07,傷や汚れあり,1,2026-04-12,231.0,338,7205
tr_02032,ファッション,brand_15,傷や汚れあり,0,2026-03-23,95.0,31,4524
tr_02033,スポーツ,brand_00,ほぼ新品,0,2026-04-07,463.0,156,6464
tr_02034,スポーツ,brand_00,ほぼ新品,1,2026-03-02,326.0,29,9239
tr_02035,ファッション,brand_03,新品,0,2026-03-27,592.0,48,8833
tr_02036,家電,brand_12,傷や汚れあり,1,2026-03-27,195.0,77,11788
tr_02037,本・音楽,brand_14,傷や汚れあり,1,2026-04-04,379.0,60,2446
tr_02038,スポーツ,,全体的に状態が悪い,1,2026-01-13,102.0,55,6364
tr_02039,ファッション,brand_16,新品,0,2026-03-09,467.0,105,6566
tr_02040,本・音楽,brand_13,傷や汚れあり,0,2026-04-09,117.0,92,868
tr_02041,スポーツ,brand_07,全体的に状態が悪い,0,2026-02-12,528.0,66,14440
tr_02042,スポーツ,brand_12,傷や汚れあり,1,2026-03-05,484.0,213,5665
tr_02043,スポーツ,brand_12,傷や汚れあり,0,2026-02-05,21.0,103,3665
tr_02044,ファッション,brand_03,新品,0,2026-02-04,208.0,61,7093
tr_02045,家電,brand_02,ほぼ新品,0,2026-02-28,526.0,41,21071
tr_02046,ホビー,brand_09,新品,0,2026-03-11,260.0,144,7125
tr_02047,ホビー,brand_10,全体的に状態が悪い,0,2026-02-19,330.0,285,3546
tr_02048,ファッション,brand_08,全体的に状態が悪い,0,2026-01-09,376.0,140,2309
tr_02049,ホビー,brand_04,全体的に状態が悪い,1,2026-03-03,82.0,130,6639
tr_02050,ファッション,brand_06,新品,0,2026-02-14,408.0,137,6901
tr_02051,スポーツ,brand_10,ほぼ新品,0,2026-03-20,488.0,142,10713
tr_02052,ファッション,brand_02,新品,0,2026-04-02,245.0,96,3259
tr_02053,ファッション,brand_17,傷や汚れあり,1,2026-04-28,170.0,37,1895
tr_02054,本・音楽,brand_18,ほぼ新品,0,2026-04-29,50.0,4,1114
tr_02055,本・音楽,,傷や汚れあり,0,2026-02-21,126.0,11,1193
tr_02056,本・音楽,brand_15,傷や汚れあり,0,2026-02-02,428.0,113,850
tr_02057,スポーツ,brand_14,傷や汚れあり,1,2026-03-14,454.0,47,10214
tr_02058,ホビー,brand_15,傷や汚れあり,0,2026-03-22,273.0,68,6263
tr_02059,ホビー,brand_19,ほぼ新品,1,2026-04-08,424.0,199,6648
tr_02060,ホビー,brand_15,ほぼ新品,0,2026-02-12,486.0,71,18012
tr_02061,ホビー,brand_02,ほぼ新品,1,2026-01-03,464.0,22,10545
tr_02062,本・音楽,brand_12,傷や汚れあり,0,2026-04-21,154.0,94,1447
tr_02063,スポーツ,brand_01,傷や汚れあり,1,2026-02-11,596.0,14,4738
tr_02064,ファッション,brand_08,新品,1,2026-01-07,,73,8161
tr_02065,スポーツ,brand_05,全体的に状態が悪い,0,2026-03-20,40.0,96,4023
tr_02066,本・音楽,,傷や汚れあり,1,2026-04-28,521.0,182,909
tr_02067,家電,brand_13,全体的に状態が悪い,1,2026-03-10,173.0,256,10522
tr_02068,家電,brand_14,ほぼ新品,1,2026-02-14,396.0,94,23976
tr_02069,スポーツ,brand_17,傷や汚れあり,1,2026-01-02,462.0,27,7121
tr_02070,ホビー,brand_18,傷や汚れあり,1,2026-04-11,209.0,290,3411
tr_02071,家電,brand_10,全体的に状態が悪い,0,2026-03-11,305.0,40,21901
tr_02072,家電,brand_02,ほぼ新品,1,2026-04-15,293.0,168,26411
tr_02073,ホビー,brand_14,全体的に状態が悪い,1,2026-03-18,132.0,131,3857
tr_02074,ホビー,brand_19,傷や汚れあり,0,2026-01-11,24.0,219,7396
tr_02075,家電,brand_14,ほぼ新品,0,2026-03-10,130.0,99,7361
tr_02076,ホビー,brand_08,傷や汚れあり,0,2026-01-19,341.0,135,10182
tr_02077,スポーツ,brand_06,新品,1,2026-02-18,458.0,140,15921
tr_02078,家電,brand_04,全体的に状態が悪い,0,2026-01-20,35.0,223,10147
tr_02079,家電,brand_12,新品,1,2026-03-27,353.0,68,44881
tr_02080,スポーツ,brand_13,ほぼ新品,1,2026-03-03,96.0,81,11493
tr_02081,家電,brand_15,ほぼ新品,1,2026-02-18,318.0,33,23574
tr_02082,家電,brand_10,全体的に状態が悪い,0,2026-04-08,66.0,137,6896
tr_02083,ホビー,brand_08,ほぼ新品,1,2026-02-21,446.0,79,5767
tr_02084,家電,brand_04,全体的に状態が悪い,1,2026-04-05,287.0,101,13147
tr_02085,スポーツ,brand_19,傷や汚れあり,1,2026-01-19,414.0,123,9617
tr_02086,スポーツ,brand_09,新品,1,2026-03-01,246.0,123,10432
tr_02087,ホビー,brand_11,ほぼ新品,0,2026-01-24,423.0,84,15676
tr_02088,本・音楽,brand_09,傷や汚れあり,1,2026-02-26,383.0,77,3316
tr_02089,ファッション,brand_10,傷や汚れあり,1,2026-01-02,464.0,232,6772
tr_02090,本・音楽,brand_17,新品,1,2026-04-07,128.0,7,5868
tr_02091,ホビー,brand_01,ほぼ新品,1,2026-03-10,415.0,14,9638
tr_02092,ファッション,brand_17,ほぼ新品,1,2026-02-21,155.0,109,8080
tr_02093,スポーツ,brand_12,新品,1,2026-03-28,96.0,24,17281
tr_02094,ファッション,brand_06,傷や汚れあり,0,2026-02-05,546.0,127,5365
tr_02095,ホビー,brand_11,ほぼ新品,0,2026-03-08,379.0,16,10985
tr_02096,本・音楽,,ほぼ新品,1,2026-04-04,573.0,350,2211
tr_02097,スポーツ,brand_11,新品,1,2026-01-07,247.0,43,27233
tr_02098,本・音楽,,新品,1,2026-02-15,504.0,136,3323
tr_02099,ホビー,brand_11,全体的に状態が悪い,0,2026-03-31,64.0,200,5004
tr_02100,スポーツ,brand_14,ほぼ新品,1,2026-02-25,386.0,50,9837
tr_02101,ファッション,brand_10,傷や汚れあり,1,2026-03-02,,41,3934
tr_02102,ファッション,brand_03,傷や汚れあり,1,2026-01-14,371.0,30,3085
tr_02103,家電,brand_08,ほぼ新品,1,2026-01-15,112.0,75,19649
tr_02104,家電,brand_04,傷や汚れあり,1,2026-02-08,365.0,27,28374
tr_02105,ファッション,brand_07,新品,1,2026-02-18,261.0,20,8023
tr_02106,ホビー,brand_16,ほぼ新品,1,2026-01-10,115.0,231,4539
tr_02107,ホビー,brand_10,新品,0,2026-04-29,204.0,96,16234
tr_02108,家電,brand_03,全体的に状態が悪い,1,2026-04-18,169.0,42,8776
tr_02109,スポーツ,brand_12,ほぼ新品,0,2026-03-01,310.0,46,5180
tr_02110,本・音楽,brand_16,ほぼ新品,1,2026-03-31,492.0,120,2750
tr_02111,スポーツ,brand_05,傷や汚れあり,0,2026-03-22,367.0,121,5617
tr_02112,ファッション,,傷や汚れあり,0,2026-02-20,79.0,35,1943
tr_02113,家電,brand_02,ほぼ新品,0,2026-02-22,476.0,82,17336
tr_02114,本・音楽,,傷や汚れあり,1,2026-01-30,451.0,164,1547
tr_02115,スポーツ,brand_04,傷や汚れあり,0,2026-03-21,148.0,109,5642
tr_02116,家電,brand_08,傷や汚れあり,1,2026-03-23,399.0,147,28155
tr_02117,スポーツ,brand_16,新品,1,2026-02-05,527.0,155,12047
tr_02118,ホビー,brand_03,傷や汚れあり,0,2026-02-02,457.0,19,9766
tr_02119,ファッション,brand_18,ほぼ新品,0,2026-01-25,576.0,113,10532
tr_02120,ファッション,brand_01,傷や汚れあり,0,2026-04-16,467.0,47,3503
tr_02121,ファッション,brand_08,全体的に状態が悪い,0,2026-03-15,543.0,176,3243
tr_02122,スポーツ,,傷や汚れあり,1,2026-04-17,,37,6502
tr_02123,ファッション,brand_19,傷や汚れあり,1,2026-03-13,327.0,23,3798
tr_02124,ファッション,brand_05,ほぼ新品,0,2026-01-30,520.0,-1,4362
tr_02125,家電,brand_17,ほぼ新品,1,2026-04-28,365.0,64,33024
tr_02126,ファッション,brand_12,傷や汚れあり,0,2026-03-13,179.0,135,5363
tr_02127,家電,brand_03,傷や汚れあり,0,2026-04-07,414.0,203,13701
tr_02128,ホビー,brand_19,新品,0,2026-03-06,385.0,99,15401
tr_02129,本・音楽,brand_08,傷や汚れあり,1,2026-03-10,217.0,49,1904
tr_02130,本・音楽,brand_17,傷や汚れあり,1,2026-04-21,230.0,191,810
tr_02131,本・音楽,,ほぼ新品,0,2026-04-08,393.0,13,1207
tr_02132,ファッション,brand_01,傷や汚れあり,1,2026-02-27,168.0,37,7586
tr_02133,本・音楽,,全体的に状態が悪い,0,2026-02-24,464.0,33,885
tr_02134,本・音楽,brand_00,新品,1,2026-02-11,356.0,137,3231
tr_02135,ファッション,brand_15,新品,0,2026-01-03,374.0,92,7020
tr_02136,ファッション,brand_17,ほぼ新品,1,2026-04-21,552.0,-1,10578
tr_02137,ファッション,brand_07,傷や汚れあり,0,2026-02-22,362.0,118,4370
tr_02138,ファッション,brand_07,傷や汚れあり,0,2026-03-25,284.0,232,5240
tr_02139,ファッション,brand_19,全体的に状態が悪い,0,2026-01-15,20.0,21,3948
tr_02140,スポーツ,brand_12,ほぼ新品,1,2026-02-08,440.0,29,9974
tr_02141,ファッション,brand_15,全体的に状態が悪い,0,2026-01-17,515.0,117,3812
tr_02142,ファッション,brand_03,全体的に状態が悪い,0,2026-04-26,265.0,41,2422
tr_02143,スポーツ,brand_03,傷や汚れあり,0,2026-04-25,224.0,71,9729
tr_02144,スポーツ,brand_18,全体的に状態が悪い,0,2026-01-07,418.0,41,3389
tr_02145,家電,brand_18,ほぼ新品,1,2026-01-07,114.0,20,16875
tr_02146,ファッション,brand_12,全体的に状態が悪い,1,2026-01-27,26.0,59,1962
tr_02147,ホビー,brand_18,新品,1,2026-02-03,314.0,116,12355
tr_02148,ファッション,brand_19,新品,1,2026-03-08,43.0,175,4195
tr_02149,ファッション,brand_02,傷や汚れあり,0,2026-02-08,200.0,81,2247
tr_02150,スポーツ,brand_05,傷や汚れあり,0,2026-04-27,488.0,229,7980
tr_02151,家電,brand_12,傷や汚れあり,1,2026-02-04,209.0,37,24388
tr_02152,家電,brand_18,傷や汚れあり,0,2026-01-08,61.0,87,20339
tr_02153,ファッション,brand_00,傷や汚れあり,1,2026-03-13,375.0,402,3088
tr_02154,本・音楽,brand_19,傷や汚れあり,0,2026-01-05,587.0,36,1084
tr_02155,ファッション,brand_14,傷や汚れあり,1,2026-04-16,216.0,245,3542
tr_02156,ホビー,brand_05,傷や汚れあり,0,2026-03-05,411.0,72,5618
tr_02157,ファッション,brand_11,傷や汚れあり,0,2026-04-27,325.0,61,1467
tr_02158,家電,brand_14,ほぼ新品,0,2026-02-07,495.0,97,25411
tr_02159,本・音楽,,全体的に状態が悪い,0,2026-02-10,387.0,183,1981
tr_02160,家電,brand_02,新品,1,2026-01-17,387.0,135,11057
tr_02161,ファッション,brand_14,ほぼ新品,0,2026-01-01,209.0,55,3349
tr_02162,ホビー,brand_01,傷や汚れあり,1,2026-03-06,194.0,87,13635
tr_02163,家電,brand_04,新品,0,2026-02-21,225.0,70,19801
tr_02164,ファッション,brand_00,新品,1,2026-04-12,260.0,53,11118
tr_02165,ホビー,brand_01,全体的に状態が悪い,0,2026-01-01,310.0,32,4028
tr_02166,スポーツ,brand_14,全体的に状態が悪い,0,2026-04-26,436.0,51,5954
tr_02167,ファッション,brand_12,ほぼ新品,0,2026-02-05,94.0,82,5592
tr_02168,本・音楽,brand_06,ほぼ新品,0,2026-02-18,88.0,107,980
tr_02169,本・音楽,,全体的に状態が悪い,1,2026-01-29,595.0,36,1112
tr_02170,スポーツ,brand_09,傷や汚れあり,1,2026-02-23,366.0,21,16409
tr_02171,ファッション,brand_04,全体的に状態が悪い,0,2026-03-22,357.0,65,2771
tr_02172,本・音楽,,傷や汚れあり,0,2026-02-21,105.0,85,1040
tr_02173,ファッション,brand_08,傷や汚れあり,0,2026-02-14,406.0,50,6913
tr_02174,ファッション,brand_08,傷や汚れあり,0,2026-01-10,,49,2609
tr_02175,ファッション,brand_03,ほぼ新品,1,2026-03-24,28.0,73,5182
tr_02176,ファッション,brand_00,新品,1,2026-02-27,475.0,43,10730
tr_02177,ファッション,brand_04,傷や汚れあり,0,2026-01-13,492.0,130,1829
tr_02178,スポーツ,brand_08,ほぼ新品,0,2026-02-19,26.0,53,4200
tr_02179,家電,brand_01,ほぼ新品,0,2026-02-06,475.0,145,0
tr_02180,家電,brand_18,傷や汚れあり,0,2026-01-17,464.0,30,31485
tr_02181,スポーツ,brand_19,全体的に状態が悪い,1,2026-02-05,418.0,72,19139
tr_02182,ホビー,brand_12,傷や汚れあり,1,2026-03-15,355.0,78,12469
tr_02183,ホビー,brand_15,傷や汚れあり,0,2026-02-22,192.0,291,9979
tr_02184,家電,brand_04,傷や汚れあり,1,2026-01-26,467.0,160,7258
tr_02185,スポーツ,brand_02,傷や汚れあり,0,2026-01-20,86.0,96,3095
tr_02186,家電,brand_19,ほぼ新品,1,2026-01-13,134.0,49,32575
tr_02187,ホビー,brand_10,新品,1,2026-03-28,390.0,35,17505
tr_02188,ファッション,brand_03,傷や汚れあり,0,2026-03-30,462.0,136,2397
tr_02189,本・音楽,,傷や汚れあり,1,2026-03-06,289.0,127,1198
tr_02190,スポーツ,brand_14,傷や汚れあり,0,2026-04-08,,159,6181
tr_02191,ホビー,,ほぼ新品,0,2026-01-02,106.0,183,5667
tr_02192,ホビー,brand_00,ほぼ新品,0,2026-02-11,98.0,70,6905
tr_02193,ファッション,brand_10,ほぼ新品,0,2026-01-12,223.0,111,8642
tr_02194,家電,brand_06,ほぼ新品,1,2026-04-08,450.0,79,19980
tr_02195,ホビー,brand_10,ほぼ新品,1,2026-04-29,439.0,108,10035
tr_02196,家電,brand_01,傷や汚れあり,1,2026-03-29,255.0,42,28410
tr_02197,家電,brand_03,傷や汚れあり,1,2026-04-26,437.0,109,9488
tr_02198,家電,brand_18,新品,0,2026-02-02,579.0,84,29726
tr_02199,スポーツ,brand_08,ほぼ新品,1,2026-04-05,186.0,118,6842
tr_02200,ファッション,brand_00,ほぼ新品,1,2026-04-09,,38,6198
tr_02201,ファッション,brand_11,傷や汚れあり,1,2026-01-06,83.0,48,3437
tr_02202,家電,brand_09,ほぼ新品,1,2026-04-20,23.0,119,15266
tr_02203,家電,brand_08,ほぼ新品,1,2026-03-28,265.0,212,20531
tr_02204,ホビー,brand_06,ほぼ新品,1,2026-03-21,449.0,85,8969
tr_02205,スポーツ,brand_10,傷や汚れあり,1,2026-01-20,85.0,87,10571
tr_02206,家電,brand_08,新品,1,2026-02-10,361.0,92,29457
tr_02207,ファッション,brand_13,傷や汚れあり,1,2026-02-23,65.0,40,2306
tr_02208,ファッション,brand_06,ほぼ新品,1,2026-04-02,540.0,105,7019
tr_02209,スポーツ,brand_01,ほぼ新品,1,2026-04-13,559.0,46,10478
tr_02210,ホビー,brand_17,新品,1,2026-04-23,240.0,196,13544
tr_02211,ファッション,brand_19,全体的に状態が悪い,1,2026-01-22,186.0,128,2565
tr_02212,本・音楽,,ほぼ新品,0,2026-04-04,143.0,57,1520
tr_02213,ファッション,brand_09,傷や汚れあり,1,2026-04-13,485.0,97,3365
tr_02214,スポーツ,brand_07,全体的に状態が悪い,1,2026-01-08,568.0,57,9358
tr_02215,ファッション,brand_00,傷や汚れあり,0,2026-03-12,313.0,23,3900
tr_02216,スポーツ,brand_08,新品,1,2026-01-12,561.0,48,12888
tr_02217,スポーツ,brand_05,新品,1,2026-02-09,269.0,36,12450
tr_02218,ファッション,brand_19,新品,0,2026-02-28,247.0,105,5568
tr_02219,家電,brand_13,全体的に状態が悪い,1,2026-01-24,46.0,113,12519
tr_02220,ファッション,brand_10,ほぼ新品,1,2026-01-18,456.0,183,7899
tr_02221,家電,brand_11,傷や汚れあり,0,2026-03-15,343.0,118,25158
tr_02222,ファッション,brand_04,全体的に状態が悪い,0,2026-01-16,454.0,11,2835
tr_02223,家電,brand_08,ほぼ新品,1,2026-02-05,167.0,85,28008
tr_02224,ファッション,brand_16,ほぼ新品,0,2026-04-04,89.0,82,4242
tr_02225,ホビー,brand_03,ほぼ新品,1,2026-02-08,34.0,59,7092
tr_02226,ホビー,brand_00,ほぼ新品,1,2026-01-22,182.0,97,9628
tr_02227,家電,brand_04,傷や汚れあり,0,2026-03-23,412.0,96,27229
tr_02228,ファッション,brand_15,全体的に状態が悪い,1,2026-02-17,554.0,38,6644
tr_02229,本・音楽,brand_15,ほぼ新品,1,2026-01-17,431.0,146,2538
tr_02230,ホビー,brand_13,全体的に状態が悪い,1,2026-01-25,502.0,90,7206
tr_02231,ホビー,,ほぼ新品,1,2026-03-19,140.0,83,10365
tr_02232,家電,brand_15,新品,1,2026-03-23,436.0,20,30930
tr_02233,スポーツ,brand_15,傷や汚れあり,0,2026-04-29,294.0,9,5487
tr_02234,家電,brand_01,傷や汚れあり,0,2026-03-21,315.0,182,21142
tr_02235,ホビー,brand_10,傷や汚れあり,0,2026-03-15,138.0,72,2850
tr_02236,スポーツ,brand_02,傷や汚れあり,0,2026-04-23,498.0,45,7457
tr_02237,ホビー,brand_00,ほぼ新品,0,2026-04-03,180.0,82,5847
tr_02238,ホビー,brand_16,全体的に状態が悪い,0,2026-02-23,512.0,74,3712
tr_02239,ファッション,brand_04,ほぼ新品,0,2026-01-28,276.0,40,6101
tr_02240,ファッション,brand_09,傷や汚れあり,1,2026-01-06,403.0,199,2448
tr_02241,ホビー,brand_04,ほぼ新品,1,2026-02-03,284.0,213,8011
tr_02242,ファッション,brand_16,新品,1,2026-01-18,277.0,-1,0
tr_02243,家電,brand_03,全体的に状態が悪い,0,2026-02-04,268.0,53,18076
tr_02244,ホビー,brand_05,ほぼ新品,0,2026-01-11,304.0,30,11910
tr_02245,家電,,ほぼ新品,1,2026-03-08,125.0,10,29022
tr_02246,本・音楽,brand_06,全体的に状態が悪い,1,2026-03-24,233.0,156,987
tr_02247,本・音楽,brand_02,傷や汚れあり,1,2026-01-12,236.0,161,1981
tr_02248,ホビー,brand_09,ほぼ新品,0,2026-02-07,439.0,65,7397
tr_02249,スポーツ,brand_17,傷や汚れあり,0,2026-01-27,140.0,72,5006
tr_02250,ファッション,,傷や汚れあり,1,2026-03-24,241.0,10,2573
tr_02251,ファッション,,ほぼ新品,1,2026-01-06,424.0,187,7886
tr_02252,スポーツ,brand_12,ほぼ新品,0,2026-03-14,143.0,6,6332
tr_02253,家電,brand_19,ほぼ新品,1,2026-03-30,575.0,45,33403
tr_02254,ファッション,brand_13,全体的に状態が悪い,0,2026-01-26,185.0,153,1910
tr_02255,ホビー,brand_00,ほぼ新品,0,2026-01-26,413.0,25,7912
tr_02256,スポーツ,brand_05,傷や汚れあり,0,2026-02-26,,12,13221
tr_02257,本・音楽,,傷や汚れあり,1,2026-01-19,331.0,346,1636
tr_02258,ファッション,brand_10,ほぼ新品,0,2026-03-19,91.0,95,5241
tr_02259,スポーツ,brand_04,ほぼ新品,1,2026-02-19,193.0,166,9483
tr_02260,スポーツ,brand_02,傷や汚れあり,0,2026-03-26,422.0,62,4385
tr_02261,スポーツ,brand_02,全体的に状態が悪い,1,2026-03-01,177.0,49,10144
tr_02262,スポーツ,brand_08,新品,1,2026-03-21,303.0,58,13339
tr_02263,本・音楽,,全体的に状態が悪い,0,2026-04-12,104.0,272,1204
tr_02264,ホビー,brand_11,新品,0,2026-01-12,324.0,88,13811
tr_02265,ホビー,brand_07,全体的に状態が悪い,0,2026-01-07,352.0,52,3387
tr_02266,スポーツ,brand_05,新品,1,2026-02-16,263.0,139,6390
tr_02267,家電,brand_19,新品,0,2026-01-12,222.0,53,62189
tr_02268,ファッション,brand_00,ほぼ新品,1,2026-01-18,32.0,260,5382
tr_02269,家電,brand_09,ほぼ新品,1,2026-04-09,228.0,44,22012
tr_02270,スポーツ,brand_15,傷や汚れあり,0,2026-03-06,30.0,27,2880
tr_02271,ファッション,brand_00,傷や汚れあり,0,2026-04-16,125.0,30,3021
tr_02272,ファッション,brand_19,傷や汚れあり,0,2026-04-24,,71,5024
tr_02273,本・音楽,,傷や汚れあり,1,2026-01-13,432.0,122,1474
tr_02274,ファッション,brand_14,新品,0,2026-04-04,453.0,265,11330
tr_02275,ホビー,brand_07,傷や汚れあり,1,2026-02-28,34.0,62,7869
tr_02276,ファッション,brand_04,傷や汚れあり,1,2026-01-04,266.0,25,6349
tr_02277,ファッション,brand_09,新品,1,2026-01-12,46.0,120,9877
tr_02278,ファッション,,ほぼ新品,0,2026-01-15,137.0,74,3021
tr_02279,家電,brand_16,全体的に状態が悪い,1,2026-02-16,486.0,59,15212
tr_02280,ホビー,brand_18,ほぼ新品,1,2026-03-01,419.0,74,7058
tr_02281,ファッション,brand_10,傷や汚れあり,1,2026-04-19,436.0,33,8581
tr_02282,ファッション,brand_02,傷や汚れあり,1,2026-02-25,215.0,99,5886
tr_02283,家電,brand_19,ほぼ新品,0,2026-02-27,357.0,21,27722
tr_02284,家電,brand_01,傷や汚れあり,1,2026-01-07,21.0,55,17056
tr_02285,スポーツ,brand_07,ほぼ新品,0,2026-02-24,462.0,194,9830
tr_02286,ファッション,brand_11,傷や汚れあり,1,2026-01-01,221.0,131,5289
tr_02287,本・音楽,brand_00,ほぼ新品,1,2026-01-07,,111,1848
tr_02288,家電,brand_17,傷や汚れあり,1,2026-02-24,464.0,52,13629
tr_02289,家電,,ほぼ新品,0,2026-04-30,316.0,19,18990
tr_02290,スポーツ,brand_17,傷や汚れあり,0,2026-02-18,314.0,115,413800
tr_02291,家電,brand_13,ほぼ新品,0,2026-04-20,228.0,54,22094
tr_02292,ホビー,brand_00,ほぼ新品,1,2026-01-17,122.0,109,11225
tr_02293,スポーツ,brand_16,ほぼ新品,1,2026-02-24,59.0,51,7003
tr_02294,家電,,全体的に状態が悪い,0,2026-01-23,422.0,101,10868
tr_02295,家電,brand_12,傷や汚れあり,0,2026-04-03,544.0,2,18265
tr_02296,スポーツ,brand_05,ほぼ新品,0,2026-04-09,406.0,10,7201
tr_02297,本・音楽,brand_19,全体的に状態が悪い,1,2026-01-01,509.0,133,1670
tr_02298,本・音楽,,傷や汚れあり,0,2026-02-08,127.0,48,670
tr_02299,ホビー,brand_05,ほぼ新品,0,2026-02-18,179.0,120,7819
tr_02300,ファッション,brand_01,傷や汚れあり,1,2026-03-29,169.0,198,4458
tr_02301,ファッション,brand_01,傷や汚れあり,0,2026-04-08,233.0,43,7158
tr_02302,ホビー,brand_07,傷や汚れあり,1,2026-04-28,528.0,130,5307
tr_02303,ホビー,brand_07,ほぼ新品,1,2026-01-17,268.0,84,12856
tr_02304,家電,brand_09,全体的に状態が悪い,1,2026-02-09,498.0,21,44114
tr_02305,ホビー,brand_01,ほぼ新品,1,2026-02-24,386.0,13,9213
tr_02306,ファッション,brand_06,ほぼ新品,1,2026-04-12,138.0,104,12353
tr_02307,スポーツ,,ほぼ新品,0,2026-04-16,101.0,92,6354
tr_02308,家電,brand_08,全体的に状態が悪い,1,2026-04-08,339.0,68,11886
tr_02309,ホビー,brand_04,新品,1,2026-02-21,162.0,110,12982
tr_02310,家電,brand_00,新品,1,2026-01-01,64.0,55,11207
tr_02311,ファッション,brand_03,新品,0,2026-01-25,84.0,86,5638
tr_02312,家電,brand_17,ほぼ新品,1,2026-04-30,176.0,15,15657
tr_02313,スポーツ,brand_09,傷や汚れあり,1,2026-01-27,358.0,44,6635
tr_02314,ホビー,brand_15,ほぼ新品,1,2026-04-04,477.0,42,12312
tr_02315,ファッション,brand_13,傷や汚れあり,1,2026-02-02,403.0,18,6992
tr_02316,家電,brand_05,傷や汚れあり,0,2026-03-29,398.0,9,20956
tr_02317,ファッション,brand_06,ほぼ新品,1,2026-03-20,84.0,31,6664
tr_02318,スポーツ,brand_10,全体的に状態が悪い,0,2026-04-27,55.0,112,3823
tr_02319,ホビー,brand_11,傷や汚れあり,0,2026-04-09,,47,5220
tr_02320,家電,brand_04,全体的に状態が悪い,1,2026-04-13,280.0,56,14462
tr_02321,スポーツ,,ほぼ新品,0,2026-01-31,584.0,42,8770
tr_02322,ファッション,brand_04,新品,0,2026-01-28,399.0,37,5886
tr_02323,ファッション,brand_02,全体的に状態が悪い,1,2026-01-25,337.0,191,251900
tr_02324,家電,brand_00,傷や汚れあり,1,2026-03-29,421.0,45,24374
tr_02325,家電,brand_10,ほぼ新品,0,2026-01-24,340.0,9,30115
tr_02326,ファッション,brand_11,新品,0,2026-04-10,278.0,51,10554
tr_02327,家電,brand_01,ほぼ新品,1,2026-01-03,206.0,55,54926
tr_02328,ホビー,brand_13,ほぼ新品,1,2026-02-25,527.0,20,12306
tr_02329,ファッション,brand_17,新品,0,2026-04-30,216.0,77,7935
tr_02330,本・音楽,brand_01,ほぼ新品,1,2026-04-26,300.0,73,1977
tr_02331,スポーツ,brand_17,ほぼ新品,1,2026-04-23,573.0,84,8131
tr_02332,家電,brand_17,傷や汚れあり,0,2026-01-27,121.0,29,24467
tr_02333,ホビー,,ほぼ新品,0,2026-01-21,,21,4352
tr_02334,ファッション,brand_16,ほぼ新品,0,2026-02-27,70.0,90,11333
tr_02335,家電,brand_17,新品,1,2026-02-26,198.0,16,21257
tr_02336,ファッション,brand_01,全体的に状態が悪い,1,2026-04-16,328.0,64,3154
tr_02337,スポーツ,brand_05,新品,1,2026-04-18,156.0,198,8686
tr_02338,ファッション,brand_07,傷や汚れあり,1,2026-04-12,47.0,25,4045
tr_02339,ホビー,brand_17,新品,1,2026-01-08,131.0,228,8676
tr_02340,ファッション,brand_04,傷や汚れあり,0,2026-02-01,107.0,113,5172
tr_02341,スポーツ,,傷や汚れあり,1,2026-04-26,397.0,17,6994
tr_02342,ホビー,brand_19,傷や汚れあり,0,2026-04-18,200.0,140,4866
tr_02343,ファッション,brand_04,傷や汚れあり,0,2026-01-30,83.0,36,2933
tr_02344,スポーツ,brand_06,傷や汚れあり,1,2026-01-27,390.0,148,8376
tr_02345,ファッション,brand_03,ほぼ新品,1,2026-02-15,81.0,157,4112
tr_02346,ファッション,brand_07,ほぼ新品,1,2026-04-24,547.0,50,8004
tr_02347,ホビー,,傷や汚れあり,1,2026-03-20,247.0,34,3995
tr_02348,ホビー,brand_10,傷や汚れあり,1,2026-03-28,572.0,118,8130
tr_02349,ファッション,brand_03,傷や汚れあり,1,2026-03-22,487.0,262,4744
tr_02350,家電,brand_15,全体的に状態が悪い,1,2026-03-05,450.0,105,18887
tr_02351,ホビー,brand_19,ほぼ新品,0,2026-02-26,506.0,73,6460
tr_02352,本・音楽,,ほぼ新品,1,2026-03-03,467.0,70,5258
tr_02353,ホビー,brand_04,全体的に状態が悪い,1,2026-01-04,555.0,94,3337
tr_02354,ファッション,brand_09,傷や汚れあり,1,2026-04-22,113.0,41,3314
tr_02355,ファッション,brand_09,ほぼ新品,0,2026-01-22,165.0,97,3672
tr_02356,家電,brand_05,全体的に状態が悪い,1,2026-04-21,550.0,16,31592
tr_02357,スポーツ,brand_19,傷や汚れあり,1,2026-04-01,384.0,30,6719
tr_02358,ホビー,brand_04,ほぼ新品,1,2026-03-12,496.0,189,12512
tr_02359,ホビー,brand_09,ほぼ新品,1,2026-03-22,446.0,56,11979
tr_02360,ファッション,brand_17,ほぼ新品,1,2026-01-21,293.0,73,5470
tr_02361,ホビー,brand_03,傷や汚れあり,1,2026-01-01,470.0,15,9534
tr_02362,ホビー,brand_03,傷や汚れあり,1,2026-03-11,52.0,115,2380
tr_02363,ホビー,brand_19,全体的に状態が悪い,1,2026-04-13,43.0,80,10335
tr_02364,ファッション,brand_08,傷や汚れあり,1,2026-04-11,152.0,79,3542
tr_02365,ホビー,brand_18,傷や汚れあり,1,2026-01-26,530.0,55,8277
tr_02366,本・音楽,,傷や汚れあり,1,2026-03-15,98.0,66,1182
tr_02367,スポーツ,brand_00,傷や汚れあり,0,2026-02-03,304.0,56,4718
tr_02368,家電,brand_02,傷や汚れあり,1,2026-01-27,290.0,63,21413
tr_02369,ホビー,brand_04,傷や汚れあり,1,2026-01-22,311.0,64,4770
tr_02370,本・音楽,,新品,1,2026-03-08,,23,2051
tr_02371,家電,brand_06,新品,1,2026-02-23,400.0,149,23532
tr_02372,ファッション,brand_12,ほぼ新品,0,2026-04-05,208.0,152,7377
tr_02373,ホビー,brand_19,全体的に状態が悪い,1,2026-03-15,82.0,124,5129
tr_02374,スポーツ,brand_09,傷や汚れあり,1,2026-04-04,331.0,67,3687
tr_02375,スポーツ,brand_01,傷や汚れあり,0,2026-01-02,26.0,464,8557
tr_02376,ホビー,brand_07,新品,0,2026-02-04,118.0,31,5388
tr_02377,ファッション,brand_05,全体的に状態が悪い,1,2026-02-21,322.0,122,3915
tr_02378,ホビー,brand_00,ほぼ新品,0,2026-04-05,537.0,26,13641
tr_02379,本・音楽,brand_18,ほぼ新品,1,2026-01-03,,96,1501
tr_02380,家電,brand_15,新品,0,2026-03-08,298.0,60,57809
tr_02381,ファッション,brand_06,ほぼ新品,1,2026-02-25,393.0,24,6968
tr_02382,スポーツ,brand_16,ほぼ新品,1,2026-04-10,578.0,14,11523
tr_02383,家電,brand_04,全体的に状態が悪い,1,2026-02-10,464.0,107,20236
tr_02384,家電,brand_15,全体的に状態が悪い,0,2026-01-28,88.0,155,5070
tr_02385,スポーツ,brand_10,ほぼ新品,0,2026-03-13,220.0,218,6104
tr_02386,家電,brand_09,傷や汚れあり,1,2026-03-31,324.0,21,15133
tr_02387,ホビー,brand_05,ほぼ新品,0,2026-04-04,155.0,17,11839
tr_02388,本・音楽,brand_05,全体的に状態が悪い,1,2026-03-10,45.0,13,1375
tr_02389,本・音楽,,ほぼ新品,0,2026-04-27,301.0,10,1462
tr_02390,家電,brand_05,ほぼ新品,0,2026-04-16,359.0,76,34453
tr_02391,ファッション,brand_18,新品,1,2026-01-18,452.0,207,5416
tr_02392,家電,brand_10,ほぼ新品,0,2026-04-28,319.0,31,30874
tr_02393,本・音楽,,傷や汚れあり,0,2026-03-19,486.0,69,2808
tr_02394,ファッション,brand_10,ほぼ新品,1,2026-01-16,101.0,34,2908
tr_02395,家電,brand_05,全体的に状態が悪い,1,2026-03-14,571.0,117,16952
tr_02396,家電,brand_01,ほぼ新品,1,2026-01-11,309.0,58,38065
tr_02397,家電,brand_00,傷や汚れあり,1,2026-04-18,69.0,41,6449
tr_02398,スポーツ,brand_08,ほぼ新品,1,2026-03-25,576.0,47,16296
tr_02399,スポーツ,brand_04,全体的に状態が悪い,1,2026-03-07,79.0,83,7636
tr_02400,スポーツ,brand_16,傷や汚れあり,0,2026-01-06,202.0,121,5695
tr_02401,スポーツ,brand_11,傷や汚れあり,1,2026-01-04,228.0,52,7500
tr_02402,家電,brand_12,傷や汚れあり,1,2026-04-19,299.0,22,23121
tr_02403,ファッション,brand_14,傷や汚れあり,1,2026-04-19,298.0,76,5105
tr_02404,家電,brand_08,ほぼ新品,1,2026-04-11,134.0,65,12852
tr_02405,スポーツ,brand_08,ほぼ新品,1,2026-02-17,244.0,59,17326
tr_02406,ファッション,brand_12,傷や汚れあり,0,2026-03-26,166.0,148,6862
tr_02407,ホビー,brand_08,傷や汚れあり,1,2026-04-29,598.0,94,12840
tr_02408,ファッション,brand_19,傷や汚れあり,1,2026-04-20,,130,6313
tr_02409,ホビー,brand_12,傷や汚れあり,1,2026-04-21,204.0,52,3647
tr_02410,家電,brand_00,ほぼ新品,1,2026-01-09,589.0,146,22295
tr_02411,本・音楽,,傷や汚れあり,0,2026-03-28,66.0,137,1087
tr_02412,ホビー,brand_17,全体的に状態が悪い,1,2026-02-15,189.0,53,2863
tr_02413,ファッション,,ほぼ新品,1,2026-03-13,138.0,79,3214
tr_02414,ホビー,brand_11,新品,0,2026-01-08,41.0,40,10749
tr_02415,ホビー,brand_17,新品,1,2026-01-09,473.0,16,10747
tr_02416,家電,brand_11,全体的に状態が悪い,0,2026-03-29,73.0,-1,13638
tr_02417,スポーツ,brand_11,ほぼ新品,1,2026-02-14,469.0,93,17864
tr_02418,ファッション,brand_11,傷や汚れあり,0,2026-02-18,423.0,53,5804
tr_02419,本・音楽,brand_06,新品,1,2026-02-01,204.0,47,2366
tr_02420,ファッション,brand_18,全体的に状態が悪い,0,2026-04-01,94.0,142,2722
tr_02421,家電,brand_06,傷や汚れあり,1,2026-03-18,,55,9977
tr_02422,本・音楽,brand_13,新品,1,2026-02-26,34.0,39,2386
tr_02423,ホビー,brand_01,傷や汚れあり,1,2026-03-04,314.0,58,6043
tr_02424,スポーツ,brand_00,新品,0,2026-01-19,92.0,53,14155
tr_02425,スポーツ,brand_09,全体的に状態が悪い,1,2026-02-11,,86,4236
tr_02426,家電,brand_08,新品,1,2026-02-23,108.0,93,41756
tr_02427,ホビー,brand_12,傷や汚れあり,0,2026-02-14,440.0,224,2536
tr_02428,ファッション,brand_10,傷や汚れあり,0,2026-01-17,221.0,-1,3163
tr_02429,家電,brand_19,新品,0,2026-04-12,221.0,65,24446
tr_02430,ファッション,brand_02,新品,1,2026-03-30,453.0,193,7727
tr_02431,本・音楽,brand_19,傷や汚れあり,0,2026-03-27,80.0,517,1894
tr_02432,家電,brand_08,傷や汚れあり,0,2026-03-02,423.0,75,17272
tr_02433,スポーツ,brand_18,全体的に状態が悪い,1,2026-04-14,297.0,143,4811
tr_02434,ファッション,brand_08,傷や汚れあり,1,2026-01-14,355.0,66,8589
tr_02435,本・音楽,,傷や汚れあり,0,2026-01-01,204.0,139,855
tr_02436,家電,brand_07,ほぼ新品,1,2026-03-28,152.0,39,31810
tr_02437,ホビー,brand_19,ほぼ新品,0,2026-03-30,267.0,80,11150
tr_02438,ファッション,brand_04,ほぼ新品,1,2026-01-28,595.0,122,8016
tr_02439,家電,brand_16,ほぼ新品,0,2026-03-19,561.0,43,23349
tr_02440,ホビー,brand_01,傷や汚れあり,0,2026-03-01,563.0,96,8413
tr_02441,ファッション,brand_14,ほぼ新品,1,2026-02-07,352.0,121,6973
tr_02442,ファッション,brand_00,ほぼ新品,0,2026-01-23,238.0,73,6582
tr_02443,ファッション,brand_12,傷や汚れあり,0,2026-02-20,146.0,108,3888
tr_02444,ファッション,brand_17,傷や汚れあり,1,2026-03-01,102.0,104,3967
tr_02445,ホビー,brand_09,ほぼ新品,0,2026-01-19,316.0,398,7410
tr_02446,家電,brand_09,傷や汚れあり,0,2026-02-05,554.0,95,17964
tr_02447,ホビー,brand_10,傷や汚れあり,0,2026-01-17,531.0,31,4419
tr_02448,ホビー,brand_11,ほぼ新品,1,2026-02-26,397.0,65,3141
tr_02449,本・音楽,brand_11,ほぼ新品,0,2026-04-07,193.0,218,1480
tr_02450,ホビー,brand_02,全体的に状態が悪い,0,2026-02-18,125.0,206,6363
tr_02451,家電,brand_06,ほぼ新品,1,2026-04-10,353.0,13,24164
tr_02452,スポーツ,brand_14,ほぼ新品,1,2026-01-02,323.0,102,9300
tr_02453,スポーツ,brand_18,新品,0,2026-04-26,514.0,93,15196
tr_02454,家電,brand_11,ほぼ新品,1,2026-02-10,259.0,120,15460
tr_02455,ファッション,brand_16,傷や汚れあり,1,2026-01-21,580.0,54,4641
tr_02456,ファッション,brand_12,傷や汚れあり,0,2026-03-02,207.0,167,3237
tr_02457,家電,brand_07,傷や汚れあり,0,2026-03-29,301.0,74,11159
tr_02458,ファッション,,新品,0,2026-03-03,304.0,82,5097
tr_02459,家電,,ほぼ新品,0,2026-01-17,124.0,33,22097
tr_02460,家電,,ほぼ新品,1,2026-01-14,564.0,51,20971
tr_02461,ホビー,brand_16,ほぼ新品,1,2026-04-23,112.0,74,16127
tr_02462,ホビー,brand_17,傷や汚れあり,1,2026-04-21,537.0,151,10423
tr_02463,ホビー,brand_08,傷や汚れあり,1,2026-02-25,166.0,21,8336
tr_02464,本・音楽,brand_03,ほぼ新品,1,2026-01-19,547.0,30,4560
tr_02465,スポーツ,brand_07,全体的に状態が悪い,1,2026-03-06,302.0,76,3578
tr_02466,ホビー,brand_12,ほぼ新品,0,2026-02-12,343.0,71,4857
tr_02467,スポーツ,brand_10,傷や汚れあり,1,2026-03-30,390.0,38,5230
tr_02468,ファッション,brand_02,傷や汚れあり,1,2026-03-27,567.0,135,3767
tr_02469,スポーツ,brand_13,傷や汚れあり,0,2026-04-18,571.0,39,11309
tr_02470,ファッション,,ほぼ新品,0,2026-04-05,196.0,121,5205
tr_02471,ホビー,brand_08,ほぼ新品,1,2026-02-21,446.0,79,5767
tr_02472,スポーツ,brand_07,全体的に状態が悪い,0,2026-03-02,,239,3280
tr_02473,家電,brand_11,新品,1,2026-03-26,148.0,8,20159
tr_02474,スポーツ,brand_18,ほぼ新品,0,2026-02-23,333.0,38,8559
tr_02475,家電,brand_00,ほぼ新品,1,2026-03-09,360.0,63,37774
tr_02476,家電,,新品,0,2026-03-25,328.0,56,29401
tr_02477,本・音楽,brand_02,新品,1,2026-03-16,47.0,291,3276
tr_02478,ファッション,brand_09,ほぼ新品,1,2026-04-03,328.0,221,5430
tr_02479,スポーツ,brand_11,新品,0,2026-01-26,434.0,-1,29497
tr_02480,本・音楽,brand_01,新品,0,2026-01-17,440.0,101,1782
tr_02481,ファッション,brand_10,新品,1,2026-03-21,328.0,190,6631
tr_02482,スポーツ,brand_08,傷や汚れあり,1,2026-02-10,361.0,60,12123
tr_02483,ファッション,brand_09,傷や汚れあり,1,2026-03-27,157.0,242,2859
tr_02484,ファッション,brand_09,ほぼ新品,1,2026-02-02,209.0,71,6418
tr_02485,ファッション,brand_07,ほぼ新品,1,2026-04-28,571.0,76,9369
tr_02486,ファッション,brand_01,傷や汚れあり,0,2026-03-10,44.0,29,2321
tr_02487,家電,brand_09,ほぼ新品,1,2026-04-05,323.0,59,22752
tr_02488,ファッション,brand_13,全体的に状態が悪い,1,2026-04-28,234.0,47,3904
tr_02489,ホビー,brand_14,傷や汚れあり,0,2026-04-26,421.0,151,6718
tr_02490,スポーツ,brand_14,ほぼ新品,1,2026-02-14,426.0,76,11383
tr_02491,スポーツ,,傷や汚れあり,1,2026-01-05,112.0,22,5081
tr_02492,ホビー,brand_08,傷や汚れあり,0,2026-04-12,590.0,204,2993
tr_02493,ファッション,brand_07,傷や汚れあり,1,2026-04-18,440.0,171,1420
tr_02494,スポーツ,brand_15,ほぼ新品,1,2026-03-03,405.0,12,11998
tr_02495,ファッション,brand_10,ほぼ新品,1,2026-03-23,235.0,56,4406
tr_02496,ホビー,brand_18,全体的に状態が悪い,1,2026-01-10,517.0,60,4007
tr_02497,ホビー,brand_08,全体的に状態が悪い,0,2026-01-07,538.0,132,6796
tr_02498,スポーツ,brand_13,傷や汚れあり,1,2026-01-05,435.0,37,6215
tr_02499,家電,brand_11,新品,0,2026-03-15,568.0,35,38929
tr_02500,スポーツ,brand_18,ほぼ新品,1,2026-02-15,217.0,98,7121
tr_02501,家電,brand_03,ほぼ新品,1,2026-01-28,142.0,166,18296
tr_02502,ホビー,brand_13,ほぼ新品,0,2026-02-05,534.0,87,9477
tr_02503,ホビー,brand_19,傷や汚れあり,1,2026-01-29,122.0,36,9379
tr_02504,ホビー,brand_19,新品,0,2026-04-04,565.0,95,5289
tr_02505,ホビー,brand_15,全体的に状態が悪い,1,2026-03-04,426.0,69,4130
tr_02506,家電,brand_03,ほぼ新品,1,2026-04-17,593.0,310,14141
tr_02507,ホビー,brand_12,傷や汚れあり,0,2026-01-30,566.0,86,24966
tr_02508,スポーツ,brand_04,全体的に状態が悪い,1,2026-04-14,342.0,18,7315
tr_02509,本・音楽,,全体的に状態が悪い,0,2026-03-29,362.0,299,921
tr_02510,スポーツ,brand_00,ほぼ新品,1,2026-04-30,133.0,213,6106
tr_02511,ファッション,brand_04,傷や汚れあり,0,2026-03-16,147.0,53,3051
tr_02512,ファッション,,ほぼ新品,0,2026-04-14,486.0,63,4340
tr_02513,ファッション,brand_09,全体的に状態が悪い,0,2026-01-13,346.0,158,4000
tr_02514,ホビー,brand_14,ほぼ新品,0,2026-01-24,222.0,40,9982
tr_02515,ファッション,brand_19,傷や汚れあり,1,2026-03-27,535.0,158,3875
tr_02516,スポーツ,,傷や汚れあり,1,2026-02-16,146.0,89,7168
tr_02517,家電,brand_11,傷や汚れあり,0,2026-02-22,446.0,18,19605
tr_02518,ファッション,,傷や汚れあり,1,2026-03-03,83.0,207,3800
tr_02519,本・音楽,brand_18,ほぼ新品,0,2026-03-31,565.0,179,2776
tr_02520,本・音楽,brand_16,傷や汚れあり,1,2026-04-08,139.0,178,1093
tr_02521,ファッション,brand_03,新品,1,2026-03-30,323.0,120,6782
tr_02522,ファッション,brand_16,傷や汚れあり,1,2026-01-10,397.0,59,4860
tr_02523,ファッション,brand_03,ほぼ新品,1,2026-03-17,563.0,104,12803
tr_02524,本・音楽,brand_03,ほぼ新品,1,2026-04-24,,84,2244
tr_02525,家電,brand_01,傷や汚れあり,0,2026-02-23,102.0,61,18572
tr_02526,ファッション,brand_12,新品,0,2026-02-04,183.0,146,8283
tr_02527,スポーツ,brand_17,傷や汚れあり,0,2026-03-21,465.0,129,16673
tr_02528,ファッション,brand_03,ほぼ新品,1,2026-02-27,80.0,-1,3696
tr_02529,ファッション,brand_10,傷や汚れあり,0,2026-01-13,290.0,20,6434
tr_02530,ホビー,brand_12,傷や汚れあり,0,2026-01-07,467.0,167,6692
tr_02531,スポーツ,brand_10,傷や汚れあり,1,2026-04-01,571.0,12,8115
tr_02532,家電,brand_01,全体的に状態が悪い,1,2026-04-16,200.0,165,7541
tr_02533,本・音楽,brand_12,傷や汚れあり,0,2026-04-24,320.0,40,1157
tr_02534,本・音楽,,傷や汚れあり,1,2026-01-16,216.0,178,2511
tr_02535,スポーツ,brand_01,全体的に状態が悪い,0,2026-01-14,38.0,71,6082
tr_02536,家電,brand_17,全体的に状態が悪い,1,2026-04-07,304.0,39,8607
tr_02537,ファッション,brand_12,ほぼ新品,1,2026-04-11,467.0,97,4072
tr_02538,ファッション,brand_16,ほぼ新品,1,2026-02-23,338.0,457,3412
tr_02539,ホビー,brand_18,新品,0,2026-03-01,355.0,136,7535
tr_02540,ファッション,brand_03,新品,0,2026-01-11,392.0,295,5304
tr_02541,スポーツ,brand_08,傷や汚れあり,1,2026-03-30,426.0,203,7395
tr_02542,家電,brand_11,新品,0,2026-01-06,53.0,196,32586
tr_02543,ファッション,brand_14,傷や汚れあり,1,2026-02-24,102.0,248,3251
tr_02544,家電,brand_17,ほぼ新品,0,2026-03-26,123.0,9,33663
tr_02545,ホビー,brand_12,全体的に状態が悪い,0,2026-01-03,59.0,103,5358
tr_02546,家電,brand_04,傷や汚れあり,1,2026-02-08,265.0,86,19727
tr_02547,ホビー,brand_13,ほぼ新品,1,2026-04-29,221.0,135,12812
tr_02548,本・音楽,,新品,1,2026-03-14,276.0,42,3480
tr_02549,ファッション,,ほぼ新品,1,2026-04-30,242.0,78,3399
tr_02550,ホビー,brand_12,ほぼ新品,1,2026-04-11,204.0,70,3402
tr_02551,ファッション,brand_02,ほぼ新品,0,2026-01-11,59.0,155,4779
tr_02552,家電,brand_11,傷や汚れあり,1,2026-03-02,540.0,46,46275
tr_02553,スポーツ,brand_04,傷や汚れあり,0,2026-04-27,197.0,133,3761
tr_02554,ファッション,brand_18,傷や汚れあり,1,2026-01-31,207.0,31,3791
tr_02555,家電,,新品,1,2026-01-22,508.0,88,36401
tr_02556,ファッション,brand_05,傷や汚れあり,1,2026-01-07,139.0,25,1862
tr_02557,スポーツ,brand_07,新品,1,2026-02-22,464.0,67,17301
tr_02558,ファッション,brand_18,傷や汚れあり,0,2026-03-24,75.0,143,3260
tr_02559,本・音楽,brand_14,ほぼ新品,1,2026-04-06,567.0,151,3506
tr_02560,ファッション,,新品,1,2026-04-26,508.0,10,13174
tr_02561,本・音楽,,傷や汚れあり,0,2026-02-28,554.0,36,2223
tr_02562,ファッション,brand_04,ほぼ新品,1,2026-02-03,22.0,146,2849
tr_02563,ファッション,brand_03,新品,1,2026-03-22,121.0,61,14105
tr_02564,家電,brand_11,傷や汚れあり,0,2026-02-06,553.0,89,19664
tr_02565,スポーツ,brand_07,新品,1,2026-01-06,531.0,38,22851
tr_02566,スポーツ,brand_14,ほぼ新品,1,2026-04-06,148.0,135,7645
tr_02567,家電,brand_04,全体的に状態が悪い,1,2026-01-02,344.0,109,25565
tr_02568,本・音楽,brand_17,傷や汚れあり,0,2026-04-01,267.0,67,1636
tr_02569,本・音楽,,ほぼ新品,1,2026-01-19,134.0,231,1382
tr_02570,本・音楽,brand_18,傷や汚れあり,0,2026-02-23,516.0,85,1066
tr_02571,スポーツ,brand_05,傷や汚れあり,1,2026-01-08,195.0,83,5506
tr_02572,家電,brand_11,ほぼ新品,1,2026-04-10,360.0,75,21076
tr_02573,本・音楽,brand_19,傷や汚れあり,1,2026-03-05,219.0,53,1924
tr_02574,ファッション,brand_11,傷や汚れあり,1,2026-02-23,349.0,122,3779
tr_02575,家電,brand_18,傷や汚れあり,1,2026-01-11,274.0,131,7977
tr_02576,ホビー,brand_03,傷や汚れあり,1,2026-01-13,181.0,181,9059
tr_02577,ファッション,brand_15,全体的に状態が悪い,1,2026-03-15,49.0,135,1816
tr_02578,スポーツ,brand_08,ほぼ新品,1,2026-02-18,,118,7971
tr_02579,本・音楽,,新品,1,2026-03-28,508.0,41,2414
tr_02580,ファッション,brand_17,ほぼ新品,1,2026-03-30,575.0,31,6426
tr_02581,ファッション,brand_04,ほぼ新品,1,2026-01-18,181.0,71,4002
tr_02582,ホビー,brand_08,新品,1,2026-04-21,454.0,132,12552
tr_02583,ホビー,brand_01,全体的に状態が悪い,1,2026-02-05,179.0,75,1858
tr_02584,ファッション,brand_19,ほぼ新品,0,2026-03-11,575.0,93,4391
tr_02585,スポーツ,,ほぼ新品,1,2026-01-29,334.0,46,11801
tr_02586,スポーツ,brand_19,傷や汚れあり,1,2026-01-15,203.0,40,16053
tr_02587,スポーツ,brand_06,全体的に状態が悪い,1,2026-02-11,99.0,67,4626
tr_02588,家電,brand_04,ほぼ新品,1,2026-01-20,377.0,125,20793
tr_02589,ホビー,brand_12,傷や汚れあり,0,2026-04-13,176.0,44,2842
tr_02590,ホビー,brand_09,傷や汚れあり,0,2026-03-21,460.0,149,10010
tr_02591,ファッション,brand_16,ほぼ新品,1,2026-02-09,351.0,130,8797
tr_02592,家電,brand_10,新品,1,2026-01-08,371.0,22,36620
tr_02593,スポーツ,brand_05,傷や汚れあり,1,2026-01-04,410.0,36,4900
tr_02594,家電,brand_08,傷や汚れあり,0,2026-04-02,436.0,54,21011
tr_02595,スポーツ,brand_01,傷や汚れあり,1,2026-03-10,559.0,43,7090
tr_02596,ファッション,brand_16,傷や汚れあり,1,2026-01-13,470.0,45,2202
tr_02597,スポーツ,brand_12,傷や汚れあり,0,2026-03-25,398.0,20,10550
tr_02598,家電,brand_03,ほぼ新品,1,2026-04-10,273.0,80,18540
tr_02599,家電,,新品,1,2026-02-12,141.0,78,26678
tr_02600,ファッション,brand_09,新品,0,2026-02-08,136.0,15,8779
tr_02601,ファッション,brand_09,ほぼ新品,0,2026-03-31,190.0,10,6942
tr_02602,家電,brand_05,ほぼ新品,0,2026-02-19,342.0,145,22621
tr_02603,ファッション,brand_16,新品,0,2026-03-13,238.0,131,3307
tr_02604,スポーツ,brand_13,ほぼ新品,0,2026-03-02,332.0,83,10788
tr_02605,家電,brand_19,ほぼ新品,0,2026-01-04,414.0,58,16429
tr_02606,ホビー,brand_13,新品,0,2026-04-11,298.0,76,5931
tr_02607,ファッション,brand_19,傷や汚れあり,1,2026-03-07,43.0,62,2574
tr_02608,ホビー,brand_05,ほぼ新品,0,2026-01-08,535.0,27,12960
tr_02609,スポーツ,brand_04,ほぼ新品,0,2026-04-10,325.0,37,14245
tr_02610,家電,brand_17,傷や汚れあり,1,2026-01-24,265.0,163,20191
tr_02611,ホビー,brand_06,傷や汚れあり,0,2026-02-03,,80,4377
tr_02612,ファッション,brand_18,新品,0,2026-04-29,459.0,38,2978
tr_02613,本・音楽,brand_08,傷や汚れあり,0,2026-04-29,419.0,104,2560
tr_02614,家電,brand_01,新品,0,2026-02-05,252.0,75,15081
tr_02615,家電,brand_14,傷や汚れあり,1,2026-04-02,576.0,221,8146
tr_02616,ファッション,brand_11,全体的に状態が悪い,1,2026-01-11,,147,1765
tr_02617,ホビー,brand_11,傷や汚れあり,1,2026-04-16,325.0,89,8992
tr_02618,ファッション,brand_07,ほぼ新品,1,2026-03-28,208.0,110,2695
tr_02619,本・音楽,brand_11,ほぼ新品,0,2026-02-15,549.0,81,2959
tr_02620,ファッション,,傷や汚れあり,1,2026-01-01,406.0,136,7323
tr_02621,本・音楽,,ほぼ新品,0,2026-04-17,450.0,192,2378
tr_02622,本・音楽,,全体的に状態が悪い,1,2026-01-25,340.0,37,716
tr_02623,スポーツ,brand_11,傷や汚れあり,1,2026-01-25,391.0,62,5245
tr_02624,スポーツ,brand_08,傷や汚れあり,1,2026-02-05,482.0,13,15858
tr_02625,スポーツ,brand_13,傷や汚れあり,0,2026-03-15,223.0,125,15075
tr_02626,ホビー,brand_05,全体的に状態が悪い,0,2026-01-31,573.0,70,4800
tr_02627,ファッション,brand_09,全体的に状態が悪い,1,2026-02-05,470.0,232,5759
tr_02628,本・音楽,brand_08,傷や汚れあり,0,2026-02-22,462.0,159,1042
tr_02629,スポーツ,brand_04,傷や汚れあり,1,2026-01-14,191.0,70,9762
tr_02630,家電,brand_10,傷や汚れあり,0,2026-04-02,223.0,85,9274
tr_02631,スポーツ,brand_01,傷や汚れあり,0,2026-02-20,458.0,42,4652
tr_02632,ホビー,brand_11,全体的に状態が悪い,0,2026-02-22,182.0,73,4713
tr_02633,家電,brand_12,ほぼ新品,1,2026-01-25,594.0,44,26877
tr_02634,スポーツ,brand_12,新品,1,2026-02-12,543.0,9,32870
tr_02635,ファッション,brand_02,ほぼ新品,0,2026-01-21,584.0,80,5622
tr_02636,ホビー,brand_17,ほぼ新品,1,2026-01-26,205.0,105,13115
tr_02637,ホビー,brand_11,全体的に状態が悪い,0,2026-04-09,593.0,137,4634
tr_02638,本・音楽,brand_07,ほぼ新品,0,2026-02-11,320.0,70,1855
tr_02639,ファッション,brand_11,全体的に状態が悪い,1,2026-03-08,323.0,74,2702
tr_02640,スポーツ,brand_14,傷や汚れあり,0,2026-01-10,86.0,142,5889
tr_02641,家電,brand_07,傷や汚れあり,1,2026-01-04,55.0,-1,8190
tr_02642,ファッション,brand_07,傷や汚れあり,1,2026-04-23,441.0,106,4474
tr_02643,ファッション,brand_00,ほぼ新品,1,2026-03-18,268.0,354,7505
tr_02644,スポーツ,brand_14,全体的に状態が悪い,1,2026-02-01,243.0,11,9788
tr_02645,家電,,ほぼ新品,0,2026-02-02,134.0,38,36509
tr_02646,本・音楽,brand_07,傷や汚れあり,1,2026-03-17,277.0,88,2611
tr_02647,ファッション,brand_08,全体的に状態が悪い,1,2026-03-12,71.0,217,2344
tr_02648,スポーツ,brand_18,ほぼ新品,1,2026-01-15,175.0,30,14943
tr_02649,ホビー,brand_05,全体的に状態が悪い,0,2026-02-27,380.0,18,3274
tr_02650,ファッション,brand_00,ほぼ新品,1,2026-02-03,457.0,273,2451
tr_02651,ファッション,brand_15,全体的に状態が悪い,0,2026-03-07,209.0,233,1198
tr_02652,家電,brand_14,傷や汚れあり,0,2026-02-28,469.0,24,13823
tr_02653,ホビー,brand_02,ほぼ新品,1,2026-02-17,340.0,95,16264
tr_02654,家電,brand_17,傷や汚れあり,1,2026-04-28,573.0,54,43765
tr_02655,家電,brand_10,全体的に状態が悪い,0,2026-04-09,24.0,267,7178
tr_02656,ファッション,brand_03,傷や汚れあり,1,2026-03-20,367.0,61,3836
tr_02657,スポーツ,brand_17,傷や汚れあり,0,2026-01-01,24.0,97,4500
tr_02658,ホビー,brand_12,傷や汚れあり,0,2026-03-26,436.0,27,13449
tr_02659,スポーツ,brand_10,傷や汚れあり,1,2026-03-05,489.0,149,11505
tr_02660,スポーツ,brand_15,ほぼ新品,1,2026-02-16,40.0,43,7188
tr_02661,家電,brand_00,ほぼ新品,0,2026-03-31,,87,19120
tr_02662,ホビー,brand_12,ほぼ新品,1,2026-04-11,48.0,144,7963
tr_02663,ファッション,brand_10,傷や汚れあり,1,2026-03-12,87.0,25,3867
tr_02664,ホビー,brand_16,傷や汚れあり,1,2026-01-29,530.0,40,6095
tr_02665,ホビー,brand_19,全体的に状態が悪い,1,2026-01-22,391.0,166,2746
tr_02666,家電,brand_12,ほぼ新品,1,2026-02-02,492.0,110,26398
tr_02667,スポーツ,brand_15,傷や汚れあり,1,2026-04-09,390.0,42,8918
tr_02668,家電,brand_19,傷や汚れあり,0,2026-03-03,250.0,45,7475
tr_02669,ホビー,brand_05,新品,1,2026-02-07,73.0,266,7650
tr_02670,本・音楽,,新品,1,2026-02-12,416.0,40,5004
tr_02671,ホビー,brand_12,ほぼ新品,1,2026-03-31,122.0,84,16090
tr_02672,ファッション,brand_01,ほぼ新品,1,2026-04-26,580.0,118,23804
tr_02673,スポーツ,brand_07,ほぼ新品,0,2026-03-19,125.0,82,5090
tr_02674,ファッション,brand_02,傷や汚れあり,0,2026-04-17,525.0,221,2274
tr_02675,ホビー,brand_02,ほぼ新品,1,2026-02-22,517.0,119,12764
tr_02676,ホビー,brand_05,ほぼ新品,0,2026-01-05,243.0,161,4944
tr_02677,ファッション,brand_16,ほぼ新品,1,2026-01-27,256.0,182,5967
tr_02678,ホビー,brand_09,新品,1,2026-04-29,22.0,48,15311
tr_02679,家電,brand_16,全体的に状態が悪い,1,2026-02-12,412.0,136,7986
tr_02680,家電,brand_09,傷や汚れあり,1,2026-03-21,477.0,87,23728
tr_02681,ファッション,brand_05,傷や汚れあり,0,2026-03-05,490.0,194,2604
tr_02682,ファッション,brand_06,傷や汚れあり,0,2026-01-05,291.0,224,2296
tr_02683,スポーツ,brand_16,傷や汚れあり,1,2026-04-07,477.0,176,6475
tr_02684,ホビー,brand_17,ほぼ新品,1,2026-02-09,,138,5257
tr_02685,家電,brand_01,傷や汚れあり,1,2026-03-31,518.0,25,26368
tr_02686,本・音楽,,全体的に状態が悪い,1,2026-04-16,489.0,52,2735
tr_02687,ファッション,brand_03,新品,1,2026-02-07,83.0,47,598100
tr_02688,スポーツ,brand_12,傷や汚れあり,1,2026-04-10,,152,8783
tr_02689,ホビー,brand_00,傷や汚れあり,0,2026-03-13,86.0,219,4718
tr_02690,家電,brand_09,傷や汚れあり,1,2026-02-07,,66,14367
tr_02691,スポーツ,brand_02,新品,1,2026-01-10,199.0,54,12448
tr_02692,ホビー,brand_09,ほぼ新品,1,2026-04-15,447.0,69,14301
tr_02693,ファッション,brand_15,ほぼ新品,1,2026-03-10,132.0,97,1781
tr_02694,家電,brand_08,新品,0,2026-01-10,511.0,44,24279
tr_02695,家電,brand_00,全体的に状態が悪い,1,2026-03-14,366.0,48,14973
tr_02696,ホビー,brand_19,ほぼ新品,1,2026-03-23,41.0,312,6462
tr_02697,家電,brand_12,ほぼ新品,1,2026-02-13,374.0,60,13190
tr_02698,家電,brand_07,傷や汚れあり,1,2026-03-22,598.0,22,16170
tr_02699,ファッション,brand_06,傷や汚れあり,1,2026-03-15,360.0,43,5376
tr_02700,家電,brand_10,新品,1,2026-03-04,135.0,108,32050
tr_02701,ファッション,brand_01,ほぼ新品,1,2026-03-02,550.0,76,8396
tr_02702,ファッション,brand_03,新品,0,2026-03-06,460.0,51,13128
tr_02703,スポーツ,brand_08,ほぼ新品,1,2026-03-14,69.0,57,14524
tr_02704,家電,brand_07,傷や汚れあり,0,2026-01-26,551.0,53,20253
tr_02705,ファッション,brand_17,ほぼ新品,0,2026-04-16,410.0,223,3169
tr_02706,ファッション,brand_07,全体的に状態が悪い,1,2026-03-07,101.0,116,3690
tr_02707,家電,brand_15,全体的に状態が悪い,1,2026-04-14,192.0,396,7336
tr_02708,スポーツ,brand_14,ほぼ新品,1,2026-02-15,290.0,120,5662
tr_02709,スポーツ,brand_19,ほぼ新品,0,2026-01-15,419.0,234,6849
tr_02710,スポーツ,brand_05,ほぼ新品,0,2026-01-01,131.0,54,8288
tr_02711,本・音楽,,新品,0,2026-01-18,516.0,33,3134
tr_02712,本・音楽,brand_18,傷や汚れあり,0,2026-01-04,220.0,75,1420
tr_02713,ホビー,brand_12,新品,0,2026-04-30,458.0,44,11677
tr_02714,ファッション,brand_12,新品,0,2026-03-03,211.0,306,5156
tr_02715,家電,brand_03,全体的に状態が悪い,1,2026-04-08,179.0,81,15962
tr_02716,ファッション,brand_08,ほぼ新品,0,2026-02-10,385.0,59,8036
tr_02717,ホビー,brand_11,ほぼ新品,0,2026-03-30,556.0,106,9632
tr_02718,ファッション,brand_13,新品,0,2026-03-24,572.0,87,13316
tr_02719,スポーツ,brand_14,傷や汚れあり,0,2026-03-08,97.0,84,4557
tr_02720,ホビー,brand_07,傷や汚れあり,1,2026-04-15,246.0,12,7431
tr_02721,スポーツ,brand_15,ほぼ新品,1,2026-04-29,264.0,110,8462
tr_02722,ファッション,brand_00,傷や汚れあり,1,2026-04-15,26.0,72,6510
tr_02723,ファッション,brand_12,全体的に状態が悪い,0,2026-01-16,502.0,91,4746
tr_02724,スポーツ,brand_14,ほぼ新品,1,2026-04-09,269.0,134,17348
tr_02725,スポーツ,brand_02,新品,0,2026-01-07,391.0,47,19244
tr_02726,家電,brand_00,ほぼ新品,0,2026-03-02,567.0,120,32124
tr_02727,家電,brand_11,全体的に状態が悪い,1,2026-02-15,537.0,208,13219
tr_02728,家電,brand_19,全体的に状態が悪い,0,2026-04-24,184.0,79,8529
tr_02729,家電,brand_10,ほぼ新品,0,2026-02-01,220.0,80,31920
tr_02730,ホビー,brand_17,傷や汚れあり,0,2026-01-05,144.0,11,3017
tr_02731,ファッション,brand_10,傷や汚れあり,1,2026-02-03,426.0,73,5673
tr_02732,ファッション,,傷や汚れあり,0,2026-01-10,83.0,91,4447
tr_02733,本・音楽,,ほぼ新品,0,2026-03-07,139.0,128,734
tr_02734,ホビー,brand_04,傷や汚れあり,1,2026-01-25,473.0,39,9510
tr_02735,ホビー,brand_19,新品,0,2026-04-16,507.0,22,6846
tr_02736,ホビー,brand_11,傷や汚れあり,0,2026-04-30,120.0,187,2599
tr_02737,ファッション,brand_18,傷や汚れあり,0,2026-04-29,580.0,182,4756
tr_02738,スポーツ,brand_18,傷や汚れあり,0,2026-03-26,551.0,49,5292
tr_02739,家電,brand_03,ほぼ新品,1,2026-03-03,359.0,55,25446
tr_02740,ファッション,brand_13,新品,0,2026-03-04,169.0,82,6636
tr_02741,ホビー,brand_02,傷や汚れあり,1,2026-03-07,54.0,93,4285
tr_02742,家電,brand_18,傷や汚れあり,1,2026-02-02,383.0,63,20618
tr_02743,ファッション,brand_09,全体的に状態が悪い,0,2026-01-13,323.0,111,1503
tr_02744,スポーツ,,ほぼ新品,1,2026-03-14,436.0,119,6226
tr_02745,スポーツ,brand_04,ほぼ新品,1,2026-04-30,440.0,72,9885
tr_02746,家電,brand_16,傷や汚れあり,1,2026-01-17,314.0,94,10508
tr_02747,家電,brand_04,傷や汚れあり,1,2026-02-13,,58,18475
tr_02748,ホビー,brand_19,傷や汚れあり,1,2026-03-10,357.0,41,5717
tr_02749,ファッション,brand_06,全体的に状態が悪い,0,2026-03-12,408.0,186,2572
tr_02750,ホビー,brand_16,傷や汚れあり,1,2026-01-25,139.0,125,4543
tr_02751,ホビー,brand_09,傷や汚れあり,0,2026-01-31,341.0,128,7016
tr_02752,ホビー,brand_13,傷や汚れあり,1,2026-04-07,335.0,173,4753
tr_02753,ホビー,brand_12,傷や汚れあり,0,2026-01-17,581.0,135,3352
tr_02754,家電,brand_18,ほぼ新品,1,2026-04-04,276.0,20,52560
tr_02755,家電,brand_01,傷や汚れあり,1,2026-02-15,468.0,58,19922
tr_02756,ファッション,brand_06,全体的に状態が悪い,0,2026-02-06,121.0,190,2647
tr_02757,本・音楽,brand_04,ほぼ新品,1,2026-03-05,482.0,217,1677
tr_02758,ファッション,brand_02,新品,1,2026-03-24,332.0,30,11809
tr_02759,ファッション,brand_16,傷や汚れあり,1,2026-02-06,423.0,220,7381
tr_02760,ファッション,brand_14,傷や汚れあり,1,2026-03-26,430.0,202,3381
tr_02761,家電,brand_12,ほぼ新品,0,2026-04-10,497.0,127,16193
tr_02762,本・音楽,,ほぼ新品,1,2026-02-07,415.0,138,2184
tr_02763,本・音楽,brand_03,ほぼ新品,0,2026-02-17,108.0,414,2121
tr_02764,ファッション,brand_09,新品,1,2026-03-09,215.0,59,8212
tr_02765,スポーツ,brand_12,新品,1,2026-04-12,413.0,90,24293
tr_02766,ファッション,brand_15,傷や汚れあり,0,2026-03-10,481.0,19,3270
tr_02767,家電,brand_17,ほぼ新品,0,2026-01-15,460.0,52,47605
tr_02768,ファッション,brand_01,全体的に状態が悪い,1,2026-04-01,177.0,33,1872
tr_02769,ホビー,brand_06,傷や汚れあり,0,2026-04-03,485.0,116,4936
tr_02770,スポーツ,brand_07,全体的に状態が悪い,1,2026-04-12,239.0,107,10228
tr_02771,スポーツ,brand_09,新品,0,2026-03-15,481.0,19,29983
tr_02772,家電,brand_03,ほぼ新品,1,2026-02-20,238.0,42,21527
tr_02773,本・音楽,,ほぼ新品,1,2026-03-31,537.0,56,2266
tr_02774,家電,brand_15,ほぼ新品,1,2026-03-12,504.0,6,113757
tr_02775,ファッション,brand_18,ほぼ新品,0,2026-02-22,75.0,14,5247
tr_02776,ファッション,brand_14,傷や汚れあり,1,2026-02-12,,77,5079
tr_02777,ファッション,brand_00,ほぼ新品,1,2026-04-14,124.0,38,5445
tr_02778,スポーツ,brand_08,新品,0,2026-01-23,558.0,74,13811
tr_02779,スポーツ,brand_12,新品,1,2026-04-12,413.0,90,24293
tr_02780,家電,brand_17,ほぼ新品,0,2026-03-16,581.0,143,10689
tr_02781,家電,brand_09,新品,0,2026-04-30,110.0,106,26314
tr_02782,ホビー,brand_16,傷や汚れあり,0,2026-03-30,530.0,90,3175
tr_02783,ホビー,brand_19,ほぼ新品,1,2026-01-26,414.0,67,20520
tr_02784,スポーツ,,傷や汚れあり,1,2026-04-19,27.0,156,10260
tr_02785,家電,brand_19,傷や汚れあり,0,2026-01-30,221.0,195,11735
tr_02786,家電,brand_02,傷や汚れあり,1,2026-02-09,219.0,44,41409
tr_02787,家電,brand_08,新品,0,2026-01-28,54.0,43,39088
tr_02788,ファッション,brand_05,ほぼ新品,1,2026-01-09,579.0,125,6770
tr_02789,ファッション,brand_06,傷や汚れあり,1,2026-02-09,525.0,110,4358
tr_02790,本・音楽,,ほぼ新品,1,2026-02-22,242.0,40,2848
tr_02791,スポーツ,brand_18,新品,0,2026-02-22,44.0,45,5389
tr_02792,家電,brand_06,全体的に状態が悪い,1,2026-01-30,60.0,194,11328
tr_02793,家電,brand_17,ほぼ新品,0,2026-03-21,56.0,140,20396
tr_02794,本・音楽,brand_04,ほぼ新品,1,2026-03-28,237.0,206,957
tr_02795,本・音楽,brand_14,ほぼ新品,1,2026-01-10,171.0,92,1892
tr_02796,家電,brand_03,傷や汚れあり,1,2026-04-15,289.0,43,10341
tr_02797,ホビー,brand_13,ほぼ新品,1,2026-02-05,385.0,91,14506
tr_02798,スポーツ,brand_18,傷や汚れあり,1,2026-02-13,155.0,101,12760
tr_02799,家電,brand_10,傷や汚れあり,0,2026-03-04,271.0,47,29935
tr_02800,ファッション,brand_02,ほぼ新品,0,2026-01-19,95.0,287,4419
tr_02801,ホビー,brand_05,傷や汚れあり,1,2026-04-20,,56,4481
tr_02802,ファッション,,傷や汚れあり,0,2026-03-24,383.0,330,4451
tr_02803,スポーツ,brand_19,ほぼ新品,0,2026-01-19,176.0,77,8243
tr_02804,本・音楽,brand_19,ほぼ新品,1,2026-03-03,524.0,14,4070
tr_02805,ホビー,brand_14,傷や汚れあり,0,2026-02-24,35.0,24,5904
tr_02806,家電,brand_02,傷や汚れあり,1,2026-03-13,92.0,242,17442
tr_02807,家電,brand_11,ほぼ新品,0,2026-01-30,499.0,52,10760
tr_02808,ファッション,brand_06,ほぼ新品,0,2026-03-16,20.0,147,3312
tr_02809,ファッション,,ほぼ新品,1,2026-03-31,585.0,51,5299
tr_02810,スポーツ,brand_12,全体的に状態が悪い,1,2026-01-04,105.0,185,3341
tr_02811,家電,brand_12,傷や汚れあり,0,2026-01-10,337.0,27,15781
tr_02812,ファッション,brand_08,全体的に状態が悪い,0,2026-03-15,543.0,176,3243
tr_02813,家電,brand_11,新品,1,2026-03-18,135.0,51,37840
tr_02814,家電,brand_08,ほぼ新品,1,2026-04-20,192.0,65,23339
tr_02815,ファッション,brand_01,全体的に状態が悪い,1,2026-04-25,331.0,212,1886
tr_02816,家電,brand_00,傷や汚れあり,1,2026-02-08,556.0,87,17706
tr_02817,家電,brand_14,傷や汚れあり,1,2026-02-08,242.0,38,6575
tr_02818,ホビー,brand_16,傷や汚れあり,1,2026-03-09,567.0,50,5084
tr_02819,本・音楽,,ほぼ新品,1,2026-03-14,30.0,289,1229
tr_02820,ファッション,brand_19,傷や汚れあり,0,2026-04-27,243.0,100,4111
tr_02821,家電,brand_15,ほぼ新品,0,2026-03-02,366.0,43,12243
tr_02822,本・音楽,,全体的に状態が悪い,1,2026-04-18,41.0,2,772
tr_02823,本・音楽,,傷や汚れあり,1,2026-01-09,229.0,115,1058
tr_02824,本・音楽,,ほぼ新品,0,2026-01-09,193.0,147,3007
tr_02825,スポーツ,brand_04,ほぼ新品,0,2026-02-08,556.0,62,12796
tr_02826,ホビー,brand_08,新品,1,2026-03-31,29.0,22,17284
tr_02827,ファッション,brand_17,傷や汚れあり,1,2026-02-20,532.0,294,6527
tr_02828,スポーツ,brand_01,傷や汚れあり,0,2026-01-24,109.0,89,3794
tr_02829,本・音楽,,ほぼ新品,1,2026-04-21,212.0,201,1530
tr_02830,ホビー,brand_18,新品,1,2026-02-16,427.0,62,11437
tr_02831,ファッション,brand_01,ほぼ新品,0,2026-02-26,485.0,110,9369
tr_02832,家電,brand_11,ほぼ新品,0,2026-01-11,416.0,146,24013
tr_02833,ホビー,brand_19,ほぼ新品,1,2026-01-10,265.0,47,11211
tr_02834,ホビー,brand_02,全体的に状態が悪い,0,2026-02-17,246.0,104,8889
tr_02835,スポーツ,brand_06,新品,0,2026-04-10,373.0,86,7949
tr_02836,本・音楽,brand_01,ほぼ新品,1,2026-04-29,536.0,33,4668
tr_02837,ファッション,brand_14,全体的に状態が悪い,1,2026-03-06,75.0,165,4183
tr_02838,家電,brand_01,全体的に状態が悪い,1,2026-01-20,509.0,9,6915
tr_02839,ファッション,brand_16,ほぼ新品,1,2026-01-16,510.0,176,4804
tr_02840,ファッション,brand_09,新品,0,2026-01-07,348.0,250,5319
tr_02841,本・音楽,,ほぼ新品,0,2026-02-04,,101,1756
tr_02842,ホビー,brand_12,新品,0,2026-03-30,77.0,166,9024
tr_02843,スポーツ,brand_10,傷や汚れあり,1,2026-03-17,383.0,143,6988
tr_02844,スポーツ,brand_12,傷や汚れあり,1,2026-01-05,35.0,167,4666
tr_02845,ホビー,brand_04,傷や汚れあり,0,2026-04-25,241.0,238,5995
tr_02846,ファッション,brand_08,全体的に状態が悪い,1,2026-02-14,495.0,123,3239
tr_02847,ファッション,brand_18,ほぼ新品,1,2026-03-03,48.0,140,6956
tr_02848,ホビー,brand_02,全体的に状態が悪い,0,2026-01-02,446.0,51,3948
tr_02849,ファッション,brand_08,全体的に状態が悪い,1,2026-01-03,246.0,29,3898
tr_02850,ファッション,brand_13,傷や汚れあり,0,2026-01-12,203.0,230,3056
tr_02851,本・音楽,brand_16,全体的に状態が悪い,1,2026-01-28,288.0,107,1562
tr_02852,ホビー,brand_12,傷や汚れあり,0,2026-03-31,306.0,119,4913
tr_02853,ホビー,brand_18,新品,0,2026-01-28,,185,6431
tr_02854,家電,brand_17,傷や汚れあり,1,2026-03-15,594.0,8,28120
tr_02855,ホビー,brand_03,ほぼ新品,0,2026-01-24,,140,7529
tr_02856,家電,brand_15,ほぼ新品,1,2026-02-24,413.0,90,22089
tr_02857,ファッション,brand_06,ほぼ新品,1,2026-03-27,368.0,82,2308
tr_02858,ホビー,brand_15,傷や汚れあり,0,2026-01-29,584.0,54,4391
tr_02859,ファッション,brand_11,新品,0,2026-04-05,407.0,32,6150
tr_02860,ホビー,brand_06,全体的に状態が悪い,0,2026-01-15,196.0,159,4291
tr_02861,家電,,傷や汚れあり,0,2026-04-06,577.0,9,2352500
tr_02862,ファッション,brand_12,傷や汚れあり,1,2026-04-03,245.0,129,3066
tr_02863,家電,brand_08,ほぼ新品,1,2026-03-17,508.0,38,47126
tr_02864,家電,brand_08,傷や汚れあり,1,2026-03-16,586.0,24,25028
tr_02865,スポーツ,brand_17,全体的に状態が悪い,0,2026-01-17,360.0,28,7683
tr_02866,ファッション,brand_14,全体的に状態が悪い,1,2026-04-15,238.0,91,3207
tr_02867,本・音楽,,新品,0,2026-01-10,275.0,62,2344
tr_02868,ホビー,,全体的に状態が悪い,0,2026-03-09,29.0,264,9302
tr_02869,本・音楽,,全体的に状態が悪い,0,2026-04-07,548.0,43,613
tr_02870,家電,brand_03,ほぼ新品,1,2026-04-13,75.0,76,36719
tr_02871,ホビー,brand_13,新品,0,2026-02-26,477.0,24,12718
tr_02872,家電,brand_14,ほぼ新品,1,2026-03-30,508.0,64,13306
tr_02873,ファッション,brand_18,傷や汚れあり,1,2026-03-16,463.0,198,4740
tr_02874,ホビー,brand_02,ほぼ新品,1,2026-04-18,151.0,73,4142
tr_02875,ファッション,brand_06,全体的に状態が悪い,0,2026-04-01,96.0,131,3067
tr_02876,本・音楽,brand_00,ほぼ新品,0,2026-02-12,59.0,43,1113
tr_02877,スポーツ,brand_16,傷や汚れあり,1,2026-01-27,234.0,119,7612
tr_02878,家電,brand_09,傷や汚れあり,1,2026-04-01,121.0,114,13243
tr_02879,家電,brand_13,ほぼ新品,1,2026-02-18,245.0,38,39477
tr_02880,ホビー,brand_00,ほぼ新品,0,2026-02-21,392.0,111,8888
tr_02881,ホビー,brand_02,ほぼ新品,0,2026-02-21,280.0,20,8797
tr_02882,ファッション,brand_06,新品,0,2026-01-23,22.0,87,5851
tr_02883,ファッション,brand_13,傷や汚れあり,1,2026-03-10,521.0,105,4420
tr_02884,ファッション,brand_05,ほぼ新品,1,2026-01-06,581.0,53,4086
tr_02885,ファッション,brand_11,ほぼ新品,1,2026-01-18,389.0,74,14947
tr_02886,ファッション,brand_17,新品,1,2026-02-14,234.0,291,12056
tr_02887,家電,brand_12,新品,1,2026-04-10,232.0,74,20873
tr_02888,ホビー,brand_13,傷や汚れあり,1,2026-04-14,593.0,73,5339
tr_02889,ホビー,brand_19,傷や汚れあり,0,2026-02-17,,11,4089
tr_02890,本・音楽,brand_05,全体的に状態が悪い,1,2026-01-23,437.0,40,2309
tr_02891,本・音楽,,傷や汚れあり,1,2026-02-03,343.0,24,1140
tr_02892,家電,brand_17,ほぼ新品,1,2026-01-11,173.0,214,10814
tr_02893,スポーツ,brand_17,ほぼ新品,0,2026-03-24,438.0,231,8014
tr_02894,家電,brand_14,ほぼ新品,0,2026-01-10,415.0,91,25477
tr_02895,ファッション,brand_19,傷や汚れあり,1,2026-02-17,406.0,96,5507
tr_02896,スポーツ,brand_15,新品,0,2026-04-17,384.0,36,37367
tr_02897,スポーツ,brand_05,ほぼ新品,1,2026-01-23,370.0,78,10636
tr_02898,家電,brand_08,傷や汚れあり,1,2026-04-24,282.0,163,13103
tr_02899,本・音楽,brand_00,ほぼ新品,0,2026-01-14,415.0,104,2664
tr_02900,ホビー,,ほぼ新品,0,2026-01-10,544.0,61,5659
tr_02901,ファッション,brand_12,全体的に状態が悪い,1,2026-01-01,123.0,48,3623
tr_02902,ホビー,brand_01,ほぼ新品,1,2026-01-15,143.0,17,4604
tr_02903,家電,brand_16,ほぼ新品,0,2026-02-20,513.0,65,15033
tr_02904,スポーツ,brand_11,ほぼ新品,1,2026-04-13,137.0,152,8713
tr_02905,家電,brand_01,ほぼ新品,1,2026-01-20,55.0,24,18827
tr_02906,スポーツ,brand_08,ほぼ新品,1,2026-03-30,110.0,52,6869
tr_02907,ファッション,brand_14,ほぼ新品,1,2026-04-21,595.0,78,10844
tr_02908,本・音楽,,ほぼ新品,0,2026-01-19,383.0,281,1797
tr_02909,ファッション,brand_03,新品,1,2026-03-15,85.0,151,8773
tr_02910,家電,brand_07,傷や汚れあり,1,2026-03-04,323.0,38,22722
tr_02911,スポーツ,brand_08,ほぼ新品,0,2026-04-29,57.0,58,4907
tr_02912,家電,brand_18,ほぼ新品,0,2026-01-16,526.0,127,17980
tr_02913,ファッション,brand_17,ほぼ新品,0,2026-03-27,,83,6808
tr_02914,ファッション,brand_16,ほぼ新品,1,2026-03-21,162.0,196,2667
tr_02915,家電,brand_14,傷や汚れあり,0,2026-03-29,173.0,55,14794
tr_02916,ファッション,brand_16,全体的に状態が悪い,1,2026-01-21,423.0,100,3255
tr_02917,本・音楽,,傷や汚れあり,1,2026-03-25,539.0,431,1047
tr_02918,ホビー,brand_07,傷や汚れあり,0,2026-01-24,541.0,127,5546
tr_02919,スポーツ,brand_15,全体的に状態が悪い,1,2026-03-06,431.0,35,8262
tr_02920,ファッション,brand_11,ほぼ新品,0,2026-02-17,520.0,202,7581
tr_02921,家電,,全体的に状態が悪い,1,2026-02-15,96.0,125,22022
tr_02922,スポーツ,brand_03,ほぼ新品,1,2026-03-09,530.0,24,10372
tr_02923,ホビー,brand_04,全体的に状態が悪い,1,2026-03-25,112.0,98,5344
tr_02924,スポーツ,brand_02,全体的に状態が悪い,1,2026-03-21,523.0,117,6857
tr_02925,ファッション,brand_00,新品,0,2026-01-15,242.0,123,11314
tr_02926,ファッション,brand_12,ほぼ新品,0,2026-04-25,498.0,45,12802
tr_02927,家電,brand_19,新品,1,2026-01-15,371.0,126,39014
tr_02928,ホビー,brand_19,新品,1,2026-02-23,518.0,228,11343
tr_02929,スポーツ,brand_01,傷や汚れあり,1,2026-01-25,351.0,18,10591
tr_02930,ファッション,,新品,0,2026-02-07,406.0,81,18374
tr_02931,スポーツ,brand_10,傷や汚れあり,1,2026-04-01,494.0,51,9820
tr_02932,ホビー,brand_01,ほぼ新品,1,2026-01-30,123.0,120,11972
tr_02933,ホビー,brand_19,全体的に状態が悪い,1,2026-02-05,28.0,70,6406
tr_02934,ファッション,brand_14,傷や汚れあり,0,2026-01-01,305.0,122,5908
tr_02935,スポーツ,brand_10,傷や汚れあり,0,2026-03-08,65.0,118,6937
tr_02936,家電,brand_19,ほぼ新品,1,2026-03-08,502.0,24,16666
tr_02937,スポーツ,brand_07,傷や汚れあり,1,2026-02-21,331.0,103,11133
tr_02938,スポーツ,brand_17,傷や汚れあり,0,2026-04-27,222.0,12,5298
tr_02939,ホビー,brand_07,ほぼ新品,0,2026-03-10,91.0,130,5822
tr_02940,ホビー,brand_07,傷や汚れあり,1,2026-04-17,327.0,138,4081
tr_02941,ファッション,brand_10,ほぼ新品,1,2026-02-05,192.0,41,6815
tr_02942,ホビー,brand_08,新品,1,2026-04-10,49.0,110,6640
tr_02943,ファッション,brand_12,全体的に状態が悪い,0,2026-04-10,561.0,66,4856
tr_02944,スポーツ,brand_13,全体的に状態が悪い,1,2026-02-20,174.0,19,13705
tr_02945,本・音楽,brand_06,傷や汚れあり,1,2026-03-13,422.0,469,1451
tr_02946,ファッション,brand_01,傷や汚れあり,0,2026-01-30,49.0,195,1877
tr_02947,スポーツ,brand_14,ほぼ新品,0,2026-04-05,,33,7616
tr_02948,本・音楽,,新品,1,2026-04-20,40.0,155,2577
tr_02949,ファッション,brand_03,傷や汚れあり,0,2026-04-22,342.0,172,3213
tr_02950,本・音楽,brand_12,新品,1,2026-03-05,181.0,174,2455
tr_02951,家電,brand_14,傷や汚れあり,1,2026-01-07,595.0,65,18549
tr_02952,スポーツ,brand_02,傷や汚れあり,0,2026-04-03,379.0,209,6828
tr_02953,スポーツ,brand_01,ほぼ新品,1,2026-03-07,300.0,45,11863
tr_02954,ホビー,brand_01,全体的に状態が悪い,1,2026-04-15,556.0,135,12048
tr_02955,本・音楽,brand_02,新品,1,2026-04-05,519.0,250,3323
tr_02956,本・音楽,brand_13,傷や汚れあり,1,2026-01-17,207.0,176,1325
tr_02957,スポーツ,brand_01,傷や汚れあり,0,2026-03-18,146.0,39,8433
tr_02958,ホビー,brand_00,傷や汚れあり,0,2026-04-04,381.0,-1,4045
tr_02959,ホビー,brand_03,傷や汚れあり,0,2026-02-08,72.0,92,7195
tr_02960,スポーツ,brand_18,新品,1,2026-01-02,154.0,105,13180
tr_02961,ホビー,brand_19,ほぼ新品,1,2026-03-07,82.0,161,5886
tr_02962,ファッション,brand_15,ほぼ新品,1,2026-01-09,407.0,429,3156
tr_02963,家電,brand_04,全体的に状態が悪い,1,2026-03-19,170.0,42,20383
tr_02964,ファッション,brand_14,傷や汚れあり,1,2026-04-12,486.0,138,2757
tr_02965,スポーツ,brand_02,傷や汚れあり,1,2026-01-31,218.0,150,10415
tr_02966,ホビー,brand_15,傷や汚れあり,0,2026-01-30,300.0,47,5355
tr_02967,家電,brand_16,傷や汚れあり,0,2026-01-06,47.0,30,19175
tr_02968,ファッション,brand_16,ほぼ新品,0,2026-03-25,209.0,73,10697
tr_02969,ホビー,brand_04,ほぼ新品,1,2026-01-06,178.0,63,5992
tr_02970,本・音楽,,傷や汚れあり,0,2026-04-11,351.0,185,1053
tr_02971,ファッション,,ほぼ新品,0,2026-04-12,416.0,33,3883
tr_02972,本・音楽,brand_06,傷や汚れあり,1,2026-04-15,107.0,45,1833
tr_02973,ファッション,brand_04,全体的に状態が悪い,1,2026-01-24,390.0,59,2923
tr_02974,ホビー,brand_09,全体的に状態が悪い,1,2026-03-05,,85,5705
tr_02975,スポーツ,brand_08,傷や汚れあり,0,2026-04-30,596.0,327,8805
tr_02976,ファッション,brand_08,ほぼ新品,1,2026-03-27,259.0,132,4500
tr_02977,ホビー,brand_03,傷や汚れあり,1,2026-03-14,380.0,143,7168
tr_02978,本・音楽,,ほぼ新品,1,2026-03-08,31.0,52,1805
tr_02979,本・音楽,,傷や汚れあり,0,2026-03-03,515.0,149,1593
tr_02980,ホビー,brand_06,傷や汚れあり,1,2026-02-27,422.0,152,3342
tr_02981,家電,brand_14,傷や汚れあり,0,2026-04-16,215.0,84,23890
tr_02982,家電,brand_14,全体的に状態が悪い,0,2026-02-03,398.0,250,11985
tr_02983,ファッション,brand_07,ほぼ新品,1,2026-04-18,147.0,92,3509
tr_02984,本・音楽,brand_05,傷や汚れあり,0,2026-01-11,255.0,136,1029
tr_02985,ホビー,brand_14,ほぼ新品,0,2026-01-31,305.0,24,5499
tr_02986,ファッション,brand_06,傷や汚れあり,0,2026-02-27,131.0,150,5008
tr_02987,ホビー,brand_05,傷や汚れあり,1,2026-04-20,,56,4481
tr_02988,ホビー,brand_02,傷や汚れあり,1,2026-04-25,171.0,111,2718
tr_02989,ファッション,brand_13,ほぼ新品,1,2026-02-03,244.0,10,8202
tr_02990,家電,brand_03,傷や汚れあり,1,2026-04-29,163.0,36,12261
tr_02991,ファッション,brand_02,ほぼ新品,1,2026-01-20,533.0,87,5429
tr_02992,家電,brand_03,全体的に状態が悪い,1,2026-04-12,,86,15609
tr_02993,ホビー,,全体的に状態が悪い,1,2026-02-09,152.0,64,6699
tr_02994,ファッション,brand_18,傷や汚れあり,0,2026-04-25,74.0,70,2926
tr_02995,スポーツ,brand_15,ほぼ新品,0,2026-04-21,70.0,34,10050
tr_02996,家電,brand_18,ほぼ新品,0,2026-02-07,114.0,59,28639
tr_02997,家電,brand_02,新品,0,2026-04-17,158.0,57,25789
tr_02998,ファッション,brand_05,傷や汚れあり,1,2026-04-02,439.0,-1,8524
tr_02999,家電,brand_05,ほぼ新品,0,2026-02-06,95.0,78,19827
tr_03000,家電,brand_18,傷や汚れあり,0,2026-03-07,363.0,73,16304
tr_03001,本・音楽,brand_04,傷や汚れあり,1,2026-01-17,413.0,119,4728
tr_03002,ファッション,brand_19,新品,1,2026-03-15,490.0,92,8444
tr_03003,家電,,ほぼ新品,0,2026-04-26,124.0,11,21681
tr_03004,ホビー,brand_11,傷や汚れあり,0,2026-03-23,345.0,102,5899
tr_03005,家電,brand_06,傷や汚れあり,0,2026-01-31,335.0,87,9931
tr_03006,ホビー,brand_16,新品,1,2026-01-13,363.0,148,9354
tr_03007,家電,brand_01,傷や汚れあり,1,2026-04-05,436.0,15,19432
tr_03008,家電,,傷や汚れあり,1,2026-03-06,509.0,163,21897
tr_03009,ファッション,brand_06,ほぼ新品,0,2026-03-28,,119,10062
tr_03010,家電,,新品,1,2026-04-29,267.0,30,2479800
tr_03011,家電,brand_08,ほぼ新品,1,2026-01-31,161.0,171,30104
tr_03012,スポーツ,brand_14,傷や汚れあり,1,2026-01-05,109.0,37,9629
tr_03013,本・音楽,brand_18,ほぼ新品,0,2026-02-26,400.0,41,1857
tr_03014,スポーツ,brand_17,新品,0,2026-01-31,544.0,73,16836
tr_03015,ファッション,brand_01,全体的に状態が悪い,0,2026-01-03,126.0,147,1195
tr_03016,家電,brand_10,ほぼ新品,0,2026-04-16,355.0,97,20206
tr_03017,ホビー,brand_04,ほぼ新品,1,2026-02-04,346.0,162,11513
tr_03018,ファッション,brand_13,全体的に状態が悪い,0,2026-04-26,450.0,112,2493
tr_03019,家電,,ほぼ新品,1,2026-03-05,354.0,150,22892
tr_03020,ホビー,brand_16,新品,0,2026-01-07,508.0,25,8502
tr_03021,家電,brand_12,ほぼ新品,0,2026-02-27,426.0,60,17783
tr_03022,ファッション,brand_09,新品,1,2026-02-02,369.0,81,10824
tr_03023,ファッション,brand_18,ほぼ新品,1,2026-02-14,466.0,62,11427
tr_03024,ホビー,brand_07,傷や汚れあり,0,2026-02-27,,153,6612
tr_03025,ファッション,brand_02,傷や汚れあり,1,2026-02-06,99.0,194,5146
tr_03026,スポーツ,brand_19,傷や汚れあり,1,2026-04-23,538.0,116,14306
tr_03027,家電,brand_01,傷や汚れあり,1,2026-04-16,552.0,54,32946
tr_03028,本・音楽,,傷や汚れあり,0,2026-03-16,,86,853
tr_03029,ホビー,brand_11,傷や汚れあり,0,2026-03-05,50.0,110,2065
tr_03030,スポーツ,brand_05,全体的に状態が悪い,0,2026-02-01,475.0,106,6422
tr_03031,スポーツ,brand_12,ほぼ新品,1,2026-01-04,288.0,75,7075
tr_03032,本・音楽,,全体的に状態が悪い,0,2026-02-07,544.0,83,633
tr_03033,家電,,ほぼ新品,0,2026-02-17,200.0,24,30930
tr_03034,家電,brand_11,傷や汚れあり,0,2026-01-08,143.0,221,8393
tr_03035,ホビー,,傷や汚れあり,0,2026-03-25,310.0,79,2687
tr_03036,ホビー,brand_02,傷や汚れあり,1,2026-02-25,471.0,44,1704
tr_03037,家電,brand_01,全体的に状態が悪い,0,2026-01-11,123.0,168,10098
tr_03038,本・音楽,,全体的に状態が悪い,0,2026-04-02,407.0,148,0
tr_03039,ホビー,brand_13,傷や汚れあり,0,2026-02-08,79.0,35,3969
