record_id,brand,model_code,color,bio,target
T00000,TSUBAKI,LF-1972,レッド,O O O O O O B-MODEL I-MODEL I-MODEL I-MODEL I-MODEL I-MODEL O B-BRAND I-BRAND I-BRAND I-BRAND I-BRAND I-BRAND I-BRAND O O O O O O O O O B-COLOR I-COLOR I-COLOR,TSUBAKI|LF-1972|レッド
T00001,TSUBAKI,E953-48,ネイビー,O O O O B-BRAND I-BRAND I-BRAND I-BRAND I-BRAND I-BRAND I-BRAND O B-COLOR I-COLOR I-COLOR I-COLOR O B-MODEL I-MODEL I-MODEL I-MODEL I-MODEL I-MODEL,TSUBAKI|E953-48|ネイビー
T00002,オオゾラ,7966-YX,ホワイト,B-MODEL I-MODEL I-MODEL I-MODEL I-MODEL I-MODEL I-MODEL O B-BRAND I-BRAND I-BRAND I-BRAND O B-COLOR I-COLOR I-COLOR I-COLOR O O O O,オオゾラ|7966-YX|ホワイト
T00003,AOI,5442-QI,レッド,O O O O O O O O B-BRAND I-BRAND I-BRAND O B-MODEL I-MODEL I-MODEL I-MODEL I-MODEL I-MODEL I-MODEL O B-COLOR I-COLOR I-COLOR,AOI|5442-QI|レッド
T00004,AOI,YU-5940,ネイビー,B-MODEL I-MODEL I-MODEL I-MODEL I-MODEL I-MODEL I-MODEL O B-BRAND I-BRAND I-BRAND O B-COLOR I-COLOR I-COLOR I-COLOR O O O O,AOI|YU-5940|ネイビー
T00005,KURO,ID-6345,シルバー,B-COLOR I-COLOR I-COLOR I-COLOR O B-MODEL I-MODEL I-MODEL I-MODEL I-MODEL I-MODEL I-MODEL O B-BRAND I-BRAND I-BRAND I-BRAND O O O O,KURO|ID-6345|シルバー
T00006,TSUBAKI,6595-OV,ブラック,O O O O O O O O O O O B-MODEL I-MODEL I-MODEL I-MODEL I-MODEL I-MODEL I-MODEL O B-COLOR I-COLOR I-COLOR I-COLOR O B-BRAND I-BRAND I-BRAND I-BRAND I-BRAND I-BRAND I-BRAND,TSUBAKI|6595-OV|ブラック
T00007,ミナヅキ,HE-6146,シルバー,B-MODEL I-MODEL I-MODEL I-MODEL I-MODEL I-MODEL I-MODEL B-COLOR I-COLOR I-COLOR I-COLOR B-BRAND I-BRAND I-BRAND I-BRAND O O O,ミナヅキ|HE-6146|シルバー
T00008,,7833-BP,グリーン,B-MODEL I-MODEL I-MODEL I-MODEL I-MODEL I-MODEL I-MODEL O B-COLOR I-COLOR I-COLOR I-COLOR O O O O,|7833-BP|グリーン
T00009,TSUBAKI,UE-2450,グリーン,B-COLOR I-COLOR I-COLOR I-COLOR B-MODEL I-MODEL I-MODEL I-MODEL I-MODEL I-MODEL I-MODEL O O O O O O O O O O,TSUBAKI|UE-2450|グリーン
T00010,アカネ電機,I963-68,レッド,B-BRAND I-BRAND I-BRAND I-BRAND I-BRAND O B-COLOR I-COLOR I-COLOR O B-MODEL I-MODEL I-MODEL I-MODEL I-MODEL I-MODEL O O O O,アカネ電機|I963-68|レッド
T00011,アカネ電機,J819-51,ホワイト,O O O O B-BRAND I-BRAND I-BRAND I-BRAND I-BRAND O B-COLOR I-COLOR I-COLOR I-COLOR O B-MODEL I-MODEL I-MODEL I-MODEL I-MODEL I-MODEL,アカネ電機|J819-51|ホワイト
T00012,アカネ電機,EM-6312,ブラック,B-COLOR I-COLOR I-COLOR I-COLOR B-MODEL I-MODEL I-MODEL I-MODEL I-MODEL I-MODEL I-MODEL B-BRAND I-BRAND I-BRAND I-BRAND I-BRAND O O O O O,アカネ電機|EM-6312|ブラック
T00013,セイランド,6946-XD,レッド,O O O O O O B-COLOR I-COLOR I-COLOR O B-BRAND I-BRAND I-BRAND I-BRAND I-BRAND O B-MODEL I-MODEL I-MODEL I-MODEL I-MODEL I-MODEL I-MODEL,セイランド|6946-XD|レッド
T00014,,5137-YD,ブラック,B-MODEL I-MODEL I-MODEL I-MODEL I-MODEL I-MODEL I-MODEL O O O O B-COLOR I-COLOR I-COLOR I-COLOR,|5137-YD|ブラック
T00015,,YQ-9396,ネイビー,O O O O O B-COLOR I-COLOR I-COLOR I-COLOR O O O O O O O B-MODEL I-MODEL I-MODEL I-MODEL I-MODEL I-MODEL,|YQ-9396|ネイビー
T00016,セイランド,7750-KW,シルバー,O O O O O O O O O O O O O O O O B-MODEL I-MODEL I-MODEL I-MODEL I-MODEL I-MODEL O B-COLOR I-COLOR I-COLOR I-COLOR O B-BRAND I-BRAND I-BRAND I-BRAND I-BRAND,セイランド|7750-KW|シルバー
T00017,ミドリワークス,XH-1285,シルバー,B-MODEL I-MODEL I-MODEL I-MODEL I-MODEL I-MODEL I-MODEL B-COLOR I-COLOR I-COLOR I-COLOR B-BRAND I-BRAND I-BRAND I-BRAND I-BRAND I-BRAND I-BRAND O O O O O,ミドリワークス|XH-1285|シルバー
T00018,ミドリワークス,CA-9844,ホワイト,O O O O O O O B-MODEL I-MODEL I-MODEL I-MODEL I-MODEL I-MODEL O O O O O O O B-BRAND I-BRAND I-BRAND I-BRAND I-BRAND I-BRAND I-BRAND O B-COLOR I-COLOR I-COLOR I-COLOR,ミドリワークス|CA-9844|ホワイト
T00019,シラユキ,IR-6445,ホワイト,O O O O O B-COLOR I-COLOR I-COLOR I-COLOR B-MODEL I-MODEL I-MODEL I-MODEL I-MODEL I-MODEL B-BRAND I-BRAND I-BRAND I-BRAND,シラユキ|IR-6445|ホワイト
T00020,セイランド,3851-UQ,シルバー,B-COLOR I-COLOR I-COLOR I-COLOR B-MODEL I-MODEL I-MODEL I-MODEL I-MODEL I-MODEL I-MODEL O O O O O O O B-BRAND I-BRAND I-BRAND I-BRAND I-BRAND,セイランド|3851-UQ|シルバー
T00021,ミドリワークス,Q855-40,シルバー,O O O O O O O B-BRAND I-BRAND I-BRAND I-BRAND I-BRAND I-BRAND I-BRAND O B-COLOR I-COLOR I-COLOR I-COLOR O O O O O B-MODEL I-MODEL I-MODEL I-MODEL I-MODEL I-MODEL I-MODEL,ミドリワークス|Q855-40|シルバー
T00022,AOI,QB-2725,ホワイト,B-BRAND I-BRAND I-BRAND O O O B-COLOR I-COLOR I-COLOR I-COLOR B-MODEL I-MODEL I-MODEL I-MODEL I-MODEL I-MODEL I-MODEL,AOI|QB-2725|ホワイト
T00023,オオゾラ,8022-FS,ブラック,B-BRAND I-BRAND I-BRAND I-BRAND B-COLOR I-COLOR I-COLOR I-COLOR O O O O O B-MODEL I-MODEL I-MODEL I-MODEL I-MODEL I-MODEL I-MODEL,オオゾラ|8022-FS|ブラック
T00024,オオゾラ,U389-58,グリーン,B-COLOR I-COLOR I-COLOR I-COLOR O B-BRAND I-BRAND I-BRAND I-BRAND O B-MODEL I-MODEL I-MODEL I-MODEL I-MODEL I-MODEL I-MODEL O O O O,オオゾラ|U389-58|グリーン
T00025,オオゾラ,QC-8338,シルバー,B-BRAND I-BRAND I-BRAND I-BRAND O B-COLOR I-COLOR I-COLOR I-COLOR O B-MODEL I-MODEL I-MODEL I-MODEL I-MODEL I-MODEL I-MODEL O O O O,オオゾラ|QC-8338|シルバー
T00026,ミドリワークス,N838-71,グリーン,O O O O O O O B-COLOR I-COLOR I-COLOR I-COLOR B-BRAND I-BRAND I-BRAND I-BRAND I-BRAND I-BRAND I-BRAND O O O B-MODEL I-MODEL I-MODEL I-MODEL I-MODEL I-MODEL I-MODEL,ミドリワークス|N838-71|グリーン
T00027,,2516-US,ブラック,B-COLOR I-COLOR I-COLOR I-COLOR O B-MODEL I-MODEL I-MODEL I-MODEL I-MODEL I-MODEL O O O O,|2516-US|ブラック
T00028,ノースピーク,ML-2320,ネイビー,O O O O O O O O B-BRAND I-BRAND I-BRAND I-BRAND I-BRAND I-BRAND O O O O O B-COLOR I-COLOR I-COLOR I-COLOR O B-MODEL I-MODEL I-MODEL I-MODEL I-MODEL I-MODEL I-MODEL,ノースピーク|ML-2320|ネイビー
T00029,ハヤブサ,ZE-5203,ホワイト,B-BRAND I-BRAND I-BRAND I-BRAND O O O O O B-COLOR I-COLOR I-COLOR I-COLOR O B-MODEL I-MODEL I-MODEL I-MODEL I-MODEL I-MODEL I-MODEL,ハヤブサ|ZE-5203|ホワイト
T00030,KURO,O329-38,ホワイト,O O O O O O O O B-MODEL I-MODEL I-MODEL I-MODEL I-MODEL I-MODEL I-MODEL O B-COLOR I-COLOR I-COLOR I-COLOR O B-BRAND I-BRAND I-BRAND I-BRAND,KURO|O329-38|ホワイト
T00031,ヤマブキ堂,SD-8905,レッド,O O O O O O B-MODEL I-MODEL I-MODEL I-MODEL I-MODEL I-MODEL I-MODEL O O O O O B-COLOR I-COLOR I-COLOR O B-BRAND I-BRAND I-BRAND I-BRAND I-BRAND,ヤマブキ堂|SD-8905|レッド
T00032,KURO,KG-1032,ネイビー,B-MODEL I-MODEL I-MODEL I-MODEL I-MODEL I-MODEL I-MODEL O O O O O B-BRAND I-BRAND I-BRAND I-BRAND O B-COLOR I-COLOR I-COLOR I-COLOR,KURO|KG-1032|ネイビー
T00033,,M843-32,ホワイト,B-COLOR I-COLOR I-COLOR I-COLOR B-MODEL I-MODEL I-MODEL I-MODEL I-MODEL I-MODEL O O O O O,|M843-32|ホワイト
T00034,オオゾラ,1884-YE,ホワイト,B-COLOR I-COLOR I-COLOR I-COLOR B-BRAND I-BRAND I-BRAND I-BRAND B-MODEL I-MODEL I-MODEL I-MODEL I-MODEL I-MODEL O O O O,オオゾラ|1884-YE|ホワイト
T00035,TSUBAKI,Z662-63,シルバー,B-COLOR I-COLOR I-COLOR I-COLOR B-BRAND I-BRAND I-BRAND I-BRAND I-BRAND I-BRAND I-BRAND B-MODEL I-MODEL I-MODEL I-MODEL I-MODEL I-MODEL O O O O O,TSUBAKI|Z662-63|シルバー
T00036,オオゾラ,7971-GT,レッド,O O O O B-MODEL I-MODEL I-MODEL I-MODEL I-MODEL I-MODEL B-COLOR I-COLOR I-COLOR B-BRAND I-BRAND I-BRAND I-BRAND,オオゾラ|7971-GT|レッド
T00037,ソライロ,M806-79,グリーン,B-BRAND I-BRAND I-BRAND I-BRAND O B-COLOR I-COLOR I-COLOR I-COLOR O O O O O O O O O O O,ソライロ|M806-79|グリーン
T00038,ヤマブキ堂,X478-53,シルバー,O O O O B-COLOR I-COLOR I-COLOR I-COLOR O B-MODEL I-MODEL I-MODEL I-MODEL I-MODEL I-MODEL I-MODEL O B-BRAND I-BRAND I-BRAND I-BRAND I-BRAND,ヤマブキ堂|X478-53|シルバー
T00039,シラユキ,6884-HK,グリーン,O O O O O O O O O O O O B-MODEL I-MODEL I-MODEL I-MODEL I-MODEL I-MODEL I-MODEL O B-COLOR I-COLOR I-COLOR I-COLOR O B-BRAND I-BRAND I-BRAND I-BRAND,シラユキ|6884-HK|グリーン
T00040,ミドリワークス,RG-1968,グリーン,O O O O O O B-MODEL I-MODEL I-MODEL I-MODEL I-MODEL I-MODEL O O O O O B-BRAND I-BRAND I-BRAND I-BRAND I-BRAND I-BRAND I-BRAND O B-COLOR I-COLOR I-COLOR I-COLOR,ミドリワークス|RG-1968|グリーン
T00041,TSUBAKI,1281-JW,レッド,B-MODEL I-MODEL I-MODEL I-MODEL I-MODEL I-MODEL O O O O O B-BRAND I-BRAND I-BRAND I-BRAND I-BRAND I-BRAND I-BRAND O B-COLOR I-COLOR I-COLOR,TSUBAKI|1281-JW|レッド
T00042,KURO,O448-12,ネイビー,B-COLOR I-COLOR I-COLOR I-COLOR O O O O O O O O O O O B-BRAND I-BRAND I-BRAND I-BRAND,KURO|O448-12|ネイビー
T00043,ソライロ,K149-82,レッド,O O O O O O O O O O B-MODEL I-MODEL I-MODEL I-MODEL I-MODEL I-MODEL O B-BRAND I-BRAND I-BRAND I-BRAND O B-COLOR I-COLOR I-COLOR,ソライロ|K149-82|レッド
T00044,ミナヅキ,5379-GG,シルバー,O O O O B-COLOR I-COLOR I-COLOR I-COLOR O B-BRAND I-BRAND I-BRAND I-BRAND O O O O O O O O,ミナヅキ|5379-GG|シルバー
T00045,TSUBAKI,DF-4540,ブラック,B-BRAND I-BRAND I-BRAND I-BRAND I-BRAND I-BRAND I-BRAND B-MODEL I-MODEL I-MODEL I-MODEL I-MODEL I-MODEL I-MODEL O O O B-COLOR I-COLOR I-COLOR I-COLOR,TSUBAKI|DF-4540|ブラック
T00046,TSUBAKI,W865-52,レッド,B-MODEL I-MODEL I-MODEL I-MODEL I-MODEL I-MODEL B-COLOR I-COLOR I-COLOR O O O O O O O O O O,TSUBAKI|W865-52|レッド
T00047,コハクワークス,LJ-9966,ホワイト,O O O O B-MODEL I-MODEL I-MODEL I-MODEL I-MODEL I-MODEL I-MODEL O B-BRAND I-BRAND I-BRAND I-BRAND I-BRAND I-BRAND I-BRAND O B-COLOR I-COLOR I-COLOR I-COLOR,コハクワークス|LJ-9966|ホワイト
T00048,TSUBAKI,O665-78,グリーン,B-MODEL I-MODEL I-MODEL I-MODEL I-MODEL I-MODEL I-MODEL B-BRAND I-BRAND I-BRAND I-BRAND I-BRAND I-BRAND I-BRAND O O O O O B-COLOR I-COLOR I-COLOR I-COLOR,TSUBAKI|O665-78|グリーン
T00049,セイランド,KI-2164,グリーン,B-BRAND I-BRAND I-BRAND I-BRAND I-BRAND O O O O O O O B-COLOR I-COLOR I-COLOR I-COLOR O B-MODEL I-MODEL I-MODEL I-MODEL I-MODEL I-MODEL I-MODEL,セイランド|KI-2164|グリーン
T00050,ノースピーク,E919-29,シルバー,B-MODEL I-MODEL I-MODEL I-MODEL I-MODEL I-MODEL I-MODEL O B-BRAND I-BRAND I-BRAND I-BRAND I-BRAND I-BRAND O O O O O O O B-COLOR I-COLOR I-COLOR I-COLOR,ノースピーク|E919-29|シルバー
T00051,ノースピーク,VG-1107,シルバー,B-MODEL I-MODEL I-MODEL I-MODEL I-MODEL I-MODEL O O O B-BRAND I-BRAND I-BRAND I-BRAND I-BRAND I-BRAND B-COLOR I-COLOR I-COLOR I-COLOR,ノースピーク|VG-1107|シルバー
T00052,コハクワークス,4364-GJ,レッド,B-BRAND I-BRAND I-BRAND I-BRAND I-BRAND I-BRAND I-BRAND O B-MODEL I-MODEL I-MODEL I-MODEL I-MODEL I-MODEL O B-COLOR I-COLOR I-COLOR O O O O O,コハクワークス|4364-GJ|レッド
T00053,オオゾラ,QT-6942,ブラック,O O O O O O O B-COLOR I-COLOR I-COLOR I-COLOR B-MODEL I-MODEL I-MODEL I-MODEL I-MODEL I-MODEL I-MODEL B-BRAND I-BRAND I-BRAND I-BRAND,オオゾラ|QT-6942|ブラック
T00054,シラユキ,3087-SU,グリーン,B-BRAND I-BRAND I-BRAND I-BRAND O B-MODEL I-MODEL I-MODEL I-MODEL I-MODEL I-MODEL O B-COLOR I-COLOR I-COLOR I-COLOR O O O O O O O O,シラユキ|3087-SU|グリーン
T00055,,SR-9716,ネイビー,B-COLOR I-COLOR I-COLOR I-COLOR O O O O O O O B-MODEL I-MODEL I-MODEL I-MODEL I-MODEL I-MODEL I-MODEL,|SR-9716|ネイビー
T00056,コハクワークス,T453-63,ホワイト,O O O O O O O O O O B-COLOR I-COLOR I-COLOR I-COLOR O B-MODEL I-MODEL I-MODEL I-MODEL I-MODEL I-MODEL I-MODEL O B-BRAND I-BRAND I-BRAND I-BRAND I-BRAND I-BRAND I-BRAND,コハクワークス|T453-63|ホワイト
T00057,ミナヅキ,ZH-9872,ブラック,B-MODEL I-MODEL I-MODEL I-MODEL I-MODEL I-MODEL I-MODEL B-COLOR I-COLOR I-COLOR I-COLOR B-BRAND I-BRAND I-BRAND I-BRAND O O O,ミナヅキ|ZH-9872|ブラック
T00058,コハクワークス,9051-NW,ホワイト,B-COLOR I-COLOR I-COLOR I-COLOR O B-MODEL I-MODEL I-MODEL I-MODEL I-MODEL I-MODEL O O O O O O O O O B-BRAND I-BRAND I-BRAND I-BRAND I-BRAND I-BRAND I-BRAND,コハクワークス|9051-NW|ホワイト
T00059,AOI,Y490-50,ホワイト,O O O O B-COLOR I-COLOR I-COLOR I-COLOR O B-BRAND I-BRAND I-BRAND O B-MODEL I-MODEL I-MODEL I-MODEL I-MODEL I-MODEL I-MODEL,AOI|Y490-50|ホワイト
T00060,KURO,6430-OK,グリーン,B-MODEL I-MODEL I-MODEL I-MODEL I-MODEL I-MODEL I-MODEL B-COLOR I-COLOR I-COLOR I-COLOR B-BRAND I-BRAND I-BRAND I-BRAND O O O,KURO|6430-OK|グリーン
T00061,コハクワークス,4399-KA,レッド,B-BRAND I-BRAND I-BRAND I-BRAND I-BRAND I-BRAND I-BRAND O B-MODEL I-MODEL I-MODEL I-MODEL I-MODEL I-MODEL I-MODEL O B-COLOR I-COLOR I-COLOR O O O O O O O O,コハクワークス|4399-KA|レッド
T00062,オオゾラ,R692-15,グリーン,O O O O O O B-MODEL I-MODEL I-MODEL I-MODEL I-MODEL I-MODEL I-MODEL O O O O O O O B-BRAND I-BRAND I-BRAND I-BRAND O B-COLOR I-COLOR I-COLOR I-COLOR,オオゾラ|R692-15|グリーン
T00063,KURO,B167-72,グリーン,O O O O O O B-COLOR I-COLOR I-COLOR I-COLOR O O O O O O O B-MODEL I-MODEL I-MODEL I-MODEL I-MODEL I-MODEL,KURO|B167-72|グリーン
T00064,ソライロ,I202-75,ネイビー,B-COLOR I-COLOR I-COLOR I-COLOR B-MODEL I-MODEL I-MODEL I-MODEL I-MODEL I-MODEL O O O B-BRAND I-BRAND I-BRAND I-BRAND,ソライロ|I202-75|ネイビー
T00065,ヤマブキ堂,J640-64,ホワイト,B-BRAND I-BRAND I-BRAND I-BRAND I-BRAND O O O O O B-MODEL I-MODEL I-MODEL I-MODEL I-MODEL I-MODEL I-MODEL O B-COLOR I-COLOR I-COLOR I-COLOR,ヤマブキ堂|J640-64|ホワイト
T00066,ゲンブ,3736-DI,レッド,O O O O O O B-MODEL I-MODEL I-MODEL I-MODEL I-MODEL I-MODEL I-MODEL O B-COLOR I-COLOR I-COLOR O B-BRAND I-BRAND I-BRAND,ゲンブ|3736-DI|レッド
T00067,ミドリワークス,6811-TB,レッド,B-BRAND I-BRAND I-BRAND I-BRAND I-BRAND I-BRAND I-BRAND O B-COLOR I-COLOR I-COLOR O O O O O O O O O B-MODEL I-MODEL I-MODEL I-MODEL I-MODEL I-MODEL I-MODEL,ミドリワークス|6811-TB|レッド
T00068,ヤマブキ堂,2732-PU,ブラック,O O O O O B-MODEL I-MODEL I-MODEL I-MODEL I-MODEL I-MODEL I-MODEL O B-COLOR I-COLOR I-COLOR I-COLOR O B-BRAND I-BRAND I-BRAND I-BRAND I-BRAND O O O O,ヤマブキ堂|2732-PU|ブラック
T00069,KURO,V816-70,レッド,O O O O O O O O O O O O O B-MODEL I-MODEL I-MODEL I-MODEL I-MODEL I-MODEL I-MODEL B-BRAND I-BRAND I-BRAND I-BRAND B-COLOR I-COLOR I-COLOR,KURO|V816-70|レッド
T00070,,S396-38,シルバー,O O O O O O O O O B-MODEL I-MODEL I-MODEL I-MODEL I-MODEL I-MODEL I-MODEL,|S396-38|シルバー
T00071,ソライロ,2168-NF,ホワイト,O O O O O O O O O O O O B-MODEL I-MODEL I-MODEL I-MODEL I-MODEL I-MODEL I-MODEL B-COLOR I-COLOR I-COLOR I-COLOR B-BRAND I-BRAND I-BRAND I-BRAND,ソライロ|2168-NF|ホワイト
T00072,ミドリワークス,4304-XW,ネイビー,B-MODEL I-MODEL I-MODEL I-MODEL I-MODEL I-MODEL I-MODEL O B-BRAND I-BRAND I-BRAND I-BRAND I-BRAND I-BRAND I-BRAND O B-COLOR I-COLOR I-COLOR I-COLOR O O O O,ミドリワークス|4304-XW|ネイビー
T00073,TSUBAKI,K952-59,ネイビー,B-BRAND I-BRAND I-BRAND I-BRAND I-BRAND I-BRAND I-BRAND B-COLOR I-COLOR I-COLOR I-COLOR O O O O B-MODEL I-MODEL I-MODEL I-MODEL I-MODEL I-MODEL I-MODEL,TSUBAKI|K952-59|ネイビー
T00074,ノースピーク,XX-8987,ブラック,O O O O O O O B-COLOR I-COLOR I-COLOR I-COLOR O O O O O O O O O B-BRAND I-BRAND I-BRAND I-BRAND I-BRAND I-BRAND O B-MODEL I-MODEL I-MODEL I-MODEL I-MODEL I-MODEL,ノースピーク|XX-8987|ブラック
T00075,オオゾラ,XO-1814,ホワイト,O O O O O O O B-MODEL I-MODEL I-MODEL I-MODEL I-MODEL I-MODEL I-MODEL B-BRAND I-BRAND I-BRAND I-BRAND,オオゾラ|XO-1814|ホワイト
T00076,ノースピーク,A672-63,ネイビー,O O O O O O O B-BRAND I-BRAND I-BRAND I-BRAND I-BRAND I-BRAND B-COLOR I-COLOR I-COLOR I-COLOR B-MODEL I-MODEL I-MODEL I-MODEL I-MODEL I-MODEL I-MODEL O O O,ノースピーク|A672-63|ネイビー
T00077,シラユキ,IO-7555,グリーン,B-MODEL I-MODEL I-MODEL I-MODEL I-MODEL I-MODEL I-MODEL O B-COLOR I-COLOR I-COLOR I-COLOR O B-BRAND I-BRAND I-BRAND I-BRAND O O O O O O O O,シラユキ|IO-7555|グリーン
T00078,セイランド,UX-6914,レッド,B-MODEL I-MODEL I-MODEL I-MODEL I-MODEL I-MODEL I-MODEL O B-COLOR I-COLOR I-COLOR O B-BRAND I-BRAND I-BRAND I-BRAND I-BRAND O O O O O O O O,セイランド|UX-6914|レッド
T00079,ハヤブサ,Q299-67,レッド,B-BRAND I-BRAND I-BRAND I-BRAND O B-MODEL I-MODEL I-MODEL I-MODEL I-MODEL I-MODEL I-MODEL O O O O O O O O O B-COLOR I-COLOR I-COLOR,ハヤブサ|Q299-67|レッド
T00080,,4657-UC,シルバー,O O O O B-COLOR I-COLOR I-COLOR I-COLOR O B-MODEL I-MODEL I-MODEL I-MODEL I-MODEL I-MODEL I-MODEL,|4657-UC|シルバー
T00081,セイランド,O565-69,シルバー,O O O O O O O O O O B-MODEL I-MODEL I-MODEL I-MODEL I-MODEL I-MODEL O B-BRAND I-BRAND I-BRAND I-BRAND I-BRAND O B-COLOR I-COLOR I-COLOR I-COLOR,セイランド|O565-69|シルバー
T00082,ミナヅキ,HP-7256,レッド,O O O O O B-MODEL I-MODEL I-MODEL I-MODEL I-MODEL I-MODEL I-MODEL O O O B-BRAND I-BRAND I-BRAND I-BRAND B-COLOR I-COLOR I-COLOR,ミナヅキ|HP-7256|レッド
T00083,KURO,7861-CV,レッド,B-BRAND I-BRAND I-BRAND I-BRAND O B-COLOR I-COLOR I-COLOR O B-MODEL I-MODEL I-MODEL I-MODEL I-MODEL I-MODEL I-MODEL O O O O O,KURO|7861-CV|レッド
T00084,ソライロ,JC-7659,グリーン,B-BRAND I-BRAND I-BRAND I-BRAND B-MODEL I-MODEL I-MODEL I-MODEL I-MODEL I-MODEL I-MODEL B-COLOR I-COLOR I-COLOR I-COLOR O O O O O,ソライロ|JC-7659|グリーン
T00085,,9466-NS,ネイビー,O O O O O O O B-MODEL I-MODEL I-MODEL I-MODEL I-MODEL I-MODEL I-MODEL B-COLOR I-COLOR I-COLOR I-COLOR O O O O,|9466-NS|ネイビー
T00086,セイランド,9746-ZX,レッド,B-MODEL I-MODEL I-MODEL I-MODEL I-MODEL I-MODEL I-MODEL O B-COLOR I-COLOR I-COLOR O B-BRAND I-BRAND I-BRAND I-BRAND I-BRAND O O O O,セイランド|9746-ZX|レッド
T00087,ハヤブサ,U646-64,シルバー,B-COLOR I-COLOR I-COLOR I-COLOR O B-MODEL I-MODEL I-MODEL I-MODEL I-MODEL I-MODEL I-MODEL O B-BRAND I-BRAND I-BRAND I-BRAND O O O O O O O O,ハヤブサ|U646-64|シルバー
T00088,ノースピーク,IK-7361,ブラック,B-COLOR I-COLOR I-COLOR I-COLOR B-BRAND I-BRAND I-BRAND I-BRAND I-BRAND I-BRAND O O B-MODEL I-MODEL I-MODEL I-MODEL I-MODEL I-MODEL I-MODEL,ノースピーク|IK-7361|ブラック
T00089,ノースピーク,TE-4284,シルバー,O O O B-MODEL I-MODEL I-MODEL I-MODEL I-MODEL I-MODEL B-BRAND I-BRAND I-BRAND I-BRAND I-BRAND I-BRAND B-COLOR I-COLOR I-COLOR I-COLOR,ノースピーク|TE-4284|シルバー
T00090,ミナヅキ,JM-3161,ブラック,O O O O O O O O B-MODEL I-MODEL I-MODEL I-MODEL I-MODEL I-MODEL B-COLOR I-COLOR I-COLOR I-COLOR O O O B-BRAND I-BRAND I-BRAND I-BRAND,ミナヅキ|JM-3161|ブラック
T00091,ミドリワークス,2898-MD,ブラック,O O O O O O O O B-COLOR I-COLOR I-COLOR I-COLOR O B-MODEL I-MODEL I-MODEL I-MODEL I-MODEL I-MODEL I-MODEL O B-BRAND I-BRAND I-BRAND I-BRAND I-BRAND I-BRAND I-BRAND,ミドリワークス|2898-MD|ブラック
T00092,シラユキ,PS-7946,グリーン,O O O B-COLOR I-COLOR I-COLOR I-COLOR B-BRAND I-BRAND I-BRAND I-BRAND B-MODEL I-MODEL I-MODEL I-MODEL I-MODEL I-MODEL,シラユキ|PS-7946|グリーン
T00093,ハヤブサ,4051-MG,シルバー,O O O O B-BRAND I-BRAND I-BRAND I-BRAND O B-MODEL I-MODEL I-MODEL I-MODEL I-MODEL I-MODEL I-MODEL O B-COLOR I-COLOR I-COLOR I-COLOR,ハヤブサ|4051-MG|シルバー
T00094,TSUBAKI,6147-NY,ホワイト,B-BRAND I-BRAND I-BRAND I-BRAND I-BRAND I-BRAND I-BRAND O O O O O O O B-COLOR I-COLOR I-COLOR I-COLOR O B-MODEL I-MODEL I-MODEL I-MODEL I-MODEL I-MODEL I-MODEL,TSUBAKI|6147-NY|ホワイト
T00095,,5068-IL,ネイビー,O O O O O O B-COLOR I-COLOR I-COLOR I-COLOR O B-MODEL I-MODEL I-MODEL I-MODEL I-MODEL I-MODEL I-MODEL,|5068-IL|ネイビー
T00096,セイランド,6957-GM,グリーン,O O O O O O O O O O O O O O O O B-MODEL I-MODEL I-MODEL I-MODEL I-MODEL I-MODEL O B-BRAND I-BRAND I-BRAND I-BRAND I-BRAND O B-COLOR I-COLOR I-COLOR I-COLOR,セイランド|6957-GM|グリーン
T00097,ソライロ,9397-GX,シルバー,O O O B-COLOR I-COLOR I-COLOR I-COLOR B-MODEL I-MODEL I-MODEL I-MODEL I-MODEL I-MODEL I-MODEL B-BRAND I-BRAND I-BRAND I-BRAND,ソライロ|9397-GX|シルバー
T00098,ヤマブキ堂,BT-6576,グリーン,O O O O B-BRAND I-BRAND I-BRAND I-BRAND I-BRAND O B-MODEL I-MODEL I-MODEL I-MODEL I-MODEL I-MODEL I-MODEL O B-COLOR I-COLOR I-COLOR I-COLOR,ヤマブキ堂|BT-6576|グリーン
T00099,ミドリワークス,M127-92,ホワイト,B-BRAND I-BRAND I-BRAND I-BRAND I-BRAND I-BRAND I-BRAND O O O O O B-MODEL I-MODEL I-MODEL I-MODEL I-MODEL I-MODEL I-MODEL O B-COLOR I-COLOR I-COLOR I-COLOR,ミドリワークス|M127-92|ホワイト
T00100,コハクワークス,8947-RS,ホワイト,O O O O O O B-BRAND I-BRAND I-BRAND I-BRAND I-BRAND I-BRAND I-BRAND O O O O O B-MODEL I-MODEL I-MODEL I-MODEL I-MODEL I-MODEL I-MODEL O B-COLOR I-COLOR I-COLOR I-COLOR,コハクワークス|8947-RS|ホワイト
T00101,,4907-HD,ホワイト,O O O O B-COLOR I-COLOR I-COLOR I-COLOR O B-MODEL I-MODEL I-MODEL I-MODEL I-MODEL I-MODEL I-MODEL,|4907-HD|ホワイト
T00102,セイランド,5672-IK,ブラック,O O O O O O B-COLOR I-COLOR I-COLOR I-COLOR B-BRAND I-BRAND I-BRAND I-BRAND I-BRAND B-MODEL I-MODEL I-MODEL I-MODEL I-MODEL I-MODEL I-MODEL O O O,セイランド|5672-IK|ブラック
T00103,ミナヅキ,3484-AH,シルバー,B-BRAND I-BRAND I-BRAND I-BRAND O B-MODEL I-MODEL I-MODEL I-MODEL I-MODEL I-MODEL I-MODEL O B-COLOR I-COLOR I-COLOR I-COLOR O O O O,ミナヅキ|3484-AH|シルバー
T00104,,9416-HH,レッド,B-COLOR I-COLOR I-COLOR O O O O O O O O,|9416-HH|レッド
T00105,コハクワークス,R127-61,ホワイト,O O O O B-COLOR I-COLOR I-COLOR I-COLOR O B-BRAND I-BRAND I-BRAND I-BRAND I-BRAND I-BRAND I-BRAND O B-MODEL I-MODEL I-MODEL I-MODEL I-MODEL I-MODEL I-MODEL,コハクワークス|R127-61|ホワイト
T00106,コハクワークス,6458-VT,シルバー,B-MODEL I-MODEL I-MODEL I-MODEL I-MODEL I-MODEL I-MODEL O O O O O B-BRAND I-BRAND I-BRAND I-BRAND I-BRAND I-BRAND I-BRAND O B-COLOR I-COLOR I-COLOR I-COLOR,コハクワークス|6458-VT|シルバー
T00107,,5502-PF,ホワイト,O O O O O O O O B-COLOR I-COLOR I-COLOR I-COLOR O O O O O O O B-MODEL I-MODEL I-MODEL I-MODEL I-MODEL I-MODEL I-MODEL,|5502-PF|ホワイト
T00108,ノースピーク,L817-82,シルバー,O O O O O O O O O O O O B-COLOR I-COLOR I-COLOR I-COLOR O B-MODEL I-MODEL I-MODEL I-MODEL I-MODEL I-MODEL O B-BRAND I-BRAND I-BRAND I-BRAND I-BRAND I-BRAND,ノースピーク|L817-82|シルバー
T00109,,4364-MR,ネイビー,O O O O O O O O O O O O B-MODEL I-MODEL I-MODEL I-MODEL I-MODEL I-MODEL I-MODEL B-COLOR I-COLOR I-COLOR I-COLOR,|4364-MR|ネイビー
T00110,,T369-14,ホワイト,B-COLOR I-COLOR I-COLOR I-COLOR O O O O O O O O O O O,|T369-14|ホワイト
T00111,コハクワークス,U716-50,グリーン,O O O O O B-COLOR I-COLOR I-COLOR I-COLOR B-BRAND I-BRAND I-BRAND I-BRAND I-BRAND I-BRAND I-BRAND B-MODEL I-MODEL I-MODEL I-MODEL I-MODEL I-MODEL,コハクワークス|U716-50|グリーン
T00112,,6665-HP,シルバー,O O O O O O O B-MODEL I-MODEL I-MODEL I-MODEL I-MODEL I-MODEL I-MODEL O B-COLOR I-COLOR I-COLOR I-COLOR O O O O,|6665-HP|シルバー
T00113,オオゾラ,9809-YX,レッド,B-COLOR I-COLOR I-COLOR O O O B-MODEL I-MODEL I-MODEL I-MODEL I-MODEL I-MODEL I-MODEL B-BRAND I-BRAND I-BRAND I-BRAND,オオゾラ|9809-YX|レッド
T00114,TSUBAKI,1875-JD,ブラック,B-MODEL I-MODEL I-MODEL I-MODEL I-MODEL I-MODEL I-MODEL O B-BRAND I-BRAND I-BRAND I-BRAND I-BRAND I-BRAND I-BRAND O B-COLOR I-COLOR I-COLOR I-COLOR O O O O O O,TSUBAKI|1875-JD|ブラック
T00115,,Y507-25,ブラック,B-MODEL I-MODEL I-MODEL I-MODEL I-MODEL I-MODEL I-MODEL B-COLOR I-COLOR I-COLOR I-COLOR O O O O,|Y507-25|ブラック
T00116,ゲンブ,6254-DU,レッド,B-BRAND I-BRAND I-BRAND O B-MODEL I-MODEL I-MODEL I-MODEL I-MODEL I-MODEL I-MODEL O O O O O O B-COLOR I-COLOR I-COLOR,ゲンブ|6254-DU|レッド
T00117,ヤマブキ堂,TQ-2142,シルバー,B-BRAND I-BRAND I-BRAND I-BRAND I-BRAND O B-MODEL I-MODEL I-MODEL I-MODEL I-MODEL I-MODEL I-MODEL O O O O O O O O O B-COLOR I-COLOR I-COLOR I-COLOR,ヤマブキ堂|TQ-2142|シルバー
T00118,AOI,SF-8434,レッド,O O O O O O O O B-MODEL I-MODEL I-MODEL I-MODEL I-MODEL I-MODEL I-MODEL O B-COLOR I-COLOR I-COLOR O B-BRAND I-BRAND I-BRAND,AOI|SF-8434|レッド
T00119,ハヤブサ,MV-8301,ブラック,B-MODEL I-MODEL I-MODEL I-MODEL I-MODEL I-MODEL B-COLOR I-COLOR I-COLOR I-COLOR B-BRAND I-BRAND I-BRAND I-BRAND O O O O,ハヤブサ|MV-8301|ブラック
T00120,シラユキ,F911-10,ホワイト,B-COLOR I-COLOR I-COLOR I-COLOR O B-MODEL I-MODEL I-MODEL I-MODEL I-MODEL I-MODEL I-MODEL O B-BRAND I-BRAND I-BRAND I-BRAND O O O O O O O O,シラユキ|F911-10|ホワイト
T00121,アカネ電機,MG-9429,シルバー,B-BRAND I-BRAND I-BRAND I-BRAND I-BRAND O O O B-COLOR I-COLOR I-COLOR I-COLOR B-MODEL I-MODEL I-MODEL I-MODEL I-MODEL I-MODEL,アカネ電機|MG-9429|シルバー
T00122,,K356-18,ネイビー,O O O O B-COLOR I-COLOR I-COLOR I-COLOR O O O O O O,|K356-18|ネイビー
T00123,ハヤブサ,YD-1286,ネイビー,O O O O O O O O O O O B-COLOR I-COLOR I-COLOR I-COLOR B-BRAND I-BRAND I-BRAND I-BRAND B-MODEL I-MODEL I-MODEL I-MODEL I-MODEL I-MODEL I-MODEL,ハヤブサ|YD-1286|ネイビー
T00124,AOI,T311-10,ブラック,O O O O O O B-COLOR I-COLOR I-COLOR I-COLOR O B-BRAND I-BRAND I-BRAND O B-MODEL I-MODEL I-MODEL I-MODEL I-MODEL I-MODEL I-MODEL,AOI|T311-10|ブラック
T00125,ゲンブ,5950-LI,ブラック,O O O O O O B-BRAND I-BRAND I-BRAND O B-MODEL I-MODEL I-MODEL I-MODEL I-MODEL I-MODEL I-MODEL O B-COLOR I-COLOR I-COLOR I-COLOR,ゲンブ|5950-LI|ブラック
T00126,ハヤブサ,CD-5479,レッド,O O O O O B-BRAND I-BRAND I-BRAND I-BRAND B-COLOR I-COLOR I-COLOR B-MODEL I-MODEL I-MODEL I-MODEL I-MODEL I-MODEL I-MODEL,ハヤブサ|CD-5479|レッド
T00127,シラユキ,9253-KU,ネイビー,B-MODEL I-MODEL I-MODEL I-MODEL I-MODEL I-MODEL I-MODEL O B-COLOR I-COLOR I-COLOR I-COLOR O O O O O B-BRAND I-BRAND I-BRAND I-BRAND,シラユキ|9253-KU|ネイビー
T00128,ソライロ,LW-3492,ブラック,O O O O O B-MODEL I-MODEL I-MODEL I-MODEL I-MODEL I-MODEL I-MODEL O B-BRAND I-BRAND I-BRAND I-BRAND O O O O O O O B-COLOR I-COLOR I-COLOR I-COLOR,ソライロ|LW-3492|ブラック
T00129,コハクワークス,CP-6947,シルバー,B-COLOR I-COLOR I-COLOR I-COLOR O B-MODEL I-MODEL I-MODEL I-MODEL I-MODEL I-MODEL O O O O O B-BRAND I-BRAND I-BRAND I-BRAND I-BRAND I-BRAND I-BRAND,コハクワークス|CP-6947|シルバー
T00130,ミドリワークス,5333-HH,ホワイト,B-COLOR I-COLOR I-COLOR I-COLOR O B-MODEL I-MODEL I-MODEL I-MODEL I-MODEL I-MODEL I-MODEL O O O O O B-BRAND I-BRAND I-BRAND I-BRAND I-BRAND I-BRAND I-BRAND,ミドリワークス|5333-HH|ホワイト
T00131,ソライロ,2881-ZK,ホワイト,B-BRAND I-BRAND I-BRAND I-BRAND O B-MODEL I-MODEL I-MODEL I-MODEL I-MODEL I-MODEL O B-COLOR I-COLOR I-COLOR I-COLOR O O O O,ソライロ|2881-ZK|ホワイト
T00132,,7001-NX,ブラック,O O O O O O B-MODEL I-MODEL I-MODEL I-MODEL I-MODEL I-MODEL O B-COLOR I-COLOR I-COLOR I-COLOR,|7001-NX|ブラック
T00133,シラユキ,Q873-95,ブラック,B-COLOR I-COLOR I-COLOR I-COLOR O O O O O B-MODEL I-MODEL I-MODEL I-MODEL I-MODEL I-MODEL I-MODEL O B-BRAND I-BRAND I-BRAND I-BRAND,シラユキ|Q873-95|ブラック
T00134,アカネ電機,SR-2610,ホワイト,O O O O O O O B-COLOR I-COLOR I-COLOR I-COLOR B-BRAND I-BRAND I-BRAND I-BRAND I-BRAND B-MODEL I-MODEL I-MODEL I-MODEL I-MODEL I-MODEL I-MODEL,アカネ電機|SR-2610|ホワイト
T00135,ハヤブサ,WO-4752,ホワイト,O O O O B-MODEL I-MODEL I-MODEL I-MODEL I-MODEL I-MODEL I-MODEL O B-BRAND I-BRAND I-BRAND I-BRAND O B-COLOR I-COLOR I-COLOR I-COLOR,ハヤブサ|WO-4752|ホワイト
T00136,アカネ電機,HC-2120,ブラック,O O O O B-MODEL I-MODEL I-MODEL I-MODEL I-MODEL I-MODEL O B-BRAND I-BRAND I-BRAND I-BRAND I-BRAND O B-COLOR I-COLOR I-COLOR I-COLOR,アカネ電機|HC-2120|ブラック
T00137,ゲンブ,SI-4356,シルバー,O O O B-COLOR I-COLOR I-COLOR I-COLOR B-MODEL I-MODEL I-MODEL I-MODEL I-MODEL I-MODEL I-MODEL B-BRAND I-BRAND I-BRAND,ゲンブ|SI-4356|シルバー
T00138,コハクワークス,L872-78,ネイビー,B-MODEL I-MODEL I-MODEL I-MODEL I-MODEL I-MODEL I-MODEL O O O O O B-BRAND I-BRAND I-BRAND I-BRAND I-BRAND I-BRAND I-BRAND O B-COLOR I-COLOR I-COLOR I-COLOR,コハクワークス|L872-78|ネイビー
T00139,ノースピーク,9690-ZV,ホワイト,B-BRAND I-BRAND I-BRAND I-BRAND I-BRAND I-BRAND B-COLOR I-COLOR I-COLOR I-COLOR B-MODEL I-MODEL I-MODEL I-MODEL I-MODEL I-MODEL O O O O O,ノースピーク|9690-ZV|ホワイト
T00140,セイランド,9819-FP,ブラック,O O O O O O O O B-BRAND I-BRAND I-BRAND I-BRAND I-BRAND B-MODEL I-MODEL I-MODEL I-MODEL I-MODEL I-MODEL I-MODEL B-COLOR I-COLOR I-COLOR I-COLOR,セイランド|9819-FP|ブラック
T00141,オオゾラ,6840-LS,ホワイト,B-BRAND I-BRAND I-BRAND I-BRAND O O O B-MODEL I-MODEL I-MODEL I-MODEL I-MODEL I-MODEL I-MODEL B-COLOR I-COLOR I-COLOR I-COLOR,オオゾラ|6840-LS|ホワイト
T00142,,3466-SQ,ネイビー,B-MODEL I-MODEL I-MODEL I-MODEL I-MODEL I-MODEL I-MODEL B-COLOR I-COLOR I-COLOR I-COLOR O O O O O O O,|3466-SQ|ネイビー
T00143,KURO,5365-OV,レッド,O O O B-BRAND I-BRAND I-BRAND I-BRAND O O O B-MODEL I-MODEL I-MODEL I-MODEL I-MODEL I-MODEL I-MODEL,KURO|5365-OV|レッド
T00144,ゲンブ,Z966-12,ネイビー,O O O O O O B-MODEL I-MODEL I-MODEL I-MODEL I-MODEL I-MODEL I-MODEL O B-BRAND I-BRAND I-BRAND O O O O O O O B-COLOR I-COLOR I-COLOR I-COLOR,ゲンブ|Z966-12|ネイビー
T00145,ハヤブサ,BR-8181,シルバー,B-MODEL I-MODEL I-MODEL I-MODEL I-MODEL I-MODEL I-MODEL O O O B-BRAND I-BRAND I-BRAND I-BRAND B-COLOR I-COLOR I-COLOR I-COLOR,ハヤブサ|BR-8181|シルバー
T00146,ミナヅキ,T380-26,ブラック,B-COLOR I-COLOR I-COLOR I-COLOR O O O O O O O O O B-BRAND I-BRAND I-BRAND I-BRAND O B-MODEL I-MODEL I-MODEL I-MODEL I-MODEL I-MODEL I-MODEL,ミナヅキ|T380-26|ブラック
T00147,,I660-89,ホワイト,B-COLOR I-COLOR I-COLOR I-COLOR O O O B-MODEL I-MODEL I-MODEL I-MODEL I-MODEL I-MODEL I-MODEL,|I660-89|ホワイト
T00148,ゲンブ,Z775-17,ネイビー,B-BRAND I-BRAND I-BRAND O O O B-MODEL I-MODEL I-MODEL I-MODEL I-MODEL I-MODEL I-MODEL B-COLOR I-COLOR I-COLOR I-COLOR,ゲンブ|Z775-17|ネイビー
T00149,アカネ電機,MW-3557,ネイビー,O O O B-MODEL I-MODEL I-MODEL I-MODEL I-MODEL I-MODEL I-MODEL B-COLOR I-COLOR I-COLOR I-COLOR B-BRAND I-BRAND I-BRAND I-BRAND I-BRAND,アカネ電機|MW-3557|ネイビー
T00150,コハクワークス,9173-VB,シルバー,B-BRAND I-BRAND I-BRAND I-BRAND I-BRAND I-BRAND I-BRAND O O O O O O O O O O O O O O O O B-COLOR I-COLOR I-COLOR I-COLOR,コハクワークス|9173-VB|シルバー
T00151,コハクワークス,V277-84,グリーン,O O O O O O O O O O B-BRAND I-BRAND I-BRAND I-BRAND I-BRAND I-BRAND I-BRAND O B-COLOR I-COLOR I-COLOR I-COLOR O B-MODEL I-MODEL I-MODEL I-MODEL I-MODEL I-MODEL I-MODEL,コハクワークス|V277-84|グリーン
T00152,シラユキ,E772-87,ブラック,O O O O O B-BRAND I-BRAND I-BRAND I-BRAND O O O B-COLOR I-COLOR I-COLOR I-COLOR B-MODEL I-MODEL I-MODEL I-MODEL I-MODEL I-MODEL I-MODEL,シラユキ|E772-87|ブラック
T00153,ノースピーク,G815-81,ホワイト,B-BRAND I-BRAND I-BRAND I-BRAND I-BRAND I-BRAND O B-COLOR I-COLOR I-COLOR I-COLOR O B-MODEL I-MODEL I-MODEL I-MODEL I-MODEL I-MODEL I-MODEL O O O O O O,ノースピーク|G815-81|ホワイト
T00154,アカネ電機,6171-YS,ネイビー,O O O O O B-BRAND I-BRAND I-BRAND I-BRAND I-BRAND O B-COLOR I-COLOR I-COLOR I-COLOR O B-MODEL I-MODEL I-MODEL I-MODEL I-MODEL I-MODEL I-MODEL,アカネ電機|6171-YS|ネイビー
T00155,ミナヅキ,LH-9117,ブラック,B-MODEL I-MODEL I-MODEL I-MODEL I-MODEL I-MODEL I-MODEL O B-COLOR I-COLOR I-COLOR I-COLOR O O O O O B-BRAND I-BRAND I-BRAND I-BRAND,ミナヅキ|LH-9117|ブラック
T00156,KURO,TR-5740,ブラック,B-COLOR I-COLOR I-COLOR I-COLOR B-BRAND I-BRAND I-BRAND I-BRAND O O O O O B-MODEL I-MODEL I-MODEL I-MODEL I-MODEL I-MODEL I-MODEL,KURO|TR-5740|ブラック
T00157,セイランド,N238-92,ネイビー,B-MODEL I-MODEL I-MODEL I-MODEL I-MODEL I-MODEL O O O O O O O B-COLOR I-COLOR I-COLOR I-COLOR O B-BRAND I-BRAND I-BRAND I-BRAND I-BRAND,セイランド|N238-92|ネイビー
T00158,ゲンブ,HT-8221,ホワイト,O O O O O O O B-MODEL I-MODEL I-MODEL I-MODEL I-MODEL I-MODEL I-MODEL B-COLOR I-COLOR I-COLOR I-COLOR O O O O B-BRAND I-BRAND I-BRAND,ゲンブ|HT-8221|ホワイト
T00159,ヤマブキ堂,W797-81,ブラック,O O O O O O O O O O O O O B-COLOR I-COLOR I-COLOR I-COLOR O B-BRAND I-BRAND I-BRAND I-BRAND I-BRAND,ヤマブキ堂|W797-81|ブラック
T00160,セイランド,1026-LD,ネイビー,B-COLOR I-COLOR I-COLOR I-COLOR O O O O O B-MODEL I-MODEL I-MODEL I-MODEL I-MODEL I-MODEL I-MODEL O B-BRAND I-BRAND I-BRAND I-BRAND I-BRAND,セイランド|1026-LD|ネイビー
T00161,ソライロ,2566-RM,ブラック,B-COLOR I-COLOR I-COLOR I-COLOR B-MODEL I-MODEL I-MODEL I-MODEL I-MODEL I-MODEL B-BRAND I-BRAND I-BRAND I-BRAND O O O,ソライロ|2566-RM|ブラック
T00162,,AN-7084,シルバー,O O O O O O O O B-MODEL I-MODEL I-MODEL I-MODEL I-MODEL I-MODEL O O O O O O O O O B-COLOR I-COLOR I-COLOR I-COLOR,|AN-7084|シルバー
T00163,,KN-4712,レッド,B-MODEL I-MODEL I-MODEL I-MODEL I-MODEL I-MODEL I-MODEL O O O O O O B-COLOR I-COLOR I-COLOR,|KN-4712|レッド
T00164,,B830-60,ネイビー,B-COLOR I-COLOR I-COLOR I-COLOR O O O O O O O O O B-MODEL I-MODEL I-MODEL I-MODEL I-MODEL I-MODEL I-MODEL,|B830-60|ネイビー
T00165,シラユキ,A234-32,ホワイト,B-COLOR I-COLOR I-COLOR I-COLOR O B-MODEL I-MODEL I-MODEL I-MODEL I-MODEL I-MODEL I-MODEL O O O O O O O B-BRAND I-BRAND I-BRAND I-BRAND,シラユキ|A234-32|ホワイト
T00166,TSUBAKI,IV-2530,ネイビー,B-MODEL I-MODEL I-MODEL I-MODEL I-MODEL I-MODEL I-MODEL O B-BRAND I-BRAND I-BRAND I-BRAND I-BRAND I-BRAND I-BRAND O B-COLOR I-COLOR I-COLOR I-COLOR O O O O O O,TSUBAKI|IV-2530|ネイビー
T00167,ヤマブキ堂,9663-CG,レッド,O O O O O B-COLOR I-COLOR I-COLOR O O O O O O O O O B-BRAND I-BRAND I-BRAND I-BRAND I-BRAND O B-MODEL I-MODEL I-MODEL I-MODEL I-MODEL I-MODEL I-MODEL,ヤマブキ堂|9663-CG|レッド
T00168,KURO,W935-85,シルバー,B-COLOR I-COLOR I-COLOR I-COLOR O B-BRAND I-BRAND I-BRAND I-BRAND O O O O O B-MODEL I-MODEL I-MODEL I-MODEL I-MODEL I-MODEL I-MODEL,KURO|W935-85|シルバー
T00169,オオゾラ,5000-DW,ネイビー,B-COLOR I-COLOR I-COLOR I-COLOR O O O O O O O B-BRAND I-BRAND I-BRAND I-BRAND O B-MODEL I-MODEL I-MODEL I-MODEL I-MODEL I-MODEL I-MODEL,オオゾラ|5000-DW|ネイビー
T00170,コハクワークス,8870-VG,ネイビー,O O O O O O O O O B-COLOR I-COLOR I-COLOR I-COLOR B-MODEL I-MODEL I-MODEL I-MODEL I-MODEL I-MODEL,コハクワークス|8870-VG|ネイビー
T00171,,7986-UO,ホワイト,O O O O O O O O O O O O O O O O O B-MODEL I-MODEL I-MODEL I-MODEL I-MODEL I-MODEL,|7986-UO|ホワイト
T00172,ノースピーク,Y338-84,グリーン,B-MODEL I-MODEL I-MODEL I-MODEL I-MODEL I-MODEL B-BRAND I-BRAND I-BRAND I-BRAND I-BRAND I-BRAND B-COLOR I-COLOR I-COLOR I-COLOR O O O,ノースピーク|Y338-84|グリーン
T00173,アカネ電機,6685-WE,シルバー,B-COLOR I-COLOR I-COLOR I-COLOR O B-BRAND I-BRAND I-BRAND I-BRAND I-BRAND O B-MODEL I-MODEL I-MODEL I-MODEL I-MODEL I-MODEL I-MODEL O O O O,アカネ電機|6685-WE|シルバー
T00174,コハクワークス,C666-71,レッド,O O O O B-BRAND I-BRAND I-BRAND I-BRAND I-BRAND I-BRAND I-BRAND O B-COLOR I-COLOR I-COLOR O O O O O O O,コハクワークス|C666-71|レッド
T00175,セイランド,PM-7993,グリーン,O O O O B-MODEL I-MODEL I-MODEL I-MODEL I-MODEL I-MODEL I-MODEL B-COLOR I-COLOR I-COLOR I-COLOR B-BRAND I-BRAND I-BRAND I-BRAND I-BRAND,セイランド|PM-7993|グリーン
T00176,TSUBAKI,Q140-73,シルバー,B-MODEL I-MODEL I-MODEL I-MODEL I-MODEL I-MODEL I-MODEL O O O O O O O B-BRAND I-BRAND I-BRAND I-BRAND I-BRAND I-BRAND I-BRAND O B-COLOR I-COLOR I-COLOR I-COLOR,TSUBAKI|Q140-73|シルバー
T00177,ノースピーク,AQ-8032,レッド,B-BRAND I-BRAND I-BRAND I-BRAND I-BRAND I-BRAND B-COLOR I-COLOR I-COLOR O O O O O B-MODEL I-MODEL I-MODEL I-MODEL I-MODEL I-MODEL I-MODEL,ノースピーク|AQ-8032|レッド
T00178,ヤマブキ堂,JY-1821,レッド,O O O O O B-MODEL I-MODEL I-MODEL I-MODEL I-MODEL I-MODEL I-MODEL B-COLOR I-COLOR I-COLOR B-BRAND I-BRAND I-BRAND I-BRAND I-BRAND,ヤマブキ堂|JY-1821|レッド
T00179,,YH-8535,シルバー,O O O O O O O B-COLOR I-COLOR I-COLOR I-COLOR O O O O O B-MODEL I-MODEL I-MODEL I-MODEL I-MODEL I-MODEL I-MODEL,|YH-8535|シルバー
T00180,ヤマブキ堂,AO-3189,シルバー,O O O O O B-COLOR I-COLOR I-COLOR I-COLOR O O O B-BRAND I-BRAND I-BRAND I-BRAND I-BRAND B-MODEL I-MODEL I-MODEL I-MODEL I-MODEL I-MODEL,ヤマブキ堂|AO-3189|シルバー
T00181,アカネ電機,4732-JT,ネイビー,B-COLOR I-COLOR I-COLOR I-COLOR O B-BRAND I-BRAND I-BRAND I-BRAND I-BRAND O O O O O O O B-MODEL I-MODEL I-MODEL I-MODEL I-MODEL I-MODEL I-MODEL,アカネ電機|4732-JT|ネイビー
T00182,ミナヅキ,KU-8940,ネイビー,B-COLOR I-COLOR I-COLOR I-COLOR O O O O O O O B-BRAND I-BRAND I-BRAND I-BRAND O B-MODEL I-MODEL I-MODEL I-MODEL I-MODEL I-MODEL,ミナヅキ|KU-8940|ネイビー
T00183,ヤマブキ堂,X905-41,シルバー,O O O O O O B-MODEL I-MODEL I-MODEL I-MODEL I-MODEL I-MODEL O B-COLOR I-COLOR I-COLOR I-COLOR O B-BRAND I-BRAND I-BRAND I-BRAND I-BRAND,ヤマブキ堂|X905-41|シルバー
T00184,ソライロ,9158-KA,ブラック,O O O O O O O O O O O O O O B-COLOR I-COLOR I-COLOR I-COLOR O B-MODEL I-MODEL I-MODEL I-MODEL I-MODEL I-MODEL I-MODEL O B-BRAND I-BRAND I-BRAND I-BRAND,ソライロ|9158-KA|ブラック
T00185,KURO,DH-2595,ブラック,B-COLOR I-COLOR I-COLOR I-COLOR O B-MODEL I-MODEL I-MODEL I-MODEL I-MODEL I-MODEL I-MODEL O O O O O O O B-BRAND I-BRAND I-BRAND I-BRAND,KURO|DH-2595|ブラック
T00186,ソライロ,L536-20,ホワイト,B-MODEL I-MODEL I-MODEL I-MODEL I-MODEL I-MODEL I-MODEL O B-BRAND I-BRAND I-BRAND I-BRAND O B-COLOR I-COLOR I-COLOR I-COLOR O O O O O O,ソライロ|L536-20|ホワイト
T00187,ゲンブ,Z904-13,グリーン,B-COLOR I-COLOR I-COLOR I-COLOR O B-MODEL I-MODEL I-MODEL I-MODEL I-MODEL I-MODEL I-MODEL O O O O O O B-BRAND I-BRAND I-BRAND,ゲンブ|Z904-13|グリーン
T00188,ハヤブサ,L124-22,ホワイト,O O O O B-MODEL I-MODEL I-MODEL I-MODEL I-MODEL I-MODEL I-MODEL O B-BRAND I-BRAND I-BRAND I-BRAND O B-COLOR I-COLOR I-COLOR I-COLOR,ハヤブサ|L124-22|ホワイト
T00189,AOI,PT-8314,グリーン,O O O O O B-COLOR I-COLOR I-COLOR I-COLOR O B-MODEL I-MODEL I-MODEL I-MODEL I-MODEL I-MODEL O B-BRAND I-BRAND I-BRAND O O O O O O,AOI|PT-8314|グリーン
T00190,ノースピーク,KP-2914,シルバー,B-MODEL I-MODEL I-MODEL I-MODEL I-MODEL I-MODEL I-MODEL O O O B-COLOR I-COLOR I-COLOR I-COLOR B-BRAND I-BRAND I-BRAND I-BRAND I-BRAND I-BRAND,ノースピーク|KP-2914|シルバー
T00191,ゲンブ,JD-8138,ネイビー,B-COLOR I-COLOR I-COLOR I-COLOR O B-MODEL I-MODEL I-MODEL I-MODEL I-MODEL I-MODEL I-MODEL O B-BRAND I-BRAND I-BRAND O O O O,ゲンブ|JD-8138|ネイビー
T00192,KURO,GS-2438,シルバー,O O O O O O O O O B-COLOR I-COLOR I-COLOR I-COLOR O B-MODEL I-MODEL I-MODEL I-MODEL I-MODEL I-MODEL I-MODEL O B-BRAND I-BRAND I-BRAND I-BRAND,KURO|GS-2438|シルバー
T00193,ミドリワークス,TH-1584,ネイビー,O O O O O B-MODEL I-MODEL I-MODEL I-MODEL I-MODEL I-MODEL O B-COLOR I-COLOR I-COLOR I-COLOR O B-BRAND I-BRAND I-BRAND I-BRAND I-BRAND I-BRAND I-BRAND,ミドリワークス|TH-1584|ネイビー
T00194,オオゾラ,4698-VE,ネイビー,B-BRAND I-BRAND I-BRAND I-BRAND O B-MODEL I-MODEL I-MODEL I-MODEL I-MODEL I-MODEL I-MODEL O B-COLOR I-COLOR I-COLOR I-COLOR O O O O O O O O,オオゾラ|4698-VE|ネイビー
T00195,アカネ電機,DD-9940,ブラック,O O O O B-COLOR I-COLOR I-COLOR I-COLOR O B-BRAND I-BRAND I-BRAND I-BRAND I-BRAND O B-MODEL I-MODEL I-MODEL I-MODEL I-MODEL I-MODEL I-MODEL,アカネ電機|DD-9940|ブラック
T00196,,SB-8737,ホワイト,B-MODEL I-MODEL I-MODEL I-MODEL I-MODEL I-MODEL I-MODEL O O O O O B-COLOR I-COLOR I-COLOR I-COLOR,|SB-8737|ホワイト
T00197,AOI,K589-97,ネイビー,O O O O O O O O O O O O B-BRAND I-BRAND I-BRAND O B-COLOR I-COLOR I-COLOR I-COLOR O B-MODEL I-MODEL I-MODEL I-MODEL I-MODEL I-MODEL I-MODEL,AOI|K589-97|ネイビー
T00198,セイランド,9520-TR,シルバー,B-BRAND I-BRAND I-BRAND I-BRAND I-BRAND O B-MODEL I-MODEL I-MODEL I-MODEL I-MODEL I-MODEL O B-COLOR I-COLOR I-COLOR I-COLOR O O O O,セイランド|9520-TR|シルバー
T00199,,C744-60,ホワイト,B-COLOR I-COLOR I-COLOR I-COLOR O B-MODEL I-MODEL I-MODEL I-MODEL I-MODEL I-MODEL O O O O,|C744-60|ホワイト
T00200,ハヤブサ,OD-7251,ブラック,O O O O O O O O B-MODEL I-MODEL I-MODEL I-MODEL I-MODEL I-MODEL O B-BRAND I-BRAND I-BRAND I-BRAND O B-COLOR I-COLOR I-COLOR I-COLOR,ハヤブサ|OD-7251|ブラック
T00201,ゲンブ,X316-22,シルバー,O O O O B-COLOR I-COLOR I-COLOR I-COLOR O B-MODEL I-MODEL I-MODEL I-MODEL I-MODEL I-MODEL O B-BRAND I-BRAND I-BRAND,ゲンブ|X316-22|シルバー
T00202,ソライロ,D534-77,レッド,B-BRAND I-BRAND I-BRAND I-BRAND O O O B-COLOR I-COLOR I-COLOR B-MODEL I-MODEL I-MODEL I-MODEL I-MODEL I-MODEL I-MODEL,ソライロ|D534-77|レッド
T00203,ハヤブサ,AE-8608,グリーン,O O O O O O B-BRAND I-BRAND I-BRAND I-BRAND O B-COLOR I-COLOR I-COLOR I-COLOR O B-MODEL I-MODEL I-MODEL I-MODEL I-MODEL I-MODEL,ハヤブサ|AE-8608|グリーン
T00204,,9243-YM,ホワイト,O O O O O O B-MODEL I-MODEL I-MODEL I-MODEL I-MODEL I-MODEL O B-COLOR I-COLOR I-COLOR I-COLOR O O O O O O O O,|9243-YM|ホワイト
T00205,アカネ電機,FF-6179,グリーン,O O O O O O O B-COLOR I-COLOR I-COLOR I-COLOR O O O O B-MODEL I-MODEL I-MODEL I-MODEL I-MODEL I-MODEL B-BRAND I-BRAND I-BRAND I-BRAND I-BRAND,アカネ電機|FF-6179|グリーン
T00206,ノースピーク,4105-VL,ネイビー,O O O O O O O O B-MODEL I-MODEL I-MODEL I-MODEL I-MODEL I-MODEL I-MODEL O B-BRAND I-BRAND I-BRAND I-BRAND I-BRAND I-BRAND O B-COLOR I-COLOR I-COLOR I-COLOR,ノースピーク|4105-VL|ネイビー
T00207,ゲンブ,H645-78,ネイビー,O O O O B-BRAND I-BRAND I-BRAND O O O O O O O O B-COLOR I-COLOR I-COLOR I-COLOR,ゲンブ|H645-78|ネイビー
T00208,,6585-PA,レッド,O O O O O O O O O B-COLOR I-COLOR I-COLOR O B-MODEL I-MODEL I-MODEL I-MODEL I-MODEL I-MODEL,|6585-PA|レッド
T00209,ゲンブ,QS-1932,ホワイト,B-BRAND I-BRAND I-BRAND B-COLOR I-COLOR I-COLOR I-COLOR B-MODEL I-MODEL I-MODEL I-MODEL I-MODEL I-MODEL O O O O O,ゲンブ|QS-1932|ホワイト
T00210,TSUBAKI,2155-NW,ホワイト,O O O B-COLOR I-COLOR I-COLOR I-COLOR B-BRAND I-BRAND I-BRAND I-BRAND I-BRAND I-BRAND I-BRAND B-MODEL I-MODEL I-MODEL I-MODEL I-MODEL I-MODEL I-MODEL,TSUBAKI|2155-NW|ホワイト
T00211,ノースピーク,W996-21,グリーン,O O O O B-BRAND I-BRAND I-BRAND I-BRAND I-BRAND I-BRAND O B-COLOR I-COLOR I-COLOR I-COLOR O B-MODEL I-MODEL I-MODEL I-MODEL I-MODEL I-MODEL I-MODEL,ノースピーク|W996-21|グリーン
T00212,ソライロ,WC-3118,ホワイト,O O O O O O B-BRAND I-BRAND I-BRAND I-BRAND O B-COLOR I-COLOR I-COLOR I-COLOR O B-MODEL I-MODEL I-MODEL I-MODEL I-MODEL I-MODEL I-MODEL,ソライロ|WC-3118|ホワイト
T00213,ミナヅキ,5997-IP,グリーン,O O O O O O O O B-MODEL I-MODEL I-MODEL I-MODEL I-MODEL I-MODEL I-MODEL O B-BRAND I-BRAND I-BRAND I-BRAND O B-COLOR I-COLOR I-COLOR I-COLOR,ミナヅキ|5997-IP|グリーン
T00214,AOI,L981-31,シルバー,B-MODEL I-MODEL I-MODEL I-MODEL I-MODEL I-MODEL I-MODEL O O O O O O O O O O O O B-COLOR I-COLOR I-COLOR I-COLOR,AOI|L981-31|シルバー
T00215,,K828-16,ホワイト,O O O O O O B-MODEL I-MODEL I-MODEL I-MODEL I-MODEL I-MODEL I-MODEL O B-COLOR I-COLOR I-COLOR I-COLOR,|K828-16|ホワイト
T00216,シラユキ,CR-4739,レッド,B-BRAND I-BRAND I-BRAND I-BRAND O O O O O O B-MODEL I-MODEL I-MODEL I-MODEL I-MODEL I-MODEL O B-COLOR I-COLOR I-COLOR,シラユキ|CR-4739|レッド
T00217,アカネ電機,BK-1464,レッド,O O O O O O O O O B-COLOR I-COLOR I-COLOR O B-BRAND I-BRAND I-BRAND I-BRAND I-BRAND O B-MODEL I-MODEL I-MODEL I-MODEL I-MODEL I-MODEL,アカネ電機|BK-1464|レッド
T00218,ヤマブキ堂,PL-4278,ブラック,B-COLOR I-COLOR I-COLOR I-COLOR O O O O O B-MODEL I-MODEL I-MODEL I-MODEL I-MODEL I-MODEL O B-BRAND I-BRAND I-BRAND I-BRAND I-BRAND,ヤマブキ堂|PL-4278|ブラック
T00219,ノースピーク,LO-6315,レッド,B-COLOR I-COLOR I-COLOR O O O O O O B-BRAND I-BRAND I-BRAND I-BRAND I-BRAND I-BRAND O B-MODEL I-MODEL I-MODEL I-MODEL I-MODEL I-MODEL I-MODEL,ノースピーク|LO-6315|レッド
T00220,,WF-9116,レッド,B-COLOR I-COLOR I-COLOR O B-MODEL I-MODEL I-MODEL I-MODEL I-MODEL I-MODEL I-MODEL O O O O O O,|WF-9116|レッド
T00221,アカネ電機,6963-PM,シルバー,O O O B-COLOR I-COLOR I-COLOR I-COLOR B-BRAND I-BRAND I-BRAND I-BRAND I-BRAND B-MODEL I-MODEL I-MODEL I-MODEL I-MODEL I-MODEL I-MODEL,アカネ電機|6963-PM|シルバー
T00222,アカネ電機,C589-41,レッド,O O O O B-COLOR I-COLOR I-COLOR O B-MODEL I-MODEL I-MODEL I-MODEL I-MODEL I-MODEL I-MODEL O B-BRAND I-BRAND I-BRAND I-BRAND I-BRAND,アカネ電機|C589-41|レッド
T00223,ハヤブサ,NW-5660,レッド,B-MODEL I-MODEL I-MODEL I-MODEL I-MODEL I-MODEL I-MODEL O B-BRAND I-BRAND I-BRAND I-BRAND O O O O O O O O O O,ハヤブサ|NW-5660|レッド
T00224,シラユキ,AO-9342,ネイビー,B-BRAND I-BRAND I-BRAND I-BRAND O O O O O B-COLOR I-COLOR I-COLOR I-COLOR B-MODEL I-MODEL I-MODEL I-MODEL I-MODEL I-MODEL I-MODEL,シラユキ|AO-9342|ネイビー
T00225,オオゾラ,2898-GJ,シルバー,O O O O O O O O B-BRAND I-BRAND I-BRAND I-BRAND O B-COLOR I-COLOR I-COLOR I-COLOR O O O O O O O O O B-MODEL I-MODEL I-MODEL I-MODEL I-MODEL I-MODEL,オオゾラ|2898-GJ|シルバー
T00226,AOI,MF-2489,ネイビー,B-COLOR I-COLOR I-COLOR I-COLOR O O O B-MODEL I-MODEL I-MODEL I-MODEL I-MODEL I-MODEL I-MODEL B-BRAND I-BRAND I-BRAND,AOI|MF-2489|ネイビー
T00227,,6677-KD,ホワイト,O O O O B-MODEL I-MODEL I-MODEL I-MODEL I-MODEL I-MODEL I-MODEL B-COLOR I-COLOR I-COLOR I-COLOR,|6677-KD|ホワイト
T00228,オオゾラ,TN-2791,グリーン,B-MODEL I-MODEL I-MODEL I-MODEL I-MODEL I-MODEL O B-BRAND I-BRAND I-BRAND I-BRAND O B-COLOR I-COLOR I-COLOR I-COLOR O O O O O,オオゾラ|TN-2791|グリーン
T00229,ハヤブサ,D419-26,ブラック,B-MODEL I-MODEL I-MODEL I-MODEL I-MODEL I-MODEL O B-COLOR I-COLOR I-COLOR I-COLOR O B-BRAND I-BRAND I-BRAND I-BRAND O O O O,ハヤブサ|D419-26|ブラック
T00230,ミドリワークス,8337-SW,ホワイト,B-MODEL I-MODEL I-MODEL I-MODEL I-MODEL I-MODEL I-MODEL B-COLOR I-COLOR I-COLOR I-COLOR O O O O O B-BRAND I-BRAND I-BRAND I-BRAND I-BRAND I-BRAND I-BRAND,ミドリワークス|8337-SW|ホワイト
T00231,,U431-97,ホワイト,O O O O B-COLOR I-COLOR I-COLOR I-COLOR O B-MODEL I-MODEL I-MODEL I-MODEL I-MODEL I-MODEL,|U431-97|ホワイト
T00232,ヤマブキ堂,2311-YY,グリーン,O O O O O B-BRAND I-BRAND I-BRAND I-BRAND I-BRAND O B-MODEL I-MODEL I-MODEL I-MODEL I-MODEL I-MODEL I-MODEL O O O O O O B-COLOR I-COLOR I-COLOR I-COLOR,ヤマブキ堂|2311-YY|グリーン
T00233,ノースピーク,F185-13,レッド,O O O O O B-MODEL I-MODEL I-MODEL I-MODEL I-MODEL I-MODEL I-MODEL O O O B-COLOR I-COLOR I-COLOR B-BRAND I-BRAND I-BRAND I-BRAND I-BRAND I-BRAND,ノースピーク|F185-13|レッド
T00234,TSUBAKI,6734-VI,ネイビー,B-BRAND I-BRAND I-BRAND I-BRAND I-BRAND I-BRAND I-BRAND O O O O O B-COLOR I-COLOR I-COLOR I-COLOR O B-MODEL I-MODEL I-MODEL I-MODEL I-MODEL I-MODEL,TSUBAKI|6734-VI|ネイビー
T00235,ハヤブサ,1452-NB,ブラック,B-COLOR I-COLOR I-COLOR I-COLOR O B-MODEL I-MODEL I-MODEL I-MODEL I-MODEL I-MODEL I-MODEL O O O O O O O B-BRAND I-BRAND I-BRAND I-BRAND,ハヤブサ|1452-NB|ブラック
T00236,,WI-5565,ホワイト,O O O O O O O O O O O O B-COLOR I-COLOR I-COLOR I-COLOR O B-MODEL I-MODEL I-MODEL I-MODEL I-MODEL I-MODEL I-MODEL,|WI-5565|ホワイト
T00237,TSUBAKI,2752-VN,ホワイト,B-COLOR I-COLOR I-COLOR I-COLOR O B-BRAND I-BRAND I-BRAND I-BRAND I-BRAND I-BRAND I-BRAND O O O O O O O B-MODEL I-MODEL I-MODEL I-MODEL I-MODEL I-MODEL I-MODEL,TSUBAKI|2752-VN|ホワイト
T00238,ミナヅキ,VK-3442,グリーン,B-BRAND I-BRAND I-BRAND I-BRAND O B-COLOR I-COLOR I-COLOR I-COLOR B-MODEL I-MODEL I-MODEL I-MODEL I-MODEL I-MODEL I-MODEL O O O O O O,ミナヅキ|VK-3442|グリーン
T00239,ミドリワークス,X507-98,シルバー,O O O O O O O O O O O O O B-BRAND I-BRAND I-BRAND I-BRAND I-BRAND I-BRAND I-BRAND O B-COLOR I-COLOR I-COLOR I-COLOR O B-MODEL I-MODEL I-MODEL I-MODEL I-MODEL I-MODEL I-MODEL,ミドリワークス|X507-98|シルバー
T00240,ハヤブサ,8882-MI,ホワイト,O O O O O O O O B-BRAND I-BRAND I-BRAND I-BRAND O B-MODEL I-MODEL I-MODEL I-MODEL I-MODEL I-MODEL I-MODEL O B-COLOR I-COLOR I-COLOR I-COLOR,ハヤブサ|8882-MI|ホワイト
T00241,オオゾラ,BZ-5368,ブラック,O O O B-COLOR I-COLOR I-COLOR I-COLOR O B-BRAND I-BRAND I-BRAND I-BRAND O B-MODEL I-MODEL I-MODEL I-MODEL I-MODEL I-MODEL,オオゾラ|BZ-5368|ブラック
T00242,アカネ電機,4334-RG,レッド,O O O O O O O O O B-MODEL I-MODEL I-MODEL I-MODEL I-MODEL I-MODEL B-BRAND I-BRAND I-BRAND I-BRAND I-BRAND B-COLOR I-COLOR I-COLOR,アカネ電機|4334-RG|レッド
T00243,ヤマブキ堂,YO-5719,シルバー,B-COLOR I-COLOR I-COLOR I-COLOR O B-BRAND I-BRAND I-BRAND I-BRAND I-BRAND O B-MODEL I-MODEL I-MODEL I-MODEL I-MODEL I-MODEL I-MODEL O O O O O O,ヤマブキ堂|YO-5719|シルバー
T00244,ミナヅキ,7928-MX,ブラック,O O O O O O O O B-MODEL I-MODEL I-MODEL I-MODEL I-MODEL I-MODEL I-MODEL O B-COLOR I-COLOR I-COLOR I-COLOR,ミナヅキ|7928-MX|ブラック
T00245,シラユキ,2127-OR,シルバー,B-COLOR I-COLOR I-COLOR I-COLOR O O O O O B-BRAND I-BRAND I-BRAND I-BRAND O O O O O O O,シラユキ|2127-OR|シルバー
T00246,アカネ電機,MQ-4939,ホワイト,B-COLOR I-COLOR I-COLOR I-COLOR B-BRAND I-BRAND I-BRAND I-BRAND I-BRAND O O O O O B-MODEL I-MODEL I-MODEL I-MODEL I-MODEL I-MODEL,アカネ電機|MQ-4939|ホワイト
T00247,オオゾラ,A923-45,ホワイト,B-COLOR I-COLOR I-COLOR I-COLOR O O O B-BRAND I-BRAND I-BRAND I-BRAND O O O O O,オオゾラ|A923-45|ホワイト
T00248,AOI,DL-8874,グリーン,O O O O O B-MODEL I-MODEL I-MODEL I-MODEL I-MODEL I-MODEL I-MODEL O O O O O B-BRAND I-BRAND I-BRAND O B-COLOR I-COLOR I-COLOR I-COLOR,AOI|DL-8874|グリーン
T00249,,1625-GK,ホワイト,O O O O O O O B-MODEL I-MODEL I-MODEL I-MODEL I-MODEL I-MODEL I-MODEL B-COLOR I-COLOR I-COLOR I-COLOR,|1625-GK|ホワイト
T00250,ソライロ,GJ-2972,ネイビー,O O O O B-BRAND I-BRAND I-BRAND I-BRAND O B-COLOR I-COLOR I-COLOR I-COLOR O B-MODEL I-MODEL I-MODEL I-MODEL I-MODEL I-MODEL,ソライロ|GJ-2972|ネイビー
T00251,ゲンブ,8666-JB,ブラック,O O O O O O O O B-MODEL I-MODEL I-MODEL I-MODEL I-MODEL I-MODEL I-MODEL B-COLOR I-COLOR I-COLOR I-COLOR B-BRAND I-BRAND I-BRAND,ゲンブ|8666-JB|ブラック
T00252,AOI,R475-24,シルバー,O O O O O O B-MODEL I-MODEL I-MODEL I-MODEL I-MODEL I-MODEL O B-BRAND I-BRAND I-BRAND O O O O O B-COLOR I-COLOR I-COLOR I-COLOR,AOI|R475-24|シルバー
T00253,ノースピーク,O549-50,グリーン,B-COLOR I-COLOR I-COLOR I-COLOR O O O O O B-BRAND I-BRAND I-BRAND I-BRAND I-BRAND I-BRAND B-MODEL I-MODEL I-MODEL I-MODEL I-MODEL I-MODEL I-MODEL,ノースピーク|O549-50|グリーン
T00254,AOI,1671-GM,レッド,O O O O O O O O B-MODEL I-MODEL I-MODEL I-MODEL I-MODEL I-MODEL I-MODEL O B-COLOR I-COLOR I-COLOR O B-BRAND I-BRAND I-BRAND O O O O O O O O,AOI|1671-GM|レッド
T00255,セイランド,EX-3610,グリーン,O O O O O O O O O O O O O B-COLOR I-COLOR I-COLOR I-COLOR B-BRAND I-BRAND I-BRAND I-BRAND I-BRAND O O O O O,セイランド|EX-3610|グリーン
T00256,AOI,D914-81,ホワイト,B-BRAND I-BRAND I-BRAND O B-MODEL I-MODEL I-MODEL I-MODEL I-MODEL I-MODEL I-MODEL O B-COLOR I-COLOR I-COLOR I-COLOR O O O O O O,AOI|D914-81|ホワイト
T00257,,BE-9557,レッド,O O O O O O O O O O O O B-COLOR I-COLOR I-COLOR O B-MODEL I-MODEL I-MODEL I-MODEL I-MODEL I-MODEL I-MODEL,|BE-9557|レッド
T00258,オオゾラ,I854-34,シルバー,B-COLOR I-COLOR I-COLOR I-COLOR B-MODEL I-MODEL I-MODEL I-MODEL I-MODEL I-MODEL O O O O B-BRAND I-BRAND I-BRAND I-BRAND,オオゾラ|I854-34|シルバー
T00259,,JI-3678,ホワイト,B-COLOR I-COLOR I-COLOR I-COLOR O O O O O B-MODEL I-MODEL I-MODEL I-MODEL I-MODEL I-MODEL,|JI-3678|ホワイト
T00260,セイランド,N560-77,ホワイト,B-BRAND I-BRAND I-BRAND I-BRAND I-BRAND O B-COLOR I-COLOR I-COLOR I-COLOR O O O O O O O B-MODEL I-MODEL I-MODEL I-MODEL I-MODEL I-MODEL I-MODEL,セイランド|N560-77|ホワイト
T00261,ゲンブ,D240-35,ホワイト,B-MODEL I-MODEL I-MODEL I-MODEL I-MODEL I-MODEL I-MODEL B-COLOR I-COLOR I-COLOR I-COLOR B-BRAND I-BRAND I-BRAND O O O,ゲンブ|D240-35|ホワイト
T00262,TSUBAKI,S653-70,ホワイト,B-BRAND I-BRAND I-BRAND I-BRAND I-BRAND I-BRAND I-BRAND O O O O O O O O O B-MODEL I-MODEL I-MODEL I-MODEL I-MODEL I-MODEL I-MODEL,TSUBAKI|S653-70|ホワイト
T00263,TSUBAKI,4842-BY,ホワイト,B-BRAND I-BRAND I-BRAND I-BRAND I-BRAND I-BRAND I-BRAND B-COLOR I-COLOR I-COLOR I-COLOR O O O O O B-MODEL I-MODEL I-MODEL I-MODEL I-MODEL I-MODEL I-MODEL,TSUBAKI|4842-BY|ホワイト
T00264,ハヤブサ,5349-RL,ネイビー,B-MODEL I-MODEL I-MODEL I-MODEL I-MODEL I-MODEL O B-COLOR I-COLOR I-COLOR I-COLOR O B-BRAND I-BRAND I-BRAND I-BRAND O O O O O O O O,ハヤブサ|5349-RL|ネイビー
T00265,ゲンブ,WL-6964,グリーン,B-BRAND I-BRAND I-BRAND O B-COLOR I-COLOR I-COLOR I-COLOR O O O O O B-MODEL I-MODEL I-MODEL I-MODEL I-MODEL I-MODEL,ゲンブ|WL-6964|グリーン
T00266,,4604-FL,レッド,B-COLOR I-COLOR I-COLOR O O O O O O O O O B-MODEL I-MODEL I-MODEL I-MODEL I-MODEL I-MODEL I-MODEL,|4604-FL|レッド
T00267,ヤマブキ堂,H457-61,グリーン,B-COLOR I-COLOR I-COLOR I-COLOR O B-BRAND I-BRAND I-BRAND I-BRAND I-BRAND O B-MODEL I-MODEL I-MODEL I-MODEL I-MODEL I-MODEL O O O O,ヤマブキ堂|H457-61|グリーン
T00268,AOI,3575-ZE,ホワイト,O O O O O B-MODEL I-MODEL I-MODEL I-MODEL I-MODEL I-MODEL I-MODEL O O O O O B-COLOR I-COLOR I-COLOR I-COLOR O B-BRAND I-BRAND I-BRAND,AOI|3575-ZE|ホワイト
T00269,AOI,1242-PZ,ブラック,B-BRAND I-BRAND I-BRAND O O O O O B-MODEL I-MODEL I-MODEL I-MODEL I-MODEL I-MODEL I-MODEL O B-COLOR I-COLOR I-COLOR I-COLOR,AOI|1242-PZ|ブラック
T00270,TSUBAKI,1717-OF,ホワイト,B-MODEL I-MODEL I-MODEL I-MODEL I-MODEL I-MODEL O O O O O O O O O O O O B-COLOR I-COLOR I-COLOR I-COLOR,TSUBAKI|1717-OF|ホワイト
T00271,ノースピーク,JS-1084,ネイビー,B-MODEL I-MODEL I-MODEL I-MODEL I-MODEL I-MODEL I-MODEL O B-BRAND I-BRAND I-BRAND I-BRAND I-BRAND I-BRAND O O O O O O O O O O,ノースピーク|JS-1084|ネイビー
T00272,TSUBAKI,GN-9283,グリーン,O O O B-BRAND I-BRAND I-BRAND I-BRAND I-BRAND I-BRAND I-BRAND O O O B-MODEL I-MODEL I-MODEL I-MODEL I-MODEL I-MODEL I-MODEL,TSUBAKI|GN-9283|グリーン
T00273,ミナヅキ,SV-1092,ホワイト,O O O O O O O O B-COLOR I-COLOR I-COLOR I-COLOR O B-MODEL I-MODEL I-MODEL I-MODEL I-MODEL I-MODEL I-MODEL O B-BRAND I-BRAND I-BRAND I-BRAND O O O O,ミナヅキ|SV-1092|ホワイト
T00274,ヤマブキ堂,Y495-91,ホワイト,B-COLOR I-COLOR I-COLOR I-COLOR O B-BRAND I-BRAND I-BRAND I-BRAND I-BRAND O O O O O B-MODEL I-MODEL I-MODEL I-MODEL I-MODEL I-MODEL I-MODEL,ヤマブキ堂|Y495-91|ホワイト
T00275,AOI,Z148-32,ネイビー,O O O O O O O O B-BRAND I-BRAND I-BRAND O O O O O B-COLOR I-COLOR I-COLOR I-COLOR O B-MODEL I-MODEL I-MODEL I-MODEL I-MODEL I-MODEL I-MODEL,AOI|Z148-32|ネイビー
T00276,ソライロ,7786-CQ,レッド,B-BRAND I-BRAND I-BRAND I-BRAND O O O O O O O O O O O O B-COLOR I-COLOR I-COLOR,ソライロ|7786-CQ|レッド
T00277,セイランド,S615-24,ホワイト,B-BRAND I-BRAND I-BRAND I-BRAND I-BRAND B-COLOR I-COLOR I-COLOR I-COLOR O O O B-MODEL I-MODEL I-MODEL I-MODEL I-MODEL I-MODEL I-MODEL,セイランド|S615-24|ホワイト
T00278,,F626-27,ホワイト,B-COLOR I-COLOR I-COLOR I-COLOR O B-MODEL I-MODEL I-MODEL I-MODEL I-MODEL I-MODEL O O O O,|F626-27|ホワイト
T00279,コハクワークス,DP-8095,ブラック,B-MODEL I-MODEL I-MODEL I-MODEL I-MODEL I-MODEL I-MODEL B-BRAND I-BRAND I-BRAND I-BRAND I-BRAND I-BRAND I-BRAND O O O O B-COLOR I-COLOR I-COLOR I-COLOR,コハクワークス|DP-8095|ブラック
T00280,KURO,LK-7823,ブラック,B-MODEL I-MODEL I-MODEL I-MODEL I-MODEL I-MODEL O O O B-COLOR I-COLOR I-COLOR I-COLOR B-BRAND I-BRAND I-BRAND I-BRAND,KURO|LK-7823|ブラック
T00281,ゲンブ,A334-71,グリーン,B-BRAND I-BRAND I-BRAND O O O O O O O O O B-COLOR I-COLOR I-COLOR I-COLOR O B-MODEL I-MODEL I-MODEL I-MODEL I-MODEL I-MODEL,ゲンブ|A334-71|グリーン
T00282,,WC-7106,グリーン,O O O B-COLOR I-COLOR I-COLOR I-COLOR B-MODEL I-MODEL I-MODEL I-MODEL I-MODEL I-MODEL I-MODEL,|WC-7106|グリーン
T00283,,M989-95,シルバー,B-COLOR I-COLOR I-COLOR I-COLOR O O O O O B-MODEL I-MODEL I-MODEL I-MODEL I-MODEL I-MODEL I-MODEL,|M989-95|シルバー
T00284,シラユキ,X267-62,レッド,B-COLOR I-COLOR I-COLOR O O O O O B-MODEL I-MODEL I-MODEL I-MODEL I-MODEL I-MODEL O B-BRAND I-BRAND I-BRAND I-BRAND,シラユキ|X267-62|レッド
T00285,コハクワークス,MT-9232,ネイビー,O O O O O O O O O O O O O O B-MODEL I-MODEL I-MODEL I-MODEL I-MODEL I-MODEL O B-COLOR I-COLOR I-COLOR I-COLOR O B-BRAND I-BRAND I-BRAND I-BRAND I-BRAND I-BRAND I-BRAND,コハクワークス|MT-9232|ネイビー
T00286,ソライロ,D973-13,グリーン,O O O O O O O O B-MODEL I-MODEL I-MODEL I-MODEL I-MODEL I-MODEL I-MODEL O B-COLOR I-COLOR I-COLOR I-COLOR O O O O O B-BRAND I-BRAND I-BRAND I-BRAND,ソライロ|D973-13|グリーン
T00287,ミナヅキ,ZL-1320,ネイビー,B-MODEL I-MODEL I-MODEL I-MODEL I-MODEL I-MODEL I-MODEL O O O B-COLOR I-COLOR I-COLOR I-COLOR B-BRAND I-BRAND I-BRAND I-BRAND,ミナヅキ|ZL-1320|ネイビー
T00288,,ZK-9728,グリーン,O O O O O O O O O O O O B-MODEL I-MODEL I-MODEL I-MODEL I-MODEL I-MODEL I-MODEL O B-COLOR I-COLOR I-COLOR I-COLOR,|ZK-9728|グリーン
T00289,コハクワークス,NH-3041,グリーン,B-MODEL I-MODEL I-MODEL I-MODEL I-MODEL I-MODEL I-MODEL O O O B-COLOR I-COLOR I-COLOR I-COLOR B-BRAND I-BRAND I-BRAND I-BRAND I-BRAND I-BRAND I-BRAND,コハクワークス|NH-3041|グリーン
T00290,コハクワークス,4055-BP,レッド,O O O O B-BRAND I-BRAND I-BRAND I-BRAND I-BRAND I-BRAND I-BRAND O B-COLOR I-COLOR I-COLOR O B-MODEL I-MODEL I-MODEL I-MODEL I-MODEL I-MODEL I-MODEL,コハクワークス|4055-BP|レッド
T00291,ハヤブサ,S953-48,ブラック,O O O O O O O B-BRAND I-BRAND I-BRAND I-BRAND O B-MODEL I-MODEL I-MODEL I-MODEL I-MODEL I-MODEL I-MODEL O B-COLOR I-COLOR I-COLOR I-COLOR O O O O,ハヤブサ|S953-48|ブラック
T00292,ゲンブ,3574-CO,ネイビー,O O O O O O O B-COLOR I-COLOR I-COLOR I-COLOR B-MODEL I-MODEL I-MODEL I-MODEL I-MODEL I-MODEL I-MODEL B-BRAND I-BRAND I-BRAND,ゲンブ|3574-CO|ネイビー
T00293,KURO,8004-RS,グリーン,B-MODEL I-MODEL I-MODEL I-MODEL I-MODEL I-MODEL I-MODEL B-COLOR I-COLOR I-COLOR I-COLOR B-BRAND I-BRAND I-BRAND I-BRAND O O O,KURO|8004-RS|グリーン
T00294,TSUBAKI,E751-41,ホワイト,O O O O B-BRAND I-BRAND I-BRAND I-BRAND I-BRAND I-BRAND I-BRAND O B-MODEL I-MODEL I-MODEL I-MODEL I-MODEL I-MODEL O B-COLOR I-COLOR I-COLOR I-COLOR,TSUBAKI|E751-41|ホワイト
T00295,,ZN-1375,ホワイト,O O O O O O O O B-COLOR I-COLOR I-COLOR I-COLOR B-MODEL I-MODEL I-MODEL I-MODEL I-MODEL I-MODEL O O O,|ZN-1375|ホワイト
T00296,アカネ電機,R645-90,レッド,B-BRAND I-BRAND I-BRAND I-BRAND I-BRAND B-COLOR I-COLOR I-COLOR O O O O O O O O O O O,アカネ電機|R645-90|レッド
T00297,TSUBAKI,W680-59,レッド,B-BRAND I-BRAND I-BRAND I-BRAND I-BRAND I-BRAND I-BRAND B-MODEL I-MODEL I-MODEL I-MODEL I-MODEL I-MODEL I-MODEL B-COLOR I-COLOR I-COLOR O O O,TSUBAKI|W680-59|レッド
T00298,ミナヅキ,X982-91,シルバー,O O O O O B-BRAND I-BRAND I-BRAND I-BRAND O B-MODEL I-MODEL I-MODEL I-MODEL I-MODEL I-MODEL I-MODEL O O O O O B-COLOR I-COLOR I-COLOR I-COLOR,ミナヅキ|X982-91|シルバー
T00299,,KT-3364,レッド,B-MODEL I-MODEL I-MODEL I-MODEL I-MODEL I-MODEL B-COLOR I-COLOR I-COLOR O O O,|KT-3364|レッド
T00300,オオゾラ,S571-51,ホワイト,O O O O B-COLOR I-COLOR I-COLOR I-COLOR B-BRAND I-BRAND I-BRAND I-BRAND B-MODEL I-MODEL I-MODEL I-MODEL I-MODEL I-MODEL,オオゾラ|S571-51|ホワイト
T00301,,I953-81,レッド,O O O O O O O O O O O O O O O O O,|I953-81|レッド
T00302,ミナヅキ,WO-5627,レッド,O O O O O O O O O B-BRAND I-BRAND I-BRAND I-BRAND B-MODEL I-MODEL I-MODEL I-MODEL I-MODEL I-MODEL I-MODEL B-COLOR I-COLOR I-COLOR,ミナヅキ|WO-5627|レッド
T00303,AOI,3916-AL,ホワイト,B-COLOR I-COLOR I-COLOR I-COLOR B-BRAND I-BRAND I-BRAND B-MODEL I-MODEL I-MODEL I-MODEL I-MODEL I-MODEL O O O,AOI|3916-AL|ホワイト
T00304,ミナヅキ,N629-43,ブラック,O O O O O B-MODEL I-MODEL I-MODEL I-MODEL I-MODEL I-MODEL O B-COLOR I-COLOR I-COLOR I-COLOR O B-BRAND I-BRAND I-BRAND I-BRAND O O O O O O,ミナヅキ|N629-43|ブラック
T00305,ミドリワークス,9804-IT,ブラック,O O O O O O O O B-COLOR I-COLOR I-COLOR I-COLOR O O O O O O O B-MODEL I-MODEL I-MODEL I-MODEL I-MODEL I-MODEL I-MODEL B-BRAND I-BRAND I-BRAND I-BRAND I-BRAND I-BRAND I-BRAND,ミドリワークス|9804-IT|ブラック
T00306,,VO-2965,ブラック,B-MODEL I-MODEL I-MODEL I-MODEL I-MODEL I-MODEL O B-COLOR I-COLOR I-COLOR I-COLOR O O O O O O O O,|VO-2965|ブラック
T00307,ミナヅキ,C793-39,シルバー,O O O O O O B-COLOR I-COLOR I-COLOR I-COLOR O B-BRAND I-BRAND I-BRAND I-BRAND O B-MODEL I-MODEL I-MODEL I-MODEL I-MODEL I-MODEL,ミナヅキ|C793-39|シルバー
T00308,ソライロ,N793-26,ホワイト,B-BRAND I-BRAND I-BRAND I-BRAND B-MODEL I-MODEL I-MODEL I-MODEL I-MODEL I-MODEL I-MODEL O O O O O O O B-COLOR I-COLOR I-COLOR I-COLOR,ソライロ|N793-26|ホワイト
T00309,コハクワークス,T280-52,グリーン,O O O O O O O O O O O O B-BRAND I-BRAND I-BRAND I-BRAND I-BRAND I-BRAND I-BRAND O B-COLOR I-COLOR I-COLOR I-COLOR O B-MODEL I-MODEL I-MODEL I-MODEL I-MODEL I-MODEL I-MODEL,コハクワークス|T280-52|グリーン
T00310,,EF-5619,シルバー,B-COLOR I-COLOR I-COLOR I-COLOR O O O O O B-MODEL I-MODEL I-MODEL I-MODEL I-MODEL I-MODEL,|EF-5619|シルバー
T00311,ハヤブサ,D527-40,ブラック,O O O O B-BRAND I-BRAND I-BRAND I-BRAND O B-COLOR I-COLOR I-COLOR I-COLOR O B-MODEL I-MODEL I-MODEL I-MODEL I-MODEL I-MODEL,ハヤブサ|D527-40|ブラック
T00312,ソライロ,QZ-3146,ネイビー,B-MODEL I-MODEL I-MODEL I-MODEL I-MODEL I-MODEL O B-COLOR I-COLOR I-COLOR I-COLOR O O O O O B-BRAND I-BRAND I-BRAND I-BRAND,ソライロ|QZ-3146|ネイビー
T00313,ミナヅキ,F561-21,シルバー,B-COLOR I-COLOR I-COLOR I-COLOR O B-MODEL I-MODEL I-MODEL I-MODEL I-MODEL I-MODEL I-MODEL O O O O O B-BRAND I-BRAND I-BRAND I-BRAND,ミナヅキ|F561-21|シルバー
T00314,ヤマブキ堂,HZ-9904,グリーン,B-BRAND I-BRAND I-BRAND I-BRAND I-BRAND O B-COLOR I-COLOR I-COLOR I-COLOR O B-MODEL I-MODEL I-MODEL I-MODEL I-MODEL I-MODEL I-MODEL O O O O,ヤマブキ堂|HZ-9904|グリーン
T00315,ノースピーク,Z949-45,シルバー,B-MODEL I-MODEL I-MODEL I-MODEL I-MODEL I-MODEL I-MODEL O O O O B-COLOR I-COLOR I-COLOR I-COLOR B-BRAND I-BRAND I-BRAND I-BRAND I-BRAND I-BRAND,ノースピーク|Z949-45|シルバー
T00316,シラユキ,GB-5455,ネイビー,O O O O O B-MODEL I-MODEL I-MODEL I-MODEL I-MODEL I-MODEL I-MODEL O O O O O B-BRAND I-BRAND I-BRAND I-BRAND O B-COLOR I-COLOR I-COLOR I-COLOR,シラユキ|GB-5455|ネイビー
T00317,ゲンブ,5461-LL,ネイビー,B-COLOR I-COLOR I-COLOR I-COLOR O O O B-BRAND I-BRAND I-BRAND B-MODEL I-MODEL I-MODEL I-MODEL I-MODEL I-MODEL I-MODEL,ゲンブ|5461-LL|ネイビー
T00318,コハクワークス,T635-36,シルバー,O O O O B-BRAND I-BRAND I-BRAND I-BRAND I-BRAND I-BRAND I-BRAND O B-COLOR I-COLOR I-COLOR I-COLOR O B-MODEL I-MODEL I-MODEL I-MODEL I-MODEL I-MODEL,コハクワークス|T635-36|シルバー
T00319,ミナヅキ,IZ-3650,レッド,O O O O O O O O O O O O O B-MODEL I-MODEL I-MODEL I-MODEL I-MODEL I-MODEL I-MODEL O B-COLOR I-COLOR I-COLOR,ミナヅキ|IZ-3650|レッド
T00320,シラユキ,B987-64,シルバー,B-MODEL I-MODEL I-MODEL I-MODEL I-MODEL I-MODEL O O O B-COLOR I-COLOR I-COLOR I-COLOR B-BRAND I-BRAND I-BRAND I-BRAND,シラユキ|B987-64|シルバー
T00321,ミドリワークス,QI-6921,ブラック,B-COLOR I-COLOR I-COLOR I-COLOR O O O B-BRAND I-BRAND I-BRAND I-BRAND I-BRAND I-BRAND I-BRAND B-MODEL I-MODEL I-MODEL I-MODEL I-MODEL I-MODEL I-MODEL,ミドリワークス|QI-6921|ブラック
T00322,,JH-1919,ブラック,B-COLOR I-COLOR I-COLOR I-COLOR O O O O O O O B-MODEL I-MODEL I-MODEL I-MODEL I-MODEL I-MODEL I-MODEL,|JH-1919|ブラック
T00323,ハヤブサ,Z660-93,ブラック,B-COLOR I-COLOR I-COLOR I-COLOR B-MODEL I-MODEL I-MODEL I-MODEL I-MODEL I-MODEL I-MODEL B-BRAND I-BRAND I-BRAND I-BRAND O O O,ハヤブサ|Z660-93|ブラック
T00324,,N980-21,シルバー,B-COLOR I-COLOR I-COLOR I-COLOR O B-MODEL I-MODEL I-MODEL I-MODEL I-MODEL I-MODEL I-MODEL O O O O O,|N980-21|シルバー
T00325,ヤマブキ堂,SY-6569,グリーン,B-COLOR I-COLOR I-COLOR I-COLOR O B-MODEL I-MODEL I-MODEL I-MODEL I-MODEL I-MODEL I-MODEL O B-BRAND I-BRAND I-BRAND I-BRAND I-BRAND O O O O,ヤマブキ堂|SY-6569|グリーン
T00326,TSUBAKI,KM-5535,グリーン,B-BRAND I-BRAND I-BRAND I-BRAND I-BRAND I-BRAND I-BRAND O B-COLOR I-COLOR I-COLOR I-COLOR O O O O O B-MODEL I-MODEL I-MODEL I-MODEL I-MODEL I-MODEL I-MODEL,TSUBAKI|KM-5535|グリーン
T00327,ハヤブサ,L767-97,レッド,B-BRAND I-BRAND I-BRAND I-BRAND O B-MODEL I-MODEL I-MODEL I-MODEL I-MODEL I-MODEL I-MODEL O O O O O B-COLOR I-COLOR I-COLOR,ハヤブサ|L767-97|レッド
T00328,アカネ電機,BC-4797,シルバー,O O O O O O O B-BRAND I-BRAND I-BRAND I-BRAND I-BRAND B-COLOR I-COLOR I-COLOR I-COLOR O O O B-MODEL I-MODEL I-MODEL I-MODEL I-MODEL I-MODEL I-MODEL,アカネ電機|BC-4797|シルバー
T00329,アカネ電機,F571-81,ブラック,B-BRAND I-BRAND I-BRAND I-BRAND I-BRAND B-MODEL I-MODEL I-MODEL I-MODEL I-MODEL I-MODEL B-COLOR I-COLOR I-COLOR I-COLOR O O O,アカネ電機|F571-81|ブラック
T00330,ノースピーク,8027-BU,ブラック,O O O O O O O O O O B-COLOR I-COLOR I-COLOR I-COLOR B-BRAND I-BRAND I-BRAND I-BRAND I-BRAND I-BRAND B-MODEL I-MODEL I-MODEL I-MODEL I-MODEL I-MODEL I-MODEL,ノースピーク|8027-BU|ブラック
T00331,アカネ電機,1356-FQ,グリーン,O O O O O O O B-BRAND I-BRAND I-BRAND I-BRAND I-BRAND B-COLOR I-COLOR I-COLOR I-COLOR B-MODEL I-MODEL I-MODEL I-MODEL I-MODEL I-MODEL O O O O O,アカネ電機|1356-FQ|グリーン
T00332,ソライロ,8599-LY,ネイビー,B-MODEL I-MODEL I-MODEL I-MODEL I-MODEL I-MODEL I-MODEL O O O B-COLOR I-COLOR I-COLOR I-COLOR B-BRAND I-BRAND I-BRAND I-BRAND,ソライロ|8599-LY|ネイビー
T00333,セイランド,6583-QU,ブラック,O O O O O O O B-MODEL I-MODEL I-MODEL I-MODEL I-MODEL I-MODEL I-MODEL O O O O O B-BRAND I-BRAND I-BRAND I-BRAND I-BRAND O B-COLOR I-COLOR I-COLOR I-COLOR,セイランド|6583-QU|ブラック
T00334,アカネ電機,FV-9311,ブラック,B-MODEL I-MODEL I-MODEL I-MODEL I-MODEL I-MODEL B-BRAND I-BRAND I-BRAND I-BRAND I-BRAND B-COLOR I-COLOR I-COLOR I-COLOR O O O,アカネ電機|FV-9311|ブラック
T00335,ミドリワークス,1310-BM,ブラック,B-BRAND I-BRAND I-BRAND I-BRAND I-BRAND I-BRAND I-BRAND O B-COLOR I-COLOR I-COLOR I-COLOR O O O O O O O O O B-MODEL I-MODEL I-MODEL I-MODEL I-MODEL I-MODEL I-MODEL,ミドリワークス|1310-BM|ブラック
T00336,ヤマブキ堂,2102-DE,レッド,O O O O O O B-COLOR I-COLOR I-COLOR O O O O O O O O O B-BRAND I-BRAND I-BRAND I-BRAND I-BRAND O B-MODEL I-MODEL I-MODEL I-MODEL I-MODEL I-MODEL,ヤマブキ堂|2102-DE|レッド
T00337,ヤマブキ堂,IN-5339,ホワイト,B-MODEL I-MODEL I-MODEL I-MODEL I-MODEL I-MODEL O O O O O O B-BRAND I-BRAND I-BRAND I-BRAND I-BRAND O B-COLOR I-COLOR I-COLOR I-COLOR,ヤマブキ堂|IN-5339|ホワイト
T00338,ノースピーク,8302-HZ,ブラック,B-MODEL I-MODEL I-MODEL I-MODEL I-MODEL I-MODEL I-MODEL O B-BRAND I-BRAND I-BRAND I-BRAND I-BRAND I-BRAND O O O O O B-COLOR I-COLOR I-COLOR I-COLOR,ノースピーク|8302-HZ|ブラック
T00339,ソライロ,4767-NP,レッド,O O O B-BRAND I-BRAND I-BRAND I-BRAND B-MODEL I-MODEL I-MODEL I-MODEL I-MODEL I-MODEL I-MODEL B-COLOR I-COLOR I-COLOR,ソライロ|4767-NP|レッド
T00340,TSUBAKI,ZA-7245,シルバー,O O O O O O O O B-BRAND I-BRAND I-BRAND I-BRAND I-BRAND I-BRAND I-BRAND O O O O O B-COLOR I-COLOR I-COLOR I-COLOR,TSUBAKI|ZA-7245|シルバー
T00341,シラユキ,PV-4152,グリーン,O O O O O O O B-COLOR I-COLOR I-COLOR I-COLOR B-MODEL I-MODEL I-MODEL I-MODEL I-MODEL I-MODEL B-BRAND I-BRAND I-BRAND I-BRAND O O O,シラユキ|PV-4152|グリーン
T00342,ハヤブサ,KR-5817,シルバー,B-BRAND I-BRAND I-BRAND I-BRAND B-COLOR I-COLOR I-COLOR I-COLOR B-MODEL I-MODEL I-MODEL I-MODEL I-MODEL I-MODEL O O O,ハヤブサ|KR-5817|シルバー
T00343,,JN-2803,ネイビー,B-MODEL I-MODEL I-MODEL I-MODEL I-MODEL I-MODEL I-MODEL O O O B-COLOR I-COLOR I-COLOR I-COLOR,|JN-2803|ネイビー
T00344,,1548-ED,シルバー,O O O O O O O O O O O O O O B-COLOR I-COLOR I-COLOR I-COLOR O O O O O,|1548-ED|シルバー
T00345,オオゾラ,N813-14,グリーン,O O O B-BRAND I-BRAND I-BRAND I-BRAND B-COLOR I-COLOR I-COLOR I-COLOR B-MODEL I-MODEL I-MODEL I-MODEL I-MODEL I-MODEL,オオゾラ|N813-14|グリーン
T00346,AOI,9573-HQ,ホワイト,O O O O O O O O O O O O O B-MODEL I-MODEL I-MODEL I-MODEL I-MODEL I-MODEL I-MODEL B-COLOR I-COLOR I-COLOR I-COLOR B-BRAND I-BRAND I-BRAND,AOI|9573-HQ|ホワイト
T00347,セイランド,ZD-3299,レッド,O O O O B-BRAND I-BRAND I-BRAND I-BRAND I-BRAND B-COLOR I-COLOR I-COLOR B-MODEL I-MODEL I-MODEL I-MODEL I-MODEL I-MODEL I-MODEL,セイランド|ZD-3299|レッド
T00348,シラユキ,GM-2535,ブラック,B-BRAND I-BRAND I-BRAND I-BRAND O B-COLOR I-COLOR I-COLOR I-COLOR O O O O O B-MODEL I-MODEL I-MODEL I-MODEL I-MODEL I-MODEL I-MODEL,シラユキ|GM-2535|ブラック
T00349,,BK-5515,グリーン,B-MODEL I-MODEL I-MODEL I-MODEL I-MODEL I-MODEL I-MODEL O B-COLOR I-COLOR I-COLOR I-COLOR O O O O O O,|BK-5515|グリーン
T00350,オオゾラ,EZ-5146,ネイビー,B-COLOR I-COLOR I-COLOR I-COLOR O O O B-BRAND I-BRAND I-BRAND I-BRAND B-MODEL I-MODEL I-MODEL I-MODEL I-MODEL I-MODEL I-MODEL,オオゾラ|EZ-5146|ネイビー
T00351,AOI,I903-38,ホワイト,O O O O O O B-BRAND I-BRAND I-BRAND O B-MODEL I-MODEL I-MODEL I-MODEL I-MODEL I-MODEL I-MODEL O O O O O O O B-COLOR I-COLOR I-COLOR I-COLOR,AOI|I903-38|ホワイト
T00352,オオゾラ,C125-82,ネイビー,B-COLOR I-COLOR I-COLOR I-COLOR B-BRAND I-BRAND I-BRAND I-BRAND B-MODEL I-MODEL I-MODEL I-MODEL I-MODEL I-MODEL I-MODEL O O O O O,オオゾラ|C125-82|ネイビー
T00353,シラユキ,AL-4652,ブラック,O O O B-COLOR I-COLOR I-COLOR I-COLOR B-BRAND I-BRAND I-BRAND I-BRAND B-MODEL I-MODEL I-MODEL I-MODEL I-MODEL I-MODEL I-MODEL,シラユキ|AL-4652|ブラック
T00354,ミドリワークス,5540-IX,レッド,O O O O O B-BRAND I-BRAND I-BRAND I-BRAND I-BRAND I-BRAND I-BRAND B-COLOR I-COLOR I-COLOR B-MODEL I-MODEL I-MODEL I-MODEL I-MODEL I-MODEL I-MODEL,ミドリワークス|5540-IX|レッド
T00355,コハクワークス,K671-16,グリーン,O O O O O O O O O O B-MODEL I-MODEL I-MODEL I-MODEL I-MODEL I-MODEL B-COLOR I-COLOR I-COLOR I-COLOR B-BRAND I-BRAND I-BRAND I-BRAND I-BRAND I-BRAND I-BRAND,コハクワークス|K671-16|グリーン
T00356,ノースピーク,KX-5973,グリーン,O O O O B-MODEL I-MODEL I-MODEL I-MODEL I-MODEL I-MODEL I-MODEL O B-COLOR I-COLOR I-COLOR I-COLOR O B-BRAND I-BRAND I-BRAND I-BRAND I-BRAND I-BRAND,ノースピーク|KX-5973|グリーン
T00357,ハヤブサ,JX-6632,シルバー,O O O O B-BRAND I-BRAND I-BRAND I-BRAND B-MODEL I-MODEL I-MODEL I-MODEL I-MODEL I-MODEL I-MODEL B-COLOR I-COLOR I-COLOR I-COLOR,ハヤブサ|JX-6632|シルバー
T00358,オオゾラ,9277-UM,ネイビー,B-MODEL I-MODEL I-MODEL I-MODEL I-MODEL I-MODEL I-MODEL B-COLOR I-COLOR I-COLOR I-COLOR B-BRAND I-BRAND I-BRAND I-BRAND O O O,オオゾラ|9277-UM|ネイビー
T00359,ソライロ,J768-48,ネイビー,O O O O B-COLOR I-COLOR I-COLOR I-COLOR O O O O O O O O B-BRAND I-BRAND I-BRAND I-BRAND,ソライロ|J768-48|ネイビー
T00360,AOI,Q969-93,レッド,B-COLOR I-COLOR I-COLOR O B-MODEL I-MODEL I-MODEL I-MODEL I-MODEL I-MODEL O B-BRAND I-BRAND I-BRAND O O O O O O,AOI|Q969-93|レッド
T00361,ハヤブサ,6470-HV,ブラック,B-BRAND I-BRAND I-BRAND I-BRAND O O O O O B-MODEL I-MODEL I-MODEL I-MODEL I-MODEL I-MODEL I-MODEL O B-COLOR I-COLOR I-COLOR I-COLOR,ハヤブサ|6470-HV|ブラック
T00362,ハヤブサ,LS-7588,レッド,O O O O B-MODEL I-MODEL I-MODEL I-MODEL I-MODEL I-MODEL O B-BRAND I-BRAND I-BRAND I-BRAND O B-COLOR I-COLOR I-COLOR,ハヤブサ|LS-7588|レッド
T00363,ソライロ,1664-WG,グリーン,O O O O O O O O O O O B-MODEL I-MODEL I-MODEL I-MODEL I-MODEL I-MODEL I-MODEL O B-BRAND I-BRAND I-BRAND I-BRAND O B-COLOR I-COLOR I-COLOR I-COLOR,ソライロ|1664-WG|グリーン
T00364,AOI,H944-95,ネイビー,B-MODEL I-MODEL I-MODEL I-MODEL I-MODEL I-MODEL I-MODEL O B-COLOR I-COLOR I-COLOR I-COLOR O B-BRAND I-BRAND I-BRAND O O O O,AOI|H944-95|ネイビー
T00365,コハクワークス,FY-6202,グリーン,B-BRAND I-BRAND I-BRAND I-BRAND I-BRAND I-BRAND I-BRAND B-COLOR I-COLOR I-COLOR I-COLOR O O O B-MODEL I-MODEL I-MODEL I-MODEL I-MODEL I-MODEL I-MODEL,コハクワークス|FY-6202|グリーン
T00366,ハヤブサ,9543-WB,ブラック,O O O O O O B-BRAND I-BRAND I-BRAND I-BRAND B-COLOR I-COLOR I-COLOR I-COLOR O O O B-MODEL I-MODEL I-MODEL I-MODEL I-MODEL I-MODEL,ハヤブサ|9543-WB|ブラック
T00367,ソライロ,6230-HH,シルバー,O O O B-MODEL I-MODEL I-MODEL I-MODEL I-MODEL I-MODEL B-BRAND I-BRAND I-BRAND I-BRAND B-COLOR I-COLOR I-COLOR I-COLOR,ソライロ|6230-HH|シルバー
T00368,,QJ-1308,シルバー,O O O O O O O O O O B-MODEL I-MODEL I-MODEL I-MODEL I-MODEL I-MODEL I-MODEL O B-COLOR I-COLOR I-COLOR I-COLOR,|QJ-1308|シルバー
T00369,ミドリワークス,2151-QL,シルバー,B-MODEL I-MODEL I-MODEL I-MODEL I-MODEL I-MODEL O B-BRAND I-BRAND I-BRAND I-BRAND I-BRAND I-BRAND I-BRAND O B-COLOR I-COLOR I-COLOR I-COLOR O O O O,ミドリワークス|2151-QL|シルバー
T00370,AOI,V161-48,シルバー,O O O O O O B-MODEL I-MODEL I-MODEL I-MODEL I-MODEL I-MODEL I-MODEL O B-BRAND I-BRAND I-BRAND O B-COLOR I-COLOR I-COLOR I-COLOR O O O O,AOI|V161-48|シルバー
T00371,ソライロ,5714-VA,レッド,B-MODEL I-MODEL I-MODEL I-MODEL I-MODEL I-MODEL I-MODEL O B-BRAND I-BRAND I-BRAND I-BRAND O B-COLOR I-COLOR I-COLOR O O O O,ソライロ|5714-VA|レッド
T00372,,V370-35,ブラック,O O O O O O O B-COLOR I-COLOR I-COLOR I-COLOR O B-MODEL I-MODEL I-MODEL I-MODEL I-MODEL I-MODEL I-MODEL O O O O,|V370-35|ブラック
T00373,AOI,V287-61,レッド,O O O O B-BRAND I-BRAND I-BRAND O B-MODEL I-MODEL I-MODEL I-MODEL I-MODEL I-MODEL O B-COLOR I-COLOR I-COLOR,AOI|V287-61|レッド
T00374,,NK-9725,ブラック,B-COLOR I-COLOR I-COLOR I-COLOR O O O O O O O O O B-MODEL I-MODEL I-MODEL I-MODEL I-MODEL I-MODEL I-MODEL,|NK-9725|ブラック
T00375,オオゾラ,A201-92,ネイビー,B-MODEL I-MODEL I-MODEL I-MODEL I-MODEL I-MODEL I-MODEL O B-BRAND I-BRAND I-BRAND I-BRAND O O O O O O O B-COLOR I-COLOR I-COLOR I-COLOR,オオゾラ|A201-92|ネイビー
T00376,ヤマブキ堂,3728-NT,シルバー,O O O O O O O B-MODEL I-MODEL I-MODEL I-MODEL I-MODEL I-MODEL I-MODEL B-BRAND I-BRAND I-BRAND I-BRAND I-BRAND B-COLOR I-COLOR I-COLOR I-COLOR O O O O O,ヤマブキ堂|3728-NT|シルバー
T00377,ノースピーク,6939-FE,グリーン,B-MODEL I-MODEL I-MODEL I-MODEL I-MODEL I-MODEL O B-COLOR I-COLOR I-COLOR I-COLOR O O O O O O O B-BRAND I-BRAND I-BRAND I-BRAND I-BRAND I-BRAND,ノースピーク|6939-FE|グリーン
T00378,オオゾラ,6019-RD,シルバー,O O O O O O O O B-MODEL I-MODEL I-MODEL I-MODEL I-MODEL I-MODEL I-MODEL O B-BRAND I-BRAND I-BRAND I-BRAND O B-COLOR I-COLOR I-COLOR I-COLOR,オオゾラ|6019-RD|シルバー
T00379,オオゾラ,UR-8073,ネイビー,O O O O O O O B-BRAND I-BRAND I-BRAND I-BRAND B-MODEL I-MODEL I-MODEL I-MODEL I-MODEL I-MODEL I-MODEL B-COLOR I-COLOR I-COLOR I-COLOR,オオゾラ|UR-8073|ネイビー
T00380,アカネ電機,G595-60,ネイビー,B-COLOR I-COLOR I-COLOR I-COLOR O B-BRAND I-BRAND I-BRAND I-BRAND I-BRAND O O O O O O O O O O O O O,アカネ電機|G595-60|ネイビー
T00381,KURO,F962-55,レッド,B-BRAND I-BRAND I-BRAND I-BRAND O B-COLOR I-COLOR I-COLOR O O O O O O O B-MODEL I-MODEL I-MODEL I-MODEL I-MODEL I-MODEL I-MODEL,KURO|F962-55|レッド
T00382,コハクワークス,N564-74,ネイビー,B-COLOR I-COLOR I-COLOR I-COLOR B-BRAND I-BRAND I-BRAND I-BRAND I-BRAND I-BRAND I-BRAND O O O B-MODEL I-MODEL I-MODEL I-MODEL I-MODEL I-MODEL I-MODEL,コハクワークス|N564-74|ネイビー
T00383,ミドリワークス,DB-8372,グリーン,B-BRAND I-BRAND I-BRAND I-BRAND I-BRAND I-BRAND I-BRAND O B-COLOR I-COLOR I-COLOR I-COLOR O B-MODEL I-MODEL I-MODEL I-MODEL I-MODEL I-MODEL O O O O O,ミドリワークス|DB-8372|グリーン
T00384,ノースピーク,5695-AO,ネイビー,B-BRAND I-BRAND I-BRAND I-BRAND I-BRAND I-BRAND O B-MODEL I-MODEL I-MODEL I-MODEL I-MODEL I-MODEL I-MODEL O O O O O O O B-COLOR I-COLOR I-COLOR I-COLOR,ノースピーク|5695-AO|ネイビー
T00385,コハクワークス,EU-1230,シルバー,B-COLOR I-COLOR I-COLOR I-COLOR O O O B-MODEL I-MODEL I-MODEL I-MODEL I-MODEL I-MODEL I-MODEL B-BRAND I-BRAND I-BRAND I-BRAND I-BRAND I-BRAND I-BRAND,コハクワークス|EU-1230|シルバー
T00386,TSUBAKI,HA-3154,シルバー,O O O O O O B-BRAND I-BRAND I-BRAND I-BRAND I-BRAND I-BRAND I-BRAND O O O B-MODEL I-MODEL I-MODEL I-MODEL I-MODEL I-MODEL I-MODEL B-COLOR I-COLOR I-COLOR I-COLOR,TSUBAKI|HA-3154|シルバー
T00387,ゲンブ,9007-TH,シルバー,O O O O O O O B-COLOR I-COLOR I-COLOR I-COLOR O B-BRAND I-BRAND I-BRAND O O O O O B-MODEL I-MODEL I-MODEL I-MODEL I-MODEL I-MODEL I-MODEL,ゲンブ|9007-TH|シルバー
T00388,ソライロ,3021-BV,グリーン,O O O O O O B-MODEL I-MODEL I-MODEL I-MODEL I-MODEL I-MODEL O B-COLOR I-COLOR I-COLOR I-COLOR O O O O O O O B-BRAND I-BRAND I-BRAND I-BRAND,ソライロ|3021-BV|グリーン
T00389,ミドリワークス,9981-YL,レッド,B-MODEL I-MODEL I-MODEL I-MODEL I-MODEL I-MODEL I-MODEL B-COLOR I-COLOR I-COLOR O O O O O B-BRAND I-BRAND I-BRAND I-BRAND I-BRAND I-BRAND I-BRAND,ミドリワークス|9981-YL|レッド
T00390,ヤマブキ堂,8602-YT,ブラック,B-COLOR I-COLOR I-COLOR I-COLOR O B-MODEL I-MODEL I-MODEL I-MODEL I-MODEL I-MODEL O B-BRAND I-BRAND I-BRAND I-BRAND I-BRAND O O O O,ヤマブキ堂|8602-YT|ブラック
T00391,ハヤブサ,3484-TP,ブラック,B-BRAND I-BRAND I-BRAND I-BRAND O B-COLOR I-COLOR I-COLOR I-COLOR O B-MODEL I-MODEL I-MODEL I-MODEL I-MODEL I-MODEL I-MODEL O O O O,ハヤブサ|3484-TP|ブラック
T00392,,1773-IC,ブラック,B-COLOR I-COLOR I-COLOR I-COLOR O O O O O O O B-MODEL I-MODEL I-MODEL I-MODEL I-MODEL I-MODEL I-MODEL,|1773-IC|ブラック
T00393,AOI,GO-5939,ホワイト,B-COLOR I-COLOR I-COLOR I-COLOR O O O O O O O O O B-MODEL I-MODEL I-MODEL I-MODEL I-MODEL I-MODEL I-MODEL,AOI|GO-5939|ホワイト
T00394,アカネ電機,LT-5471,レッド,B-BRAND I-BRAND I-BRAND I-BRAND I-BRAND O B-MODEL I-MODEL I-MODEL I-MODEL I-MODEL I-MODEL I-MODEL O O O O O B-COLOR I-COLOR I-COLOR,アカネ電機|LT-5471|レッド
T00395,ハヤブサ,V632-94,ホワイト,O O O O O O O B-BRAND I-BRAND I-BRAND I-BRAND B-MODEL I-MODEL I-MODEL I-MODEL I-MODEL I-MODEL I-MODEL,ハヤブサ|V632-94|ホワイト
T00396,ゲンブ,N910-24,ブラック,O O O O O O O O O O O O O O O O B-BRAND I-BRAND I-BRAND O O O O O O O B-COLOR I-COLOR I-COLOR I-COLOR,ゲンブ|N910-24|ブラック
T00397,ヤマブキ堂,CK-2742,レッド,B-BRAND I-BRAND I-BRAND I-BRAND I-BRAND O O O O O B-COLOR I-COLOR I-COLOR B-MODEL I-MODEL I-MODEL I-MODEL I-MODEL I-MODEL I-MODEL,ヤマブキ堂|CK-2742|レッド
T00398,セイランド,YW-9966,シルバー,B-BRAND I-BRAND I-BRAND I-BRAND I-BRAND O O O O O O O B-COLOR I-COLOR I-COLOR I-COLOR O B-MODEL I-MODEL I-MODEL I-MODEL I-MODEL I-MODEL I-MODEL,セイランド|YW-9966|シルバー
T00399,,A121-30,シルバー,B-MODEL I-MODEL I-MODEL I-MODEL I-MODEL I-MODEL O O O O O O O B-COLOR I-COLOR I-COLOR I-COLOR,|A121-30|シルバー
T00400,コハクワークス,VT-9901,ネイビー,O O O O O O O B-BRAND I-BRAND I-BRAND I-BRAND I-BRAND I-BRAND I-BRAND O O O B-MODEL I-MODEL I-MODEL I-MODEL I-MODEL I-MODEL B-COLOR I-COLOR I-COLOR I-COLOR,コハクワークス|VT-9901|ネイビー
T00401,オオゾラ,1308-GF,ネイビー,O O O O O B-BRAND I-BRAND I-BRAND I-BRAND B-MODEL I-MODEL I-MODEL I-MODEL I-MODEL I-MODEL B-COLOR I-COLOR I-COLOR I-COLOR,オオゾラ|1308-GF|ネイビー
T00402,ハヤブサ,W192-87,ブラック,O O O O O O B-MODEL I-MODEL I-MODEL I-MODEL I-MODEL I-MODEL O B-COLOR I-COLOR I-COLOR I-COLOR O O O O O B-BRAND I-BRAND I-BRAND I-BRAND,ハヤブサ|W192-87|ブラック
T00403,KURO,HP-3177,ブラック,O O O O B-COLOR I-COLOR I-COLOR I-COLOR O B-MODEL I-MODEL I-MODEL I-MODEL I-MODEL I-MODEL I-MODEL O B-BRAND I-BRAND I-BRAND I-BRAND,KURO|HP-3177|ブラック
T00404,ゲンブ,5606-TZ,シルバー,B-COLOR I-COLOR I-COLOR I-COLOR B-BRAND I-BRAND I-BRAND O O O O O O O B-MODEL I-MODEL I-MODEL I-MODEL I-MODEL I-MODEL I-MODEL,ゲンブ|5606-TZ|シルバー
T00405,コハクワークス,C414-30,グリーン,O O O O B-BRAND I-BRAND I-BRAND I-BRAND I-BRAND I-BRAND I-BRAND O B-MODEL I-MODEL I-MODEL I-MODEL I-MODEL I-MODEL O B-COLOR I-COLOR I-COLOR I-COLOR,コハクワークス|C414-30|グリーン
T00406,KURO,3418-OZ,グリーン,B-BRAND I-BRAND I-BRAND I-BRAND B-COLOR I-COLOR I-COLOR I-COLOR O O O B-MODEL I-MODEL I-MODEL I-MODEL I-MODEL I-MODEL I-MODEL,KURO|3418-OZ|グリーン
T00407,コハクワークス,U534-66,ブラック,B-BRAND I-BRAND I-BRAND I-BRAND I-BRAND I-BRAND I-BRAND O B-MODEL I-MODEL I-MODEL I-MODEL I-MODEL I-MODEL O B-COLOR I-COLOR I-COLOR I-COLOR O O O O O O,コハクワークス|U534-66|ブラック
T00408,,5640-HS,レッド,B-MODEL I-MODEL I-MODEL I-MODEL I-MODEL I-MODEL I-MODEL O B-COLOR I-COLOR I-COLOR O O O O O O,|5640-HS|レッド
T00409,ヤマブキ堂,2375-HA,ブラック,B-COLOR I-COLOR I-COLOR I-COLOR O B-BRAND I-BRAND I-BRAND I-BRAND I-BRAND O O O O O B-MODEL I-MODEL I-MODEL I-MODEL I-MODEL I-MODEL,ヤマブキ堂|2375-HA|ブラック
T00410,TSUBAKI,F236-60,レッド,B-BRAND I-BRAND I-BRAND I-BRAND I-BRAND I-BRAND I-BRAND O O O O O O O B-MODEL I-MODEL I-MODEL I-MODEL I-MODEL I-MODEL I-MODEL O B-COLOR I-COLOR I-COLOR,TSUBAKI|F236-60|レッド
T00411,シラユキ,6292-SF,レッド,B-COLOR I-COLOR I-COLOR B-BRAND I-BRAND I-BRAND I-BRAND B-MODEL I-MODEL I-MODEL I-MODEL I-MODEL I-MODEL O O O,シラユキ|6292-SF|レッド
T00412,シラユキ,F361-18,レッド,B-BRAND I-BRAND I-BRAND I-BRAND B-MODEL I-MODEL I-MODEL I-MODEL I-MODEL I-MODEL O O O O O O O B-COLOR I-COLOR I-COLOR,シラユキ|F361-18|レッド
T00413,アカネ電機,SC-2913,ブラック,O O O O O O O B-MODEL I-MODEL I-MODEL I-MODEL I-MODEL I-MODEL I-MODEL B-BRAND I-BRAND I-BRAND I-BRAND I-BRAND O O O O O B-COLOR I-COLOR I-COLOR I-COLOR,アカネ電機|SC-2913|ブラック
T00414,TSUBAKI,8892-SG,シルバー,B-MODEL I-MODEL I-MODEL I-MODEL I-MODEL I-MODEL I-MODEL B-BRAND I-BRAND I-BRAND I-BRAND I-BRAND I-BRAND I-BRAND B-COLOR I-COLOR I-COLOR I-COLOR O O O O O O O,TSUBAKI|8892-SG|シルバー
T00415,ソライロ,1387-LW,シルバー,B-MODEL I-MODEL I-MODEL I-MODEL I-MODEL I-MODEL O O O O O B-COLOR I-COLOR I-COLOR I-COLOR O B-BRAND I-BRAND I-BRAND I-BRAND,ソライロ|1387-LW|シルバー
T00416,ミナヅキ,C107-63,グリーン,O O O O O O O B-COLOR I-COLOR I-COLOR I-COLOR O B-MODEL I-MODEL I-MODEL I-MODEL I-MODEL I-MODEL I-MODEL O O O O O B-BRAND I-BRAND I-BRAND I-BRAND,ミナヅキ|C107-63|グリーン
T00417,,LS-4059,ブラック,O O O O O B-MODEL I-MODEL I-MODEL I-MODEL I-MODEL I-MODEL I-MODEL O O O B-COLOR I-COLOR I-COLOR I-COLOR,|LS-4059|ブラック
T00418,ノースピーク,7301-VE,レッド,O O O O O O O O B-COLOR I-COLOR I-COLOR O B-BRAND I-BRAND I-BRAND I-BRAND I-BRAND I-BRAND O B-MODEL I-MODEL I-MODEL I-MODEL I-MODEL I-MODEL I-MODEL,ノースピーク|7301-VE|レッド
T00419,シラユキ,PO-3852,シルバー,O O O O O O B-BRAND I-BRAND I-BRAND I-BRAND O O O B-MODEL I-MODEL I-MODEL I-MODEL I-MODEL I-MODEL I-MODEL B-COLOR I-COLOR I-COLOR I-COLOR,シラユキ|PO-3852|シルバー
T00420,オオゾラ,2713-GY,レッド,B-COLOR I-COLOR I-COLOR O B-MODEL I-MODEL I-MODEL I-MODEL I-MODEL I-MODEL I-MODEL O O O O O B-BRAND I-BRAND I-BRAND I-BRAND,オオゾラ|2713-GY|レッド
T00421,オオゾラ,D464-40,シルバー,O O O O B-COLOR I-COLOR I-COLOR I-COLOR O B-MODEL I-MODEL I-MODEL I-MODEL I-MODEL I-MODEL I-MODEL O B-BRAND I-BRAND I-BRAND I-BRAND,オオゾラ|D464-40|シルバー
T00422,TSUBAKI,A917-55,グリーン,O O O O B-COLOR I-COLOR I-COLOR I-COLOR O B-MODEL I-MODEL I-MODEL I-MODEL I-MODEL I-MODEL I-MODEL O B-BRAND I-BRAND I-BRAND I-BRAND I-BRAND I-BRAND I-BRAND,TSUBAKI|A917-55|グリーン
T00423,ヤマブキ堂,A151-26,ホワイト,O O O O O O O O O O O O B-COLOR I-COLOR I-COLOR I-COLOR O B-MODEL I-MODEL I-MODEL I-MODEL I-MODEL I-MODEL O B-BRAND I-BRAND I-BRAND I-BRAND I-BRAND,ヤマブキ堂|A151-26|ホワイト
T00424,シラユキ,M657-17,ホワイト,O O O O O O O O O O O O B-MODEL I-MODEL I-MODEL I-MODEL I-MODEL I-MODEL O B-BRAND I-BRAND I-BRAND I-BRAND O O O O,シラユキ|M657-17|ホワイト
T00425,,4877-RA,シルバー,O O O B-COLOR I-COLOR I-COLOR I-COLOR O O O O O O,|4877-RA|シルバー
T00426,コハクワークス,UH-2543,ネイビー,B-MODEL I-MODEL I-MODEL I-MODEL I-MODEL I-MODEL I-MODEL O B-COLOR I-COLOR I-COLOR I-COLOR O B-BRAND I-BRAND I-BRAND I-BRAND I-BRAND I-BRAND I-BRAND O O O O O,コハクワークス|UH-2543|ネイビー
T00427,ミドリワークス,LF-3091,レッド,O O O O O O O O O O O B-BRAND I-BRAND I-BRAND I-BRAND I-BRAND I-BRAND I-BRAND O B-COLOR I-COLOR I-COLOR O B-MODEL I-MODEL I-MODEL I-MODEL I-MODEL I-MODEL I-MODEL,ミドリワークス|LF-3091|レッド
T00428,ハヤブサ,J597-23,ホワイト,B-BRAND I-BRAND I-BRAND I-BRAND B-MODEL I-MODEL I-MODEL I-MODEL I-MODEL I-MODEL O O O B-COLOR I-COLOR I-COLOR I-COLOR,ハヤブサ|J597-23|ホワイト
T00429,,I885-66,ブラック,O O O O O O B-MODEL I-MODEL I-MODEL I-MODEL I-MODEL I-MODEL B-COLOR I-COLOR I-COLOR I-COLOR O O O O,|I885-66|ブラック
T00430,,Y600-56,ブラック,B-MODEL I-MODEL I-MODEL I-MODEL I-MODEL I-MODEL I-MODEL O B-COLOR I-COLOR I-COLOR I-COLOR O O O O O O O O,|Y600-56|ブラック
T00431,ミナヅキ,S466-61,グリーン,B-BRAND I-BRAND I-BRAND I-BRAND O O O O O B-MODEL I-MODEL I-MODEL I-MODEL I-MODEL I-MODEL O B-COLOR I-COLOR I-COLOR I-COLOR,ミナヅキ|S466-61|グリーン
T00432,KURO,1326-NG,グリーン,B-MODEL I-MODEL I-MODEL I-MODEL I-MODEL I-MODEL B-COLOR I-COLOR I-COLOR I-COLOR O O O O O O O B-BRAND I-BRAND I-BRAND I-BRAND,KURO|1326-NG|グリーン
T00433,ヤマブキ堂,5868-AL,グリーン,B-BRAND I-BRAND I-BRAND I-BRAND I-BRAND O O O O O O O B-COLOR I-COLOR I-COLOR I-COLOR O B-MODEL I-MODEL I-MODEL I-MODEL I-MODEL I-MODEL I-MODEL,ヤマブキ堂|5868-AL|グリーン
T00434,ハヤブサ,QT-2355,ホワイト,O O O O O O O O O O O B-BRAND I-BRAND I-BRAND I-BRAND B-COLOR I-COLOR I-COLOR I-COLOR B-MODEL I-MODEL I-MODEL I-MODEL I-MODEL I-MODEL I-MODEL,ハヤブサ|QT-2355|ホワイト
T00435,オオゾラ,XU-5246,ホワイト,O O O O B-COLOR I-COLOR I-COLOR I-COLOR O B-BRAND I-BRAND I-BRAND I-BRAND O B-MODEL I-MODEL I-MODEL I-MODEL I-MODEL I-MODEL I-MODEL,オオゾラ|XU-5246|ホワイト
T00436,オオゾラ,BG-4774,シルバー,B-COLOR I-COLOR I-COLOR I-COLOR O B-BRAND I-BRAND I-BRAND I-BRAND O O O O O O O O O B-MODEL I-MODEL I-MODEL I-MODEL I-MODEL I-MODEL,オオゾラ|BG-4774|シルバー
T00437,ハヤブサ,UD-8861,ブラック,O O O O O O O O O O O O B-MODEL I-MODEL I-MODEL I-MODEL I-MODEL I-MODEL I-MODEL O B-BRAND I-BRAND I-BRAND I-BRAND O B-COLOR I-COLOR I-COLOR I-COLOR,ハヤブサ|UD-8861|ブラック
T00438,ミナヅキ,6879-SS,ネイビー,B-COLOR I-COLOR I-COLOR I-COLOR O B-MODEL I-MODEL I-MODEL I-MODEL I-MODEL I-MODEL I-MODEL O B-BRAND I-BRAND I-BRAND I-BRAND O O O O O O,ミナヅキ|6879-SS|ネイビー
T00439,アカネ電機,8465-KW,ネイビー,B-COLOR I-COLOR I-COLOR I-COLOR O O O O O O O B-BRAND I-BRAND I-BRAND I-BRAND I-BRAND O B-MODEL I-MODEL I-MODEL I-MODEL I-MODEL I-MODEL I-MODEL,アカネ電機|8465-KW|ネイビー
T00440,KURO,RQ-2017,シルバー,B-MODEL I-MODEL I-MODEL I-MODEL I-MODEL I-MODEL I-MODEL O B-COLOR I-COLOR I-COLOR I-COLOR O B-BRAND I-BRAND I-BRAND I-BRAND O O O O,KURO|RQ-2017|シルバー
T00441,ノースピーク,UU-7848,レッド,B-BRAND I-BRAND I-BRAND I-BRAND I-BRAND I-BRAND O O O O O O O B-COLOR I-COLOR I-COLOR O B-MODEL I-MODEL I-MODEL I-MODEL I-MODEL I-MODEL I-MODEL,ノースピーク|UU-7848|レッド
T00442,オオゾラ,8147-WX,ホワイト,B-MODEL I-MODEL I-MODEL I-MODEL I-MODEL I-MODEL O B-BRAND I-BRAND I-BRAND I-BRAND O O O O O O O O O O,オオゾラ|8147-WX|ホワイト
T00443,TSUBAKI,J795-21,ホワイト,B-COLOR I-COLOR I-COLOR I-COLOR O O O B-MODEL I-MODEL I-MODEL I-MODEL I-MODEL I-MODEL B-BRAND I-BRAND I-BRAND I-BRAND I-BRAND I-BRAND I-BRAND,TSUBAKI|J795-21|ホワイト
T00444,,OJ-6867,グリーン,O O O O O O O O O O O B-COLOR I-COLOR I-COLOR I-COLOR,|OJ-6867|グリーン
T00445,ソライロ,JR-7004,シルバー,B-COLOR I-COLOR I-COLOR I-COLOR O O O O O B-MODEL I-MODEL I-MODEL I-MODEL I-MODEL I-MODEL I-MODEL O B-BRAND I-BRAND I-BRAND I-BRAND,ソライロ|JR-7004|シルバー
T00446,ソライロ,R278-48,ネイビー,O O O O O O O B-COLOR I-COLOR I-COLOR I-COLOR B-MODEL I-MODEL I-MODEL I-MODEL I-MODEL I-MODEL O O O B-BRAND I-BRAND I-BRAND I-BRAND,ソライロ|R278-48|ネイビー
T00447,ミナヅキ,9153-PG,ホワイト,O O O O O O O O O O O O O O O O O O O B-MODEL I-MODEL I-MODEL I-MODEL I-MODEL I-MODEL I-MODEL,ミナヅキ|9153-PG|ホワイト
T00448,ミドリワークス,ZU-9243,グリーン,O O O O O O O O O B-COLOR I-COLOR I-COLOR I-COLOR B-MODEL I-MODEL I-MODEL I-MODEL I-MODEL I-MODEL I-MODEL B-BRAND I-BRAND I-BRAND I-BRAND I-BRAND I-BRAND I-BRAND,ミドリワークス|ZU-9243|グリーン
T00449,KURO,1737-UK,ホワイト,O O O O O O O O B-COLOR I-COLOR I-COLOR I-COLOR O B-BRAND I-BRAND I-BRAND I-BRAND O B-MODEL I-MODEL I-MODEL I-MODEL I-MODEL I-MODEL O O O O O O O O,KURO|1737-UK|ホワイト
T00450,アカネ電機,EJ-4381,グリーン,O O O O O O O O O O O O O O O B-BRAND I-BRAND I-BRAND I-BRAND I-BRAND O B-MODEL I-MODEL I-MODEL I-MODEL I-MODEL I-MODEL I-MODEL O B-COLOR I-COLOR I-COLOR I-COLOR,アカネ電機|EJ-4381|グリーン
T00451,KURO,H478-66,シルバー,B-BRAND I-BRAND I-BRAND I-BRAND O O O O O O B-MODEL I-MODEL I-MODEL I-MODEL I-MODEL I-MODEL O B-COLOR I-COLOR I-COLOR I-COLOR,KURO|H478-66|シルバー
T00452,ハヤブサ,E361-80,ホワイト,B-MODEL I-MODEL I-MODEL I-MODEL I-MODEL I-MODEL B-COLOR I-COLOR I-COLOR I-COLOR B-BRAND I-BRAND I-BRAND I-BRAND O O O,ハヤブサ|E361-80|ホワイト
T00453,コハクワークス,Q361-84,グリーン,O O O O B-COLOR I-COLOR I-COLOR I-COLOR O B-MODEL I-MODEL I-MODEL I-MODEL I-MODEL I-MODEL O B-BRAND I-BRAND I-BRAND I-BRAND I-BRAND I-BRAND I-BRAND,コハクワークス|Q361-84|グリーン
T00454,ヤマブキ堂,3071-TM,ネイビー,B-BRAND I-BRAND I-BRAND I-BRAND I-BRAND B-MODEL I-MODEL I-MODEL I-MODEL I-MODEL I-MODEL I-MODEL B-COLOR I-COLOR I-COLOR I-COLOR O O O,ヤマブキ堂|3071-TM|ネイビー
T00455,ヤマブキ堂,UE-4014,ブラック,B-COLOR I-COLOR I-COLOR I-COLOR B-BRAND I-BRAND I-BRAND I-BRAND I-BRAND O O O O B-MODEL I-MODEL I-MODEL I-MODEL I-MODEL I-MODEL,ヤマブキ堂|UE-4014|ブラック
T00456,ソライロ,7201-MF,ネイビー,B-COLOR I-COLOR I-COLOR I-COLOR B-BRAND I-BRAND I-BRAND I-BRAND B-MODEL I-MODEL I-MODEL I-MODEL I-MODEL I-MODEL O O O O O,ソライロ|7201-MF|ネイビー
T00457,オオゾラ,YQ-3912,シルバー,O O O O O B-MODEL I-MODEL I-MODEL I-MODEL I-MODEL I-MODEL O B-COLOR I-COLOR I-COLOR I-COLOR O O O O O B-BRAND I-BRAND I-BRAND I-BRAND,オオゾラ|YQ-3912|シルバー
T00458,ミナヅキ,4327-WR,グリーン,B-MODEL I-MODEL I-MODEL I-MODEL I-MODEL I-MODEL I-MODEL B-BRAND I-BRAND I-BRAND I-BRAND O O O B-COLOR I-COLOR I-COLOR I-COLOR,ミナヅキ|4327-WR|グリーン
T00459,KURO,CK-4502,ブラック,O O O O O O O O O O O B-COLOR I-COLOR I-COLOR I-COLOR B-BRAND I-BRAND I-BRAND I-BRAND B-MODEL I-MODEL I-MODEL I-MODEL I-MODEL I-MODEL I-MODEL,KURO|CK-4502|ブラック
T00460,コハクワークス,JO-9169,ホワイト,B-BRAND I-BRAND I-BRAND I-BRAND I-BRAND I-BRAND I-BRAND O B-MODEL I-MODEL I-MODEL I-MODEL I-MODEL I-MODEL I-MODEL O B-COLOR I-COLOR I-COLOR I-COLOR O O O O O O,コハクワークス|JO-9169|ホワイト
T00461,KURO,1792-AO,ブラック,B-COLOR I-COLOR I-COLOR I-COLOR O B-BRAND I-BRAND I-BRAND I-BRAND O B-MODEL I-MODEL I-MODEL I-MODEL I-MODEL I-MODEL I-MODEL O O O O,KURO|1792-AO|ブラック
T00462,ゲンブ,4308-XH,レッド,O O O O O O O O O O O O O O B-MODEL I-MODEL I-MODEL I-MODEL I-MODEL I-MODEL O B-COLOR I-COLOR I-COLOR O B-BRAND I-BRAND I-BRAND,ゲンブ|4308-XH|レッド
T00463,シラユキ,A131-31,ホワイト,O O O O O O B-COLOR I-COLOR I-COLOR I-COLOR O B-BRAND I-BRAND I-BRAND I-BRAND O B-MODEL I-MODEL I-MODEL I-MODEL I-MODEL I-MODEL O O O O O O O O,シラユキ|A131-31|ホワイト
T00464,AOI,K689-44,ブラック,B-COLOR I-COLOR I-COLOR I-COLOR O B-BRAND I-BRAND I-BRAND O O O O O O O B-MODEL I-MODEL I-MODEL I-MODEL I-MODEL I-MODEL I-MODEL,AOI|K689-44|ブラック
T00465,シラユキ,ID-5312,レッド,B-MODEL I-MODEL I-MODEL I-MODEL I-MODEL I-MODEL O O O O O O O O O O,シラユキ|ID-5312|レッド
T00466,ソライロ,2238-VM,ブラック,O O O O O O O O O O B-BRAND I-BRAND I-BRAND I-BRAND O B-MODEL I-MODEL I-MODEL I-MODEL I-MODEL I-MODEL I-MODEL O B-COLOR I-COLOR I-COLOR I-COLOR,ソライロ|2238-VM|ブラック
T00467,ハヤブサ,4332-JD,ホワイト,B-BRAND I-BRAND I-BRAND I-BRAND B-COLOR I-COLOR I-COLOR I-COLOR B-MODEL I-MODEL I-MODEL I-MODEL I-MODEL I-MODEL O O O,ハヤブサ|4332-JD|ホワイト
T00468,ノースピーク,5795-BQ,ホワイト,B-COLOR I-COLOR I-COLOR I-COLOR O O O O O B-BRAND I-BRAND I-BRAND I-BRAND I-BRAND I-BRAND O B-MODEL I-MODEL I-MODEL I-MODEL I-MODEL I-MODEL I-MODEL,ノースピーク|5795-BQ|ホワイト
T00469,,9471-ZM,ホワイト,O O O O O O O O O O O O O B-COLOR I-COLOR I-COLOR I-COLOR B-MODEL I-MODEL I-MODEL I-MODEL I-MODEL I-MODEL I-MODEL,|9471-ZM|ホワイト
T00470,ミドリワークス,9351-ZO,シルバー,B-BRAND I-BRAND I-BRAND I-BRAND I-BRAND I-BRAND I-BRAND O B-MODEL I-MODEL I-MODEL I-MODEL I-MODEL I-MODEL I-MODEL O B-COLOR I-COLOR I-COLOR I-COLOR O O O O O O O O,ミドリワークス|9351-ZO|シルバー
T00471,ミドリワークス,GV-1715,ネイビー,B-MODEL I-MODEL I-MODEL I-MODEL I-MODEL I-MODEL O B-COLOR I-COLOR I-COLOR I-COLOR O B-BRAND I-BRAND I-BRAND I-BRAND I-BRAND I-BRAND I-BRAND O O O O,ミドリワークス|GV-1715|ネイビー
T00472,オオゾラ,8747-UG,ブラック,O O O O O B-MODEL I-MODEL I-MODEL I-MODEL I-MODEL I-MODEL I-MODEL O B-COLOR I-COLOR I-COLOR I-COLOR O B-BRAND I-BRAND I-BRAND I-BRAND O O O O O O,オオゾラ|8747-UG|ブラック
T00473,ミドリワークス,Q338-18,シルバー,B-BRAND I-BRAND I-BRAND I-BRAND I-BRAND I-BRAND I-BRAND B-MODEL I-MODEL I-MODEL I-MODEL I-MODEL I-MODEL I-MODEL B-COLOR I-COLOR I-COLOR I-COLOR O O O,ミドリワークス|Q338-18|シルバー
T00474,AOI,P865-80,ホワイト,B-COLOR I-COLOR I-COLOR I-COLOR O O O B-BRAND I-BRAND I-BRAND B-MODEL I-MODEL I-MODEL I-MODEL I-MODEL I-MODEL I-MODEL,AOI|P865-80|ホワイト
T00475,シラユキ,SC-3127,ホワイト,B-MODEL I-MODEL I-MODEL I-MODEL I-MODEL I-MODEL I-MODEL O O O O O O O B-BRAND I-BRAND I-BRAND I-BRAND B-COLOR I-COLOR I-COLOR I-COLOR,シラユキ|SC-3127|ホワイト
T00476,KURO,R613-97,シルバー,B-MODEL I-MODEL I-MODEL I-MODEL I-MODEL I-MODEL I-MODEL O B-COLOR I-COLOR I-COLOR I-COLOR O O O O O B-BRAND I-BRAND I-BRAND I-BRAND,KURO|R613-97|シルバー
T00477,ミドリワークス,OW-3440,レッド,O O O O O O B-COLOR I-COLOR I-COLOR B-MODEL I-MODEL I-MODEL I-MODEL I-MODEL I-MODEL I-MODEL O O O,ミドリワークス|OW-3440|レッド
T00478,ゲンブ,B340-41,ブラック,B-BRAND I-BRAND I-BRAND O B-COLOR I-COLOR I-COLOR I-COLOR O B-MODEL I-MODEL I-MODEL I-MODEL I-MODEL I-MODEL I-MODEL O O O O O,ゲンブ|B340-41|ブラック
T00479,KURO,UM-9336,ホワイト,B-COLOR I-COLOR I-COLOR I-COLOR B-MODEL I-MODEL I-MODEL I-MODEL I-MODEL I-MODEL I-MODEL B-BRAND I-BRAND I-BRAND I-BRAND O O O,KURO|UM-9336|ホワイト
T00480,TSUBAKI,Z948-66,ブラック,O O O O O O O O O O O B-MODEL I-MODEL I-MODEL I-MODEL I-MODEL I-MODEL I-MODEL O B-COLOR I-COLOR I-COLOR I-COLOR,TSUBAKI|Z948-66|ブラック
T00481,,T675-91,ホワイト,B-MODEL I-MODEL I-MODEL I-MODEL I-MODEL I-MODEL I-MODEL O B-COLOR I-COLOR I-COLOR I-COLOR O O O O O O,|T675-91|ホワイト
T00482,AOI,JF-9048,シルバー,B-COLOR I-COLOR I-COLOR I-COLOR O B-MODEL I-MODEL I-MODEL I-MODEL I-MODEL I-MODEL I-MODEL O O O O O O O B-BRAND I-BRAND I-BRAND,AOI|JF-9048|シルバー
T00483,TSUBAKI,6454-LJ,グリーン,B-COLOR I-COLOR I-COLOR I-COLOR B-MODEL I-MODEL I-MODEL I-MODEL I-MODEL I-MODEL I-MODEL B-BRAND I-BRAND I-BRAND I-BRAND I-BRAND I-BRAND I-BRAND O O O O O O O,TSUBAKI|6454-LJ|グリーン
T00484,ハヤブサ,9145-EM,グリーン,O O O O B-BRAND I-BRAND I-BRAND I-BRAND O O O O O B-MODEL I-MODEL I-MODEL I-MODEL I-MODEL I-MODEL,ハヤブサ|9145-EM|グリーン
T00485,ノースピーク,J616-70,グリーン,B-COLOR I-COLOR I-COLOR I-COLOR O B-BRAND I-BRAND I-BRAND I-BRAND I-BRAND I-BRAND O O O O O O O B-MODEL I-MODEL I-MODEL I-MODEL I-MODEL I-MODEL I-MODEL,ノースピーク|J616-70|グリーン
T00486,ゲンブ,4967-HD,レッド,B-MODEL I-MODEL I-MODEL I-MODEL I-MODEL I-MODEL I-MODEL O B-BRAND I-BRAND I-BRAND O B-COLOR I-COLOR I-COLOR O O O O,ゲンブ|4967-HD|レッド
T00487,ミナヅキ,J231-36,ブラック,O O O O O O B-BRAND I-BRAND I-BRAND I-BRAND O B-COLOR I-COLOR I-COLOR I-COLOR O O O O O B-MODEL I-MODEL I-MODEL I-MODEL I-MODEL I-MODEL I-MODEL,ミナヅキ|J231-36|ブラック
T00488,アカネ電機,IY-3807,シルバー,B-BRAND I-BRAND I-BRAND I-BRAND I-BRAND O O O O O O O B-MODEL I-MODEL I-MODEL I-MODEL I-MODEL I-MODEL O B-COLOR I-COLOR I-COLOR I-COLOR,アカネ電機|IY-3807|シルバー
T00489,ミナヅキ,4512-CZ,ホワイト,B-COLOR I-COLOR I-COLOR I-COLOR O B-MODEL I-MODEL I-MODEL I-MODEL I-MODEL I-MODEL I-MODEL O O O O O B-BRAND I-BRAND I-BRAND I-BRAND,ミナヅキ|4512-CZ|ホワイト
T00490,アカネ電機,5719-FV,ホワイト,O O O O O O B-MODEL I-MODEL I-MODEL I-MODEL I-MODEL I-MODEL I-MODEL B-COLOR I-COLOR I-COLOR I-COLOR B-BRAND I-BRAND I-BRAND I-BRAND I-BRAND O O O O O O O,アカネ電機|5719-FV|ホワイト
T00491,ミドリワークス,M297-30,ネイビー,O O O O O O B-BRAND I-BRAND I-BRAND I-BRAND I-BRAND I-BRAND I-BRAND O B-MODEL I-MODEL I-MODEL I-MODEL I-MODEL I-MODEL I-MODEL O O O O O B-COLOR I-COLOR I-COLOR I-COLOR,ミドリワークス|M297-30|ネイビー
T00492,ミドリワークス,IX-2904,ネイビー,O O O O B-COLOR I-COLOR I-COLOR I-COLOR O B-BRAND I-BRAND I-BRAND I-BRAND I-BRAND I-BRAND I-BRAND O B-MODEL I-MODEL I-MODEL I-MODEL I-MODEL I-MODEL I-MODEL,ミドリワークス|IX-2904|ネイビー
T00493,,3016-LZ,ネイビー,B-MODEL I-MODEL I-MODEL I-MODEL I-MODEL I-MODEL O O O B-COLOR I-COLOR I-COLOR I-COLOR,|3016-LZ|ネイビー
T00494,,9146-SW,ネイビー,B-COLOR I-COLOR I-COLOR I-COLOR O O O O O O O O,|9146-SW|ネイビー
T00495,ミナヅキ,G304-15,シルバー,B-BRAND I-BRAND I-BRAND I-BRAND O B-MODEL I-MODEL I-MODEL I-MODEL I-MODEL I-MODEL O B-COLOR I-COLOR I-COLOR I-COLOR O O O O,ミナヅキ|G304-15|シルバー
T00496,ソライロ,D614-57,ブラック,B-BRAND I-BRAND I-BRAND I-BRAND O O O O O B-MODEL I-MODEL I-MODEL I-MODEL I-MODEL I-MODEL I-MODEL O O O O O,ソライロ|D614-57|ブラック
T00497,オオゾラ,I899-64,ホワイト,B-BRAND I-BRAND I-BRAND I-BRAND O B-MODEL I-MODEL I-MODEL I-MODEL I-MODEL I-MODEL I-MODEL O B-COLOR I-COLOR I-COLOR I-COLOR O O O O,オオゾラ|I899-64|ホワイト
T00498,KURO,P503-71,ブラック,B-BRAND I-BRAND I-BRAND I-BRAND O B-MODEL I-MODEL I-MODEL I-MODEL I-MODEL I-MODEL I-MODEL O B-COLOR I-COLOR I-COLOR I-COLOR O O O O O,KURO|P503-71|ブラック
T00499,シラユキ,T562-31,シルバー,O O O O B-BRAND I-BRAND I-BRAND I-BRAND O B-COLOR I-COLOR I-COLOR I-COLOR O O O O O O,シラユキ|T562-31|シルバー
T00500,ミドリワークス,6608-VE,ブラック,O O O O O O O O O O B-MODEL I-MODEL I-MODEL I-MODEL I-MODEL I-MODEL O B-BRAND I-BRAND I-BRAND I-BRAND I-BRAND I-BRAND I-BRAND O B-COLOR I-COLOR I-COLOR I-COLOR,ミドリワークス|6608-VE|ブラック
T00501,ハヤブサ,7870-KB,シルバー,O O O O O O O O B-COLOR I-COLOR I-COLOR I-COLOR B-BRAND I-BRAND I-BRAND I-BRAND O O O O B-MODEL I-MODEL I-MODEL I-MODEL I-MODEL I-MODEL I-MODEL,ハヤブサ|7870-KB|シルバー
T00502,ヤマブキ堂,7654-FK,レッド,B-MODEL I-MODEL I-MODEL I-MODEL I-MODEL I-MODEL I-MODEL B-BRAND I-BRAND I-BRAND I-BRAND I-BRAND B-COLOR I-COLOR I-COLOR O O O O O,ヤマブキ堂|7654-FK|レッド
T00503,ミドリワークス,LD-4529,レッド,O O O O O O O O B-COLOR I-COLOR I-COLOR O B-BRAND I-BRAND I-BRAND I-BRAND I-BRAND I-BRAND I-BRAND O O O O O O B-MODEL I-MODEL I-MODEL I-MODEL I-MODEL I-MODEL I-MODEL,ミドリワークス|LD-4529|レッド
T00504,シラユキ,JB-8994,グリーン,B-COLOR I-COLOR I-COLOR I-COLOR B-MODEL I-MODEL I-MODEL I-MODEL I-MODEL I-MODEL I-MODEL B-BRAND I-BRAND I-BRAND I-BRAND O O O O O,シラユキ|JB-8994|グリーン
T00505,,DF-5335,シルバー,B-MODEL I-MODEL I-MODEL I-MODEL I-MODEL I-MODEL I-MODEL B-COLOR I-COLOR I-COLOR I-COLOR O O O O O,|DF-5335|シルバー
T00506,AOI,A391-33,ホワイト,O O O O O O O O O O O O B-COLOR I-COLOR I-COLOR I-COLOR O B-BRAND I-BRAND I-BRAND,AOI|A391-33|ホワイト
T00507,ソライロ,3219-RB,グリーン,B-BRAND I-BRAND I-BRAND I-BRAND O B-COLOR I-COLOR I-COLOR I-COLOR O B-MODEL I-MODEL I-MODEL I-MODEL I-MODEL I-MODEL O O O O O O,ソライロ|3219-RB|グリーン
T00508,ミナヅキ,L235-41,シルバー,O O O B-BRAND I-BRAND I-BRAND I-BRAND B-COLOR I-COLOR I-COLOR I-COLOR B-MODEL I-MODEL I-MODEL I-MODEL I-MODEL I-MODEL I-MODEL,ミナヅキ|L235-41|シルバー
T00509,ゲンブ,DI-9455,レッド,B-MODEL I-MODEL I-MODEL I-MODEL I-MODEL I-MODEL O O O O O O B-BRAND I-BRAND I-BRAND O B-COLOR I-COLOR I-COLOR,ゲンブ|DI-9455|レッド
T00510,シラユキ,Y902-17,レッド,B-COLOR I-COLOR I-COLOR B-MODEL I-MODEL I-MODEL I-MODEL I-MODEL I-MODEL O O O O B-BRAND I-BRAND I-BRAND I-BRAND,シラユキ|Y902-17|レッド
T00511,AOI,SU-4322,レッド,O O O O O O O O O O O O B-COLOR I-COLOR I-COLOR O B-MODEL I-MODEL I-MODEL I-MODEL I-MODEL I-MODEL O B-BRAND I-BRAND I-BRAND,AOI|SU-4322|レッド
T00512,ミナヅキ,O301-31,レッド,B-MODEL I-MODEL I-MODEL I-MODEL I-MODEL I-MODEL I-MODEL O O O O O O O O O B-BRAND I-BRAND I-BRAND I-BRAND O B-COLOR I-COLOR I-COLOR,ミナヅキ|O301-31|レッド
T00513,AOI,8114-MU,ホワイト,B-BRAND I-BRAND I-BRAND O O O O O O B-MODEL I-MODEL I-MODEL I-MODEL I-MODEL I-MODEL I-MODEL O B-COLOR I-COLOR I-COLOR I-COLOR,AOI|8114-MU|ホワイト
T00514,TSUBAKI,OL-6477,シルバー,B-BRAND I-BRAND I-BRAND I-BRAND I-BRAND I-BRAND I-BRAND B-MODEL I-MODEL I-MODEL I-MODEL I-MODEL I-MODEL I-MODEL O O O O B-COLOR I-COLOR I-COLOR I-COLOR,TSUBAKI|OL-6477|シルバー
T00515,,W280-72,ホワイト,O O O O O O O O O O O O O B-MODEL I-MODEL I-MODEL I-MODEL I-MODEL I-MODEL I-MODEL O B-COLOR I-COLOR I-COLOR I-COLOR,|W280-72|ホワイト
T00516,,1337-BH,シルバー,B-COLOR I-COLOR I-COLOR I-COLOR O O O O O O B-MODEL I-MODEL I-MODEL I-MODEL I-MODEL I-MODEL I-MODEL,|1337-BH|シルバー
T00517,アカネ電機,7106-QO,ネイビー,B-MODEL I-MODEL I-MODEL I-MODEL I-MODEL I-MODEL I-MODEL O O O B-BRAND I-BRAND I-BRAND I-BRAND I-BRAND B-COLOR I-COLOR I-COLOR I-COLOR,アカネ電機|7106-QO|ネイビー
T00518,ミナヅキ,YN-3939,レッド,B-BRAND I-BRAND I-BRAND I-BRAND O B-COLOR I-COLOR I-COLOR O B-MODEL I-MODEL I-MODEL I-MODEL I-MODEL I-MODEL I-MODEL O O O O O O O O,ミナヅキ|YN-3939|レッド
T00519,シラユキ,4703-UZ,ブラック,B-COLOR I-COLOR I-COLOR I-COLOR O B-MODEL I-MODEL I-MODEL I-MODEL I-MODEL I-MODEL O B-BRAND I-BRAND I-BRAND I-BRAND O O O O O O,シラユキ|4703-UZ|ブラック
T00520,ミナヅキ,JL-6244,レッド,O O O O O O B-COLOR I-COLOR I-COLOR B-MODEL I-MODEL I-MODEL I-MODEL I-MODEL I-MODEL B-BRAND I-BRAND I-BRAND I-BRAND O O O O O O O,ミナヅキ|JL-6244|レッド
T00521,ヤマブキ堂,JX-9281,グリーン,B-BRAND I-BRAND I-BRAND I-BRAND I-BRAND O O O O O B-MODEL I-MODEL I-MODEL I-MODEL I-MODEL I-MODEL I-MODEL B-COLOR I-COLOR I-COLOR I-COLOR,ヤマブキ堂|JX-9281|グリーン
T00522,TSUBAKI,VD-3534,ホワイト,O O O O O O O B-BRAND I-BRAND I-BRAND I-BRAND I-BRAND I-BRAND I-BRAND O B-MODEL I-MODEL I-MODEL I-MODEL I-MODEL I-MODEL I-MODEL O O O O O B-COLOR I-COLOR I-COLOR I-COLOR,TSUBAKI|VD-3534|ホワイト
T00523,ソライロ,8795-AZ,ネイビー,B-COLOR I-COLOR I-COLOR I-COLOR B-MODEL I-MODEL I-MODEL I-MODEL I-MODEL I-MODEL B-BRAND I-BRAND I-BRAND I-BRAND O O O,ソライロ|8795-AZ|ネイビー
T00524,ソライロ,VV-1060,レッド,O O O O O O B-COLOR I-COLOR I-COLOR O B-BRAND I-BRAND I-BRAND I-BRAND O O O O O O O B-MODEL I-MODEL I-MODEL I-MODEL I-MODEL I-MODEL,ソライロ|VV-1060|レッド
T00525,,A712-75,ホワイト,B-MODEL I-MODEL I-MODEL I-MODEL I-MODEL I-MODEL I-MODEL O O O O O B-COLOR I-COLOR I-COLOR I-COLOR,|A712-75|ホワイト
T00526,セイランド,JV-3565,レッド,O O O B-COLOR I-COLOR I-COLOR B-BRAND I-BRAND I-BRAND I-BRAND I-BRAND B-MODEL I-MODEL I-MODEL I-MODEL I-MODEL I-MODEL I-MODEL,セイランド|JV-3565|レッド
T00527,TSUBAKI,L142-20,レッド,O O O O O O B-BRAND I-BRAND I-BRAND I-BRAND I-BRAND I-BRAND I-BRAND O B-COLOR I-COLOR I-COLOR O B-MODEL I-MODEL I-MODEL I-MODEL I-MODEL I-MODEL I-MODEL,TSUBAKI|L142-20|レッド
T00528,,IP-5970,ホワイト,O O O O O O B-MODEL I-MODEL I-MODEL I-MODEL I-MODEL I-MODEL I-MODEL O B-COLOR I-COLOR I-COLOR I-COLOR,|IP-5970|ホワイト
T00529,ノースピーク,4487-DJ,ネイビー,B-MODEL I-MODEL I-MODEL I-MODEL I-MODEL I-MODEL I-MODEL O B-BRAND I-BRAND I-BRAND I-BRAND I-BRAND I-BRAND O O O O O O O B-COLOR I-COLOR I-COLOR I-COLOR,ノースピーク|4487-DJ|ネイビー
T00530,,9737-AV,ネイビー,B-COLOR I-COLOR I-COLOR I-COLOR O B-MODEL I-MODEL I-MODEL I-MODEL I-MODEL I-MODEL I-MODEL O O O O,|9737-AV|ネイビー
T00531,KURO,1085-XF,ホワイト,B-MODEL I-MODEL I-MODEL I-MODEL I-MODEL I-MODEL I-MODEL B-BRAND I-BRAND I-BRAND I-BRAND O O O O O O O B-COLOR I-COLOR I-COLOR I-COLOR,KURO|1085-XF|ホワイト
T00532,TSUBAKI,7745-JV,シルバー,B-MODEL I-MODEL I-MODEL I-MODEL I-MODEL I-MODEL O B-COLOR I-COLOR I-COLOR I-COLOR O O O O O B-BRAND I-BRAND I-BRAND I-BRAND I-BRAND I-BRAND I-BRAND,TSUBAKI|7745-JV|シルバー
T00533,,3626-KJ,ネイビー,B-MODEL I-MODEL I-MODEL I-MODEL I-MODEL I-MODEL I-MODEL O O O O O O O B-COLOR I-COLOR I-COLOR I-COLOR,|3626-KJ|ネイビー
T00534,ヤマブキ堂,X262-23,レッド,B-BRAND I-BRAND I-BRAND I-BRAND I-BRAND B-COLOR I-COLOR I-COLOR O O O B-MODEL I-MODEL I-MODEL I-MODEL I-MODEL I-MODEL I-MODEL,ヤマブキ堂|X262-23|レッド
T00535,セイランド,M433-98,レッド,O O O O O B-MODEL I-MODEL I-MODEL I-MODEL I-MODEL I-MODEL I-MODEL B-COLOR I-COLOR I-COLOR B-BRAND I-BRAND I-BRAND I-BRAND I-BRAND,セイランド|M433-98|レッド
T00536,KURO,X982-53,レッド,B-BRAND I-BRAND I-BRAND I-BRAND O B-COLOR I-COLOR I-COLOR O B-MODEL I-MODEL I-MODEL I-MODEL I-MODEL I-MODEL O O O O O,KURO|X982-53|レッド
T00537,オオゾラ,S647-42,シルバー,B-MODEL I-MODEL I-MODEL I-MODEL I-MODEL I-MODEL I-MODEL O B-COLOR I-COLOR I-COLOR I-COLOR O B-BRAND I-BRAND I-BRAND I-BRAND O O O O O O,オオゾラ|S647-42|シルバー
T00538,AOI,SX-1986,レッド,O O O O O O O B-MODEL I-MODEL I-MODEL I-MODEL I-MODEL I-MODEL I-MODEL O O O B-COLOR I-COLOR I-COLOR B-BRAND I-BRAND I-BRAND,AOI|SX-1986|レッド
T00539,コハクワークス,G142-64,シルバー,B-COLOR I-COLOR I-COLOR I-COLOR O O O O O B-BRAND I-BRAND I-BRAND I-BRAND I-BRAND I-BRAND I-BRAND O O O O O,コハクワークス|G142-64|シルバー
T00540,ヤマブキ堂,D835-36,ブラック,O O O O O O O B-BRAND I-BRAND I-BRAND I-BRAND I-BRAND O B-COLOR I-COLOR I-COLOR I-COLOR O B-MODEL I-MODEL I-MODEL I-MODEL I-MODEL I-MODEL I-MODEL O O O O O O,ヤマブキ堂|D835-36|ブラック
T00541,オオゾラ,VX-2408,グリーン,B-BRAND I-BRAND I-BRAND I-BRAND B-COLOR I-COLOR I-COLOR I-COLOR O O O B-MODEL I-MODEL I-MODEL I-MODEL I-MODEL I-MODEL I-MODEL,オオゾラ|VX-2408|グリーン
T00542,セイランド,HI-8510,ホワイト,B-BRAND I-BRAND I-BRAND I-BRAND I-BRAND O B-COLOR I-COLOR I-COLOR I-COLOR O O O O O O O O O B-MODEL I-MODEL I-MODEL I-MODEL I-MODEL I-MODEL,セイランド|HI-8510|ホワイト
T00543,TSUBAKI,7615-VR,ホワイト,B-MODEL I-MODEL I-MODEL I-MODEL I-MODEL I-MODEL O O O O O B-BRAND I-BRAND I-BRAND I-BRAND I-BRAND I-BRAND I-BRAND B-COLOR I-COLOR I-COLOR I-COLOR,TSUBAKI|7615-VR|ホワイト
T00544,ソライロ,W843-82,シルバー,O O O O B-COLOR I-COLOR I-COLOR I-COLOR O B-BRAND I-BRAND I-BRAND I-BRAND O B-MODEL I-MODEL I-MODEL I-MODEL I-MODEL I-MODEL I-MODEL,ソライロ|W843-82|シルバー
T00545,,LX-5256,シルバー,O O O O O O O O B-MODEL I-MODEL I-MODEL I-MODEL I-MODEL I-MODEL I-MODEL B-COLOR I-COLOR I-COLOR I-COLOR O O O,|LX-5256|シルバー
T00546,,W447-57,ホワイト,B-MODEL I-MODEL I-MODEL I-MODEL I-MODEL I-MODEL I-MODEL O B-COLOR I-COLOR I-COLOR I-COLOR O O O O,|W447-57|ホワイト
T00547,アカネ電機,2444-CG,シルバー,O O O O O O B-COLOR I-COLOR I-COLOR I-COLOR O B-MODEL I-MODEL I-MODEL I-MODEL I-MODEL I-MODEL I-MODEL O B-BRAND I-BRAND I-BRAND I-BRAND I-BRAND,アカネ電機|2444-CG|シルバー
T00548,,3359-ZZ,レッド,O O O O O O B-COLOR I-COLOR I-COLOR O O O O O O B-MODEL I-MODEL I-MODEL I-MODEL I-MODEL I-MODEL I-MODEL,|3359-ZZ|レッド
T00549,ヤマブキ堂,1994-GV,レッド,B-MODEL I-MODEL I-MODEL I-MODEL I-MODEL I-MODEL I-MODEL B-BRAND I-BRAND I-BRAND I-BRAND I-BRAND B-COLOR I-COLOR I-COLOR O O O,ヤマブキ堂|1994-GV|レッド
T00550,KURO,U300-24,レッド,O O O O O O O O O O O B-MODEL I-MODEL I-MODEL I-MODEL I-MODEL I-MODEL I-MODEL O B-COLOR I-COLOR I-COLOR O B-BRAND I-BRAND I-BRAND I-BRAND,KURO|U300-24|レッド
T00551,,9101-NB,ホワイト,O O O O O O O O B-COLOR I-COLOR I-COLOR I-COLOR B-MODEL I-MODEL I-MODEL I-MODEL I-MODEL I-MODEL I-MODEL O O O O O,|9101-NB|ホワイト
T00552,ヤマブキ堂,NJ-4185,レッド,O O O O O O O O O O O B-COLOR I-COLOR I-COLOR O B-BRAND I-BRAND I-BRAND I-BRAND I-BRAND,ヤマブキ堂|NJ-4185|レッド
T00553,ヤマブキ堂,FG-9889,ネイビー,O O O O O O O B-COLOR I-COLOR I-COLOR I-COLOR O O O O O O O O O O B-BRAND I-BRAND I-BRAND I-BRAND I-BRAND,ヤマブキ堂|FG-9889|ネイビー
T00554,ミナヅキ,YH-6234,ホワイト,O O O O O O O O B-MODEL I-MODEL I-MODEL I-MODEL I-MODEL I-MODEL O O O O O O B-COLOR I-COLOR I-COLOR I-COLOR O B-BRAND I-BRAND I-BRAND I-BRAND,ミナヅキ|YH-6234|ホワイト
T00555,AOI,ZB-8012,ホワイト,B-COLOR I-COLOR I-COLOR I-COLOR O B-BRAND I-BRAND I-BRAND O O O O O O B-MODEL I-MODEL I-MODEL I-MODEL I-MODEL I-MODEL,AOI|ZB-8012|ホワイト
T00556,ミナヅキ,T890-64,ブラック,B-BRAND I-BRAND I-BRAND I-BRAND O O O O O B-COLOR I-COLOR I-COLOR I-COLOR O B-MODEL I-MODEL I-MODEL I-MODEL I-MODEL I-MODEL I-MODEL,ミナヅキ|T890-64|ブラック
T00557,,RT-9431,ネイビー,O O O O O O O O B-COLOR I-COLOR I-COLOR I-COLOR O O O O O B-MODEL I-MODEL I-MODEL I-MODEL I-MODEL I-MODEL I-MODEL,|RT-9431|ネイビー
T00558,KURO,9022-CW,ブラック,O O O O B-BRAND I-BRAND I-BRAND I-BRAND B-COLOR I-COLOR I-COLOR I-COLOR B-MODEL I-MODEL I-MODEL I-MODEL I-MODEL I-MODEL,KURO|9022-CW|ブラック
T00559,ハヤブサ,L454-19,ネイビー,B-BRAND I-BRAND I-BRAND I-BRAND B-MODEL I-MODEL I-MODEL I-MODEL I-MODEL I-MODEL I-MODEL O O O B-COLOR I-COLOR I-COLOR I-COLOR,ハヤブサ|L454-19|ネイビー
T00560,ノースピーク,D179-54,グリーン,O O O O B-COLOR I-COLOR I-COLOR I-COLOR O B-MODEL I-MODEL I-MODEL I-MODEL I-MODEL I-MODEL I-MODEL O B-BRAND I-BRAND I-BRAND I-BRAND I-BRAND I-BRAND,ノースピーク|D179-54|グリーン
T00561,ハヤブサ,6661-HE,レッド,O O O O O B-BRAND I-BRAND I-BRAND I-BRAND B-COLOR I-COLOR I-COLOR B-MODEL I-MODEL I-MODEL I-MODEL I-MODEL I-MODEL I-MODEL,ハヤブサ|6661-HE|レッド
T00562,アカネ電機,B352-63,レッド,B-BRAND I-BRAND I-BRAND I-BRAND I-BRAND O O O O O B-COLOR I-COLOR I-COLOR O B-MODEL I-MODEL I-MODEL I-MODEL I-MODEL I-MODEL,アカネ電機|B352-63|レッド
T00563,ヤマブキ堂,7602-XL,グリーン,B-BRAND I-BRAND I-BRAND I-BRAND I-BRAND O O O O O O O B-COLOR I-COLOR I-COLOR I-COLOR O B-MODEL I-MODEL I-MODEL I-MODEL I-MODEL I-MODEL I-MODEL,ヤマブキ堂|7602-XL|グリーン
T00564,ミナヅキ,9076-KC,ブラック,B-BRAND I-BRAND I-BRAND I-BRAND O B-COLOR I-COLOR I-COLOR I-COLOR O O O O O B-MODEL I-MODEL I-MODEL I-MODEL I-MODEL I-MODEL I-MODEL,ミナヅキ|9076-KC|ブラック
T00565,コハクワークス,9626-UX,レッド,O O O O O O O O O O B-MODEL I-MODEL I-MODEL I-MODEL I-MODEL I-MODEL I-MODEL B-COLOR I-COLOR I-COLOR,コハクワークス|9626-UX|レッド
T00566,シラユキ,D415-31,ブラック,B-COLOR I-COLOR I-COLOR I-COLOR O B-BRAND I-BRAND I-BRAND I-BRAND O O O O O O O B-MODEL I-MODEL I-MODEL I-MODEL I-MODEL I-MODEL,シラユキ|D415-31|ブラック
T00567,,YJ-6122,ブラック,O O O B-MODEL I-MODEL I-MODEL I-MODEL I-MODEL I-MODEL I-MODEL B-COLOR I-COLOR I-COLOR I-COLOR,|YJ-6122|ブラック
T00568,AOI,DZ-3984,ホワイト,O O O O O O B-COLOR I-COLOR I-COLOR I-COLOR O B-MODEL I-MODEL I-MODEL I-MODEL I-MODEL I-MODEL O B-BRAND I-BRAND I-BRAND O O O O O O,AOI|DZ-3984|ホワイト
T00569,ミナヅキ,GM-6061,ネイビー,B-BRAND I-BRAND I-BRAND I-BRAND O B-COLOR I-COLOR I-COLOR I-COLOR O B-MODEL I-MODEL I-MODEL I-MODEL I-MODEL I-MODEL I-MODEL O O O O O O,ミナヅキ|GM-6061|ネイビー
T00570,ゲンブ,FK-2158,シルバー,O O O O O O O O O O O B-BRAND I-BRAND I-BRAND O B-COLOR I-COLOR I-COLOR I-COLOR O O O O O O O O,ゲンブ|FK-2158|シルバー
T00571,KURO,EI-2724,ブラック,O O O O O O B-MODEL I-MODEL I-MODEL I-MODEL I-MODEL I-MODEL I-MODEL B-BRAND I-BRAND I-BRAND I-BRAND O O O O B-COLOR I-COLOR I-COLOR I-COLOR,KURO|EI-2724|ブラック
T00572,シラユキ,K819-66,ホワイト,O O O O O O B-COLOR I-COLOR I-COLOR I-COLOR O B-MODEL I-MODEL I-MODEL I-MODEL I-MODEL I-MODEL I-MODEL O O O O O O B-BRAND I-BRAND I-BRAND I-BRAND,シラユキ|K819-66|ホワイト
T00573,セイランド,HA-8966,シルバー,B-MODEL I-MODEL I-MODEL I-MODEL I-MODEL I-MODEL O B-COLOR I-COLOR I-COLOR I-COLOR O B-BRAND I-BRAND I-BRAND I-BRAND I-BRAND O O O O O O,セイランド|HA-8966|シルバー
T00574,TSUBAKI,A569-26,ホワイト,B-MODEL I-MODEL I-MODEL I-MODEL I-MODEL I-MODEL I-MODEL B-BRAND I-BRAND I-BRAND I-BRAND I-BRAND I-BRAND I-BRAND B-COLOR I-COLOR I-COLOR I-COLOR O O O,TSUBAKI|A569-26|ホワイト
T00575,AOI,HN-1330,シルバー,O O O O B-BRAND I-BRAND I-BRAND O B-MODEL I-MODEL I-MODEL I-MODEL I-MODEL I-MODEL O B-COLOR I-COLOR I-COLOR I-COLOR,AOI|HN-1330|シルバー
T00576,,LH-5653,シルバー,O O O O O O B-COLOR I-COLOR I-COLOR I-COLOR O B-MODEL I-MODEL I-MODEL I-MODEL I-MODEL I-MODEL,|LH-5653|シルバー
T00577,,R204-17,ホワイト,O O O O O O B-MODEL I-MODEL I-MODEL I-MODEL I-MODEL I-MODEL I-MODEL O B-COLOR I-COLOR I-COLOR I-COLOR O O O O,|R204-17|ホワイト
T00578,ミナヅキ,9996-UO,グリーン,B-BRAND I-BRAND I-BRAND I-BRAND O B-COLOR I-COLOR I-COLOR I-COLOR O B-MODEL I-MODEL I-MODEL I-MODEL I-MODEL I-MODEL O O O O O O,ミナヅキ|9996-UO|グリーン
T00579,コハクワークス,FS-1557,ブラック,B-MODEL I-MODEL I-MODEL I-MODEL I-MODEL I-MODEL I-MODEL O O O O O B-COLOR I-COLOR I-COLOR I-COLOR O B-BRAND I-BRAND I-BRAND I-BRAND I-BRAND I-BRAND I-BRAND,コハクワークス|FS-1557|ブラック
T00580,,Q104-76,シルバー,O O O O O O O B-COLOR I-COLOR I-COLOR I-COLOR O B-MODEL I-MODEL I-MODEL I-MODEL I-MODEL I-MODEL I-MODEL O O O O O,|Q104-76|シルバー
T00581,ソライロ,VM-2560,ホワイト,O O O O O O B-COLOR I-COLOR I-COLOR I-COLOR O O O O O O O B-MODEL I-MODEL I-MODEL I-MODEL I-MODEL I-MODEL I-MODEL O B-BRAND I-BRAND I-BRAND I-BRAND,ソライロ|VM-2560|ホワイト
T00582,,4669-UN,シルバー,O O O O O O O O B-COLOR I-COLOR I-COLOR I-COLOR O B-MODEL I-MODEL I-MODEL I-MODEL I-MODEL I-MODEL O O O O O O O O,|4669-UN|シルバー
T00583,ハヤブサ,EN-9369,ネイビー,B-MODEL I-MODEL I-MODEL I-MODEL I-MODEL I-MODEL I-MODEL O B-COLOR I-COLOR I-COLOR I-COLOR O B-BRAND I-BRAND I-BRAND I-BRAND O O O O O O,ハヤブサ|EN-9369|ネイビー
T00584,ハヤブサ,UW-7209,ブラック,B-COLOR I-COLOR I-COLOR I-COLOR B-MODEL I-MODEL I-MODEL I-MODEL I-MODEL I-MODEL I-MODEL B-BRAND I-BRAND I-BRAND I-BRAND O O O O O,ハヤブサ|UW-7209|ブラック
T00585,AOI,RC-9138,ホワイト,B-MODEL I-MODEL I-MODEL I-MODEL I-MODEL I-MODEL I-MODEL O B-COLOR I-COLOR I-COLOR I-COLOR O B-BRAND I-BRAND I-BRAND O O O O O O O O,AOI|RC-9138|ホワイト
T00586,シラユキ,8437-HR,グリーン,O O O O O O O O B-MODEL I-MODEL I-MODEL I-MODEL I-MODEL I-MODEL I-MODEL O O O O O B-BRAND I-BRAND I-BRAND I-BRAND,シラユキ|8437-HR|グリーン
T00587,ソライロ,SG-9541,シルバー,B-COLOR I-COLOR I-COLOR I-COLOR B-MODEL I-MODEL I-MODEL I-MODEL I-MODEL I-MODEL I-MODEL B-BRAND I-BRAND I-BRAND I-BRAND O O O,ソライロ|SG-9541|シルバー
T00588,シラユキ,R668-86,ネイビー,B-MODEL I-MODEL I-MODEL I-MODEL I-MODEL I-MODEL O O O O O B-COLOR I-COLOR I-COLOR I-COLOR O B-BRAND I-BRAND I-BRAND I-BRAND,シラユキ|R668-86|ネイビー
T00589,KURO,I947-37,ネイビー,O O O O O O O O O O O O O O O O B-BRAND I-BRAND I-BRAND I-BRAND O B-COLOR I-COLOR I-COLOR I-COLOR,KURO|I947-37|ネイビー
T00590,,I141-90,グリーン,O O O O O O O O O O O O O O O O B-MODEL I-MODEL I-MODEL I-MODEL I-MODEL I-MODEL O B-COLOR I-COLOR I-COLOR I-COLOR,|I141-90|グリーン
T00591,TSUBAKI,BY-7961,シルバー,O O O O O O O O O O O O B-BRAND I-BRAND I-BRAND I-BRAND I-BRAND I-BRAND I-BRAND B-COLOR I-COLOR I-COLOR I-COLOR B-MODEL I-MODEL I-MODEL I-MODEL I-MODEL I-MODEL I-MODEL,TSUBAKI|BY-7961|シルバー
T00592,,XS-9668,ホワイト,O O O O O B-MODEL I-MODEL I-MODEL I-MODEL I-MODEL I-MODEL I-MODEL B-COLOR I-COLOR I-COLOR I-COLOR,|XS-9668|ホワイト
T00593,TSUBAKI,JV-8885,シルバー,B-BRAND I-BRAND I-BRAND I-BRAND I-BRAND I-BRAND I-BRAND O B-COLOR I-COLOR I-COLOR I-COLOR O O O O O O B-MODEL I-MODEL I-MODEL I-MODEL I-MODEL I-MODEL I-MODEL,TSUBAKI|JV-8885|シルバー
T00594,ヤマブキ堂,6049-MC,ネイビー,B-COLOR I-COLOR I-COLOR I-COLOR O B-MODEL I-MODEL I-MODEL I-MODEL I-MODEL I-MODEL I-MODEL O O O O O B-BRAND I-BRAND I-BRAND I-BRAND I-BRAND,ヤマブキ堂|6049-MC|ネイビー
T00595,AOI,GZ-6876,グリーン,B-COLOR I-COLOR I-COLOR I-COLOR O B-BRAND I-BRAND I-BRAND O B-MODEL I-MODEL I-MODEL I-MODEL I-MODEL I-MODEL I-MODEL O O O O O,AOI|GZ-6876|グリーン
T00596,ヤマブキ堂,9469-YU,レッド,O O O O O O O O O B-COLOR I-COLOR I-COLOR B-BRAND I-BRAND I-BRAND I-BRAND I-BRAND,ヤマブキ堂|9469-YU|レッド
T00597,ヤマブキ堂,OL-3977,ホワイト,B-COLOR I-COLOR I-COLOR I-COLOR B-MODEL I-MODEL I-MODEL I-MODEL I-MODEL I-MODEL I-MODEL O O O B-BRAND I-BRAND I-BRAND I-BRAND I-BRAND,ヤマブキ堂|OL-3977|ホワイト
T00598,TSUBAKI,J577-18,グリーン,O O O O O O O B-COLOR I-COLOR I-COLOR I-COLOR O O O O O O O B-MODEL I-MODEL I-MODEL I-MODEL I-MODEL I-MODEL I-MODEL,TSUBAKI|J577-18|グリーン
T00599,ソライロ,N864-47,レッド,B-MODEL I-MODEL I-MODEL I-MODEL I-MODEL I-MODEL O B-BRAND I-BRAND I-BRAND I-BRAND O O O O O O O O,ソライロ|N864-47|レッド
T00600,KURO,6385-TG,シルバー,B-COLOR I-COLOR I-COLOR I-COLOR O B-MODEL I-MODEL I-MODEL I-MODEL I-MODEL I-MODEL I-MODEL O O O O O O O B-BRAND I-BRAND I-BRAND I-BRAND,KURO|6385-TG|シルバー
T00601,,X765-78,ホワイト,O O O O B-MODEL I-MODEL I-MODEL I-MODEL I-MODEL I-MODEL I-MODEL O B-COLOR I-COLOR I-COLOR I-COLOR,|X765-78|ホワイト
T00602,ノースピーク,1622-NC,ネイビー,O O O O O B-MODEL I-MODEL I-MODEL I-MODEL I-MODEL I-MODEL I-MODEL O B-COLOR I-COLOR I-COLOR I-COLOR O B-BRAND I-BRAND I-BRAND I-BRAND I-BRAND I-BRAND,ノースピーク|1622-NC|ネイビー
T00603,ミドリワークス,5096-PZ,グリーン,B-BRAND I-BRAND I-BRAND I-BRAND I-BRAND I-BRAND I-BRAND O B-MODEL I-MODEL I-MODEL I-MODEL I-MODEL I-MODEL I-MODEL O O O O O O B-COLOR I-COLOR I-COLOR I-COLOR,ミドリワークス|5096-PZ|グリーン
T00604,ソライロ,7095-RR,ホワイト,O O O O O O B-BRAND I-BRAND I-BRAND I-BRAND O B-COLOR I-COLOR I-COLOR I-COLOR O B-MODEL I-MODEL I-MODEL I-MODEL I-MODEL I-MODEL I-MODEL,ソライロ|7095-RR|ホワイト
T00605,ハヤブサ,HD-2041,レッド,O O O O O O B-BRAND I-BRAND I-BRAND I-BRAND O B-COLOR I-COLOR I-COLOR O B-MODEL I-MODEL I-MODEL I-MODEL I-MODEL I-MODEL I-MODEL O O O O O,ハヤブサ|HD-2041|レッド
T00606,コハクワークス,A229-16,シルバー,O O O O O O O O B-BRAND I-BRAND I-BRAND I-BRAND I-BRAND I-BRAND I-BRAND B-COLOR I-COLOR I-COLOR I-COLOR O O O O O O O B-MODEL I-MODEL I-MODEL I-MODEL I-MODEL I-MODEL I-MODEL,コハクワークス|A229-16|シルバー
T00607,KURO,5733-IT,シルバー,O O O O O B-COLOR I-COLOR I-COLOR I-COLOR O B-BRAND I-BRAND I-BRAND I-BRAND O O O O O B-MODEL I-MODEL I-MODEL I-MODEL I-MODEL I-MODEL I-MODEL,KURO|5733-IT|シルバー
T00608,シラユキ,V672-98,ホワイト,B-BRAND I-BRAND I-BRAND I-BRAND B-COLOR I-COLOR I-COLOR I-COLOR O O O O O O O B-MODEL I-MODEL I-MODEL I-MODEL I-MODEL I-MODEL,シラユキ|V672-98|ホワイト
T00609,,XH-3341,ブラック,B-COLOR I-COLOR I-COLOR I-COLOR O O O B-MODEL I-MODEL I-MODEL I-MODEL I-MODEL I-MODEL I-MODEL,|XH-3341|ブラック
T00610,アカネ電機,Y556-70,ホワイト,O O O O O O O O B-BRAND I-BRAND I-BRAND I-BRAND I-BRAND O O O O O O O O O B-COLOR I-COLOR I-COLOR I-COLOR O B-MODEL I-MODEL I-MODEL I-MODEL I-MODEL I-MODEL I-MODEL,アカネ電機|Y556-70|ホワイト
T00611,ミドリワークス,Q213-12,グリーン,O O O O O O B-COLOR I-COLOR I-COLOR I-COLOR O B-MODEL I-MODEL I-MODEL I-MODEL I-MODEL I-MODEL I-MODEL O O O O O O O O O O O,ミドリワークス|Q213-12|グリーン
T00612,コハクワークス,TU-6187,ホワイト,B-MODEL I-MODEL I-MODEL I-MODEL I-MODEL I-MODEL I-MODEL B-COLOR I-COLOR I-COLOR I-COLOR B-BRAND I-BRAND I-BRAND I-BRAND I-BRAND I-BRAND I-BRAND O O O O O,コハクワークス|TU-6187|ホワイト
T00613,ハヤブサ,S365-95,グリーン,B-MODEL I-MODEL I-MODEL I-MODEL I-MODEL I-MODEL I-MODEL O B-BRAND I-BRAND I-BRAND I-BRAND O B-COLOR I-COLOR I-COLOR I-COLOR O O O O O O,ハヤブサ|S365-95|グリーン
T00614,シラユキ,D370-80,ブラック,B-COLOR I-COLOR I-COLOR I-COLOR O B-BRAND I-BRAND I-BRAND I-BRAND O B-MODEL I-MODEL I-MODEL I-MODEL I-MODEL I-MODEL O O O O O O,シラユキ|D370-80|ブラック
T00615,シラユキ,1954-NN,シルバー,B-BRAND I-BRAND I-BRAND I-BRAND O O O O O B-COLOR I-COLOR I-COLOR I-COLOR O B-MODEL I-MODEL I-MODEL I-MODEL I-MODEL I-MODEL I-MODEL,シラユキ|1954-NN|シルバー
T00616,シラユキ,KH-2982,ネイビー,O O O O O O O B-BRAND I-BRAND I-BRAND I-BRAND O B-COLOR I-COLOR I-COLOR I-COLOR O B-MODEL I-MODEL I-MODEL I-MODEL I-MODEL I-MODEL O O O O O O O O,シラユキ|KH-2982|ネイビー
T00617,,3447-XK,ネイビー,O O O O O O B-MODEL I-MODEL I-MODEL I-MODEL I-MODEL I-MODEL O B-COLOR I-COLOR I-COLOR I-COLOR,|3447-XK|ネイビー
T00618,ミナヅキ,V625-77,グリーン,O O O O O O O O O O O B-MODEL I-MODEL I-MODEL I-MODEL I-MODEL I-MODEL I-MODEL B-BRAND I-BRAND I-BRAND I-BRAND B-COLOR I-COLOR I-COLOR I-COLOR,ミナヅキ|V625-77|グリーン
T00619,,9465-LN,ブラック,O O O O O O B-COLOR I-COLOR I-COLOR I-COLOR B-MODEL I-MODEL I-MODEL I-MODEL I-MODEL I-MODEL I-MODEL O O O O O O O,|9465-LN|ブラック
T00620,シラユキ,RY-3889,レッド,B-MODEL I-MODEL I-MODEL I-MODEL I-MODEL I-MODEL O B-COLOR I-COLOR I-COLOR O O O O O B-BRAND I-BRAND I-BRAND I-BRAND,シラユキ|RY-3889|レッド
T00621,ノースピーク,3611-QY,ブラック,O O O O O O O O O O O O B-COLOR I-COLOR I-COLOR I-COLOR O B-MODEL I-MODEL I-MODEL I-MODEL I-MODEL I-MODEL O O O O O,ノースピーク|3611-QY|ブラック
T00622,AOI,R621-45,ブラック,B-COLOR I-COLOR I-COLOR I-COLOR O B-MODEL I-MODEL I-MODEL I-MODEL I-MODEL I-MODEL O B-BRAND I-BRAND I-BRAND O O O O,AOI|R621-45|ブラック
T00623,ソライロ,PA-8529,ブラック,O O O O O O O O O O O O O B-COLOR I-COLOR I-COLOR I-COLOR O B-BRAND I-BRAND I-BRAND I-BRAND O B-MODEL I-MODEL I-MODEL I-MODEL I-MODEL I-MODEL,ソライロ|PA-8529|ブラック
T00624,,WO-9803,ホワイト,O O O O O O B-COLOR I-COLOR I-COLOR I-COLOR B-MODEL I-MODEL I-MODEL I-MODEL I-MODEL I-MODEL I-MODEL O O O O O,|WO-9803|ホワイト
T00625,ソライロ,7618-YT,レッド,B-BRAND I-BRAND I-BRAND I-BRAND O B-MODEL I-MODEL I-MODEL I-MODEL I-MODEL I-MODEL O B-COLOR I-COLOR I-COLOR O O O O O O O O,ソライロ|7618-YT|レッド
T00626,アカネ電機,EY-6635,ホワイト,O O O B-MODEL I-MODEL I-MODEL I-MODEL I-MODEL I-MODEL B-BRAND I-BRAND I-BRAND I-BRAND I-BRAND O O O O,アカネ電機|EY-6635|ホワイト
T00627,アカネ電機,DV-4841,シルバー,O O O O O O B-BRAND I-BRAND I-BRAND I-BRAND I-BRAND O O O O O O B-MODEL I-MODEL I-MODEL I-MODEL I-MODEL I-MODEL I-MODEL O B-COLOR I-COLOR I-COLOR I-COLOR,アカネ電機|DV-4841|シルバー
T00628,TSUBAKI,1883-CO,ブラック,B-COLOR I-COLOR I-COLOR I-COLOR B-BRAND I-BRAND I-BRAND I-BRAND I-BRAND I-BRAND I-BRAND O O O B-MODEL I-MODEL I-MODEL I-MODEL I-MODEL I-MODEL I-MODEL,TSUBAKI|1883-CO|ブラック
T00629,ミナヅキ,ZE-4286,ネイビー,O O O O O B-COLOR I-COLOR I-COLOR I-COLOR O O O O B-MODEL I-MODEL I-MODEL I-MODEL I-MODEL I-MODEL I-MODEL B-BRAND I-BRAND I-BRAND I-BRAND,ミナヅキ|ZE-4286|ネイビー
T00630,,AI-8020,ホワイト,O O O O O O O O O O B-MODEL I-MODEL I-MODEL I-MODEL I-MODEL I-MODEL I-MODEL B-COLOR I-COLOR I-COLOR I-COLOR,|AI-8020|ホワイト
T00631,AOI,1659-HA,ブラック,O O O O O O O O O O O B-MODEL I-MODEL I-MODEL I-MODEL I-MODEL I-MODEL I-MODEL B-COLOR I-COLOR I-COLOR I-COLOR B-BRAND I-BRAND I-BRAND,AOI|1659-HA|ブラック
T00632,ソライロ,9601-TU,ネイビー,O O O O O O B-COLOR I-COLOR I-COLOR I-COLOR O O O O O O B-MODEL I-MODEL I-MODEL I-MODEL I-MODEL I-MODEL I-MODEL O B-BRAND I-BRAND I-BRAND I-BRAND,ソライロ|9601-TU|ネイビー
T00633,コハクワークス,5257-HL,グリーン,O O O O O O O O B-MODEL I-MODEL I-MODEL I-MODEL I-MODEL I-MODEL I-MODEL O B-COLOR I-COLOR I-COLOR I-COLOR O B-BRAND I-BRAND I-BRAND I-BRAND I-BRAND I-BRAND I-BRAND O O O O,コハクワークス|5257-HL|グリーン
T00634,,LL-7333,ホワイト,B-MODEL I-MODEL I-MODEL I-MODEL I-MODEL I-MODEL O B-COLOR I-COLOR I-COLOR I-COLOR O O O O O O O O,|LL-7333|ホワイト
T00635,,8302-ME,レッド,B-MODEL I-MODEL I-MODEL I-MODEL I-MODEL I-MODEL O B-COLOR I-COLOR I-COLOR O O O O,|8302-ME|レッド
T00636,,LO-2272,ホワイト,B-MODEL I-MODEL I-MODEL I-MODEL I-MODEL I-MODEL I-MODEL O O O O O O O B-COLOR I-COLOR I-COLOR I-COLOR,|LO-2272|ホワイト
T00637,シラユキ,I350-63,シルバー,O O O O O O O O O O O O O B-MODEL I-MODEL I-MODEL I-MODEL I-MODEL I-MODEL I-MODEL B-COLOR I-COLOR I-COLOR I-COLOR B-BRAND I-BRAND I-BRAND I-BRAND,シラユキ|I350-63|シルバー
T00638,TSUBAKI,6874-IQ,レッド,B-COLOR I-COLOR I-COLOR O B-BRAND I-BRAND I-BRAND I-BRAND I-BRAND I-BRAND I-BRAND O B-MODEL I-MODEL I-MODEL I-MODEL I-MODEL I-MODEL I-MODEL O O O O O O,TSUBAKI|6874-IQ|レッド
T00639,ノースピーク,X227-73,ホワイト,B-BRAND I-BRAND I-BRAND I-BRAND I-BRAND I-BRAND O B-COLOR I-COLOR I-COLOR I-COLOR O O O O O B-MODEL I-MODEL I-MODEL I-MODEL I-MODEL I-MODEL I-MODEL,ノースピーク|X227-73|ホワイト
T00640,,U154-15,レッド,B-COLOR I-COLOR I-COLOR B-MODEL I-MODEL I-MODEL I-MODEL I-MODEL I-MODEL I-MODEL O O O,|U154-15|レッド
T00641,ソライロ,RA-9611,ホワイト,B-COLOR I-COLOR I-COLOR I-COLOR O O O B-BRAND I-BRAND I-BRAND I-BRAND B-MODEL I-MODEL I-MODEL I-MODEL I-MODEL I-MODEL I-MODEL,ソライロ|RA-9611|ホワイト
T00642,ハヤブサ,CS-2159,ネイビー,B-MODEL I-MODEL I-MODEL I-MODEL I-MODEL I-MODEL I-MODEL O O O B-COLOR I-COLOR I-COLOR I-COLOR B-BRAND I-BRAND I-BRAND I-BRAND,ハヤブサ|CS-2159|ネイビー
T00643,ミドリワークス,UC-8015,レッド,B-COLOR I-COLOR I-COLOR O B-BRAND I-BRAND I-BRAND I-BRAND I-BRAND I-BRAND I-BRAND O B-MODEL I-MODEL I-MODEL I-MODEL I-MODEL I-MODEL O O O O,ミドリワークス|UC-8015|レッド
T00644,AOI,6860-VV,グリーン,O O O O O O B-BRAND I-BRAND I-BRAND O B-MODEL I-MODEL I-MODEL I-MODEL I-MODEL I-MODEL O O O O O B-COLOR I-COLOR I-COLOR I-COLOR,AOI|6860-VV|グリーン
T00645,AOI,4803-TG,ブラック,B-BRAND I-BRAND I-BRAND B-MODEL I-MODEL I-MODEL I-MODEL I-MODEL I-MODEL I-MODEL O O O B-COLOR I-COLOR I-COLOR I-COLOR,AOI|4803-TG|ブラック
T00646,ハヤブサ,8652-YO,ブラック,B-MODEL I-MODEL I-MODEL I-MODEL I-MODEL I-MODEL O B-BRAND I-BRAND I-BRAND I-BRAND O O O O O O B-COLOR I-COLOR I-COLOR I-COLOR,ハヤブサ|8652-YO|ブラック
T00647,アカネ電機,1119-KN,レッド,B-COLOR I-COLOR I-COLOR O O O O O O O B-BRAND I-BRAND I-BRAND I-BRAND I-BRAND O B-MODEL I-MODEL I-MODEL I-MODEL I-MODEL I-MODEL I-MODEL,アカネ電機|1119-KN|レッド
T00648,ハヤブサ,LU-2995,レッド,B-COLOR I-COLOR I-COLOR O O O O O B-BRAND I-BRAND I-BRAND I-BRAND O B-MODEL I-MODEL I-MODEL I-MODEL I-MODEL I-MODEL,ハヤブサ|LU-2995|レッド
T00649,ヤマブキ堂,UZ-9538,グリーン,O O O O O O O O B-COLOR I-COLOR I-COLOR I-COLOR O O O O O O B-BRAND I-BRAND I-BRAND I-BRAND I-BRAND O B-MODEL I-MODEL I-MODEL I-MODEL I-MODEL I-MODEL I-MODEL,ヤマブキ堂|UZ-9538|グリーン
T00650,,J542-67,ネイビー,B-COLOR I-COLOR I-COLOR I-COLOR O O O O O B-MODEL I-MODEL I-MODEL I-MODEL I-MODEL I-MODEL I-MODEL,|J542-67|ネイビー
T00651,ハヤブサ,J946-25,レッド,B-BRAND I-BRAND I-BRAND I-BRAND O O O O O B-MODEL I-MODEL I-MODEL I-MODEL I-MODEL I-MODEL I-MODEL O B-COLOR I-COLOR I-COLOR,ハヤブサ|J946-25|レッド
T00652,アカネ電機,ND-4358,ネイビー,O O O O O O O B-MODEL I-MODEL I-MODEL I-MODEL I-MODEL I-MODEL B-COLOR I-COLOR I-COLOR I-COLOR B-BRAND I-BRAND I-BRAND I-BRAND I-BRAND,アカネ電機|ND-4358|ネイビー
T00653,ヤマブキ堂,RH-1584,レッド,O O O O O O O O O O B-MODEL I-MODEL I-MODEL I-MODEL I-MODEL I-MODEL I-MODEL O B-BRAND I-BRAND I-BRAND I-BRAND I-BRAND O B-COLOR I-COLOR I-COLOR,ヤマブキ堂|RH-1584|レッド
T00654,セイランド,2550-UW,シルバー,O O O O O O O O O O O O B-COLOR I-COLOR I-COLOR I-COLOR O O O O O O O B-MODEL I-MODEL I-MODEL I-MODEL I-MODEL I-MODEL I-MODEL,セイランド|2550-UW|シルバー
T00655,セイランド,UW-7917,グリーン,B-BRAND I-BRAND I-BRAND I-BRAND I-BRAND O B-COLOR I-COLOR I-COLOR I-COLOR O B-MODEL I-MODEL I-MODEL I-MODEL I-MODEL I-MODEL O O O O,セイランド|UW-7917|グリーン
T00656,オオゾラ,Z464-67,レッド,B-MODEL I-MODEL I-MODEL I-MODEL I-MODEL I-MODEL I-MODEL B-COLOR I-COLOR I-COLOR O O O O O B-BRAND I-BRAND I-BRAND I-BRAND,オオゾラ|Z464-67|レッド
T00657,,O824-60,ブラック,B-COLOR I-COLOR I-COLOR I-COLOR B-MODEL I-MODEL I-MODEL I-MODEL I-MODEL I-MODEL I-MODEL O O O,|O824-60|ブラック
T00658,オオゾラ,C251-80,シルバー,B-BRAND I-BRAND I-BRAND I-BRAND O O O O B-COLOR I-COLOR I-COLOR I-COLOR B-MODEL I-MODEL I-MODEL I-MODEL I-MODEL I-MODEL,オオゾラ|C251-80|シルバー
T00659,ゲンブ,V499-97,ネイビー,B-MODEL I-MODEL I-MODEL I-MODEL I-MODEL I-MODEL I-MODEL B-COLOR I-COLOR I-COLOR I-COLOR B-BRAND I-BRAND I-BRAND O O O O O,ゲンブ|V499-97|ネイビー
T00660,ミドリワークス,2712-OG,ネイビー,O O O O O B-MODEL I-MODEL I-MODEL I-MODEL I-MODEL I-MODEL I-MODEL O O O O O B-BRAND I-BRAND I-BRAND I-BRAND I-BRAND I-BRAND I-BRAND O B-COLOR I-COLOR I-COLOR I-COLOR,ミドリワークス|2712-OG|ネイビー
T00661,ソライロ,G779-76,レッド,B-BRAND I-BRAND I-BRAND I-BRAND O B-MODEL I-MODEL I-MODEL I-MODEL I-MODEL I-MODEL O O O O O O O B-COLOR I-COLOR I-COLOR,ソライロ|G779-76|レッド
T00662,ソライロ,WU-1646,グリーン,O O O O O O B-BRAND I-BRAND I-BRAND I-BRAND O B-COLOR I-COLOR I-COLOR I-COLOR O B-MODEL I-MODEL I-MODEL I-MODEL I-MODEL I-MODEL I-MODEL,ソライロ|WU-1646|グリーン
T00663,ハヤブサ,UU-7237,ネイビー,O O O O O O O O B-COLOR I-COLOR I-COLOR I-COLOR B-MODEL I-MODEL I-MODEL I-MODEL I-MODEL I-MODEL I-MODEL O O O O B-BRAND I-BRAND I-BRAND I-BRAND,ハヤブサ|UU-7237|ネイビー
T00664,KURO,9415-MP,レッド,B-BRAND I-BRAND I-BRAND I-BRAND O B-MODEL I-MODEL I-MODEL I-MODEL I-MODEL I-MODEL I-MODEL O B-COLOR I-COLOR I-COLOR O O O O,KURO|9415-MP|レッド
T00665,セイランド,G309-81,シルバー,B-BRAND I-BRAND I-BRAND I-BRAND I-BRAND O O O O B-COLOR I-COLOR I-COLOR I-COLOR B-MODEL I-MODEL I-MODEL I-MODEL I-MODEL I-MODEL,セイランド|G309-81|シルバー
T00666,ゲンブ,YO-8896,レッド,B-BRAND I-BRAND I-BRAND O B-MODEL I-MODEL I-MODEL I-MODEL I-MODEL I-MODEL O B-COLOR I-COLOR I-COLOR O O O O,ゲンブ|YO-8896|レッド
T00667,セイランド,FU-5845,シルバー,B-COLOR I-COLOR I-COLOR I-COLOR O B-MODEL I-MODEL I-MODEL I-MODEL I-MODEL I-MODEL I-MODEL O B-BRAND I-BRAND I-BRAND I-BRAND I-BRAND O O O O O,セイランド|FU-5845|シルバー
T00668,シラユキ,B840-44,シルバー,B-COLOR I-COLOR I-COLOR I-COLOR O B-MODEL I-MODEL I-MODEL I-MODEL I-MODEL I-MODEL O O O O O O B-BRAND I-BRAND I-BRAND I-BRAND,シラユキ|B840-44|シルバー
T00669,ノースピーク,E282-89,レッド,O O O O O O O O B-MODEL I-MODEL I-MODEL I-MODEL I-MODEL I-MODEL I-MODEL O B-COLOR I-COLOR I-COLOR O B-BRAND I-BRAND I-BRAND I-BRAND I-BRAND I-BRAND,ノースピーク|E282-89|レッド
T00670,ゲンブ,7055-TS,シルバー,B-BRAND I-BRAND I-BRAND O B-COLOR I-COLOR I-COLOR I-COLOR O B-MODEL I-MODEL I-MODEL I-MODEL I-MODEL I-MODEL I-MODEL O O O O,ゲンブ|7055-TS|シルバー
T00671,,9172-GH,ブラック,O O O O O B-COLOR I-COLOR I-COLOR I-COLOR B-MODEL I-MODEL I-MODEL I-MODEL I-MODEL I-MODEL I-MODEL,|9172-GH|ブラック
T00672,AOI,5721-PK,グリーン,B-BRAND I-BRAND I-BRAND O O O O O O O O O B-COLOR I-COLOR I-COLOR I-COLOR O B-MODEL I-MODEL I-MODEL I-MODEL I-MODEL I-MODEL I-MODEL,AOI|5721-PK|グリーン
T00673,KURO,CG-7791,ブラック,B-MODEL I-MODEL I-MODEL I-MODEL I-MODEL I-MODEL I-MODEL O B-COLOR I-COLOR I-COLOR I-COLOR O O O O O O B-BRAND I-BRAND I-BRAND I-BRAND,KURO|CG-7791|ブラック
T00674,ミナヅキ,PT-6368,グリーン,B-MODEL I-MODEL I-MODEL I-MODEL I-MODEL I-MODEL B-BRAND I-BRAND I-BRAND I-BRAND B-COLOR I-COLOR I-COLOR I-COLOR O O O O O,ミナヅキ|PT-6368|グリーン
T00675,,XQ-4059,ネイビー,O O O O O O O B-COLOR I-COLOR I-COLOR I-COLOR B-MODEL I-MODEL I-MODEL I-MODEL I-MODEL I-MODEL I-MODEL O O O,|XQ-4059|ネイビー
T00676,オオゾラ,Z631-96,ネイビー,B-BRAND I-BRAND I-BRAND I-BRAND O O O O O O O O O B-COLOR I-COLOR I-COLOR I-COLOR O B-MODEL I-MODEL I-MODEL I-MODEL I-MODEL I-MODEL I-MODEL,オオゾラ|Z631-96|ネイビー
T00677,ノースピーク,YH-2081,レッド,B-COLOR I-COLOR I-COLOR O O O O O O O B-BRAND I-BRAND I-BRAND I-BRAND I-BRAND I-BRAND O O O O,ノースピーク|YH-2081|レッド
T00678,ミナヅキ,3722-UT,ブラック,B-BRAND I-BRAND I-BRAND I-BRAND O O O O O B-MODEL I-MODEL I-MODEL I-MODEL I-MODEL I-MODEL B-COLOR I-COLOR I-COLOR I-COLOR,ミナヅキ|3722-UT|ブラック
T00679,ノースピーク,2781-AE,ブラック,O O O O O B-MODEL I-MODEL I-MODEL I-MODEL I-MODEL I-MODEL I-MODEL B-BRAND I-BRAND I-BRAND I-BRAND I-BRAND I-BRAND B-COLOR I-COLOR I-COLOR I-COLOR,ノースピーク|2781-AE|ブラック
T00680,KURO,XN-9848,ホワイト,B-BRAND I-BRAND I-BRAND I-BRAND O B-MODEL I-MODEL I-MODEL I-MODEL I-MODEL I-MODEL I-MODEL O O O O O O B-COLOR I-COLOR I-COLOR I-COLOR,KURO|XN-9848|ホワイト
T00681,ミドリワークス,5446-AT,グリーン,B-COLOR I-COLOR I-COLOR I-COLOR O B-BRAND I-BRAND I-BRAND I-BRAND I-BRAND I-BRAND I-BRAND O B-MODEL I-MODEL I-MODEL I-MODEL I-MODEL I-MODEL I-MODEL O O O O O O,ミドリワークス|5446-AT|グリーン
T00682,,8635-TU,レッド,B-MODEL I-MODEL I-MODEL I-MODEL I-MODEL I-MODEL O O O O O B-COLOR I-COLOR I-COLOR,|8635-TU|レッド
T00683,TSUBAKI,5923-SL,ホワイト,B-BRAND I-BRAND I-BRAND I-BRAND I-BRAND I-BRAND I-BRAND O B-MODEL I-MODEL I-MODEL I-MODEL I-MODEL I-MODEL O O O O O B-COLOR I-COLOR I-COLOR I-COLOR,TSUBAKI|5923-SL|ホワイト
T00684,TSUBAKI,O614-48,ブラック,O O O O O O O O B-MODEL I-MODEL I-MODEL I-MODEL I-MODEL I-MODEL I-MODEL O B-COLOR I-COLOR I-COLOR I-COLOR O B-BRAND I-BRAND I-BRAND I-BRAND I-BRAND I-BRAND I-BRAND,TSUBAKI|O614-48|ブラック
T00685,,O911-49,シルバー,B-COLOR I-COLOR I-COLOR I-COLOR O O O O O B-MODEL I-MODEL I-MODEL I-MODEL I-MODEL I-MODEL I-MODEL,|O911-49|シルバー
T00686,オオゾラ,DE-3493,ブラック,B-BRAND I-BRAND I-BRAND I-BRAND B-MODEL I-MODEL I-MODEL I-MODEL I-MODEL I-MODEL I-MODEL O O O B-COLOR I-COLOR I-COLOR I-COLOR,オオゾラ|DE-3493|ブラック
T00687,AOI,5695-IH,シルバー,B-BRAND I-BRAND I-BRAND O B-MODEL I-MODEL I-MODEL I-MODEL I-MODEL I-MODEL I-MODEL O O O O O O B-COLOR I-COLOR I-COLOR I-COLOR,AOI|5695-IH|シルバー
T00688,オオゾラ,WG-2915,ネイビー,B-MODEL I-MODEL I-MODEL I-MODEL I-MODEL I-MODEL I-MODEL O B-BRAND I-BRAND I-BRAND I-BRAND O O O O O O O B-COLOR I-COLOR I-COLOR I-COLOR,オオゾラ|WG-2915|ネイビー
T00689,,K767-80,ネイビー,O O O O O O O O O O O O O O O O B-MODEL I-MODEL I-MODEL I-MODEL I-MODEL I-MODEL I-MODEL O B-COLOR I-COLOR I-COLOR I-COLOR,|K767-80|ネイビー
T00690,ハヤブサ,9930-ZO,レッド,B-COLOR I-COLOR I-COLOR B-BRAND I-BRAND I-BRAND I-BRAND O O O B-MODEL I-MODEL I-MODEL I-MODEL I-MODEL I-MODEL I-MODEL,ハヤブサ|9930-ZO|レッド
T00691,アカネ電機,8918-SD,グリーン,B-MODEL I-MODEL I-MODEL I-MODEL I-MODEL I-MODEL I-MODEL O O O O O O B-BRAND I-BRAND I-BRAND I-BRAND I-BRAND O O O O,アカネ電機|8918-SD|グリーン
T00692,ハヤブサ,YA-1560,ブラック,B-MODEL I-MODEL I-MODEL I-MODEL I-MODEL I-MODEL I-MODEL O B-BRAND I-BRAND I-BRAND I-BRAND O B-COLOR I-COLOR I-COLOR I-COLOR O O O O,ハヤブサ|YA-1560|ブラック
T00693,シラユキ,X872-26,レッド,O O O O O O O O O O B-MODEL I-MODEL I-MODEL I-MODEL I-MODEL I-MODEL O B-COLOR I-COLOR I-COLOR O B-BRAND I-BRAND I-BRAND I-BRAND,シラユキ|X872-26|レッド
T00694,ミドリワークス,FX-2894,シルバー,B-COLOR I-COLOR I-COLOR I-COLOR O O O O O B-BRAND I-BRAND I-BRAND I-BRAND I-BRAND I-BRAND I-BRAND O O O O O O,ミドリワークス|FX-2894|シルバー
T00695,ハヤブサ,YN-1619,シルバー,B-COLOR I-COLOR I-COLOR I-COLOR B-MODEL I-MODEL I-MODEL I-MODEL I-MODEL I-MODEL I-MODEL O O O O O O,ハヤブサ|YN-1619|シルバー
T00696,AOI,A135-77,シルバー,O O O O O O O O O O O O O O B-COLOR I-COLOR I-COLOR I-COLOR O B-BRAND I-BRAND I-BRAND O B-MODEL I-MODEL I-MODEL I-MODEL I-MODEL I-MODEL I-MODEL,AOI|A135-77|シルバー
T00697,ノースピーク,1045-PE,ネイビー,B-MODEL I-MODEL I-MODEL I-MODEL I-MODEL I-MODEL I-MODEL O B-COLOR I-COLOR I-COLOR I-COLOR O B-BRAND I-BRAND I-BRAND I-BRAND I-BRAND I-BRAND O O O O,ノースピーク|1045-PE|ネイビー
T00698,オオゾラ,WT-5625,ネイビー,B-COLOR I-COLOR I-COLOR I-COLOR O B-BRAND I-BRAND I-BRAND I-BRAND O O O O O O B-MODEL I-MODEL I-MODEL I-MODEL I-MODEL I-MODEL I-MODEL,オオゾラ|WT-5625|ネイビー
T00699,,OP-6110,レッド,O O O O B-MODEL I-MODEL I-MODEL I-MODEL I-MODEL I-MODEL O B-COLOR I-COLOR I-COLOR,|OP-6110|レッド
T00700,,X486-30,ブラック,O O O O O O O B-COLOR I-COLOR I-COLOR I-COLOR O O O O O O O B-MODEL I-MODEL I-MODEL I-MODEL I-MODEL I-MODEL I-MODEL,|X486-30|ブラック
T00701,ミナヅキ,KC-8241,ネイビー,B-MODEL I-MODEL I-MODEL I-MODEL I-MODEL I-MODEL I-MODEL O B-BRAND I-BRAND I-BRAND I-BRAND O O O O O O B-COLOR I-COLOR I-COLOR I-COLOR,ミナヅキ|KC-8241|ネイビー
T00702,KURO,2537-TW,レッド,B-COLOR I-COLOR I-COLOR O B-BRAND I-BRAND I-BRAND I-BRAND O O O O O B-MODEL I-MODEL I-MODEL I-MODEL I-MODEL I-MODEL I-MODEL,KURO|2537-TW|レッド
T00703,ミナヅキ,R600-26,グリーン,O O O B-MODEL I-MODEL I-MODEL I-MODEL I-MODEL I-MODEL I-MODEL B-COLOR I-COLOR I-COLOR I-COLOR B-BRAND I-BRAND I-BRAND I-BRAND,ミナヅキ|R600-26|グリーン
T00704,アカネ電機,5055-RW,レッド,O O O O O O O B-COLOR I-COLOR I-COLOR O O O O O B-MODEL I-MODEL I-MODEL I-MODEL I-MODEL I-MODEL I-MODEL O B-BRAND I-BRAND I-BRAND I-BRAND I-BRAND,アカネ電機|5055-RW|レッド
T00705,ミナヅキ,7904-PB,ネイビー,O O O O O O O O B-COLOR I-COLOR I-COLOR I-COLOR O O O O O O B-BRAND I-BRAND I-BRAND I-BRAND,ミナヅキ|7904-PB|ネイビー
T00706,シラユキ,8531-PZ,グリーン,O O O O O O B-BRAND I-BRAND I-BRAND I-BRAND O B-COLOR I-COLOR I-COLOR I-COLOR O B-MODEL I-MODEL I-MODEL I-MODEL I-MODEL I-MODEL I-MODEL O O O O O O O O,シラユキ|8531-PZ|グリーン
T00707,TSUBAKI,A704-82,ネイビー,B-COLOR I-COLOR I-COLOR I-COLOR O B-BRAND I-BRAND I-BRAND I-BRAND I-BRAND I-BRAND I-BRAND O O O O O B-MODEL I-MODEL I-MODEL I-MODEL I-MODEL I-MODEL I-MODEL,TSUBAKI|A704-82|ネイビー
T00708,,8663-NB,シルバー,O O O O O O B-MODEL I-MODEL I-MODEL I-MODEL I-MODEL I-MODEL I-MODEL O O O O O O O B-COLOR I-COLOR I-COLOR I-COLOR,|8663-NB|シルバー
T00709,,KI-2254,ネイビー,O O O O O O O O O O O O O O B-MODEL I-MODEL I-MODEL I-MODEL I-MODEL I-MODEL I-MODEL O B-COLOR I-COLOR I-COLOR I-COLOR,|KI-2254|ネイビー
T00710,ハヤブサ,T461-63,ホワイト,O O O O O O O O B-MODEL I-MODEL I-MODEL I-MODEL I-MODEL I-MODEL I-MODEL O B-COLOR I-COLOR I-COLOR I-COLOR O B-BRAND I-BRAND I-BRAND I-BRAND O O O O,ハヤブサ|T461-63|ホワイト
T00711,セイランド,E339-90,ネイビー,O O O O O O B-BRAND I-BRAND I-BRAND I-BRAND I-BRAND O B-MODEL I-MODEL I-MODEL I-MODEL I-MODEL I-MODEL I-MODEL O B-COLOR I-COLOR I-COLOR I-COLOR,セイランド|E339-90|ネイビー
T00712,ノースピーク,1414-HO,ネイビー,B-COLOR I-COLOR I-COLOR I-COLOR O B-BRAND I-BRAND I-BRAND I-BRAND I-BRAND I-BRAND O B-MODEL I-MODEL I-MODEL I-MODEL I-MODEL I-MODEL O O O O,ノースピーク|1414-HO|ネイビー
T00713,TSUBAKI,8618-PV,レッド,O O O O O O O B-COLOR I-COLOR I-COLOR O B-MODEL I-MODEL I-MODEL I-MODEL I-MODEL I-MODEL I-MODEL O O O O O O O B-BRAND I-BRAND I-BRAND I-BRAND I-BRAND I-BRAND I-BRAND,TSUBAKI|8618-PV|レッド
T00714,KURO,1467-DN,ブラック,O O O O O O O O O O B-MODEL I-MODEL I-MODEL I-MODEL I-MODEL I-MODEL I-MODEL O B-COLOR I-COLOR I-COLOR I-COLOR O B-BRAND I-BRAND I-BRAND I-BRAND,KURO|1467-DN|ブラック
T00715,,MJ-2688,ネイビー,B-MODEL I-MODEL I-MODEL I-MODEL I-MODEL I-MODEL I-MODEL O B-COLOR I-COLOR I-COLOR I-COLOR O O O O,|MJ-2688|ネイビー
T00716,TSUBAKI,5371-QR,ホワイト,B-COLOR I-COLOR I-COLOR I-COLOR O O O O O O O B-MODEL I-MODEL I-MODEL I-MODEL I-MODEL I-MODEL I-MODEL B-BRAND I-BRAND I-BRAND I-BRAND I-BRAND I-BRAND I-BRAND,TSUBAKI|5371-QR|ホワイト
T00717,KURO,E919-41,グリーン,B-COLOR I-COLOR I-COLOR I-COLOR O B-MODEL I-MODEL I-MODEL I-MODEL I-MODEL I-MODEL I-MODEL O B-BRAND I-BRAND I-BRAND I-BRAND O O O O O O,KURO|E919-41|グリーン
T00718,アカネ電機,R966-14,グリーン,B-BRAND I-BRAND I-BRAND I-BRAND I-BRAND B-MODEL I-MODEL I-MODEL I-MODEL I-MODEL I-MODEL I-MODEL B-COLOR I-COLOR I-COLOR I-COLOR O O O,アカネ電機|R966-14|グリーン
T00719,TSUBAKI,HG-6702,グリーン,O O O O O O O O B-COLOR I-COLOR I-COLOR I-COLOR O B-BRAND I-BRAND I-BRAND I-BRAND I-BRAND I-BRAND I-BRAND O B-MODEL I-MODEL I-MODEL I-MODEL I-MODEL I-MODEL I-MODEL O O O O O O,TSUBAKI|HG-6702|グリーン
T00720,ミナヅキ,R910-68,レッド,O O O O O O O O B-BRAND I-BRAND I-BRAND I-BRAND O O O O O B-COLOR I-COLOR I-COLOR,ミナヅキ|R910-68|レッド
T00721,,2085-MO,グリーン,O O O O O O O O O O O O B-MODEL I-MODEL I-MODEL I-MODEL I-MODEL I-MODEL I-MODEL B-COLOR I-COLOR I-COLOR I-COLOR,|2085-MO|グリーン
T00722,ハヤブサ,L400-11,ホワイト,O O O O O B-BRAND I-BRAND I-BRAND I-BRAND B-MODEL I-MODEL I-MODEL I-MODEL I-MODEL I-MODEL B-COLOR I-COLOR I-COLOR I-COLOR,ハヤブサ|L400-11|ホワイト
T00723,,3656-NV,シルバー,B-COLOR I-COLOR I-COLOR I-COLOR O B-MODEL I-MODEL I-MODEL I-MODEL I-MODEL I-MODEL I-MODEL O O O O O O,|3656-NV|シルバー
T00724,TSUBAKI,Y363-70,グリーン,O O O O O B-COLOR I-COLOR I-COLOR I-COLOR B-BRAND I-BRAND I-BRAND I-BRAND I-BRAND I-BRAND I-BRAND B-MODEL I-MODEL I-MODEL I-MODEL I-MODEL I-MODEL I-MODEL O O O,TSUBAKI|Y363-70|グリーン
T00725,,K615-82,ブラック,O O O O O O B-COLOR I-COLOR I-COLOR I-COLOR O B-MODEL I-MODEL I-MODEL I-MODEL I-MODEL I-MODEL I-MODEL,|K615-82|ブラック
T00726,ヤマブキ堂,W316-70,グリーン,O O O O B-COLOR I-COLOR I-COLOR I-COLOR O B-MODEL I-MODEL I-MODEL I-MODEL I-MODEL I-MODEL I-MODEL O B-BRAND I-BRAND I-BRAND I-BRAND I-BRAND,ヤマブキ堂|W316-70|グリーン
T00727,AOI,8068-OJ,グリーン,B-MODEL I-MODEL I-MODEL I-MODEL I-MODEL I-MODEL I-MODEL O O O B-COLOR I-COLOR I-COLOR I-COLOR B-BRAND I-BRAND I-BRAND,AOI|8068-OJ|グリーン
T00728,ヤマブキ堂,OG-8934,シルバー,O O O O O B-BRAND I-BRAND I-BRAND I-BRAND I-BRAND B-COLOR I-COLOR I-COLOR I-COLOR B-MODEL I-MODEL I-MODEL I-MODEL I-MODEL I-MODEL I-MODEL,ヤマブキ堂|OG-8934|シルバー
T00729,コハクワークス,7387-CT,レッド,O O O O O B-BRAND I-BRAND I-BRAND I-BRAND I-BRAND I-BRAND I-BRAND B-MODEL I-MODEL I-MODEL I-MODEL I-MODEL I-MODEL I-MODEL B-COLOR I-COLOR I-COLOR,コハクワークス|7387-CT|レッド
T00730,ミナヅキ,4319-DD,グリーン,O O O O O O B-BRAND I-BRAND I-BRAND I-BRAND O B-COLOR I-COLOR I-COLOR I-COLOR O B-MODEL I-MODEL I-MODEL I-MODEL I-MODEL I-MODEL I-MODEL,ミナヅキ|4319-DD|グリーン
T00731,ノースピーク,R124-32,シルバー,O O O O O O B-MODEL I-MODEL I-MODEL I-MODEL I-MODEL I-MODEL I-MODEL O B-COLOR I-COLOR I-COLOR I-COLOR O O O O O B-BRAND I-BRAND I-BRAND I-BRAND I-BRAND I-BRAND,ノースピーク|R124-32|シルバー
T00732,,CH-4092,シルバー,B-COLOR I-COLOR I-COLOR I-COLOR O O O O O O O O O O O,|CH-4092|シルバー
T00733,ソライロ,RQ-8663,レッド,B-MODEL I-MODEL I-MODEL I-MODEL I-MODEL I-MODEL I-MODEL B-BRAND I-BRAND I-BRAND I-BRAND O O O O O B-COLOR I-COLOR I-COLOR,ソライロ|RQ-8663|レッド
T00734,,K647-69,ホワイト,B-COLOR I-COLOR I-COLOR I-COLOR O B-MODEL I-MODEL I-MODEL I-MODEL I-MODEL I-MODEL O O O O O O,|K647-69|ホワイト
T00735,ノースピーク,D168-81,ホワイト,B-BRAND I-BRAND I-BRAND I-BRAND I-BRAND I-BRAND B-COLOR I-COLOR I-COLOR I-COLOR O O O O O O O B-MODEL I-MODEL I-MODEL I-MODEL I-MODEL I-MODEL I-MODEL,ノースピーク|D168-81|ホワイト
T00736,TSUBAKI,3414-IL,ホワイト,B-MODEL I-MODEL I-MODEL I-MODEL I-MODEL I-MODEL O O O O O B-COLOR I-COLOR I-COLOR I-COLOR O B-BRAND I-BRAND I-BRAND I-BRAND I-BRAND I-BRAND I-BRAND,TSUBAKI|3414-IL|ホワイト
T00737,ヤマブキ堂,G941-31,レッド,O O O O O O O O O O B-MODEL I-MODEL I-MODEL I-MODEL I-MODEL I-MODEL I-MODEL B-COLOR I-COLOR I-COLOR B-BRAND I-BRAND I-BRAND I-BRAND I-BRAND,ヤマブキ堂|G941-31|レッド
T00738,AOI,NJ-3982,ブラック,O O O B-BRAND I-BRAND I-BRAND B-MODEL I-MODEL I-MODEL I-MODEL I-MODEL I-MODEL I-MODEL O O O,AOI|NJ-3982|ブラック
T00739,ゲンブ,6299-JB,シルバー,O O O O O B-BRAND I-BRAND I-BRAND O B-MODEL I-MODEL I-MODEL I-MODEL I-MODEL I-MODEL O B-COLOR I-COLOR I-COLOR I-COLOR,ゲンブ|6299-JB|シルバー
T00740,ノースピーク,4077-DV,ブラック,B-BRAND I-BRAND I-BRAND I-BRAND I-BRAND I-BRAND O B-COLOR I-COLOR I-COLOR I-COLOR O B-MODEL I-MODEL I-MODEL I-MODEL I-MODEL I-MODEL O O O O O O,ノースピーク|4077-DV|ブラック
T00741,KURO,BW-3307,ホワイト,O O O O B-MODEL I-MODEL I-MODEL I-MODEL I-MODEL I-MODEL I-MODEL O B-BRAND I-BRAND I-BRAND I-BRAND O B-COLOR I-COLOR I-COLOR I-COLOR,KURO|BW-3307|ホワイト
T00742,アカネ電機,9020-FE,ブラック,B-BRAND I-BRAND I-BRAND I-BRAND I-BRAND B-MODEL I-MODEL I-MODEL I-MODEL I-MODEL I-MODEL O O O O O B-COLOR I-COLOR I-COLOR I-COLOR,アカネ電機|9020-FE|ブラック
T00743,ヤマブキ堂,GH-7204,シルバー,O O O O O O B-BRAND I-BRAND I-BRAND I-BRAND I-BRAND O O O O O O O O O B-MODEL I-MODEL I-MODEL I-MODEL I-MODEL I-MODEL I-MODEL,ヤマブキ堂|GH-7204|シルバー
T00744,オオゾラ,M307-87,ネイビー,B-BRAND I-BRAND I-BRAND I-BRAND O B-MODEL I-MODEL I-MODEL I-MODEL I-MODEL I-MODEL I-MODEL O O O O O B-COLOR I-COLOR I-COLOR I-COLOR,オオゾラ|M307-87|ネイビー
T00745,KURO,PH-5443,ブラック,O O O O O O B-COLOR I-COLOR I-COLOR I-COLOR B-MODEL I-MODEL I-MODEL I-MODEL I-MODEL I-MODEL I-MODEL O O O O O B-BRAND I-BRAND I-BRAND I-BRAND,KURO|PH-5443|ブラック
T00746,シラユキ,P617-73,グリーン,O O O O O O O O O O B-BRAND I-BRAND I-BRAND I-BRAND O B-MODEL I-MODEL I-MODEL I-MODEL I-MODEL I-MODEL I-MODEL O B-COLOR I-COLOR I-COLOR I-COLOR,シラユキ|P617-73|グリーン
T00747,ハヤブサ,Z974-13,ブラック,O O O B-COLOR I-COLOR I-COLOR I-COLOR B-MODEL I-MODEL I-MODEL I-MODEL I-MODEL I-MODEL I-MODEL B-BRAND I-BRAND I-BRAND I-BRAND,ハヤブサ|Z974-13|ブラック
T00748,ミナヅキ,W686-97,ホワイト,B-BRAND I-BRAND I-BRAND I-BRAND B-COLOR I-COLOR I-COLOR I-COLOR B-MODEL I-MODEL I-MODEL I-MODEL I-MODEL I-MODEL I-MODEL O O O,ミナヅキ|W686-97|ホワイト
T00749,KURO,TU-2268,ブラック,O O O O O O B-MODEL I-MODEL I-MODEL I-MODEL I-MODEL I-MODEL I-MODEL O B-BRAND I-BRAND I-BRAND I-BRAND O O O O O B-COLOR I-COLOR I-COLOR I-COLOR,KURO|TU-2268|ブラック
T00750,AOI,GN-1990,レッド,O O O O O O B-MODEL I-MODEL I-MODEL I-MODEL I-MODEL I-MODEL I-MODEL O O O O O O O B-BRAND I-BRAND I-BRAND B-COLOR I-COLOR I-COLOR,AOI|GN-1990|レッド
T00751,シラユキ,GM-9273,シルバー,B-BRAND I-BRAND I-BRAND I-BRAND B-MODEL I-MODEL I-MODEL I-MODEL I-MODEL I-MODEL B-COLOR I-COLOR I-COLOR I-COLOR O O O,シラユキ|GM-9273|シルバー
T00752,アカネ電機,3416-GH,シルバー,B-BRAND I-BRAND I-BRAND I-BRAND I-BRAND O O O O O B-COLOR I-COLOR I-COLOR I-COLOR O B-MODEL I-MODEL I-MODEL I-MODEL I-MODEL I-MODEL I-MODEL,アカネ電機|3416-GH|シルバー
T00753,AOI,S176-43,レッド,B-COLOR I-COLOR I-COLOR O O O O B-MODEL I-MODEL I-MODEL I-MODEL I-MODEL I-MODEL I-MODEL O O O O,AOI|S176-43|レッド
T00754,シラユキ,7118-PM,レッド,O O O O B-COLOR I-COLOR I-COLOR O B-BRAND I-BRAND I-BRAND I-BRAND O B-MODEL I-MODEL I-MODEL I-MODEL I-MODEL I-MODEL I-MODEL,シラユキ|7118-PM|レッド
T00755,ゲンブ,N955-15,シルバー,B-COLOR I-COLOR I-COLOR I-COLOR B-BRAND I-BRAND I-BRAND O O O B-MODEL I-MODEL I-MODEL I-MODEL I-MODEL I-MODEL I-MODEL,ゲンブ|N955-15|シルバー
T00756,ハヤブサ,TO-5063,レッド,B-MODEL I-MODEL I-MODEL I-MODEL I-MODEL I-MODEL I-MODEL O O O B-COLOR I-COLOR I-COLOR B-BRAND I-BRAND I-BRAND I-BRAND,ハヤブサ|TO-5063|レッド
T00757,,BI-9655,ネイビー,B-MODEL I-MODEL I-MODEL I-MODEL I-MODEL I-MODEL I-MODEL O B-COLOR I-COLOR I-COLOR I-COLOR O O O O,|BI-9655|ネイビー
T00758,オオゾラ,EI-1470,レッド,O O O O O O B-COLOR I-COLOR I-COLOR B-MODEL I-MODEL I-MODEL I-MODEL I-MODEL I-MODEL I-MODEL B-BRAND I-BRAND I-BRAND I-BRAND O O O O O,オオゾラ|EI-1470|レッド
T00759,アカネ電機,M917-65,ブラック,B-BRAND I-BRAND I-BRAND I-BRAND I-BRAND O B-COLOR I-COLOR I-COLOR I-COLOR O B-MODEL I-MODEL I-MODEL I-MODEL I-MODEL I-MODEL I-MODEL O O O,アカネ電機|M917-65|ブラック
T00760,セイランド,ZH-1448,ホワイト,B-MODEL I-MODEL I-MODEL I-MODEL I-MODEL I-MODEL I-MODEL O B-COLOR I-COLOR I-COLOR I-COLOR O B-BRAND I-BRAND I-BRAND I-BRAND I-BRAND O O O O,セイランド|ZH-1448|ホワイト
T00761,ヤマブキ堂,B763-25,ホワイト,O O O O O O B-MODEL I-MODEL I-MODEL I-MODEL I-MODEL I-MODEL I-MODEL O B-COLOR I-COLOR I-COLOR I-COLOR O O O O O B-BRAND I-BRAND I-BRAND I-BRAND I-BRAND,ヤマブキ堂|B763-25|ホワイト
T00762,,5337-DC,ブラック,O O O O O O B-COLOR I-COLOR I-COLOR I-COLOR O B-MODEL I-MODEL I-MODEL I-MODEL I-MODEL I-MODEL,|5337-DC|ブラック
T00763,セイランド,3996-QN,ブラック,B-MODEL I-MODEL I-MODEL I-MODEL I-MODEL I-MODEL I-MODEL O O O O O O B-BRAND I-BRAND I-BRAND I-BRAND I-BRAND O B-COLOR I-COLOR I-COLOR I-COLOR,セイランド|3996-QN|ブラック
T00764,シラユキ,BI-7069,レッド,B-COLOR I-COLOR I-COLOR O B-BRAND I-BRAND I-BRAND I-BRAND O B-MODEL I-MODEL I-MODEL I-MODEL I-MODEL I-MODEL I-MODEL O O O O,シラユキ|BI-7069|レッド
T00765,アカネ電機,EF-9090,ブラック,O O O O O O B-MODEL I-MODEL I-MODEL I-MODEL I-MODEL I-MODEL I-MODEL O B-COLOR I-COLOR I-COLOR I-COLOR O B-BRAND I-BRAND I-BRAND I-BRAND I-BRAND,アカネ電機|EF-9090|ブラック
T00766,TSUBAKI,Z432-74,グリーン,O O O O O O O O B-BRAND I-BRAND I-BRAND I-BRAND I-BRAND I-BRAND I-BRAND O B-MODEL I-MODEL I-MODEL I-MODEL I-MODEL I-MODEL O O O O O O O B-COLOR I-COLOR I-COLOR I-COLOR,TSUBAKI|Z432-74|グリーン
T00767,,V446-90,ブラック,B-MODEL I-MODEL I-MODEL I-MODEL I-MODEL I-MODEL O O O O O B-COLOR I-COLOR I-COLOR I-COLOR,|V446-90|ブラック
T00768,,QS-5265,ブラック,O O O O O B-COLOR I-COLOR I-COLOR I-COLOR O B-MODEL I-MODEL I-MODEL I-MODEL I-MODEL I-MODEL I-MODEL,|QS-5265|ブラック
T00769,KURO,Y657-78,ブラック,O O O O O O O O B-COLOR I-COLOR I-COLOR I-COLOR O B-MODEL I-MODEL I-MODEL I-MODEL I-MODEL I-MODEL O B-BRAND I-BRAND I-BRAND I-BRAND,KURO|Y657-78|ブラック
T00770,セイランド,U826-60,ネイビー,O O O O O O O B-MODEL I-MODEL I-MODEL I-MODEL I-MODEL I-MODEL I-MODEL O O O O O B-COLOR I-COLOR I-COLOR I-COLOR B-BRAND I-BRAND I-BRAND I-BRAND I-BRAND,セイランド|U826-60|ネイビー
T00771,ミドリワークス,SG-3824,シルバー,B-MODEL I-MODEL I-MODEL I-MODEL I-MODEL I-MODEL O O O O O O B-COLOR I-COLOR I-COLOR I-COLOR O B-BRAND I-BRAND I-BRAND I-BRAND I-BRAND I-BRAND I-BRAND,ミドリワークス|SG-3824|シルバー
T00772,,O901-66,ブラック,B-COLOR I-COLOR I-COLOR I-COLOR O O O O O B-MODEL I-MODEL I-MODEL I-MODEL I-MODEL I-MODEL I-MODEL,|O901-66|ブラック
T00773,ヤマブキ堂,PQ-2227,ネイビー,O O O O B-BRAND I-BRAND I-BRAND I-BRAND I-BRAND O B-COLOR I-COLOR I-COLOR I-COLOR O B-MODEL I-MODEL I-MODEL I-MODEL I-MODEL I-MODEL I-MODEL,ヤマブキ堂|PQ-2227|ネイビー
T00774,ノースピーク,4696-DY,ブラック,B-COLOR I-COLOR I-COLOR I-COLOR O O O B-MODEL I-MODEL I-MODEL I-MODEL I-MODEL I-MODEL I-MODEL B-BRAND I-BRAND I-BRAND I-BRAND I-BRAND I-BRAND,ノースピーク|4696-DY|ブラック
T00775,オオゾラ,1582-LB,ブラック,B-BRAND I-BRAND I-BRAND I-BRAND O B-MODEL I-MODEL I-MODEL I-MODEL I-MODEL I-MODEL O B-COLOR I-COLOR I-COLOR I-COLOR O O O O,オオゾラ|1582-LB|ブラック
T00776,ゲンブ,3824-KT,レッド,O O O O O O O O B-COLOR I-COLOR I-COLOR O B-BRAND I-BRAND I-BRAND O O O O O O O O O O O O,ゲンブ|3824-KT|レッド
T00777,,BP-5884,グリーン,O O O O O O O B-MODEL I-MODEL I-MODEL I-MODEL I-MODEL I-MODEL O B-COLOR I-COLOR I-COLOR I-COLOR O O O O O,|BP-5884|グリーン
T00778,,F204-42,シルバー,O O O O O O B-MODEL I-MODEL I-MODEL I-MODEL I-MODEL I-MODEL I-MODEL O O O O O O B-COLOR I-COLOR I-COLOR I-COLOR,|F204-42|シルバー
T00779,,U893-97,グリーン,B-COLOR I-COLOR I-COLOR I-COLOR B-MODEL I-MODEL I-MODEL I-MODEL I-MODEL I-MODEL I-MODEL O O O O O O O,|U893-97|グリーン
T00780,ハヤブサ,7898-VD,シルバー,B-BRAND I-BRAND I-BRAND I-BRAND O B-COLOR I-COLOR I-COLOR I-COLOR O B-MODEL I-MODEL I-MODEL I-MODEL I-MODEL I-MODEL I-MODEL O O O O,ハヤブサ|7898-VD|シルバー
T00781,アカネ電機,RT-7018,ネイビー,O O O O O O O O B-MODEL I-MODEL I-MODEL I-MODEL I-MODEL I-MODEL O O O O B-BRAND I-BRAND I-BRAND I-BRAND I-BRAND B-COLOR I-COLOR I-COLOR I-COLOR,アカネ電機|RT-7018|ネイビー
T00782,ハヤブサ,V933-36,ホワイト,B-COLOR I-COLOR I-COLOR I-COLOR O B-MODEL I-MODEL I-MODEL I-MODEL I-MODEL I-MODEL I-MODEL O O O O O B-BRAND I-BRAND I-BRAND I-BRAND,ハヤブサ|V933-36|ホワイト
T00783,アカネ電機,1758-SY,ブラック,B-COLOR I-COLOR I-COLOR I-COLOR O O O O O B-MODEL I-MODEL I-MODEL I-MODEL I-MODEL I-MODEL O B-BRAND I-BRAND I-BRAND I-BRAND I-BRAND,アカネ電機|1758-SY|ブラック
T00784,シラユキ,N710-65,シルバー,B-BRAND I-BRAND I-BRAND I-BRAND O B-COLOR I-COLOR I-COLOR I-COLOR O B-MODEL I-MODEL I-MODEL I-MODEL I-MODEL I-MODEL I-MODEL O O O O O O,シラユキ|N710-65|シルバー
T00785,ヤマブキ堂,U204-42,ネイビー,B-MODEL I-MODEL I-MODEL I-MODEL I-MODEL I-MODEL I-MODEL O B-BRAND I-BRAND I-BRAND I-BRAND I-BRAND O O O O O B-COLOR I-COLOR I-COLOR I-COLOR,ヤマブキ堂|U204-42|ネイビー
T00786,KURO,VI-2488,レッド,O O O O B-COLOR I-COLOR I-COLOR O B-MODEL I-MODEL I-MODEL I-MODEL I-MODEL I-MODEL O B-BRAND I-BRAND I-BRAND I-BRAND,KURO|VI-2488|レッド
T00787,シラユキ,CP-7498,ネイビー,O O O O O O O O B-BRAND I-BRAND I-BRAND I-BRAND O B-COLOR I-COLOR I-COLOR I-COLOR O B-MODEL I-MODEL I-MODEL I-MODEL I-MODEL I-MODEL I-MODEL,シラユキ|CP-7498|ネイビー
T00788,ソライロ,9420-SP,グリーン,B-MODEL I-MODEL I-MODEL I-MODEL I-MODEL I-MODEL O B-BRAND I-BRAND I-BRAND I-BRAND O B-COLOR I-COLOR I-COLOR I-COLOR O O O O O,ソライロ|9420-SP|グリーン
T00789,コハクワークス,5558-JZ,ネイビー,O O O O O O B-COLOR I-COLOR I-COLOR I-COLOR O B-MODEL I-MODEL I-MODEL I-MODEL I-MODEL I-MODEL I-MODEL O O O O O O O B-BRAND I-BRAND I-BRAND I-BRAND I-BRAND I-BRAND I-BRAND,コハクワークス|5558-JZ|ネイビー
T00790,アカネ電機,ZN-3123,シルバー,B-MODEL I-MODEL I-MODEL I-MODEL I-MODEL I-MODEL I-MODEL B-BRAND I-BRAND I-BRAND I-BRAND I-BRAND B-COLOR I-COLOR I-COLOR I-COLOR O O O O,アカネ電機|ZN-3123|シルバー
T00791,,OV-5020,ブラック,B-COLOR I-COLOR I-COLOR I-COLOR O O O O O B-MODEL I-MODEL I-MODEL I-MODEL I-MODEL I-MODEL,|OV-5020|ブラック
T00792,ソライロ,9021-WC,ブラック,O O O O O O O O O O O O O B-COLOR I-COLOR I-COLOR I-COLOR O B-BRAND I-BRAND I-BRAND I-BRAND O B-MODEL I-MODEL I-MODEL I-MODEL I-MODEL I-MODEL,ソライロ|9021-WC|ブラック
T00793,ヤマブキ堂,ML-3862,レッド,B-MODEL I-MODEL I-MODEL I-MODEL I-MODEL I-MODEL I-MODEL O O O O O B-BRAND I-BRAND I-BRAND I-BRAND I-BRAND B-COLOR I-COLOR I-COLOR,ヤマブキ堂|ML-3862|レッド
T00794,ハヤブサ,5519-FE,ネイビー,O O O O O O O O O O O B-BRAND I-BRAND I-BRAND I-BRAND O B-MODEL I-MODEL I-MODEL I-MODEL I-MODEL I-MODEL I-MODEL O B-COLOR I-COLOR I-COLOR I-COLOR,ハヤブサ|5519-FE|ネイビー
T00795,ミドリワークス,R641-55,ブラック,B-BRAND I-BRAND I-BRAND I-BRAND I-BRAND I-BRAND I-BRAND B-MODEL I-MODEL I-MODEL I-MODEL I-MODEL I-MODEL I-MODEL O O O B-COLOR I-COLOR I-COLOR I-COLOR,ミドリワークス|R641-55|ブラック
T00796,,R137-76,ホワイト,B-MODEL I-MODEL I-MODEL I-MODEL I-MODEL I-MODEL I-MODEL B-COLOR I-COLOR I-COLOR I-COLOR O O O,|R137-76|ホワイト
T00797,,5646-IQ,ブラック,O O O O O O O O B-MODEL I-MODEL I-MODEL I-MODEL I-MODEL I-MODEL I-MODEL O O O O O,|5646-IQ|ブラック
T00798,セイランド,1671-UG,グリーン,B-MODEL I-MODEL I-MODEL I-MODEL I-MODEL I-MODEL I-MODEL O B-COLOR I-COLOR I-COLOR I-COLOR O B-BRAND I-BRAND I-BRAND I-BRAND I-BRAND O O O O O O,セイランド|1671-UG|グリーン
T00799,コハクワークス,YG-1658,ブラック,B-MODEL I-MODEL I-MODEL I-MODEL I-MODEL I-MODEL I-MODEL O O O B-BRAND I-BRAND I-BRAND I-BRAND I-BRAND I-BRAND I-BRAND B-COLOR I-COLOR I-COLOR I-COLOR,コハクワークス|YG-1658|ブラック
