doc_id,brand,n_sentences,n_key_points,document,reference_summary,extractive_reference,hallucinated_summary
D0100,ミドリワークス,15,3,箱は少し大きめでした。友人に勧められて購入を決めました。ミドリワークスのサポート対応が丁寧だと感じました。バッテリーは25時間前後持ちました。ミドリワークスのサポート対応が丁寧でした。特に不満は今のところありません。使い始めてまだ日が浅いです。バッテリーの持ちが25時間ほどで良いです。説明書が分かりにくかったです。説明書が分かりにくいのが残念です。梱包はごく普通の段ボールでした。自宅と職場の両方で使う予定です。説明書が分かりにくく設定に手間取りました。説明書が分かりにくいです。バッテリーが25時間くらい持ちます。,同梱資料の品質が低い。電池の持続時間が長い。問い合わせ窓口の品質が高い。,説明書が分かりにくく設定に手間取りました。バッテリーの持ちが25時間ほどで良いです。ミドリワークスのサポート対応が丁寧だと感じました。,同梱資料の品質が低い。電池の持続時間が長い。問い合わせ窓口の品質が高い。なおノースピーク製で保証は80か月です。
D0101,アカネ電機,13,3,レビューを見てから買うか迷いました。アカネ電機のサポート対応が丁寧だと感じました。装着感が軽くて長時間でも平気でした。週末にしか使っていないので耐久性はまだ分かりません。発送が早く1日で届いています。特に不満は今のところありません。アカネ電機のサポート対応が丁寧で助かりました。色は写真で見た印象とほぼ同じです。アカネ電機のサポート対応が丁寧です。使い始めてまだ日が浅いです。アカネ電機のサポート対応が丁寧でした。装着感が軽くて疲れません。発送が早くて注文から1日で届きました。,到着までが速い。問い合わせ窓口の品質が高い。長時間の使用でも負担が少ない。,発送が早く1日で届いています。アカネ電機のサポート対応が丁寧でした。装着感が軽くて長時間でも平気でした。,到着までが速い。問い合わせ窓口の品質が高い。長時間の使用でも負担が少ない。なおハヤブサ製で保証は87か月です。
D0102,ハヤブサ,15,3,自宅と職場の両方で使う予定です。バッテリーが17時間ほど持ちました。ハヤブサのサポート対応が丁寧でした。以前は別のメーカーの物を使っていました。ハヤブサのサポート対応が丁寧だと感じました。音質は25955円という値段のわりに良いと思います。ハヤブサのサポート対応が丁寧です。レビューを見てから買うか迷いました。バッテリーが17時間くらい持ちます。色は写真で見た印象とほぼ同じです。音質がこの値段のわりに良いです。音質が値段のわりに良かったです。ハヤブサのサポート対応が丁寧で助かりました。家族へのプレゼント用に買いました。バッテリーは17時間前後持ちました。,電池の持続時間が長い。問い合わせ窓口の品質が高い。コストパフォーマンスに優れる。,バッテリーは17時間前後持ちました。ハヤブサのサポート対応が丁寧で助かりました。音質がこの値段のわりに良いです。,電池の持続時間が長い。問い合わせ窓口の品質が高い。コストパフォーマンスに優れる。なおアカネ電機製で保証は90か月です。
D0103,ノースピーク,13,2,説明書が分かりにくいです。家族へのプレゼント用に買いました。音質は5326円という値段のわりに良いと思います。色は写真で見た印象とほぼ同じです。使い始めてまだ日が浅いです。音質が値段のわりに良かったです。音質がこの値段のわりに良いです。説明書が分かりにくかったです。自宅と職場の両方で使う予定です。以前は別のメーカーの物を使っていました。説明書が分かりにくく設定に手間取りました。説明書が分かりにくいのが残念です。音質がこの値段のわりに良いと感じました。,同梱資料の品質が低い。コストパフォーマンスに優れる。,説明書が分かりにくく設定に手間取りました。音質は5326円という値段のわりに良いと思います。,同梱資料の品質が低い。コストパフォーマンスに優れる。なおハヤブサ製で保証は93か月です。
D0104,ミドリワークス,17,3,説明書が分かりにくいです。使い始めてまだ日が浅いです。音質は14519円という値段のわりに良いと思います。友人に勧められて購入を決めました。同じ物をもう一つ買おうか検討中です。装着感が軽く疲れにくいです。以前は別のメーカーの物を使っていました。音質が値段のわりに良かったです。説明書が分かりにくかったです。説明書が分かりにくく設定に手間取りました。装着感が軽いので長時間でも疲れません。色は写真で見た印象とほぼ同じです。箱は少し大きめでした。音質がこの値段のわりに良いと感じました。説明書が分かりにくいのが残念です。音質がこの値段のわりに良いです。装着感が軽くて長時間でも平気でした。,同梱資料の品質が低い。コストパフォーマンスに優れる。長時間の使用でも負担が少ない。,説明書が分かりにくく設定に手間取りました。音質がこの値段のわりに良いと感じました。装着感が軽くて長時間でも平気でした。,同梱資料の品質が低い。コストパフォーマンスに優れる。長時間の使用でも負担が少ない。なおノースピーク製で保証は51か月です。
D0105,ミドリワークス,14,3,説明書が分かりにくかったです。発送が早く2日で届いています。以前は別のメーカーの物を使っていました。ミドリワークスのサポート対応が丁寧で助かりました。発送が早くて2日で届きました。レビューを見てから買うか迷いました。友人に勧められて購入を決めました。ミドリワークスのサポート対応が丁寧です。説明書が分かりにくいです。説明書が分かりにくいのが残念です。自宅と職場の両方で使う予定です。箱は少し大きめでした。ミドリワークスのサポート対応が丁寧だと感じました。説明書が分かりにくく設定に手間取りました。,同梱資料の品質が低い。問い合わせ窓口の品質が高い。到着までが速い。,説明書が分かりにくいです。ミドリワークスのサポート対応が丁寧だと感じました。発送が早くて2日で届きました。,同梱資料の品質が低い。問い合わせ窓口の品質が高い。到着までが速い。なおアカネ電機製で保証は63か月です。
D0106,ソライロ,14,3,使い始めてまだ日が浅いです。梱包はごく普通の段ボールでした。説明書が分かりにくいです。発送が早くて2日で届きました。特に不満は今のところありません。装着感が軽いので長時間でも疲れません。同じ物をもう一つ買おうか検討中です。発送が早くて注文から2日で届きました。発送が早いので2日で届きました。装着感が軽くて疲れません。装着感が軽く疲れにくいです。装着感が軽くて長時間でも平気でした。箱は少し大きめでした。説明書が分かりにくかったです。,同梱資料の品質が低い。長時間の使用でも負担が少ない。到着までが速い。,説明書が分かりにくかったです。装着感が軽くて疲れません。発送が早いので2日で届きました。,同梱資料の品質が低い。長時間の使用でも負担が少ない。到着までが速い。なおミドリワークス製で保証は59か月です。
D0107,ミドリワークス,9,2,説明書が分かりにくかったです。使い始めてまだ日が浅いです。箱は少し大きめでした。以前は別のメーカーの物を使っていました。説明書が分かりにくく設定に手間取りました。発送が早いので3日で届きました。説明書が分かりにくいです。梱包はごく普通の段ボールでした。発送が早く3日で届いています。,到着までが速い。同梱資料の品質が低い。,発送が早いので3日で届きました。説明書が分かりにくかったです。,到着までが速い。同梱資料の品質が低い。なおアカネ電機製で保証は60か月です。
D0108,ソライロ,12,2,週末にしか使っていないので耐久性はまだ分かりません。特に不満は今のところありません。友人に勧められて購入を決めました。発送が早くて4日で届きました。以前は別のメーカーの物を使っていました。音質がこの値段のわりに良いです。発送が早く4日で届いています。音質がこの値段のわりに良いと感じました。色は写真で見た印象とほぼ同じです。レビューを見てから買うか迷いました。梱包はごく普通の段ボールでした。音質は23133円という値段のわりに良いと思います。,コストパフォーマンスに優れる。到着までが速い。,音質がこの値段のわりに良いです。発送が早くて4日で届きました。,コストパフォーマンスに優れる。到着までが速い。なおハヤブサ製で保証は52か月です。
D0109,ノースピーク,13,2,梱包はごく普通の段ボールでした。ノースピークのサポート対応が丁寧です。友人に勧められて購入を決めました。ノースピークのサポート対応が丁寧だと感じました。装着感が軽くて長時間でも平気でした。ノースピークのサポート対応が丁寧でした。同じ物をもう一つ買おうか検討中です。特に不満は今のところありません。家族へのプレゼント用に買いました。色は写真で見た印象とほぼ同じです。自宅と職場の両方で使う予定です。装着感が軽いので長時間でも疲れません。装着感が軽く疲れにくいです。,問い合わせ窓口の品質が高い。長時間の使用でも負担が少ない。,ノースピークのサポート対応が丁寧です。装着感が軽く疲れにくいです。,問い合わせ窓口の品質が高い。長時間の使用でも負担が少ない。なおハヤブサ製で保証は81か月です。
D0110,ミドリワークス,10,2,装着感が軽くて疲れません。友人に勧められて購入を決めました。レビューを見てから買うか迷いました。梱包はごく普通の段ボールでした。装着感が軽くて長時間でも平気でした。週末にしか使っていないので耐久性はまだ分かりません。以前は別のメーカーの物を使っていました。使い始めてまだ日が浅いです。音質が値段のわりに良かったです。音質がこの値段のわりに良いです。,コストパフォーマンスに優れる。長時間の使用でも負担が少ない。,音質が値段のわりに良かったです。装着感が軽くて疲れません。,コストパフォーマンスに優れる。長時間の使用でも負担が少ない。なおアカネ電機製で保証は87か月です。
D0111,ミドリワークス,16,3,特に不満は今のところありません。バッテリーは31時間前後持ちました。週末にしか使っていないので耐久性はまだ分かりません。バッテリーが31時間ほど持ちました。装着感が軽くて長時間でも平気でした。バッテリーの持ちが31時間ほどで良いです。梱包はごく普通の段ボールでした。友人に勧められて購入を決めました。説明書が分かりにくいのが残念です。バッテリーが31時間くらい持ちます。装着感が軽く疲れにくいです。家族へのプレゼント用に買いました。説明書が分かりにくいです。以前は別のメーカーの物を使っていました。装着感が軽くて疲れません。説明書が分かりにくく設定に手間取りました。,電池の持続時間が長い。長時間の使用でも負担が少ない。同梱資料の品質が低い。,バッテリーの持ちが31時間ほどで良いです。装着感が軽くて疲れません。説明書が分かりにくく設定に手間取りました。,電池の持続時間が長い。長時間の使用でも負担が少ない。同梱資料の品質が低い。なおノースピーク製で保証は88か月です。
D0112,ソライロ,10,2,箱は少し大きめでした。色は写真で見た印象とほぼ同じです。家族へのプレゼント用に買いました。レビューを見てから買うか迷いました。発送が早いので4日で届きました。発送が早くて注文から4日で届きました。同じ物をもう一つ買おうか検討中です。バッテリーが31時間ほど持ちました。バッテリーの持ちが31時間ほどで良いです。以前は別のメーカーの物を使っていました。,電池の持続時間が長い。到着までが速い。,バッテリーの持ちが31時間ほどで良いです。発送が早くて注文から4日で届きました。,電池の持続時間が長い。到着までが速い。なおハヤブサ製で保証は89か月です。
D0113,ソライロ,12,3,箱は少し大きめでした。バッテリーの持ちが26時間ほどで良いです。説明書が分かりにくいのが残念です。発送が早くて注文から3日で届きました。バッテリーは26時間前後持ちました。発送が早くて3日で届きました。週末にしか使っていないので耐久性はまだ分かりません。友人に勧められて購入を決めました。梱包はごく普通の段ボールでした。発送が早いので3日で届きました。説明書が分かりにくく設定に手間取りました。レビューを見てから買うか迷いました。,同梱資料の品質が低い。電池の持続時間が長い。到着までが速い。,説明書が分かりにくく設定に手間取りました。バッテリーの持ちが26時間ほどで良いです。発送が早いので3日で届きました。,同梱資料の品質が低い。電池の持続時間が長い。到着までが速い。なおアカネ電機製で保証は76か月です。
D0114,ノースピーク,16,3,音質がこの値段のわりに良いです。バッテリーが12時間ほど持ちました。家族へのプレゼント用に買いました。音質が値段のわりに良かったです。週末にしか使っていないので耐久性はまだ分かりません。音質がこの値段のわりに良いと感じました。使い始めてまだ日が浅いです。バッテリーの持ちが12時間ほどで良いです。音質は8846円という値段のわりに良いと思います。ノースピークのサポート対応が丁寧です。箱は少し大きめでした。バッテリーが12時間くらい持ちます。ノースピークのサポート対応が丁寧だと感じました。自宅と職場の両方で使う予定です。ノースピークのサポート対応が丁寧でした。特に不満は今のところありません。,電池の持続時間が長い。問い合わせ窓口の品質が高い。コストパフォーマンスに優れる。,バッテリーが12時間くらい持ちます。ノースピークのサポート対応が丁寧でした。音質がこの値段のわりに良いです。,電池の持続時間が長い。問い合わせ窓口の品質が高い。コストパフォーマンスに優れる。なおハヤブサ製で保証は61か月です。
D0115,ハヤブサ,15,3,説明書が分かりにくいのが残念です。説明書が分かりにくかったです。ハヤブサのサポート対応が丁寧で助かりました。使い始めてまだ日が浅いです。音質は2840円という値段のわりに良いと思います。以前は別のメーカーの物を使っていました。ハヤブサのサポート対応が丁寧だと感じました。自宅と職場の両方で使う予定です。ハヤブサのサポート対応が丁寧です。箱は少し大きめでした。音質が値段のわりに良かったです。音質がこの値段のわりに良いと感じました。説明書が分かりにくく設定に手間取りました。説明書が分かりにくいです。音質がこの値段のわりに良いです。,問い合わせ窓口の品質が高い。同梱資料の品質が低い。コストパフォーマンスに優れる。,ハヤブサのサポート対応が丁寧です。説明書が分かりにくく設定に手間取りました。音質がこの値段のわりに良いと感じました。,問い合わせ窓口の品質が高い。同梱資料の品質が低い。コストパフォーマンスに優れる。なおミドリワークス製で保証は55か月です。
D0116,ソライロ,14,2,ソライロのサポート対応が丁寧だと感じました。ソライロのサポート対応が丁寧で助かりました。同じ物をもう一つ買おうか検討中です。レビューを見てから買うか迷いました。梱包はごく普通の段ボールでした。箱は少し大きめでした。使い始めてまだ日が浅いです。家族へのプレゼント用に買いました。特に不満は今のところありません。ソライロのサポート対応が丁寧です。説明書が分かりにくいです。説明書が分かりにくく設定に手間取りました。ソライロのサポート対応が丁寧でした。説明書が分かりにくかったです。,同梱資料の品質が低い。問い合わせ窓口の品質が高い。,説明書が分かりにくかったです。ソライロのサポート対応が丁寧だと感じました。,同梱資料の品質が低い。問い合わせ窓口の品質が高い。なおノースピーク製で保証は51か月です。
D0117,ミドリワークス,14,2,発送が早くて3日で届きました。発送が早く3日で届いています。ミドリワークスのサポート対応が丁寧でした。レビューを見てから買うか迷いました。色は写真で見た印象とほぼ同じです。以前は別のメーカーの物を使っていました。箱は少し大きめでした。自宅と職場の両方で使う予定です。ミドリワークスのサポート対応が丁寧で助かりました。家族へのプレゼント用に買いました。発送が早くて注文から3日で届きました。特に不満は今のところありません。ミドリワークスのサポート対応が丁寧だと感じました。発送が早いので3日で届きました。,問い合わせ窓口の品質が高い。到着までが速い。,ミドリワークスのサポート対応が丁寧で助かりました。発送が早いので3日で届きました。,問い合わせ窓口の品質が高い。到着までが速い。なおノースピーク製で保証は96か月です。
D0118,アカネ電機,12,2,レビューを見てから買うか迷いました。アカネ電機のサポート対応が丁寧でした。装着感が軽いので長時間でも疲れません。友人に勧められて購入を決めました。装着感が軽くて長時間でも平気でした。箱は少し大きめでした。アカネ電機のサポート対応が丁寧です。特に不満は今のところありません。アカネ電機のサポート対応が丁寧だと感じました。使い始めてまだ日が浅いです。週末にしか使っていないので耐久性はまだ分かりません。自宅と職場の両方で使う予定です。,長時間の使用でも負担が少ない。問い合わせ窓口の品質が高い。,装着感が軽いので長時間でも疲れません。アカネ電機のサポート対応が丁寧でした。,長時間の使用でも負担が少ない。問い合わせ窓口の品質が高い。なおミドリワークス製で保証は72か月です。
D0119,ノースピーク,12,2,バッテリーが29時間ほど持ちました。装着感が軽いので長時間でも疲れません。特に不満は今のところありません。装着感が軽くて長時間でも平気でした。家族へのプレゼント用に買いました。週末にしか使っていないので耐久性はまだ分かりません。箱は少し大きめでした。色は写真で見た印象とほぼ同じです。装着感が軽くて疲れません。バッテリーは29時間前後持ちました。レビューを見てから買うか迷いました。バッテリーの持ちが29時間ほどで良いです。,電池の持続時間が長い。長時間の使用でも負担が少ない。,バッテリーの持ちが29時間ほどで良いです。装着感が軽くて疲れません。,電池の持続時間が長い。長時間の使用でも負担が少ない。なおアカネ電機製で保証は89か月です。
D0120,ノースピーク,10,2,音質がこの値段のわりに良いと感じました。音質は21380円という値段のわりに良いと思います。特に不満は今のところありません。発送が早いので2日で届きました。音質が値段のわりに良かったです。レビューを見てから買うか迷いました。発送が早く2日で届いています。家族へのプレゼント用に買いました。以前は別のメーカーの物を使っていました。発送が早くて注文から2日で届きました。,到着までが速い。コストパフォーマンスに優れる。,発送が早くて注文から2日で届きました。音質は21380円という値段のわりに良いと思います。,到着までが速い。コストパフォーマンスに優れる。なおミドリワークス製で保証は83か月です。
D0121,ミドリワークス,14,3,音質は18204円という値段のわりに良いと思います。装着感が軽くて長時間でも平気でした。梱包はごく普通の段ボールでした。色は写真で見た印象とほぼ同じです。装着感が軽くて疲れません。週末にしか使っていないので耐久性はまだ分かりません。装着感が軽く疲れにくいです。装着感が軽いので長時間でも疲れません。レビューを見てから買うか迷いました。説明書が分かりにくく設定に手間取りました。音質がこの値段のわりに良いと感じました。使い始めてまだ日が浅いです。説明書が分かりにくいです。同じ物をもう一つ買おうか検討中です。,同梱資料の品質が低い。コストパフォーマンスに優れる。長時間の使用でも負担が少ない。,説明書が分かりにくいです。音質がこの値段のわりに良いと感じました。装着感が軽くて長時間でも平気でした。,同梱資料の品質が低い。コストパフォーマンスに優れる。長時間の使用でも負担が少ない。なおアカネ電機製で保証は79か月です。
D0122,ソライロ,14,3,音質がこの値段のわりに良いです。ソライロのサポート対応が丁寧で助かりました。梱包はごく普通の段ボールでした。自宅と職場の両方で使う予定です。レビューを見てから買うか迷いました。音質がこの値段のわりに良いと感じました。箱は少し大きめでした。以前は別のメーカーの物を使っていました。音質は28352円という値段のわりに良いと思います。音質が値段のわりに良かったです。発送が早くて注文から2日で届きました。ソライロのサポート対応が丁寧だと感じました。発送が早いので2日で届きました。発送が早くて2日で届きました。,到着までが速い。コストパフォーマンスに優れる。問い合わせ窓口の品質が高い。,発送が早くて注文から2日で届きました。音質は28352円という値段のわりに良いと思います。ソライロのサポート対応が丁寧で助かりました。,到着までが速い。コストパフォーマンスに優れる。問い合わせ窓口の品質が高い。なおアカネ電機製で保証は74か月です。
D0123,アカネ電機,10,2,説明書が分かりにくく設定に手間取りました。家族へのプレゼント用に買いました。バッテリーは11時間前後持ちました。同じ物をもう一つ買おうか検討中です。バッテリーが11時間くらい持ちます。友人に勧められて購入を決めました。バッテリーの持ちが11時間ほどで良いです。説明書が分かりにくいのが残念です。バッテリーが11時間ほど持ちました。梱包はごく普通の段ボールでした。,電池の持続時間が長い。同梱資料の品質が低い。,バッテリーは11時間前後持ちました。説明書が分かりにくいのが残念です。,電池の持続時間が長い。同梱資料の品質が低い。なおノースピーク製で保証は85か月です。
D0124,アカネ電機,12,3,以前は別のメーカーの物を使っていました。バッテリーの持ちが15時間ほどで良いです。箱は少し大きめでした。発送が早いので3日で届きました。自宅と職場の両方で使う予定です。音質がこの値段のわりに良いと感じました。バッテリーは15時間前後持ちました。使い始めてまだ日が浅いです。発送が早く3日で届いています。週末にしか使っていないので耐久性はまだ分かりません。音質は12725円という値段のわりに良いと思います。発送が早くて注文から3日で届きました。,コストパフォーマンスに優れる。到着までが速い。電池の持続時間が長い。,音質は12725円という値段のわりに良いと思います。発送が早くて注文から3日で届きました。バッテリーは15時間前後持ちました。,コストパフォーマンスに優れる。到着までが速い。電池の持続時間が長い。なおハヤブサ製で保証は67か月です。
D0125,ミドリワークス,12,3,レビューを見てから買うか迷いました。装着感が軽いので長時間でも疲れません。装着感が軽くて疲れません。バッテリーは10時間前後持ちました。以前は別のメーカーの物を使っていました。友人に勧められて購入を決めました。同じ物をもう一つ買おうか検討中です。自宅と職場の両方で使う予定です。バッテリーが10時間ほど持ちました。説明書が分かりにくいです。家族へのプレゼント用に買いました。説明書が分かりにくかったです。,電池の持続時間が長い。同梱資料の品質が低い。長時間の使用でも負担が少ない。,バッテリーは10時間前後持ちました。説明書が分かりにくかったです。装着感が軽くて疲れません。,電池の持続時間が長い。同梱資料の品質が低い。長時間の使用でも負担が少ない。なおハヤブサ製で保証は75か月です。
D0126,ノースピーク,14,3,バッテリーが29時間ほど持ちました。自宅と職場の両方で使う予定です。バッテリーの持ちが29時間ほどで良いです。バッテリーは29時間前後持ちました。装着感が軽くて疲れません。使い始めてまだ日が浅いです。特に不満は今のところありません。装着感が軽いので長時間でも疲れません。発送が早くて3日で届きました。発送が早いので3日で届きました。レビューを見てから買うか迷いました。バッテリーが29時間くらい持ちます。以前は別のメーカーの物を使っていました。装着感が軽く疲れにくいです。,到着までが速い。電池の持続時間が長い。長時間の使用でも負担が少ない。,発送が早いので3日で届きました。バッテリーが29時間くらい持ちます。装着感が軽く疲れにくいです。,到着までが速い。電池の持続時間が長い。長時間の使用でも負担が少ない。なおソライロ製で保証は56か月です。
D0127,ソライロ,16,3,バッテリーが13時間ほど持ちました。装着感が軽くて長時間でも平気でした。バッテリーが13時間くらい持ちます。バッテリーの持ちが13時間ほどで良いです。装着感が軽いので長時間でも疲れません。ソライロのサポート対応が丁寧で助かりました。家族へのプレゼント用に買いました。特に不満は今のところありません。週末にしか使っていないので耐久性はまだ分かりません。装着感が軽く疲れにくいです。バッテリーは13時間前後持ちました。友人に勧められて購入を決めました。ソライロのサポート対応が丁寧でした。梱包はごく普通の段ボールでした。装着感が軽くて疲れません。自宅と職場の両方で使う予定です。,長時間の使用でも負担が少ない。問い合わせ窓口の品質が高い。電池の持続時間が長い。,装着感が軽くて疲れません。ソライロのサポート対応が丁寧でした。バッテリーが13時間くらい持ちます。,長時間の使用でも負担が少ない。問い合わせ窓口の品質が高い。電池の持続時間が長い。なおアカネ電機製で保証は94か月です。
D0128,ミドリワークス,14,3,音質がこの値段のわりに良いと感じました。装着感が軽く疲れにくいです。装着感が軽くて疲れません。装着感が軽いので長時間でも疲れません。週末にしか使っていないので耐久性はまだ分かりません。装着感が軽くて長時間でも平気でした。音質がこの値段のわりに良いです。バッテリーの持ちが6時間ほどで良いです。友人に勧められて購入を決めました。使い始めてまだ日が浅いです。自宅と職場の両方で使う予定です。バッテリーは6時間前後持ちました。箱は少し大きめでした。音質が値段のわりに良かったです。,コストパフォーマンスに優れる。長時間の使用でも負担が少ない。電池の持続時間が長い。,音質がこの値段のわりに良いと感じました。装着感が軽くて長時間でも平気でした。バッテリーの持ちが6時間ほどで良いです。,コストパフォーマンスに優れる。長時間の使用でも負担が少ない。電池の持続時間が長い。なおハヤブサ製で保証は98か月です。
D0129,ソライロ,15,3,以前は別のメーカーの物を使っていました。ソライロのサポート対応が丁寧です。装着感が軽く疲れにくいです。音質がこの値段のわりに良いと感じました。音質が値段のわりに良かったです。装着感が軽くて疲れません。ソライロのサポート対応が丁寧でした。家族へのプレゼント用に買いました。ソライロのサポート対応が丁寧で助かりました。色は写真で見た印象とほぼ同じです。友人に勧められて購入を決めました。音質がこの値段のわりに良いです。音質は17769円という値段のわりに良いと思います。装着感が軽くて長時間でも平気でした。週末にしか使っていないので耐久性はまだ分かりません。,問い合わせ窓口の品質が高い。コストパフォーマンスに優れる。長時間の使用でも負担が少ない。,ソライロのサポート対応が丁寧です。音質は17769円という値段のわりに良いと思います。装着感が軽くて疲れません。,問い合わせ窓口の品質が高い。コストパフォーマンスに優れる。長時間の使用でも負担が少ない。なおアカネ電機製で保証は57か月です。
D0130,ノースピーク,16,3,梱包はごく普通の段ボールでした。説明書が分かりにくく設定に手間取りました。説明書が分かりにくいのが残念です。同じ物をもう一つ買おうか検討中です。音質が値段のわりに良かったです。発送が早くて注文から1日で届きました。発送が早く1日で届いています。自宅と職場の両方で使う予定です。色は写真で見た印象とほぼ同じです。発送が早いので1日で届きました。使い始めてまだ日が浅いです。発送が早くて1日で届きました。説明書が分かりにくかったです。音質がこの値段のわりに良いです。説明書が分かりにくいです。友人に勧められて購入を決めました。,同梱資料の品質が低い。到着までが速い。コストパフォーマンスに優れる。,説明書が分かりにくいのが残念です。発送が早く1日で届いています。音質がこの値段のわりに良いです。,同梱資料の品質が低い。到着までが速い。コストパフォーマンスに優れる。なおアカネ電機製で保証は95か月です。
D0131,ソライロ,13,2,自宅と職場の両方で使う予定です。説明書が分かりにくいです。発送が早くて1日で届きました。家族へのプレゼント用に買いました。発送が早くて注文から1日で届きました。説明書が分かりにくかったです。同じ物をもう一つ買おうか検討中です。以前は別のメーカーの物を使っていました。発送が早く1日で届いています。説明書が分かりにくく設定に手間取りました。発送が早いので1日で届きました。梱包はごく普通の段ボールでした。箱は少し大きめでした。,到着までが速い。同梱資料の品質が低い。,発送が早いので1日で届きました。説明書が分かりにくく設定に手間取りました。,到着までが速い。同梱資料の品質が低い。なおノースピーク製で保証は71か月です。
D0132,アカネ電機,11,2,以前は別のメーカーの物を使っていました。使い始めてまだ日が浅いです。発送が早いので1日で届きました。レビューを見てから買うか迷いました。発送が早く1日で届いています。アカネ電機のサポート対応が丁寧で助かりました。アカネ電機のサポート対応が丁寧です。発送が早くて注文から1日で届きました。週末にしか使っていないので耐久性はまだ分かりません。発送が早くて1日で届きました。アカネ電機のサポート対応が丁寧でした。,問い合わせ窓口の品質が高い。到着までが速い。,アカネ電機のサポート対応が丁寧です。発送が早くて1日で届きました。,問い合わせ窓口の品質が高い。到着までが速い。なおソライロ製で保証は64か月です。
D0133,アカネ電機,14,2,友人に勧められて購入を決めました。特に不満は今のところありません。音質がこの値段のわりに良いと感じました。音質がこの値段のわりに良いです。アカネ電機のサポート対応が丁寧でした。音質が値段のわりに良かったです。アカネ電機のサポート対応が丁寧です。アカネ電機のサポート対応が丁寧だと感じました。色は写真で見た印象とほぼ同じです。音質は14424円という値段のわりに良いと思います。アカネ電機のサポート対応が丁寧で助かりました。レビューを見てから買うか迷いました。梱包はごく普通の段ボールでした。自宅と職場の両方で使う予定です。,コストパフォーマンスに優れる。問い合わせ窓口の品質が高い。,音質が値段のわりに良かったです。アカネ電機のサポート対応が丁寧です。,コストパフォーマンスに優れる。問い合わせ窓口の品質が高い。なおノースピーク製で保証は65か月です。
D0134,ソライロ,13,3,自宅と職場の両方で使う予定です。説明書が分かりにくいのが残念です。使い始めてまだ日が浅いです。ソライロのサポート対応が丁寧です。説明書が分かりにくいです。装着感が軽くて疲れません。週末にしか使っていないので耐久性はまだ分かりません。色は写真で見た印象とほぼ同じです。説明書が分かりにくかったです。ソライロのサポート対応が丁寧で助かりました。装着感が軽いので長時間でも疲れません。特に不満は今のところありません。以前は別のメーカーの物を使っていました。,長時間の使用でも負担が少ない。問い合わせ窓口の品質が高い。同梱資料の品質が低い。,装着感が軽いので長時間でも疲れません。ソライロのサポート対応が丁寧です。説明書が分かりにくいです。,長時間の使用でも負担が少ない。問い合わせ窓口の品質が高い。同梱資料の品質が低い。なおハヤブサ製で保証は53か月です。
D0135,ハヤブサ,14,2,バッテリーが17時間くらい持ちます。ハヤブサのサポート対応が丁寧でした。バッテリーが17時間ほど持ちました。週末にしか使っていないので耐久性はまだ分かりません。ハヤブサのサポート対応が丁寧です。以前は別のメーカーの物を使っていました。使い始めてまだ日が浅いです。ハヤブサのサポート対応が丁寧で助かりました。家族へのプレゼント用に買いました。レビューを見てから買うか迷いました。バッテリーは17時間前後持ちました。特に不満は今のところありません。ハヤブサのサポート対応が丁寧だと感じました。バッテリーの持ちが17時間ほどで良いです。,問い合わせ窓口の品質が高い。電池の持続時間が長い。,ハヤブサのサポート対応が丁寧だと感じました。バッテリーが17時間くらい持ちます。,問い合わせ窓口の品質が高い。電池の持続時間が長い。なおアカネ電機製で保証は85か月です。
D0136,アカネ電機,11,2,友人に勧められて購入を決めました。バッテリーの持ちが20時間ほどで良いです。梱包はごく普通の段ボールでした。特に不満は今のところありません。自宅と職場の両方で使う予定です。装着感が軽いので長時間でも疲れません。週末にしか使っていないので耐久性はまだ分かりません。バッテリーが20時間くらい持ちます。家族へのプレゼント用に買いました。以前は別のメーカーの物を使っていました。装着感が軽くて疲れません。,電池の持続時間が長い。長時間の使用でも負担が少ない。,バッテリーが20時間くらい持ちます。装着感が軽くて疲れません。,電池の持続時間が長い。長時間の使用でも負担が少ない。なおノースピーク製で保証は71か月です。
D0137,ミドリワークス,14,3,説明書が分かりにくく設定に手間取りました。装着感が軽く疲れにくいです。ミドリワークスのサポート対応が丁寧です。説明書が分かりにくいのが残念です。装着感が軽くて疲れません。レビューを見てから買うか迷いました。以前は別のメーカーの物を使っていました。装着感が軽くて長時間でも平気でした。ミドリワークスのサポート対応が丁寧で助かりました。ミドリワークスのサポート対応が丁寧でした。家族へのプレゼント用に買いました。説明書が分かりにくいです。使い始めてまだ日が浅いです。同じ物をもう一つ買おうか検討中です。,問い合わせ窓口の品質が高い。長時間の使用でも負担が少ない。同梱資料の品質が低い。,ミドリワークスのサポート対応が丁寧でした。装着感が軽くて長時間でも平気でした。説明書が分かりにくく設定に手間取りました。,問い合わせ窓口の品質が高い。長時間の使用でも負担が少ない。同梱資料の品質が低い。なおソライロ製で保証は57か月です。
D0138,ミドリワークス,12,3,ミドリワークスのサポート対応が丁寧でした。箱は少し大きめでした。ミドリワークスのサポート対応が丁寧だと感じました。装着感が軽く疲れにくいです。装着感が軽いので長時間でも疲れません。装着感が軽くて疲れません。同じ物をもう一つ買おうか検討中です。発送が早くて注文から3日で届きました。レビューを見てから買うか迷いました。発送が早くて3日で届きました。特に不満は今のところありません。装着感が軽くて長時間でも平気でした。,長時間の使用でも負担が少ない。問い合わせ窓口の品質が高い。到着までが速い。,装着感が軽くて疲れません。ミドリワークスのサポート対応が丁寧でした。発送が早くて3日で届きました。,長時間の使用でも負担が少ない。問い合わせ窓口の品質が高い。到着までが速い。なおハヤブサ製で保証は91か月です。
D0139,ノースピーク,10,2,バッテリーが6時間くらい持ちます。装着感が軽くて疲れません。自宅と職場の両方で使う予定です。装着感が軽く疲れにくいです。バッテリーの持ちが6時間ほどで良いです。バッテリーが6時間ほど持ちました。週末にしか使っていないので耐久性はまだ分かりません。友人に勧められて購入を決めました。使い始めてまだ日が浅いです。バッテリーは6時間前後持ちました。,電池の持続時間が長い。長時間の使用でも負担が少ない。,バッテリーが6時間くらい持ちます。装着感が軽く疲れにくいです。,電池の持続時間が長い。長時間の使用でも負担が少ない。なおアカネ電機製で保証は66か月です。
D0140,アカネ電機,11,2,装着感が軽くて長時間でも平気でした。発送が早くて注文から3日で届きました。梱包はごく普通の段ボールでした。発送が早くて3日で届きました。箱は少し大きめでした。装着感が軽いので長時間でも疲れません。友人に勧められて購入を決めました。レビューを見てから買うか迷いました。特に不満は今のところありません。装着感が軽くて疲れません。装着感が軽く疲れにくいです。,長時間の使用でも負担が少ない。到着までが速い。,装着感が軽く疲れにくいです。発送が早くて3日で届きました。,長時間の使用でも負担が少ない。到着までが速い。なおミドリワークス製で保証は95か月です。
D0141,アカネ電機,12,3,同じ物をもう一つ買おうか検討中です。アカネ電機のサポート対応が丁寧です。装着感が軽くて疲れません。特に不満は今のところありません。装着感が軽くて長時間でも平気でした。アカネ電機のサポート対応が丁寧で助かりました。発送が早くて注文から1日で届きました。以前は別のメーカーの物を使っていました。発送が早いので1日で届きました。発送が早くて1日で届きました。アカネ電機のサポート対応が丁寧だと感じました。箱は少し大きめでした。,到着までが速い。長時間の使用でも負担が少ない。問い合わせ窓口の品質が高い。,発送が早いので1日で届きました。装着感が軽くて疲れません。アカネ電機のサポート対応が丁寧で助かりました。,到着までが速い。長時間の使用でも負担が少ない。問い合わせ窓口の品質が高い。なおミドリワークス製で保証は76か月です。
D0142,アカネ電機,12,2,箱は少し大きめでした。説明書が分かりにくいです。説明書が分かりにくいのが残念です。以前は別のメーカーの物を使っていました。アカネ電機のサポート対応が丁寧で助かりました。アカネ電機のサポート対応が丁寧です。友人に勧められて購入を決めました。説明書が分かりにくく設定に手間取りました。アカネ電機のサポート対応が丁寧だと感じました。説明書が分かりにくかったです。自宅と職場の両方で使う予定です。アカネ電機のサポート対応が丁寧でした。,同梱資料の品質が低い。問い合わせ窓口の品質が高い。,説明書が分かりにくかったです。アカネ電機のサポート対応が丁寧です。,同梱資料の品質が低い。問い合わせ窓口の品質が高い。なおハヤブサ製で保証は62か月です。
D0143,ミドリワークス,15,3,週末にしか使っていないので耐久性はまだ分かりません。以前は別のメーカーの物を使っていました。友人に勧められて購入を決めました。説明書が分かりにくかったです。発送が早くて注文から3日で届きました。ミドリワークスのサポート対応が丁寧でした。ミドリワークスのサポート対応が丁寧で助かりました。ミドリワークスのサポート対応が丁寧だと感じました。発送が早いので3日で届きました。説明書が分かりにくいです。説明書が分かりにくいのが残念です。特に不満は今のところありません。ミドリワークスのサポート対応が丁寧です。同じ物をもう一つ買おうか検討中です。梱包はごく普通の段ボールでした。,到着までが速い。同梱資料の品質が低い。問い合わせ窓口の品質が高い。,発送が早くて注文から3日で届きました。説明書が分かりにくかったです。ミドリワークスのサポート対応が丁寧で助かりました。,到着までが速い。同梱資料の品質が低い。問い合わせ窓口の品質が高い。なおソライロ製で保証は71か月です。
D0144,ミドリワークス,14,3,色は写真で見た印象とほぼ同じです。バッテリーの持ちが14時間ほどで良いです。説明書が分かりにくかったです。バッテリーが14時間くらい持ちます。説明書が分かりにくく設定に手間取りました。発送が早いので3日で届きました。説明書が分かりにくいのが残念です。以前は別のメーカーの物を使っていました。特に不満は今のところありません。発送が早くて注文から3日で届きました。バッテリーは14時間前後持ちました。発送が早く3日で届いています。使い始めてまだ日が浅いです。発送が早くて3日で届きました。,電池の持続時間が長い。同梱資料の品質が低い。到着までが速い。,バッテリーは14時間前後持ちました。説明書が分かりにくいのが残念です。発送が早いので3日で届きました。,電池の持続時間が長い。同梱資料の品質が低い。到着までが速い。なおノースピーク製で保証は76か月です。
D0145,ハヤブサ,11,3,自宅と職場の両方で使う予定です。ハヤブサのサポート対応が丁寧です。以前は別のメーカーの物を使っていました。発送が早くて注文から2日で届きました。装着感が軽く疲れにくいです。使い始めてまだ日が浅いです。発送が早くて2日で届きました。ハヤブサのサポート対応が丁寧でした。発送が早いので2日で届きました。装着感が軽くて長時間でも平気でした。色は写真で見た印象とほぼ同じです。,問い合わせ窓口の品質が高い。到着までが速い。長時間の使用でも負担が少ない。,ハヤブサのサポート対応が丁寧です。発送が早くて注文から2日で届きました。装着感が軽くて長時間でも平気でした。,問い合わせ窓口の品質が高い。到着までが速い。長時間の使用でも負担が少ない。なおアカネ電機製で保証は98か月です。
D0146,ソライロ,12,2,梱包はごく普通の段ボールでした。装着感が軽いので長時間でも疲れません。バッテリーが31時間ほど持ちました。家族へのプレゼント用に買いました。箱は少し大きめでした。同じ物をもう一つ買おうか検討中です。週末にしか使っていないので耐久性はまだ分かりません。以前は別のメーカーの物を使っていました。バッテリーは31時間前後持ちました。バッテリーが31時間くらい持ちます。装着感が軽く疲れにくいです。バッテリーの持ちが31時間ほどで良いです。,電池の持続時間が長い。長時間の使用でも負担が少ない。,バッテリーの持ちが31時間ほどで良いです。装着感が軽いので長時間でも疲れません。,電池の持続時間が長い。長時間の使用でも負担が少ない。なおアカネ電機製で保証は74か月です。
D0147,アカネ電機,13,3,バッテリーの持ちが35時間ほどで良いです。バッテリーが35時間くらい持ちます。特に不満は今のところありません。装着感が軽くて疲れません。装着感が軽く疲れにくいです。発送が早くて3日で届きました。友人に勧められて購入を決めました。装着感が軽いので長時間でも疲れません。バッテリーは35時間前後持ちました。発送が早いので3日で届きました。以前は別のメーカーの物を使っていました。装着感が軽くて長時間でも平気でした。家族へのプレゼント用に買いました。,長時間の使用でも負担が少ない。電池の持続時間が長い。到着までが速い。,装着感が軽いので長時間でも疲れません。バッテリーの持ちが35時間ほどで良いです。発送が早いので3日で届きました。,長時間の使用でも負担が少ない。電池の持続時間が長い。到着までが速い。なおノースピーク製で保証は51か月です。
D0148,ソライロ,10,2,色は写真で見た印象とほぼ同じです。同じ物をもう一つ買おうか検討中です。梱包はごく普通の段ボールでした。装着感が軽くて疲れません。説明書が分かりにくかったです。装着感が軽くて長時間でも平気でした。説明書が分かりにくいです。以前は別のメーカーの物を使っていました。自宅と職場の両方で使う予定です。装着感が軽く疲れにくいです。,長時間の使用でも負担が少ない。同梱資料の品質が低い。,装着感が軽くて長時間でも平気でした。説明書が分かりにくかったです。,長時間の使用でも負担が少ない。同梱資料の品質が低い。なおノースピーク製で保証は66か月です。
D0149,ノースピーク,12,3,同じ物をもう一つ買おうか検討中です。レビューを見てから買うか迷いました。装着感が軽いので長時間でも疲れません。説明書が分かりにくいのが残念です。音質は13599円という値段のわりに良いと思います。装着感が軽くて長時間でも平気でした。音質がこの値段のわりに良いです。以前は別のメーカーの物を使っていました。色は写真で見た印象とほぼ同じです。音質がこの値段のわりに良いと感じました。説明書が分かりにくかったです。説明書が分かりにくいです。,コストパフォーマンスに優れる。同梱資料の品質が低い。長時間の使用でも負担が少ない。,音質がこの値段のわりに良いです。説明書が分かりにくいです。装着感が軽くて長時間でも平気でした。,コストパフォーマンスに優れる。同梱資料の品質が低い。長時間の使用でも負担が少ない。なおミドリワークス製で保証は98か月です。
D0150,ミドリワークス,13,2,自宅と職場の両方で使う予定です。発送が早く3日で届いています。バッテリーの持ちが11時間ほどで良いです。特に不満は今のところありません。発送が早くて3日で届きました。同じ物をもう一つ買おうか検討中です。バッテリーは11時間前後持ちました。色は写真で見た印象とほぼ同じです。梱包はごく普通の段ボールでした。バッテリーが11時間ほど持ちました。バッテリーが11時間くらい持ちます。週末にしか使っていないので耐久性はまだ分かりません。使い始めてまだ日が浅いです。,電池の持続時間が長い。到着までが速い。,バッテリーの持ちが11時間ほどで良いです。発送が早く3日で届いています。,電池の持続時間が長い。到着までが速い。なおハヤブサ製で保証は96か月です。
D0151,アカネ電機,15,3,色は写真で見た印象とほぼ同じです。音質がこの値段のわりに良いです。バッテリーが10時間くらい持ちます。以前は別のメーカーの物を使っていました。バッテリーの持ちが10時間ほどで良いです。アカネ電機のサポート対応が丁寧だと感じました。音質がこの値段のわりに良いと感じました。バッテリーは10時間前後持ちました。音質が値段のわりに良かったです。アカネ電機のサポート対応が丁寧です。アカネ電機のサポート対応が丁寧でした。アカネ電機のサポート対応が丁寧で助かりました。家族へのプレゼント用に買いました。バッテリーが10時間ほど持ちました。週末にしか使っていないので耐久性はまだ分かりません。,電池の持続時間が長い。コストパフォーマンスに優れる。問い合わせ窓口の品質が高い。,バッテリーは10時間前後持ちました。音質がこの値段のわりに良いです。アカネ電機のサポート対応が丁寧でした。,電池の持続時間が長い。コストパフォーマンスに優れる。問い合わせ窓口の品質が高い。なおノースピーク製で保証は76か月です。
D0152,ノースピーク,9,2,バッテリーが39時間くらい持ちます。家族へのプレゼント用に買いました。梱包はごく普通の段ボールでした。音質がこの値段のわりに良いと感じました。音質が値段のわりに良かったです。自宅と職場の両方で使う予定です。バッテリーの持ちが39時間ほどで良いです。箱は少し大きめでした。レビューを見てから買うか迷いました。,コストパフォーマンスに優れる。電池の持続時間が長い。,音質がこの値段のわりに良いと感じました。バッテリーの持ちが39時間ほどで良いです。,コストパフォーマンスに優れる。電池の持続時間が長い。なおミドリワークス製で保証は83か月です。
D0153,ノースピーク,17,3,発送が早くて4日で届きました。同じ物をもう一つ買おうか検討中です。ノースピークのサポート対応が丁寧でした。特に不満は今のところありません。装着感が軽くて長時間でも平気でした。使い始めてまだ日が浅いです。ノースピークのサポート対応が丁寧だと感じました。箱は少し大きめでした。梱包はごく普通の段ボールでした。発送が早いので4日で届きました。装着感が軽く疲れにくいです。ノースピークのサポート対応が丁寧で助かりました。発送が早く4日で届いています。装着感が軽いので長時間でも疲れません。ノースピークのサポート対応が丁寧です。装着感が軽くて疲れません。自宅と職場の両方で使う予定です。,到着までが速い。長時間の使用でも負担が少ない。問い合わせ窓口の品質が高い。,発送が早く4日で届いています。装着感が軽くて長時間でも平気でした。ノースピークのサポート対応が丁寧で助かりました。,到着までが速い。長時間の使用でも負担が少ない。問い合わせ窓口の品質が高い。なおハヤブサ製で保証は74か月です。
D0154,ソライロ,13,2,特に不満は今のところありません。以前は別のメーカーの物を使っていました。梱包はごく普通の段ボールでした。音質がこの値段のわりに良いと感じました。箱は少し大きめでした。使い始めてまだ日が浅いです。友人に勧められて購入を決めました。説明書が分かりにくく設定に手間取りました。音質は20463円という値段のわりに良いと思います。同じ物をもう一つ買おうか検討中です。説明書が分かりにくいです。説明書が分かりにくいのが残念です。説明書が分かりにくかったです。,同梱資料の品質が低い。コストパフォーマンスに優れる。,説明書が分かりにくかったです。音質は20463円という値段のわりに良いと思います。,同梱資料の品質が低い。コストパフォーマンスに優れる。なおアカネ電機製で保証は81か月です。
D0155,ハヤブサ,11,2,説明書が分かりにくかったです。同じ物をもう一つ買おうか検討中です。ハヤブサのサポート対応が丁寧です。使い始めてまだ日が浅いです。週末にしか使っていないので耐久性はまだ分かりません。箱は少し大きめでした。色は写真で見た印象とほぼ同じです。ハヤブサのサポート対応が丁寧で助かりました。説明書が分かりにくく設定に手間取りました。説明書が分かりにくいです。説明書が分かりにくいのが残念です。,同梱資料の品質が低い。問い合わせ窓口の品質が高い。,説明書が分かりにくく設定に手間取りました。ハヤブサのサポート対応が丁寧です。,同梱資料の品質が低い。問い合わせ窓口の品質が高い。なおミドリワークス製で保証は95か月です。
D0156,アカネ電機,16,3,以前は別のメーカーの物を使っていました。自宅と職場の両方で使う予定です。発送が早くて注文から2日で届きました。アカネ電機のサポート対応が丁寧で助かりました。装着感が軽く疲れにくいです。梱包はごく普通の段ボールでした。アカネ電機のサポート対応が丁寧でした。アカネ電機のサポート対応が丁寧です。発送が早く2日で届いています。色は写真で見た印象とほぼ同じです。アカネ電機のサポート対応が丁寧だと感じました。使い始めてまだ日が浅いです。装着感が軽くて長時間でも平気でした。装着感が軽くて疲れません。装着感が軽いので長時間でも疲れません。友人に勧められて購入を決めました。,問い合わせ窓口の品質が高い。長時間の使用でも負担が少ない。到着までが速い。,アカネ電機のサポート対応が丁寧でした。装着感が軽く疲れにくいです。発送が早く2日で届いています。,問い合わせ窓口の品質が高い。長時間の使用でも負担が少ない。到着までが速い。なおノースピーク製で保証は74か月です。
D0157,ハヤブサ,12,2,説明書が分かりにくいです。梱包はごく普通の段ボールでした。発送が早くて注文から3日で届きました。同じ物をもう一つ買おうか検討中です。使い始めてまだ日が浅いです。説明書が分かりにくいのが残念です。色は写真で見た印象とほぼ同じです。友人に勧められて購入を決めました。説明書が分かりにくく設定に手間取りました。説明書が分かりにくかったです。発送が早いので3日で届きました。特に不満は今のところありません。,到着までが速い。同梱資料の品質が低い。,発送が早くて注文から3日で届きました。説明書が分かりにくいのが残念です。,到着までが速い。同梱資料の品質が低い。なおアカネ電機製で保証は93か月です。
D0158,ソライロ,11,2,梱包はごく普通の段ボールでした。特に不満は今のところありません。ソライロのサポート対応が丁寧だと感じました。家族へのプレゼント用に買いました。箱は少し大きめでした。レビューを見てから買うか迷いました。ソライロのサポート対応が丁寧です。装着感が軽いので長時間でも疲れません。装着感が軽くて疲れません。装着感が軽く疲れにくいです。装着感が軽くて長時間でも平気でした。,長時間の使用でも負担が少ない。問い合わせ窓口の品質が高い。,装着感が軽いので長時間でも疲れません。ソライロのサポート対応が丁寧だと感じました。,長時間の使用でも負担が少ない。問い合わせ窓口の品質が高い。なおノースピーク製で保証は75か月です。
D0159,ノースピーク,13,3,レビューを見てから買うか迷いました。説明書が分かりにくく設定に手間取りました。ノースピークのサポート対応が丁寧だと感じました。発送が早いので4日で届きました。同じ物をもう一つ買おうか検討中です。使い始めてまだ日が浅いです。ノースピークのサポート対応が丁寧で助かりました。発送が早くて注文から4日で届きました。発送が早くて4日で届きました。色は写真で見た印象とほぼ同じです。説明書が分かりにくいのが残念です。梱包はごく普通の段ボールでした。自宅と職場の両方で使う予定です。,問い合わせ窓口の品質が高い。同梱資料の品質が低い。到着までが速い。,ノースピークのサポート対応が丁寧だと感じました。説明書が分かりにくいのが残念です。発送が早くて4日で届きました。,問い合わせ窓口の品質が高い。同梱資料の品質が低い。到着までが速い。なおソライロ製で保証は65か月です。
D0160,ハヤブサ,11,2,使い始めてまだ日が浅いです。音質がこの値段のわりに良いです。箱は少し大きめでした。発送が早くて注文から3日で届きました。音質がこの値段のわりに良いと感じました。発送が早く3日で届いています。同じ物をもう一つ買おうか検討中です。発送が早いので3日で届きました。自宅と職場の両方で使う予定です。レビューを見てから買うか迷いました。音質は9966円という値段のわりに良いと思います。,到着までが速い。コストパフォーマンスに優れる。,発送が早いので3日で届きました。音質がこの値段のわりに良いと感じました。,到着までが速い。コストパフォーマンスに優れる。なおソライロ製で保証は53か月です。
D0161,ノースピーク,14,3,同じ物をもう一つ買おうか検討中です。ノースピークのサポート対応が丁寧でした。レビューを見てから買うか迷いました。発送が早く1日で届いています。以前は別のメーカーの物を使っていました。梱包はごく普通の段ボールでした。音質は20564円という値段のわりに良いと思います。発送が早くて注文から1日で届きました。家族へのプレゼント用に買いました。音質がこの値段のわりに良いです。音質が値段のわりに良かったです。音質がこの値段のわりに良いと感じました。特に不満は今のところありません。ノースピークのサポート対応が丁寧で助かりました。,コストパフォーマンスに優れる。到着までが速い。問い合わせ窓口の品質が高い。,音質は20564円という値段のわりに良いと思います。発送が早くて注文から1日で届きました。ノースピークのサポート対応が丁寧で助かりました。,コストパフォーマンスに優れる。到着までが速い。問い合わせ窓口の品質が高い。なおハヤブサ製で保証は76か月です。
D0162,ミドリワークス,14,2,箱は少し大きめでした。同じ物をもう一つ買おうか検討中です。バッテリーの持ちが20時間ほどで良いです。説明書が分かりにくかったです。以前は別のメーカーの物を使っていました。説明書が分かりにくく設定に手間取りました。説明書が分かりにくいのが残念です。自宅と職場の両方で使う予定です。友人に勧められて購入を決めました。バッテリーが20時間ほど持ちました。説明書が分かりにくいです。レビューを見てから買うか迷いました。バッテリーは20時間前後持ちました。バッテリーが20時間くらい持ちます。,電池の持続時間が長い。同梱資料の品質が低い。,バッテリーが20時間くらい持ちます。説明書が分かりにくいのが残念です。,電池の持続時間が長い。同梱資料の品質が低い。なおアカネ電機製で保証は54か月です。
D0163,ノースピーク,11,3,音質がこの値段のわりに良いです。以前は別のメーカーの物を使っていました。使い始めてまだ日が浅いです。色は写真で見た印象とほぼ同じです。装着感が軽く疲れにくいです。装着感が軽くて長時間でも平気でした。週末にしか使っていないので耐久性はまだ分かりません。音質は14145円という値段のわりに良いと思います。ノースピークのサポート対応が丁寧でした。ノースピークのサポート対応が丁寧で助かりました。箱は少し大きめでした。,問い合わせ窓口の品質が高い。長時間の使用でも負担が少ない。コストパフォーマンスに優れる。,ノースピークのサポート対応が丁寧でした。装着感が軽く疲れにくいです。音質がこの値段のわりに良いです。,問い合わせ窓口の品質が高い。長時間の使用でも負担が少ない。コストパフォーマンスに優れる。なおソライロ製で保証は88か月です。
D0164,ミドリワークス,13,2,発送が早いので3日で届きました。ミドリワークスのサポート対応が丁寧です。ミドリワークスのサポート対応が丁寧だと感じました。ミドリワークスのサポート対応が丁寧で助かりました。発送が早く3日で届いています。家族へのプレゼント用に買いました。ミドリワークスのサポート対応が丁寧でした。梱包はごく普通の段ボールでした。自宅と職場の両方で使う予定です。特に不満は今のところありません。発送が早くて3日で届きました。発送が早くて注文から3日で届きました。レビューを見てから買うか迷いました。,到着までが速い。問い合わせ窓口の品質が高い。,発送が早くて注文から3日で届きました。ミドリワークスのサポート対応が丁寧だと感じました。,到着までが速い。問い合わせ窓口の品質が高い。なおノースピーク製で保証は84か月です。
D0165,ノースピーク,13,3,週末にしか使っていないので耐久性はまだ分かりません。発送が早く1日で届いています。バッテリーが10時間くらい持ちます。以前は別のメーカーの物を使っていました。バッテリーが10時間ほど持ちました。友人に勧められて購入を決めました。ノースピークのサポート対応が丁寧で助かりました。ノースピークのサポート対応が丁寧です。ノースピークのサポート対応が丁寧だと感じました。箱は少し大きめでした。バッテリーは10時間前後持ちました。発送が早くて1日で届きました。使い始めてまだ日が浅いです。,到着までが速い。問い合わせ窓口の品質が高い。電池の持続時間が長い。,発送が早く1日で届いています。ノースピークのサポート対応が丁寧で助かりました。バッテリーが10時間ほど持ちました。,到着までが速い。問い合わせ窓口の品質が高い。電池の持続時間が長い。なおミドリワークス製で保証は77か月です。
D0166,ノースピーク,9,2,箱は少し大きめでした。発送が早く3日で届いています。ノースピークのサポート対応が丁寧でした。ノースピークのサポート対応が丁寧です。発送が早くて注文から3日で届きました。ノースピークのサポート対応が丁寧だと感じました。レビューを見てから買うか迷いました。使い始めてまだ日が浅いです。梱包はごく普通の段ボールでした。,到着までが速い。問い合わせ窓口の品質が高い。,発送が早くて注文から3日で届きました。ノースピークのサポート対応が丁寧でした。,到着までが速い。問い合わせ窓口の品質が高い。なおアカネ電機製で保証は64か月です。
D0167,ノースピーク,13,2,バッテリーが13時間くらい持ちます。発送が早くて注文から3日で届きました。バッテリーが13時間ほど持ちました。バッテリーは13時間前後持ちました。箱は少し大きめでした。週末にしか使っていないので耐久性はまだ分かりません。家族へのプレゼント用に買いました。バッテリーの持ちが13時間ほどで良いです。発送が早いので3日で届きました。レビューを見てから買うか迷いました。発送が早く3日で届いています。友人に勧められて購入を決めました。使い始めてまだ日が浅いです。,到着までが速い。電池の持続時間が長い。,発送が早く3日で届いています。バッテリーの持ちが13時間ほどで良いです。,到着までが速い。電池の持続時間が長い。なおミドリワークス製で保証は98か月です。
D0168,ノースピーク,16,3,説明書が分かりにくいのが残念です。説明書が分かりにくく設定に手間取りました。ノースピークのサポート対応が丁寧で助かりました。ノースピークのサポート対応が丁寧でした。週末にしか使っていないので耐久性はまだ分かりません。梱包はごく普通の段ボールでした。ノースピークのサポート対応が丁寧だと感じました。装着感が軽いので長時間でも疲れません。説明書が分かりにくかったです。説明書が分かりにくいです。装着感が軽く疲れにくいです。同じ物をもう一つ買おうか検討中です。ノースピークのサポート対応が丁寧です。家族へのプレゼント用に買いました。装着感が軽くて長時間でも平気でした。装着感が軽くて疲れません。,問い合わせ窓口の品質が高い。長時間の使用でも負担が少ない。同梱資料の品質が低い。,ノースピークのサポート対応が丁寧で助かりました。装着感が軽く疲れにくいです。説明書が分かりにくいのが残念です。,問い合わせ窓口の品質が高い。長時間の使用でも負担が少ない。同梱資料の品質が低い。なおミドリワークス製で保証は90か月です。
D0169,ノースピーク,12,2,ノースピークのサポート対応が丁寧で助かりました。色は写真で見た印象とほぼ同じです。発送が早くて注文から4日で届きました。発送が早いので4日で届きました。発送が早くて4日で届きました。発送が早く4日で届いています。特に不満は今のところありません。同じ物をもう一つ買おうか検討中です。週末にしか使っていないので耐久性はまだ分かりません。ノースピークのサポート対応が丁寧です。ノースピークのサポート対応が丁寧でした。ノースピークのサポート対応が丁寧だと感じました。,到着までが速い。問い合わせ窓口の品質が高い。,発送が早くて4日で届きました。ノースピークのサポート対応が丁寧で助かりました。,到着までが速い。問い合わせ窓口の品質が高い。なおソライロ製で保証は68か月です。
D0170,アカネ電機,13,2,色は写真で見た印象とほぼ同じです。家族へのプレゼント用に買いました。装着感が軽く疲れにくいです。同じ物をもう一つ買おうか検討中です。装着感が軽くて長時間でも平気でした。特に不満は今のところありません。装着感が軽くて疲れません。バッテリーが11時間ほど持ちました。箱は少し大きめでした。週末にしか使っていないので耐久性はまだ分かりません。バッテリーの持ちが11時間ほどで良いです。使い始めてまだ日が浅いです。バッテリーが11時間くらい持ちます。,長時間の使用でも負担が少ない。電池の持続時間が長い。,装着感が軽くて疲れません。バッテリーの持ちが11時間ほどで良いです。,長時間の使用でも負担が少ない。電池の持続時間が長い。なおハヤブサ製で保証は63か月です。
D0171,ソライロ,17,3,説明書が分かりにくいです。ソライロのサポート対応が丁寧です。音質がこの値段のわりに良いです。説明書が分かりにくく設定に手間取りました。音質が値段のわりに良かったです。説明書が分かりにくかったです。箱は少し大きめでした。同じ物をもう一つ買おうか検討中です。家族へのプレゼント用に買いました。色は写真で見た印象とほぼ同じです。音質がこの値段のわりに良いと感じました。ソライロのサポート対応が丁寧でした。音質は3596円という値段のわりに良いと思います。説明書が分かりにくいのが残念です。ソライロのサポート対応が丁寧で助かりました。梱包はごく普通の段ボールでした。特に不満は今のところありません。,コストパフォーマンスに優れる。問い合わせ窓口の品質が高い。同梱資料の品質が低い。,音質がこの値段のわりに良いです。ソライロのサポート対応が丁寧でした。説明書が分かりにくかったです。,コストパフォーマンスに優れる。問い合わせ窓口の品質が高い。同梱資料の品質が低い。なおハヤブサ製で保証は67か月です。
D0172,アカネ電機,10,2,同じ物をもう一つ買おうか検討中です。バッテリーが10時間ほど持ちました。装着感が軽くて長時間でも平気でした。以前は別のメーカーの物を使っていました。装着感が軽いので長時間でも疲れません。家族へのプレゼント用に買いました。週末にしか使っていないので耐久性はまだ分かりません。バッテリーの持ちが10時間ほどで良いです。バッテリーは10時間前後持ちました。自宅と職場の両方で使う予定です。,長時間の使用でも負担が少ない。電池の持続時間が長い。,装着感が軽くて長時間でも平気でした。バッテリーの持ちが10時間ほどで良いです。,長時間の使用でも負担が少ない。電池の持続時間が長い。なおソライロ製で保証は98か月です。
D0173,ソライロ,17,3,色は写真で見た印象とほぼ同じです。発送が早く4日で届いています。特に不満は今のところありません。バッテリーの持ちが12時間ほどで良いです。ソライロのサポート対応が丁寧です。ソライロのサポート対応が丁寧で助かりました。発送が早くて4日で届きました。ソライロのサポート対応が丁寧だと感じました。発送が早くて注文から4日で届きました。ソライロのサポート対応が丁寧でした。バッテリーが12時間くらい持ちます。箱は少し大きめでした。同じ物をもう一つ買おうか検討中です。バッテリーは12時間前後持ちました。発送が早いので4日で届きました。以前は別のメーカーの物を使っていました。家族へのプレゼント用に買いました。,問い合わせ窓口の品質が高い。電池の持続時間が長い。到着までが速い。,ソライロのサポート対応が丁寧でした。バッテリーの持ちが12時間ほどで良いです。発送が早いので4日で届きました。,問い合わせ窓口の品質が高い。電池の持続時間が長い。到着までが速い。なおハヤブサ製で保証は85か月です。
D0174,ハヤブサ,10,2,自宅と職場の両方で使う予定です。箱は少し大きめでした。同じ物をもう一つ買おうか検討中です。友人に勧められて購入を決めました。音質がこの値段のわりに良いです。音質が値段のわりに良かったです。装着感が軽くて長時間でも平気でした。装着感が軽く疲れにくいです。家族へのプレゼント用に買いました。特に不満は今のところありません。,長時間の使用でも負担が少ない。コストパフォーマンスに優れる。,装着感が軽くて長時間でも平気でした。音質が値段のわりに良かったです。,長時間の使用でも負担が少ない。コストパフォーマンスに優れる。なおソライロ製で保証は55か月です。
D0175,ソライロ,12,2,ソライロのサポート対応が丁寧でした。装着感が軽く疲れにくいです。特に不満は今のところありません。週末にしか使っていないので耐久性はまだ分かりません。ソライロのサポート対応が丁寧だと感じました。友人に勧められて購入を決めました。装着感が軽くて疲れません。箱は少し大きめでした。ソライロのサポート対応が丁寧で助かりました。ソライロのサポート対応が丁寧です。以前は別のメーカーの物を使っていました。梱包はごく普通の段ボールでした。,長時間の使用でも負担が少ない。問い合わせ窓口の品質が高い。,装着感が軽くて疲れません。ソライロのサポート対応が丁寧だと感じました。,長時間の使用でも負担が少ない。問い合わせ窓口の品質が高い。なおハヤブサ製で保証は77か月です。
D0176,ソライロ,15,3,音質が値段のわりに良かったです。ソライロのサポート対応が丁寧でした。以前は別のメーカーの物を使っていました。音質は21868円という値段のわりに良いと思います。音質がこの値段のわりに良いです。音質がこの値段のわりに良いと感じました。ソライロのサポート対応が丁寧だと感じました。使い始めてまだ日が浅いです。レビューを見てから買うか迷いました。ソライロのサポート対応が丁寧です。説明書が分かりにくかったです。ソライロのサポート対応が丁寧で助かりました。自宅と職場の両方で使う予定です。説明書が分かりにくく設定に手間取りました。友人に勧められて購入を決めました。,同梱資料の品質が低い。コストパフォーマンスに優れる。問い合わせ窓口の品質が高い。,説明書が分かりにくかったです。音質がこの値段のわりに良いと感じました。ソライロのサポート対応が丁寧で助かりました。,同梱資料の品質が低い。コストパフォーマンスに優れる。問い合わせ窓口の品質が高い。なおノースピーク製で保証は59か月です。
D0177,ノースピーク,11,2,発送が早くて4日で届きました。特に不満は今のところありません。週末にしか使っていないので耐久性はまだ分かりません。家族へのプレゼント用に買いました。バッテリーの持ちが11時間ほどで良いです。発送が早く4日で届いています。バッテリーが11時間ほど持ちました。バッテリーは11時間前後持ちました。バッテリーが11時間くらい持ちます。レビューを見てから買うか迷いました。以前は別のメーカーの物を使っていました。,電池の持続時間が長い。到着までが速い。,バッテリーは11時間前後持ちました。発送が早くて4日で届きました。,電池の持続時間が長い。到着までが速い。なおアカネ電機製で保証は75か月です。
D0178,ハヤブサ,12,2,発送が早くて1日で届きました。色は写真で見た印象とほぼ同じです。発送が早く1日で届いています。レビューを見てから買うか迷いました。発送が早いので1日で届きました。箱は少し大きめでした。装着感が軽くて長時間でも平気でした。発送が早くて注文から1日で届きました。装着感が軽く疲れにくいです。使い始めてまだ日が浅いです。梱包はごく普通の段ボールでした。自宅と職場の両方で使う予定です。,長時間の使用でも負担が少ない。到着までが速い。,装着感が軽く疲れにくいです。発送が早くて1日で届きました。,長時間の使用でも負担が少ない。到着までが速い。なおソライロ製で保証は92か月です。
D0179,ソライロ,9,2,音質がこの値段のわりに良いです。説明書が分かりにくかったです。以前は別のメーカーの物を使っていました。音質がこの値段のわりに良いと感じました。使い始めてまだ日が浅いです。音質が値段のわりに良かったです。説明書が分かりにくいです。梱包はごく普通の段ボールでした。特に不満は今のところありません。,コストパフォーマンスに優れる。同梱資料の品質が低い。,音質が値段のわりに良かったです。説明書が分かりにくかったです。,コストパフォーマンスに優れる。同梱資料の品質が低い。なおアカネ電機製で保証は95か月です。
D0180,ハヤブサ,18,3,同じ物をもう一つ買おうか検討中です。音質が値段のわりに良かったです。説明書が分かりにくいです。音質がこの値段のわりに良いです。友人に勧められて購入を決めました。ハヤブサのサポート対応が丁寧で助かりました。ハヤブサのサポート対応が丁寧だと感じました。ハヤブサのサポート対応が丁寧です。音質は15276円という値段のわりに良いと思います。色は写真で見た印象とほぼ同じです。説明書が分かりにくいのが残念です。説明書が分かりにくかったです。音質がこの値段のわりに良いと感じました。家族へのプレゼント用に買いました。特に不満は今のところありません。説明書が分かりにくく設定に手間取りました。ハヤブサのサポート対応が丁寧でした。週末にしか使っていないので耐久性はまだ分かりません。,同梱資料の品質が低い。コストパフォーマンスに優れる。問い合わせ窓口の品質が高い。,説明書が分かりにくく設定に手間取りました。音質がこの値段のわりに良いと感じました。ハヤブサのサポート対応が丁寧で助かりました。,同梱資料の品質が低い。コストパフォーマンスに優れる。問い合わせ窓口の品質が高い。なおソライロ製で保証は90か月です。
D0181,アカネ電機,16,3,発送が早いので3日で届きました。梱包はごく普通の段ボールでした。音質は17968円という値段のわりに良いと思います。レビューを見てから買うか迷いました。以前は別のメーカーの物を使っていました。アカネ電機のサポート対応が丁寧だと感じました。音質が値段のわりに良かったです。音質がこの値段のわりに良いと感じました。自宅と職場の両方で使う予定です。発送が早くて3日で届きました。発送が早くて注文から3日で届きました。週末にしか使っていないので耐久性はまだ分かりません。色は写真で見た印象とほぼ同じです。アカネ電機のサポート対応が丁寧です。音質がこの値段のわりに良いです。アカネ電機のサポート対応が丁寧で助かりました。,到着までが速い。コストパフォーマンスに優れる。問い合わせ窓口の品質が高い。,発送が早くて注文から3日で届きました。音質は17968円という値段のわりに良いと思います。アカネ電機のサポート対応が丁寧だと感じました。,到着までが速い。コストパフォーマンスに優れる。問い合わせ窓口の品質が高い。なおハヤブサ製で保証は65か月です。
D0182,ハヤブサ,17,3,ハヤブサのサポート対応が丁寧です。音質がこの値段のわりに良いと感じました。特に不満は今のところありません。音質がこの値段のわりに良いです。同じ物をもう一つ買おうか検討中です。週末にしか使っていないので耐久性はまだ分かりません。友人に勧められて購入を決めました。家族へのプレゼント用に買いました。発送が早くて4日で届きました。ハヤブサのサポート対応が丁寧だと感じました。音質は3162円という値段のわりに良いと思います。発送が早く4日で届いています。ハヤブサのサポート対応が丁寧でした。箱は少し大きめでした。ハヤブサのサポート対応が丁寧で助かりました。使い始めてまだ日が浅いです。音質が値段のわりに良かったです。,問い合わせ窓口の品質が高い。コストパフォーマンスに優れる。到着までが速い。,ハヤブサのサポート対応が丁寧でした。音質がこの値段のわりに良いです。発送が早くて4日で届きました。,問い合わせ窓口の品質が高い。コストパフォーマンスに優れる。到着までが速い。なおソライロ製で保証は72か月です。
D0183,ハヤブサ,14,3,レビューを見てから買うか迷いました。箱は少し大きめでした。装着感が軽いので長時間でも疲れません。発送が早くて4日で届きました。特に不満は今のところありません。装着感が軽く疲れにくいです。装着感が軽くて疲れません。自宅と職場の両方で使う予定です。発送が早く4日で届いています。バッテリーが28時間ほど持ちました。発送が早くて注文から4日で届きました。発送が早いので4日で届きました。バッテリーは28時間前後持ちました。バッテリーが28時間くらい持ちます。,長時間の使用でも負担が少ない。電池の持続時間が長い。到着までが速い。,装着感が軽いので長時間でも疲れません。バッテリーが28時間ほど持ちました。発送が早くて4日で届きました。,長時間の使用でも負担が少ない。電池の持続時間が長い。到着までが速い。なおソライロ製で保証は69か月です。
D0184,ソライロ,17,3,ソライロのサポート対応が丁寧だと感じました。色は写真で見た印象とほぼ同じです。装着感が軽くて長時間でも平気でした。バッテリーが18時間くらい持ちます。装着感が軽いので長時間でも疲れません。使い始めてまだ日が浅いです。装着感が軽くて疲れません。装着感が軽く疲れにくいです。特に不満は今のところありません。バッテリーが18時間ほど持ちました。友人に勧められて購入を決めました。自宅と職場の両方で使う予定です。ソライロのサポート対応が丁寧で助かりました。同じ物をもう一つ買おうか検討中です。週末にしか使っていないので耐久性はまだ分かりません。バッテリーは18時間前後持ちました。バッテリーの持ちが18時間ほどで良いです。,電池の持続時間が長い。問い合わせ窓口の品質が高い。長時間の使用でも負担が少ない。,バッテリーは18時間前後持ちました。ソライロのサポート対応が丁寧で助かりました。装着感が軽くて疲れません。,電池の持続時間が長い。問い合わせ窓口の品質が高い。長時間の使用でも負担が少ない。なおアカネ電機製で保証は51か月です。
D0185,アカネ電機,14,2,説明書が分かりにくいです。梱包はごく普通の段ボールでした。友人に勧められて購入を決めました。説明書が分かりにくかったです。以前は別のメーカーの物を使っていました。アカネ電機のサポート対応が丁寧です。自宅と職場の両方で使う予定です。説明書が分かりにくいのが残念です。同じ物をもう一つ買おうか検討中です。レビューを見てから買うか迷いました。アカネ電機のサポート対応が丁寧だと感じました。アカネ電機のサポート対応が丁寧で助かりました。アカネ電機のサポート対応が丁寧でした。説明書が分かりにくく設定に手間取りました。,問い合わせ窓口の品質が高い。同梱資料の品質が低い。,アカネ電機のサポート対応が丁寧だと感じました。説明書が分かりにくかったです。,問い合わせ窓口の品質が高い。同梱資料の品質が低い。なおノースピーク製で保証は72か月です。
D0186,ソライロ,11,3,箱は少し大きめでした。特に不満は今のところありません。友人に勧められて購入を決めました。装着感が軽いので長時間でも疲れません。音質が値段のわりに良かったです。装着感が軽くて疲れません。説明書が分かりにくいのが残念です。説明書が分かりにくく設定に手間取りました。音質がこの値段のわりに良いと感じました。説明書が分かりにくかったです。梱包はごく普通の段ボールでした。,同梱資料の品質が低い。長時間の使用でも負担が少ない。コストパフォーマンスに優れる。,説明書が分かりにくく設定に手間取りました。装着感が軽くて疲れません。音質が値段のわりに良かったです。,同梱資料の品質が低い。長時間の使用でも負担が少ない。コストパフォーマンスに優れる。なおミドリワークス製で保証は74か月です。
D0187,ソライロ,14,3,説明書が分かりにくいのが残念です。使い始めてまだ日が浅いです。自宅と職場の両方で使う予定です。装着感が軽くて長時間でも平気でした。説明書が分かりにくく設定に手間取りました。梱包はごく普通の段ボールでした。レビューを見てから買うか迷いました。説明書が分かりにくかったです。以前は別のメーカーの物を使っていました。発送が早くて3日で届きました。装着感が軽くて疲れません。装着感が軽いので長時間でも疲れません。発送が早いので3日で届きました。発送が早く3日で届いています。,同梱資料の品質が低い。到着までが速い。長時間の使用でも負担が少ない。,説明書が分かりにくいのが残念です。発送が早くて3日で届きました。装着感が軽いので長時間でも疲れません。,同梱資料の品質が低い。到着までが速い。長時間の使用でも負担が少ない。なおハヤブサ製で保証は88か月です。
D0188,ハヤブサ,13,2,同じ物をもう一つ買おうか検討中です。ハヤブサのサポート対応が丁寧でした。発送が早くて注文から1日で届きました。梱包はごく普通の段ボールでした。発送が早く1日で届いています。ハヤブサのサポート対応が丁寧です。発送が早くて1日で届きました。箱は少し大きめでした。ハヤブサのサポート対応が丁寧だと感じました。ハヤブサのサポート対応が丁寧で助かりました。週末にしか使っていないので耐久性はまだ分かりません。友人に勧められて購入を決めました。特に不満は今のところありません。,問い合わせ窓口の品質が高い。到着までが速い。,ハヤブサのサポート対応が丁寧でした。発送が早く1日で届いています。,問い合わせ窓口の品質が高い。到着までが速い。なおミドリワークス製で保証は65か月です。
D0189,ハヤブサ,12,2,装着感が軽く疲れにくいです。箱は少し大きめでした。発送が早いので3日で届きました。発送が早くて3日で届きました。特に不満は今のところありません。以前は別のメーカーの物を使っていました。梱包はごく普通の段ボールでした。週末にしか使っていないので耐久性はまだ分かりません。発送が早くて注文から3日で届きました。装着感が軽くて長時間でも平気でした。発送が早く3日で届いています。家族へのプレゼント用に買いました。,長時間の使用でも負担が少ない。到着までが速い。,装着感が軽くて長時間でも平気でした。発送が早いので3日で届きました。,長時間の使用でも負担が少ない。到着までが速い。なおノースピーク製で保証は54か月です。
D0190,アカネ電機,15,3,説明書が分かりにくく設定に手間取りました。装着感が軽いので長時間でも疲れません。友人に勧められて購入を決めました。バッテリーが6時間ほど持ちました。バッテリーは6時間前後持ちました。説明書が分かりにくいのが残念です。装着感が軽くて疲れません。装着感が軽く疲れにくいです。自宅と職場の両方で使う予定です。レビューを見てから買うか迷いました。箱は少し大きめでした。同じ物をもう一つ買おうか検討中です。梱包はごく普通の段ボールでした。色は写真で見た印象とほぼ同じです。装着感が軽くて長時間でも平気でした。,同梱資料の品質が低い。電池の持続時間が長い。長時間の使用でも負担が少ない。,説明書が分かりにくいのが残念です。バッテリーは6時間前後持ちました。装着感が軽いので長時間でも疲れません。,同梱資料の品質が低い。電池の持続時間が長い。長時間の使用でも負担が少ない。なおミドリワークス製で保証は75か月です。
D0191,ノースピーク,18,3,音質は19361円という値段のわりに良いと思います。音質がこの値段のわりに良いと感じました。レビューを見てから買うか迷いました。発送が早く3日で届いています。箱は少し大きめでした。ノースピークのサポート対応が丁寧で助かりました。ノースピークのサポート対応が丁寧です。発送が早くて3日で届きました。色は写真で見た印象とほぼ同じです。週末にしか使っていないので耐久性はまだ分かりません。ノースピークのサポート対応が丁寧だと感じました。音質がこの値段のわりに良いです。発送が早くて注文から3日で届きました。音質が値段のわりに良かったです。ノースピークのサポート対応が丁寧でした。以前は別のメーカーの物を使っていました。発送が早いので3日で届きました。特に不満は今のところありません。,到着までが速い。問い合わせ窓口の品質が高い。コストパフォーマンスに優れる。,発送が早くて注文から3日で届きました。ノースピークのサポート対応が丁寧だと感じました。音質がこの値段のわりに良いです。,到着までが速い。問い合わせ窓口の品質が高い。コストパフォーマンスに優れる。なおミドリワークス製で保証は81か月です。
D0192,ミドリワークス,15,3,同じ物をもう一つ買おうか検討中です。音質がこの値段のわりに良いです。週末にしか使っていないので耐久性はまだ分かりません。説明書が分かりにくく設定に手間取りました。音質が値段のわりに良かったです。使い始めてまだ日が浅いです。色は写真で見た印象とほぼ同じです。発送が早く1日で届いています。音質は15474円という値段のわりに良いと思います。発送が早くて1日で届きました。レビューを見てから買うか迷いました。自宅と職場の両方で使う予定です。以前は別のメーカーの物を使っていました。発送が早いので1日で届きました。説明書が分かりにくいです。,同梱資料の品質が低い。到着までが速い。コストパフォーマンスに優れる。,説明書が分かりにくく設定に手間取りました。発送が早いので1日で届きました。音質が値段のわりに良かったです。,同梱資料の品質が低い。到着までが速い。コストパフォーマンスに優れる。なおハヤブサ製で保証は68か月です。
D0193,ノースピーク,10,2,音質が値段のわりに良かったです。音質がこの値段のわりに良いと感じました。発送が早いので3日で届きました。発送が早くて3日で届きました。週末にしか使っていないので耐久性はまだ分かりません。音質がこの値段のわりに良いです。同じ物をもう一つ買おうか検討中です。色は写真で見た印象とほぼ同じです。家族へのプレゼント用に買いました。自宅と職場の両方で使う予定です。,コストパフォーマンスに優れる。到着までが速い。,音質がこの値段のわりに良いです。発送が早いので3日で届きました。,コストパフォーマンスに優れる。到着までが速い。なおソライロ製で保証は71か月です。
D0194,アカネ電機,11,2,発送が早いので4日で届きました。色は写真で見た印象とほぼ同じです。以前は別のメーカーの物を使っていました。発送が早くて注文から4日で届きました。自宅と職場の両方で使う予定です。家族へのプレゼント用に買いました。装着感が軽くて疲れません。装着感が軽く疲れにくいです。特に不満は今のところありません。箱は少し大きめでした。週末にしか使っていないので耐久性はまだ分かりません。,長時間の使用でも負担が少ない。到着までが速い。,装着感が軽く疲れにくいです。発送が早いので4日で届きました。,長時間の使用でも負担が少ない。到着までが速い。なおノースピーク製で保証は68か月です。
D0195,ハヤブサ,13,3,発送が早くて注文から1日で届きました。特に不満は今のところありません。発送が早くて1日で届きました。装着感が軽いので長時間でも疲れません。以前は別のメーカーの物を使っていました。友人に勧められて購入を決めました。ハヤブサのサポート対応が丁寧だと感じました。使い始めてまだ日が浅いです。色は写真で見た印象とほぼ同じです。ハヤブサのサポート対応が丁寧で助かりました。ハヤブサのサポート対応が丁寧でした。装着感が軽くて疲れません。週末にしか使っていないので耐久性はまだ分かりません。,到着までが速い。問い合わせ窓口の品質が高い。長時間の使用でも負担が少ない。,発送が早くて注文から1日で届きました。ハヤブサのサポート対応が丁寧でした。装着感が軽いので長時間でも疲れません。,到着までが速い。問い合わせ窓口の品質が高い。長時間の使用でも負担が少ない。なおソライロ製で保証は83か月です。
D0196,アカネ電機,13,3,発送が早くて4日で届きました。発送が早いので4日で届きました。装着感が軽くて長時間でも平気でした。自宅と職場の両方で使う予定です。箱は少し大きめでした。発送が早くて注文から4日で届きました。同じ物をもう一つ買おうか検討中です。音質がこの値段のわりに良いと感じました。装着感が軽くて疲れません。レビューを見てから買うか迷いました。使い始めてまだ日が浅いです。音質は12856円という値段のわりに良いと思います。色は写真で見た印象とほぼ同じです。,到着までが速い。コストパフォーマンスに優れる。長時間の使用でも負担が少ない。,発送が早いので4日で届きました。音質がこの値段のわりに良いと感じました。装着感が軽くて長時間でも平気でした。,到着までが速い。コストパフォーマンスに優れる。長時間の使用でも負担が少ない。なおミドリワークス製で保証は78か月です。
D0197,ハヤブサ,17,3,バッテリーの持ちが30時間ほどで良いです。レビューを見てから買うか迷いました。色は写真で見た印象とほぼ同じです。以前は別のメーカーの物を使っていました。バッテリーが30時間ほど持ちました。バッテリーが30時間くらい持ちます。特に不満は今のところありません。友人に勧められて購入を決めました。ハヤブサのサポート対応が丁寧です。ハヤブサのサポート対応が丁寧で助かりました。音質がこの値段のわりに良いと感じました。音質が値段のわりに良かったです。音質がこの値段のわりに良いです。梱包はごく普通の段ボールでした。自宅と職場の両方で使う予定です。音質は6316円という値段のわりに良いと思います。バッテリーは30時間前後持ちました。,コストパフォーマンスに優れる。電池の持続時間が長い。問い合わせ窓口の品質が高い。,音質がこの値段のわりに良いと感じました。バッテリーは30時間前後持ちました。ハヤブサのサポート対応が丁寧で助かりました。,コストパフォーマンスに優れる。電池の持続時間が長い。問い合わせ窓口の品質が高い。なおミドリワークス製で保証は91か月です。
D0198,アカネ電機,16,3,自宅と職場の両方で使う予定です。友人に勧められて購入を決めました。レビューを見てから買うか迷いました。色は写真で見た印象とほぼ同じです。装着感が軽く疲れにくいです。アカネ電機のサポート対応が丁寧で助かりました。特に不満は今のところありません。アカネ電機のサポート対応が丁寧です。装着感が軽くて長時間でも平気でした。梱包はごく普通の段ボールでした。発送が早くて2日で届きました。装着感が軽いので長時間でも疲れません。発送が早くて注文から2日で届きました。週末にしか使っていないので耐久性はまだ分かりません。発送が早く2日で届いています。アカネ電機のサポート対応が丁寧でした。,到着までが速い。問い合わせ窓口の品質が高い。長時間の使用でも負担が少ない。,発送が早く2日で届いています。アカネ電機のサポート対応が丁寧でした。装着感が軽くて長時間でも平気でした。,到着までが速い。問い合わせ窓口の品質が高い。長時間の使用でも負担が少ない。なおハヤブサ製で保証は54か月です。
D0199,ソライロ,14,3,同じ物をもう一つ買おうか検討中です。装着感が軽く疲れにくいです。ソライロのサポート対応が丁寧でした。家族へのプレゼント用に買いました。以前は別のメーカーの物を使っていました。装着感が軽くて長時間でも平気でした。自宅と職場の両方で使う予定です。ソライロのサポート対応が丁寧だと感じました。色は写真で見た印象とほぼ同じです。音質は29258円という値段のわりに良いと思います。友人に勧められて購入を決めました。ソライロのサポート対応が丁寧です。音質が値段のわりに良かったです。音質がこの値段のわりに良いと感じました。,問い合わせ窓口の品質が高い。長時間の使用でも負担が少ない。コストパフォーマンスに優れる。,ソライロのサポート対応が丁寧でした。装着感が軽く疲れにくいです。音質がこの値段のわりに良いと感じました。,問い合わせ窓口の品質が高い。長時間の使用でも負担が少ない。コストパフォーマンスに優れる。なおミドリワークス製で保証は96か月です。
D0200,ソライロ,8,2,自宅と職場の両方で使う予定です。ソライロのサポート対応が丁寧で助かりました。レビューを見てから買うか迷いました。ソライロのサポート対応が丁寧でした。発送が早く1日で届いています。使い始めてまだ日が浅いです。週末にしか使っていないので耐久性はまだ分かりません。発送が早くて1日で届きました。,問い合わせ窓口の品質が高い。到着までが速い。,ソライロのサポート対応が丁寧で助かりました。発送が早くて1日で届きました。,問い合わせ窓口の品質が高い。到着までが速い。なおノースピーク製で保証は74か月です。
D0201,アカネ電機,16,3,音質がこの値段のわりに良いです。箱は少し大きめでした。バッテリーが25時間ほど持ちました。週末にしか使っていないので耐久性はまだ分かりません。特に不満は今のところありません。バッテリーが25時間くらい持ちます。同じ物をもう一つ買おうか検討中です。友人に勧められて購入を決めました。アカネ電機のサポート対応が丁寧で助かりました。音質がこの値段のわりに良いと感じました。梱包はごく普通の段ボールでした。使い始めてまだ日が浅いです。アカネ電機のサポート対応が丁寧だと感じました。バッテリーの持ちが25時間ほどで良いです。アカネ電機のサポート対応が丁寧でした。音質が値段のわりに良かったです。,問い合わせ窓口の品質が高い。コストパフォーマンスに優れる。電池の持続時間が長い。,アカネ電機のサポート対応が丁寧で助かりました。音質がこの値段のわりに良いと感じました。バッテリーの持ちが25時間ほどで良いです。,問い合わせ窓口の品質が高い。コストパフォーマンスに優れる。電池の持続時間が長い。なおハヤブサ製で保証は51か月です。
D0202,アカネ電機,14,2,特に不満は今のところありません。自宅と職場の両方で使う予定です。装着感が軽いので長時間でも疲れません。音質が値段のわりに良かったです。音質は3684円という値段のわりに良いと思います。色は写真で見た印象とほぼ同じです。音質がこの値段のわりに良いと感じました。家族へのプレゼント用に買いました。装着感が軽く疲れにくいです。以前は別のメーカーの物を使っていました。装着感が軽くて長時間でも平気でした。箱は少し大きめでした。音質がこの値段のわりに良いです。週末にしか使っていないので耐久性はまだ分かりません。,コストパフォーマンスに優れる。長時間の使用でも負担が少ない。,音質がこの値段のわりに良いと感じました。装着感が軽いので長時間でも疲れません。,コストパフォーマンスに優れる。長時間の使用でも負担が少ない。なおノースピーク製で保証は71か月です。
D0203,ソライロ,12,3,以前は別のメーカーの物を使っていました。色は写真で見た印象とほぼ同じです。発送が早くて4日で届きました。箱は少し大きめでした。説明書が分かりにくいです。友人に勧められて購入を決めました。装着感が軽くて長時間でも平気でした。装着感が軽いので長時間でも疲れません。発送が早いので4日で届きました。レビューを見てから買うか迷いました。発送が早く4日で届いています。説明書が分かりにくいのが残念です。,同梱資料の品質が低い。長時間の使用でも負担が少ない。到着までが速い。,説明書が分かりにくいです。装着感が軽くて長時間でも平気でした。発送が早く4日で届いています。,同梱資料の品質が低い。長時間の使用でも負担が少ない。到着までが速い。なおアカネ電機製で保証は50か月です。
D0204,ノースピーク,15,3,同じ物をもう一つ買おうか検討中です。箱は少し大きめでした。説明書が分かりにくかったです。使い始めてまだ日が浅いです。発送が早いので4日で届きました。装着感が軽くて長時間でも平気でした。特に不満は今のところありません。装着感が軽く疲れにくいです。装着感が軽くて疲れません。週末にしか使っていないので耐久性はまだ分かりません。説明書が分かりにくいです。装着感が軽いので長時間でも疲れません。色は写真で見た印象とほぼ同じです。以前は別のメーカーの物を使っていました。発送が早くて注文から4日で届きました。,同梱資料の品質が低い。到着までが速い。長時間の使用でも負担が少ない。,説明書が分かりにくいです。発送が早いので4日で届きました。装着感が軽く疲れにくいです。,同梱資料の品質が低い。到着までが速い。長時間の使用でも負担が少ない。なおミドリワークス製で保証は66か月です。
D0205,ノースピーク,11,2,バッテリーが27時間くらい持ちます。レビューを見てから買うか迷いました。発送が早くて1日で届きました。友人に勧められて購入を決めました。以前は別のメーカーの物を使っていました。バッテリーが27時間ほど持ちました。発送が早く1日で届いています。特に不満は今のところありません。発送が早くて注文から1日で届きました。使い始めてまだ日が浅いです。発送が早いので1日で届きました。,到着までが速い。電池の持続時間が長い。,発送が早くて1日で届きました。バッテリーが27時間くらい持ちます。,到着までが速い。電池の持続時間が長い。なおアカネ電機製で保証は70か月です。
D0206,アカネ電機,12,2,アカネ電機のサポート対応が丁寧です。アカネ電機のサポート対応が丁寧だと感じました。音質が値段のわりに良かったです。音質は11052円という値段のわりに良いと思います。使い始めてまだ日が浅いです。音質がこの値段のわりに良いです。自宅と職場の両方で使う予定です。友人に勧められて購入を決めました。同じ物をもう一つ買おうか検討中です。以前は別のメーカーの物を使っていました。家族へのプレゼント用に買いました。音質がこの値段のわりに良いと感じました。,問い合わせ窓口の品質が高い。コストパフォーマンスに優れる。,アカネ電機のサポート対応が丁寧です。音質が値段のわりに良かったです。,問い合わせ窓口の品質が高い。コストパフォーマンスに優れる。なおノースピーク製で保証は85か月です。
D0207,アカネ電機,16,3,音質が値段のわりに良かったです。アカネ電機のサポート対応が丁寧です。アカネ電機のサポート対応が丁寧で助かりました。自宅と職場の両方で使う予定です。友人に勧められて購入を決めました。レビューを見てから買うか迷いました。音質がこの値段のわりに良いです。装着感が軽くて疲れません。箱は少し大きめでした。音質がこの値段のわりに良いと感じました。アカネ電機のサポート対応が丁寧だと感じました。装着感が軽いので長時間でも疲れません。音質は20805円という値段のわりに良いと思います。装着感が軽く疲れにくいです。装着感が軽くて長時間でも平気でした。アカネ電機のサポート対応が丁寧でした。,長時間の使用でも負担が少ない。問い合わせ窓口の品質が高い。コストパフォーマンスに優れる。,装着感が軽いので長時間でも疲れません。アカネ電機のサポート対応が丁寧だと感じました。音質がこの値段のわりに良いです。,長時間の使用でも負担が少ない。問い合わせ窓口の品質が高い。コストパフォーマンスに優れる。なおノースピーク製で保証は78か月です。
D0208,ハヤブサ,15,3,週末にしか使っていないので耐久性はまだ分かりません。発送が早いので2日で届きました。梱包はごく普通の段ボールでした。説明書が分かりにくかったです。発送が早く2日で届いています。説明書が分かりにくいです。説明書が分かりにくく設定に手間取りました。ハヤブサのサポート対応が丁寧でした。ハヤブサのサポート対応が丁寧で助かりました。説明書が分かりにくいのが残念です。特に不満は今のところありません。レビューを見てから買うか迷いました。家族へのプレゼント用に買いました。発送が早くて注文から2日で届きました。発送が早くて2日で届きました。,到着までが速い。同梱資料の品質が低い。問い合わせ窓口の品質が高い。,発送が早いので2日で届きました。説明書が分かりにくかったです。ハヤブサのサポート対応が丁寧で助かりました。,到着までが速い。同梱資料の品質が低い。問い合わせ窓口の品質が高い。なおノースピーク製で保証は62か月です。
D0209,ハヤブサ,14,3,発送が早くて4日で届きました。装着感が軽く疲れにくいです。装着感が軽くて長時間でも平気でした。装着感が軽いので長時間でも疲れません。ハヤブサのサポート対応が丁寧でした。ハヤブサのサポート対応が丁寧です。自宅と職場の両方で使う予定です。レビューを見てから買うか迷いました。発送が早く4日で届いています。特に不満は今のところありません。発送が早くて注文から4日で届きました。箱は少し大きめでした。週末にしか使っていないので耐久性はまだ分かりません。同じ物をもう一つ買おうか検討中です。,到着までが速い。長時間の使用でも負担が少ない。問い合わせ窓口の品質が高い。,発送が早くて注文から4日で届きました。装着感が軽く疲れにくいです。ハヤブサのサポート対応が丁寧です。,到着までが速い。長時間の使用でも負担が少ない。問い合わせ窓口の品質が高い。なおソライロ製で保証は80か月です。
D0210,ミドリワークス,16,3,説明書が分かりにくいのが残念です。バッテリーの持ちが37時間ほどで良いです。装着感が軽く疲れにくいです。装着感が軽いので長時間でも疲れません。説明書が分かりにくいです。同じ物をもう一つ買おうか検討中です。家族へのプレゼント用に買いました。バッテリーは37時間前後持ちました。使い始めてまだ日が浅いです。説明書が分かりにくく設定に手間取りました。装着感が軽くて長時間でも平気でした。装着感が軽くて疲れません。レビューを見てから買うか迷いました。色は写真で見た印象とほぼ同じです。箱は少し大きめでした。友人に勧められて購入を決めました。,長時間の使用でも負担が少ない。同梱資料の品質が低い。電池の持続時間が長い。,装着感が軽くて長時間でも平気でした。説明書が分かりにくいです。バッテリーの持ちが37時間ほどで良いです。,長時間の使用でも負担が少ない。同梱資料の品質が低い。電池の持続時間が長い。なおアカネ電機製で保証は91か月です。
D0211,ハヤブサ,14,2,箱は少し大きめでした。装着感が軽くて長時間でも平気でした。家族へのプレゼント用に買いました。色は写真で見た印象とほぼ同じです。説明書が分かりにくかったです。装着感が軽く疲れにくいです。装着感が軽いので長時間でも疲れません。装着感が軽くて疲れません。説明書が分かりにくいです。説明書が分かりにくく設定に手間取りました。説明書が分かりにくいのが残念です。同じ物をもう一つ買おうか検討中です。自宅と職場の両方で使う予定です。以前は別のメーカーの物を使っていました。,同梱資料の品質が低い。長時間の使用でも負担が少ない。,説明書が分かりにくかったです。装着感が軽くて長時間でも平気でした。,同梱資料の品質が低い。長時間の使用でも負担が少ない。なおミドリワークス製で保証は56か月です。
D0212,ソライロ,14,3,ソライロのサポート対応が丁寧だと感じました。説明書が分かりにくいです。友人に勧められて購入を決めました。使い始めてまだ日が浅いです。家族へのプレゼント用に買いました。特に不満は今のところありません。説明書が分かりにくいのが残念です。装着感が軽くて疲れません。レビューを見てから買うか迷いました。説明書が分かりにくく設定に手間取りました。ソライロのサポート対応が丁寧でした。以前は別のメーカーの物を使っていました。装着感が軽く疲れにくいです。説明書が分かりにくかったです。,同梱資料の品質が低い。問い合わせ窓口の品質が高い。長時間の使用でも負担が少ない。,説明書が分かりにくかったです。ソライロのサポート対応が丁寧だと感じました。装着感が軽く疲れにくいです。,同梱資料の品質が低い。問い合わせ窓口の品質が高い。長時間の使用でも負担が少ない。なおノースピーク製で保証は84か月です。
D0213,ノースピーク,12,2,装着感が軽いので長時間でも疲れません。色は写真で見た印象とほぼ同じです。説明書が分かりにくいのが残念です。自宅と職場の両方で使う予定です。梱包はごく普通の段ボールでした。説明書が分かりにくく設定に手間取りました。使い始めてまだ日が浅いです。同じ物をもう一つ買おうか検討中です。友人に勧められて購入を決めました。家族へのプレゼント用に買いました。装着感が軽くて長時間でも平気でした。説明書が分かりにくかったです。,長時間の使用でも負担が少ない。同梱資料の品質が低い。,装着感が軽いので長時間でも疲れません。説明書が分かりにくいのが残念です。,長時間の使用でも負担が少ない。同梱資料の品質が低い。なおアカネ電機製で保証は55か月です。
D0214,ハヤブサ,13,2,バッテリーの持ちが22時間ほどで良いです。バッテリーは22時間前後持ちました。色は写真で見た印象とほぼ同じです。バッテリーが22時間ほど持ちました。装着感が軽くて疲れません。以前は別のメーカーの物を使っていました。箱は少し大きめでした。梱包はごく普通の段ボールでした。バッテリーが22時間くらい持ちます。友人に勧められて購入を決めました。装着感が軽いので長時間でも疲れません。レビューを見てから買うか迷いました。装着感が軽くて長時間でも平気でした。,長時間の使用でも負担が少ない。電池の持続時間が長い。,装着感が軽くて長時間でも平気でした。バッテリーが22時間くらい持ちます。,長時間の使用でも負担が少ない。電池の持続時間が長い。なおノースピーク製で保証は76か月です。
D0215,ソライロ,15,3,説明書が分かりにくいのが残念です。梱包はごく普通の段ボールでした。バッテリーの持ちが35時間ほどで良いです。説明書が分かりにくく設定に手間取りました。自宅と職場の両方で使う予定です。音質は26342円という値段のわりに良いと思います。音質がこの値段のわりに良いと感じました。音質がこの値段のわりに良いです。週末にしか使っていないので耐久性はまだ分かりません。バッテリーが35時間くらい持ちます。特に不満は今のところありません。音質が値段のわりに良かったです。バッテリーが35時間ほど持ちました。同じ物をもう一つ買おうか検討中です。バッテリーは35時間前後持ちました。,同梱資料の品質が低い。電池の持続時間が長い。コストパフォーマンスに優れる。,説明書が分かりにくいのが残念です。バッテリーの持ちが35時間ほどで良いです。音質がこの値段のわりに良いと感じました。,同梱資料の品質が低い。電池の持続時間が長い。コストパフォーマンスに優れる。なおノースピーク製で保証は62か月です。
D0216,アカネ電機,14,3,使い始めてまだ日が浅いです。音質が値段のわりに良かったです。装着感が軽くて長時間でも平気でした。音質がこの値段のわりに良いと感じました。アカネ電機のサポート対応が丁寧で助かりました。アカネ電機のサポート対応が丁寧です。音質は28932円という値段のわりに良いと思います。色は写真で見た印象とほぼ同じです。装着感が軽いので長時間でも疲れません。自宅と職場の両方で使う予定です。友人に勧められて購入を決めました。アカネ電機のサポート対応が丁寧でした。装着感が軽くて疲れません。装着感が軽く疲れにくいです。,コストパフォーマンスに優れる。問い合わせ窓口の品質が高い。長時間の使用でも負担が少ない。,音質は28932円という値段のわりに良いと思います。アカネ電機のサポート対応が丁寧で助かりました。装着感が軽く疲れにくいです。,コストパフォーマンスに優れる。問い合わせ窓口の品質が高い。長時間の使用でも負担が少ない。なおハヤブサ製で保証は93か月です。
D0217,ソライロ,14,3,友人に勧められて購入を決めました。バッテリーが19時間ほど持ちました。特に不満は今のところありません。ソライロのサポート対応が丁寧です。バッテリーの持ちが19時間ほどで良いです。ソライロのサポート対応が丁寧でした。以前は別のメーカーの物を使っていました。音質がこの値段のわりに良いです。梱包はごく普通の段ボールでした。バッテリーは19時間前後持ちました。バッテリーが19時間くらい持ちます。週末にしか使っていないので耐久性はまだ分かりません。音質が値段のわりに良かったです。レビューを見てから買うか迷いました。,電池の持続時間が長い。コストパフォーマンスに優れる。問い合わせ窓口の品質が高い。,バッテリーが19時間くらい持ちます。音質が値段のわりに良かったです。ソライロのサポート対応が丁寧です。,電池の持続時間が長い。コストパフォーマンスに優れる。問い合わせ窓口の品質が高い。なおハヤブサ製で保証は74か月です。
D0218,ミドリワークス,11,2,週末にしか使っていないので耐久性はまだ分かりません。音質がこの値段のわりに良いと感じました。梱包はごく普通の段ボールでした。音質は19544円という値段のわりに良いと思います。同じ物をもう一つ買おうか検討中です。自宅と職場の両方で使う予定です。ミドリワークスのサポート対応が丁寧で助かりました。使い始めてまだ日が浅いです。音質がこの値段のわりに良いです。特に不満は今のところありません。ミドリワークスのサポート対応が丁寧です。,問い合わせ窓口の品質が高い。コストパフォーマンスに優れる。,ミドリワークスのサポート対応が丁寧です。音質は19544円という値段のわりに良いと思います。,問い合わせ窓口の品質が高い。コストパフォーマンスに優れる。なおアカネ電機製で保証は71か月です。
D0219,アカネ電機,13,3,アカネ電機のサポート対応が丁寧でした。自宅と職場の両方で使う予定です。家族へのプレゼント用に買いました。説明書が分かりにくく設定に手間取りました。以前は別のメーカーの物を使っていました。装着感が軽くて疲れません。アカネ電機のサポート対応が丁寧で助かりました。説明書が分かりにくいです。アカネ電機のサポート対応が丁寧です。週末にしか使っていないので耐久性はまだ分かりません。装着感が軽く疲れにくいです。説明書が分かりにくいのが残念です。色は写真で見た印象とほぼ同じです。,同梱資料の品質が低い。長時間の使用でも負担が少ない。問い合わせ窓口の品質が高い。,説明書が分かりにくいです。装着感が軽く疲れにくいです。アカネ電機のサポート対応が丁寧でした。,同梱資料の品質が低い。長時間の使用でも負担が少ない。問い合わせ窓口の品質が高い。なおミドリワークス製で保証は68か月です。
D0220,アカネ電機,13,2,アカネ電機のサポート対応が丁寧で助かりました。色は写真で見た印象とほぼ同じです。自宅と職場の両方で使う予定です。レビューを見てから買うか迷いました。友人に勧められて購入を決めました。特に不満は今のところありません。アカネ電機のサポート対応が丁寧です。装着感が軽いので長時間でも疲れません。アカネ電機のサポート対応が丁寧だと感じました。装着感が軽くて長時間でも平気でした。家族へのプレゼント用に買いました。装着感が軽く疲れにくいです。以前は別のメーカーの物を使っていました。,長時間の使用でも負担が少ない。問い合わせ窓口の品質が高い。,装着感が軽く疲れにくいです。アカネ電機のサポート対応が丁寧です。,長時間の使用でも負担が少ない。問い合わせ窓口の品質が高い。なおハヤブサ製で保証は87か月です。
D0221,ソライロ,14,2,発送が早くて2日で届きました。説明書が分かりにくいのが残念です。説明書が分かりにくかったです。箱は少し大きめでした。発送が早く2日で届いています。説明書が分かりにくく設定に手間取りました。色は写真で見た印象とほぼ同じです。梱包はごく普通の段ボールでした。特に不満は今のところありません。同じ物をもう一つ買おうか検討中です。説明書が分かりにくいです。発送が早くて注文から2日で届きました。以前は別のメーカーの物を使っていました。発送が早いので2日で届きました。,同梱資料の品質が低い。到着までが速い。,説明書が分かりにくいのが残念です。発送が早く2日で届いています。,同梱資料の品質が低い。到着までが速い。なおアカネ電機製で保証は87か月です。
D0222,ノースピーク,11,2,家族へのプレゼント用に買いました。以前は別のメーカーの物を使っていました。音質が値段のわりに良かったです。装着感が軽くて疲れません。友人に勧められて購入を決めました。装着感が軽く疲れにくいです。箱は少し大きめでした。音質がこの値段のわりに良いです。装着感が軽くて長時間でも平気でした。音質は20396円という値段のわりに良いと思います。装着感が軽いので長時間でも疲れません。,コストパフォーマンスに優れる。長時間の使用でも負担が少ない。,音質は20396円という値段のわりに良いと思います。装着感が軽いので長時間でも疲れません。,コストパフォーマンスに優れる。長時間の使用でも負担が少ない。なおアカネ電機製で保証は98か月です。
D0223,アカネ電機,16,3,発送が早くて3日で届きました。レビューを見てから買うか迷いました。発送が早く3日で届いています。家族へのプレゼント用に買いました。音質が値段のわりに良かったです。同じ物をもう一つ買おうか検討中です。音質がこの値段のわりに良いと感じました。装着感が軽く疲れにくいです。装着感が軽くて長時間でも平気でした。友人に勧められて購入を決めました。箱は少し大きめでした。音質は6957円という値段のわりに良いと思います。音質がこの値段のわりに良いです。装着感が軽いので長時間でも疲れません。色は写真で見た印象とほぼ同じです。装着感が軽くて疲れません。,長時間の使用でも負担が少ない。コストパフォーマンスに優れる。到着までが速い。,装着感が軽いので長時間でも疲れません。音質は6957円という値段のわりに良いと思います。発送が早く3日で届いています。,長時間の使用でも負担が少ない。コストパフォーマンスに優れる。到着までが速い。なおミドリワークス製で保証は93か月です。
D0224,ミドリワークス,15,3,色は写真で見た印象とほぼ同じです。バッテリーが9時間ほど持ちました。自宅と職場の両方で使う予定です。バッテリーの持ちが9時間ほどで良いです。ミドリワークスのサポート対応が丁寧です。週末にしか使っていないので耐久性はまだ分かりません。バッテリーが9時間くらい持ちます。説明書が分かりにくいのが残念です。説明書が分かりにくかったです。バッテリーは9時間前後持ちました。説明書が分かりにくいです。ミドリワークスのサポート対応が丁寧でした。箱は少し大きめでした。レビューを見てから買うか迷いました。ミドリワークスのサポート対応が丁寧で助かりました。,電池の持続時間が長い。同梱資料の品質が低い。問い合わせ窓口の品質が高い。,バッテリーが9時間ほど持ちました。説明書が分かりにくいです。ミドリワークスのサポート対応が丁寧でした。,電池の持続時間が長い。同梱資料の品質が低い。問い合わせ窓口の品質が高い。なおソライロ製で保証は82か月です。
D0225,ミドリワークス,11,2,使い始めてまだ日が浅いです。箱は少し大きめでした。同じ物をもう一つ買おうか検討中です。以前は別のメーカーの物を使っていました。家族へのプレゼント用に買いました。ミドリワークスのサポート対応が丁寧です。色は写真で見た印象とほぼ同じです。ミドリワークスのサポート対応が丁寧で助かりました。装着感が軽いので長時間でも疲れません。梱包はごく普通の段ボールでした。装着感が軽く疲れにくいです。,問い合わせ窓口の品質が高い。長時間の使用でも負担が少ない。,ミドリワークスのサポート対応が丁寧で助かりました。装着感が軽いので長時間でも疲れません。,問い合わせ窓口の品質が高い。長時間の使用でも負担が少ない。なおアカネ電機製で保証は85か月です。
D0226,ハヤブサ,14,3,説明書が分かりにくく設定に手間取りました。レビューを見てから買うか迷いました。週末にしか使っていないので耐久性はまだ分かりません。家族へのプレゼント用に買いました。発送が早く4日で届いています。説明書が分かりにくいです。発送が早くて4日で届きました。説明書が分かりにくいのが残念です。発送が早くて注文から4日で届きました。音質がこの値段のわりに良いと感じました。梱包はごく普通の段ボールでした。色は写真で見た印象とほぼ同じです。音質は18567円という値段のわりに良いと思います。説明書が分かりにくかったです。,コストパフォーマンスに優れる。同梱資料の品質が低い。到着までが速い。,音質がこの値段のわりに良いと感じました。説明書が分かりにくいのが残念です。発送が早くて注文から4日で届きました。,コストパフォーマンスに優れる。同梱資料の品質が低い。到着までが速い。なおノースピーク製で保証は57か月です。
D0227,ノースピーク,11,2,ノースピークのサポート対応が丁寧です。使い始めてまだ日が浅いです。特に不満は今のところありません。週末にしか使っていないので耐久性はまだ分かりません。色は写真で見た印象とほぼ同じです。ノースピークのサポート対応が丁寧だと感じました。家族へのプレゼント用に買いました。発送が早くて注文から3日で届きました。発送が早く3日で届いています。友人に勧められて購入を決めました。ノースピークのサポート対応が丁寧でした。,問い合わせ窓口の品質が高い。到着までが速い。,ノースピークのサポート対応が丁寧です。発送が早くて注文から3日で届きました。,問い合わせ窓口の品質が高い。到着までが速い。なおソライロ製で保証は91か月です。
D0228,ハヤブサ,11,2,以前は別のメーカーの物を使っていました。説明書が分かりにくかったです。音質がこの値段のわりに良いと感じました。週末にしか使っていないので耐久性はまだ分かりません。説明書が分かりにくいです。説明書が分かりにくく設定に手間取りました。レビューを見てから買うか迷いました。箱は少し大きめでした。音質は12400円という値段のわりに良いと思います。説明書が分かりにくいのが残念です。自宅と職場の両方で使う予定です。,コストパフォーマンスに優れる。同梱資料の品質が低い。,音質がこの値段のわりに良いと感じました。説明書が分かりにくかったです。,コストパフォーマンスに優れる。同梱資料の品質が低い。なおミドリワークス製で保証は56か月です。
D0229,ノースピーク,12,3,発送が早いので2日で届きました。発送が早くて2日で届きました。音質は18715円という値段のわりに良いと思います。梱包はごく普通の段ボールでした。説明書が分かりにくいのが残念です。特に不満は今のところありません。音質がこの値段のわりに良いです。説明書が分かりにくいです。同じ物をもう一つ買おうか検討中です。発送が早く2日で届いています。週末にしか使っていないので耐久性はまだ分かりません。レビューを見てから買うか迷いました。,コストパフォーマンスに優れる。同梱資料の品質が低い。到着までが速い。,音質は18715円という値段のわりに良いと思います。説明書が分かりにくいです。発送が早くて2日で届きました。,コストパフォーマンスに優れる。同梱資料の品質が低い。到着までが速い。なおハヤブサ製で保証は60か月です。
D0230,ハヤブサ,14,3,発送が早く1日で届いています。ハヤブサのサポート対応が丁寧でした。ハヤブサのサポート対応が丁寧で助かりました。説明書が分かりにくく設定に手間取りました。ハヤブサのサポート対応が丁寧です。家族へのプレゼント用に買いました。友人に勧められて購入を決めました。説明書が分かりにくいです。説明書が分かりにくかったです。自宅と職場の両方で使う予定です。色は写真で見た印象とほぼ同じです。発送が早くて注文から1日で届きました。レビューを見てから買うか迷いました。発送が早くて1日で届きました。,同梱資料の品質が低い。到着までが速い。問い合わせ窓口の品質が高い。,説明書が分かりにくかったです。発送が早く1日で届いています。ハヤブサのサポート対応が丁寧でした。,同梱資料の品質が低い。到着までが速い。問い合わせ窓口の品質が高い。なおソライロ製で保証は65か月です。
D0231,ソライロ,12,3,音質がこの値段のわりに良いと感じました。友人に勧められて購入を決めました。説明書が分かりにくく設定に手間取りました。梱包はごく普通の段ボールでした。説明書が分かりにくいです。音質が値段のわりに良かったです。色は写真で見た印象とほぼ同じです。発送が早く4日で届いています。自宅と職場の両方で使う予定です。以前は別のメーカーの物を使っていました。発送が早くて注文から4日で届きました。同じ物をもう一つ買おうか検討中です。,コストパフォーマンスに優れる。同梱資料の品質が低い。到着までが速い。,音質がこの値段のわりに良いと感じました。説明書が分かりにくいです。発送が早く4日で届いています。,コストパフォーマンスに優れる。同梱資料の品質が低い。到着までが速い。なおハヤブサ製で保証は84か月です。
D0232,アカネ電機,14,3,装着感が軽く疲れにくいです。レビューを見てから買うか迷いました。バッテリーは37時間前後持ちました。家族へのプレゼント用に買いました。装着感が軽くて疲れません。以前は別のメーカーの物を使っていました。特に不満は今のところありません。音質がこの値段のわりに良いです。箱は少し大きめでした。音質は11451円という値段のわりに良いと思います。バッテリーが37時間ほど持ちました。装着感が軽くて長時間でも平気でした。装着感が軽いので長時間でも疲れません。バッテリーが37時間くらい持ちます。,電池の持続時間が長い。コストパフォーマンスに優れる。長時間の使用でも負担が少ない。,バッテリーは37時間前後持ちました。音質がこの値段のわりに良いです。装着感が軽いので長時間でも疲れません。,電池の持続時間が長い。コストパフォーマンスに優れる。長時間の使用でも負担が少ない。なおノースピーク製で保証は73か月です。
D0233,ソライロ,13,3,色は写真で見た印象とほぼ同じです。音質がこの値段のわりに良いと感じました。装着感が軽く疲れにくいです。装着感が軽いので長時間でも疲れません。家族へのプレゼント用に買いました。使い始めてまだ日が浅いです。箱は少し大きめでした。装着感が軽くて疲れません。以前は別のメーカーの物を使っていました。自宅と職場の両方で使う予定です。バッテリーが17時間ほど持ちました。バッテリーの持ちが17時間ほどで良いです。音質がこの値段のわりに良いです。,電池の持続時間が長い。長時間の使用でも負担が少ない。コストパフォーマンスに優れる。,バッテリーが17時間ほど持ちました。装着感が軽く疲れにくいです。音質がこの値段のわりに良いと感じました。,電池の持続時間が長い。長時間の使用でも負担が少ない。コストパフォーマンスに優れる。なおハヤブサ製で保証は72か月です。
D0234,アカネ電機,14,3,発送が早いので4日で届きました。発送が早くて4日で届きました。発送が早くて注文から4日で届きました。音質が値段のわりに良かったです。音質がこの値段のわりに良いと感じました。箱は少し大きめでした。音質は6533円という値段のわりに良いと思います。週末にしか使っていないので耐久性はまだ分かりません。音質がこの値段のわりに良いです。説明書が分かりにくいです。レビューを見てから買うか迷いました。説明書が分かりにくいのが残念です。特に不満は今のところありません。説明書が分かりにくく設定に手間取りました。,コストパフォーマンスに優れる。同梱資料の品質が低い。到着までが速い。,音質は6533円という値段のわりに良いと思います。説明書が分かりにくく設定に手間取りました。発送が早くて4日で届きました。,コストパフォーマンスに優れる。同梱資料の品質が低い。到着までが速い。なおソライロ製で保証は86か月です。
D0235,ハヤブサ,14,3,音質が値段のわりに良かったです。音質は27743円という値段のわりに良いと思います。音質がこの値段のわりに良いです。発送が早くて3日で届きました。音質がこの値段のわりに良いと感じました。装着感が軽いので長時間でも疲れません。装着感が軽く疲れにくいです。装着感が軽くて疲れません。色は写真で見た印象とほぼ同じです。発送が早くて注文から3日で届きました。使い始めてまだ日が浅いです。装着感が軽くて長時間でも平気でした。梱包はごく普通の段ボールでした。同じ物をもう一つ買おうか検討中です。,到着までが速い。コストパフォーマンスに優れる。長時間の使用でも負担が少ない。,発送が早くて3日で届きました。音質が値段のわりに良かったです。装着感が軽くて疲れません。,到着までが速い。コストパフォーマンスに優れる。長時間の使用でも負担が少ない。なおアカネ電機製で保証は51か月です。
D0236,アカネ電機,15,3,説明書が分かりにくかったです。特に不満は今のところありません。自宅と職場の両方で使う予定です。以前は別のメーカーの物を使っていました。レビューを見てから買うか迷いました。使い始めてまだ日が浅いです。説明書が分かりにくいです。家族へのプレゼント用に買いました。梱包はごく普通の段ボールでした。装着感が軽いので長時間でも疲れません。説明書が分かりにくいのが残念です。説明書が分かりにくく設定に手間取りました。バッテリーが16時間くらい持ちます。装着感が軽く疲れにくいです。バッテリーの持ちが16時間ほどで良いです。,同梱資料の品質が低い。長時間の使用でも負担が少ない。電池の持続時間が長い。,説明書が分かりにくいのが残念です。装着感が軽く疲れにくいです。バッテリーの持ちが16時間ほどで良いです。,同梱資料の品質が低い。長時間の使用でも負担が少ない。電池の持続時間が長い。なおソライロ製で保証は77か月です。
D0237,アカネ電機,16,3,箱は少し大きめでした。説明書が分かりにくかったです。説明書が分かりにくいです。アカネ電機のサポート対応が丁寧です。同じ物をもう一つ買おうか検討中です。色は写真で見た印象とほぼ同じです。アカネ電機のサポート対応が丁寧だと感じました。説明書が分かりにくく設定に手間取りました。バッテリーが13時間くらい持ちます。使い始めてまだ日が浅いです。バッテリーの持ちが13時間ほどで良いです。アカネ電機のサポート対応が丁寧でした。アカネ電機のサポート対応が丁寧で助かりました。説明書が分かりにくいのが残念です。バッテリーは13時間前後持ちました。バッテリーが13時間ほど持ちました。,電池の持続時間が長い。同梱資料の品質が低い。問い合わせ窓口の品質が高い。,バッテリーは13時間前後持ちました。説明書が分かりにくく設定に手間取りました。アカネ電機のサポート対応が丁寧です。,電池の持続時間が長い。同梱資料の品質が低い。問い合わせ窓口の品質が高い。なおミドリワークス製で保証は96か月です。
D0238,ノースピーク,14,3,音質がこの値段のわりに良いです。箱は少し大きめでした。特に不満は今のところありません。以前は別のメーカーの物を使っていました。発送が早くて注文から1日で届きました。発送が早いので1日で届きました。説明書が分かりにくく設定に手間取りました。音質がこの値段のわりに良いと感じました。説明書が分かりにくかったです。説明書が分かりにくいのが残念です。音質は27317円という値段のわりに良いと思います。友人に勧められて購入を決めました。説明書が分かりにくいです。自宅と職場の両方で使う予定です。,コストパフォーマンスに優れる。同梱資料の品質が低い。到着までが速い。,音質がこの値段のわりに良いです。説明書が分かりにくかったです。発送が早いので1日で届きました。,コストパフォーマンスに優れる。同梱資料の品質が低い。到着までが速い。なおアカネ電機製で保証は60か月です。
D0239,ソライロ,13,2,箱は少し大きめでした。装着感が軽いので長時間でも疲れません。音質がこの値段のわりに良いと感じました。装着感が軽くて疲れません。特に不満は今のところありません。自宅と職場の両方で使う予定です。梱包はごく普通の段ボールでした。装着感が軽く疲れにくいです。レビューを見てから買うか迷いました。音質は24864円という値段のわりに良いと思います。音質が値段のわりに良かったです。以前は別のメーカーの物を使っていました。使い始めてまだ日が浅いです。,コストパフォーマンスに優れる。長時間の使用でも負担が少ない。,音質は24864円という値段のわりに良いと思います。装着感が軽くて疲れません。,コストパフォーマンスに優れる。長時間の使用でも負担が少ない。なおアカネ電機製で保証は61か月です。
D0240,ハヤブサ,16,3,発送が早くて2日で届きました。発送が早く2日で届いています。装着感が軽くて疲れません。説明書が分かりにくかったです。レビューを見てから買うか迷いました。説明書が分かりにくいです。箱は少し大きめでした。特に不満は今のところありません。週末にしか使っていないので耐久性はまだ分かりません。説明書が分かりにくく設定に手間取りました。装着感が軽くて長時間でも平気でした。友人に勧められて購入を決めました。装着感が軽いので長時間でも疲れません。発送が早いので2日で届きました。装着感が軽く疲れにくいです。発送が早くて注文から2日で届きました。,長時間の使用でも負担が少ない。同梱資料の品質が低い。到着までが速い。,装着感が軽くて疲れません。説明書が分かりにくかったです。発送が早くて2日で届きました。,長時間の使用でも負担が少ない。同梱資料の品質が低い。到着までが速い。なおソライロ製で保証は72か月です。
D0241,アカネ電機,12,2,友人に勧められて購入を決めました。発送が早く4日で届いています。発送が早くて注文から4日で届きました。レビューを見てから買うか迷いました。特に不満は今のところありません。発送が早いので4日で届きました。同じ物をもう一つ買おうか検討中です。自宅と職場の両方で使う予定です。説明書が分かりにくいのが残念です。説明書が分かりにくく設定に手間取りました。以前は別のメーカーの物を使っていました。家族へのプレゼント用に買いました。,到着までが速い。同梱資料の品質が低い。,発送が早いので4日で届きました。説明書が分かりにくく設定に手間取りました。,到着までが速い。同梱資料の品質が低い。なおハヤブサ製で保証は92か月です。
D0242,アカネ電機,14,3,色は写真で見た印象とほぼ同じです。梱包はごく普通の段ボールでした。発送が早くて4日で届きました。レビューを見てから買うか迷いました。以前は別のメーカーの物を使っていました。アカネ電機のサポート対応が丁寧だと感じました。アカネ電機のサポート対応が丁寧で助かりました。アカネ電機のサポート対応が丁寧でした。アカネ電機のサポート対応が丁寧です。装着感が軽く疲れにくいです。発送が早く4日で届いています。装着感が軽いので長時間でも疲れません。週末にしか使っていないので耐久性はまだ分かりません。友人に勧められて購入を決めました。,長時間の使用でも負担が少ない。到着までが速い。問い合わせ窓口の品質が高い。,装着感が軽いので長時間でも疲れません。発送が早く4日で届いています。アカネ電機のサポート対応が丁寧でした。,長時間の使用でも負担が少ない。到着までが速い。問い合わせ窓口の品質が高い。なおミドリワークス製で保証は54か月です。
D0243,アカネ電機,9,2,装着感が軽いので長時間でも疲れません。アカネ電機のサポート対応が丁寧でした。同じ物をもう一つ買おうか検討中です。装着感が軽くて長時間でも平気でした。レビューを見てから買うか迷いました。アカネ電機のサポート対応が丁寧だと感じました。装着感が軽くて疲れません。色は写真で見た印象とほぼ同じです。箱は少し大きめでした。,問い合わせ窓口の品質が高い。長時間の使用でも負担が少ない。,アカネ電機のサポート対応が丁寧だと感じました。装着感が軽くて長時間でも平気でした。,問い合わせ窓口の品質が高い。長時間の使用でも負担が少ない。なおノースピーク製で保証は60か月です。
D0244,ソライロ,12,2,以前は別のメーカーの物を使っていました。使い始めてまだ日が浅いです。音質は8028円という値段のわりに良いと思います。友人に勧められて購入を決めました。説明書が分かりにくかったです。週末にしか使っていないので耐久性はまだ分かりません。箱は少し大きめでした。家族へのプレゼント用に買いました。同じ物をもう一つ買おうか検討中です。説明書が分かりにくいです。音質がこの値段のわりに良いと感じました。音質が値段のわりに良かったです。,同梱資料の品質が低い。コストパフォーマンスに優れる。,説明書が分かりにくかったです。音質は8028円という値段のわりに良いと思います。,同梱資料の品質が低い。コストパフォーマンスに優れる。なおアカネ電機製で保証は61か月です。
D0245,ノースピーク,10,2,音質がこの値段のわりに良いです。音質がこの値段のわりに良いと感じました。説明書が分かりにくいです。使い始めてまだ日が浅いです。自宅と職場の両方で使う予定です。家族へのプレゼント用に買いました。梱包はごく普通の段ボールでした。箱は少し大きめでした。説明書が分かりにくいのが残念です。色は写真で見た印象とほぼ同じです。,コストパフォーマンスに優れる。同梱資料の品質が低い。,音質がこの値段のわりに良いです。説明書が分かりにくいです。,コストパフォーマンスに優れる。同梱資料の品質が低い。なおソライロ製で保証は64か月です。
D0246,アカネ電機,13,2,家族へのプレゼント用に買いました。特に不満は今のところありません。アカネ電機のサポート対応が丁寧だと感じました。アカネ電機のサポート対応が丁寧でした。アカネ電機のサポート対応が丁寧です。週末にしか使っていないので耐久性はまだ分かりません。アカネ電機のサポート対応が丁寧で助かりました。箱は少し大きめでした。以前は別のメーカーの物を使っていました。色は写真で見た印象とほぼ同じです。使い始めてまだ日が浅いです。説明書が分かりにくく設定に手間取りました。説明書が分かりにくいです。,問い合わせ窓口の品質が高い。同梱資料の品質が低い。,アカネ電機のサポート対応が丁寧です。説明書が分かりにくく設定に手間取りました。,問い合わせ窓口の品質が高い。同梱資料の品質が低い。なおソライロ製で保証は97か月です。
D0247,アカネ電機,10,2,バッテリーは38時間前後持ちました。説明書が分かりにくいです。説明書が分かりにくかったです。バッテリーの持ちが38時間ほどで良いです。説明書が分かりにくいのが残念です。使い始めてまだ日が浅いです。特に不満は今のところありません。週末にしか使っていないので耐久性はまだ分かりません。説明書が分かりにくく設定に手間取りました。梱包はごく普通の段ボールでした。,電池の持続時間が長い。同梱資料の品質が低い。,バッテリーの持ちが38時間ほどで良いです。説明書が分かりにくいのが残念です。,電池の持続時間が長い。同梱資料の品質が低い。なおハヤブサ製で保証は93か月です。
D0248,ソライロ,9,2,音質は15225円という値段のわりに良いと思います。バッテリーは5時間前後持ちました。レビューを見てから買うか迷いました。以前は別のメーカーの物を使っていました。自宅と職場の両方で使う予定です。音質が値段のわりに良かったです。音質がこの値段のわりに良いです。バッテリーが5時間ほど持ちました。週末にしか使っていないので耐久性はまだ分かりません。,コストパフォーマンスに優れる。電池の持続時間が長い。,音質が値段のわりに良かったです。バッテリーは5時間前後持ちました。,コストパフォーマンスに優れる。電池の持続時間が長い。なおミドリワークス製で保証は57か月です。
D0249,ミドリワークス,12,3,梱包はごく普通の段ボールでした。音質がこの値段のわりに良いと感じました。音質は9756円という値段のわりに良いと思います。説明書が分かりにくいのが残念です。説明書が分かりにくいです。装着感が軽いので長時間でも疲れません。以前は別のメーカーの物を使っていました。装着感が軽く疲れにくいです。箱は少し大きめでした。説明書が分かりにくかったです。特に不満は今のところありません。使い始めてまだ日が浅いです。,長時間の使用でも負担が少ない。コストパフォーマンスに優れる。同梱資料の品質が低い。,装着感が軽いので長時間でも疲れません。音質は9756円という値段のわりに良いと思います。説明書が分かりにくいです。,長時間の使用でも負担が少ない。コストパフォーマンスに優れる。同梱資料の品質が低い。なおハヤブサ製で保証は70か月です。
D0250,ミドリワークス,10,2,装着感が軽くて疲れません。音質がこの値段のわりに良いと感じました。友人に勧められて購入を決めました。音質がこの値段のわりに良いです。装着感が軽く疲れにくいです。レビューを見てから買うか迷いました。音質が値段のわりに良かったです。装着感が軽いので長時間でも疲れません。特に不満は今のところありません。箱は少し大きめでした。,コストパフォーマンスに優れる。長時間の使用でも負担が少ない。,音質が値段のわりに良かったです。装着感が軽いので長時間でも疲れません。,コストパフォーマンスに優れる。長時間の使用でも負担が少ない。なおアカネ電機製で保証は88か月です。
D0251,ミドリワークス,16,3,発送が早くて2日で届きました。発送が早いので2日で届きました。週末にしか使っていないので耐久性はまだ分かりません。バッテリーの持ちが21時間ほどで良いです。説明書が分かりにくく設定に手間取りました。以前は別のメーカーの物を使っていました。バッテリーが21時間ほど持ちました。説明書が分かりにくいのが残念です。同じ物をもう一つ買おうか検討中です。バッテリーは21時間前後持ちました。色は写真で見た印象とほぼ同じです。説明書が分かりにくかったです。説明書が分かりにくいです。自宅と職場の両方で使う予定です。家族へのプレゼント用に買いました。バッテリーが21時間くらい持ちます。,到着までが速い。電池の持続時間が長い。同梱資料の品質が低い。,発送が早くて2日で届きました。バッテリーは21時間前後持ちました。説明書が分かりにくく設定に手間取りました。,到着までが速い。電池の持続時間が長い。同梱資料の品質が低い。なおソライロ製で保証は86か月です。
D0252,アカネ電機,10,2,使い始めてまだ日が浅いです。発送が早くて2日で届きました。自宅と職場の両方で使う予定です。発送が早いので2日で届きました。同じ物をもう一つ買おうか検討中です。週末にしか使っていないので耐久性はまだ分かりません。バッテリーが22時間ほど持ちました。色は写真で見た印象とほぼ同じです。家族へのプレゼント用に買いました。バッテリーの持ちが22時間ほどで良いです。,電池の持続時間が長い。到着までが速い。,バッテリーの持ちが22時間ほどで良いです。発送が早いので2日で届きました。,電池の持続時間が長い。到着までが速い。なおミドリワークス製で保証は74か月です。
D0253,ノースピーク,14,3,装着感が軽く疲れにくいです。音質がこの値段のわりに良いと感じました。装着感が軽くて長時間でも平気でした。バッテリーは9時間前後持ちました。バッテリーが9時間ほど持ちました。バッテリーが9時間くらい持ちます。装着感が軽いので長時間でも疲れません。使い始めてまだ日が浅いです。色は写真で見た印象とほぼ同じです。音質がこの値段のわりに良いです。週末にしか使っていないので耐久性はまだ分かりません。特に不満は今のところありません。自宅と職場の両方で使う予定です。音質が値段のわりに良かったです。,コストパフォーマンスに優れる。電池の持続時間が長い。長時間の使用でも負担が少ない。,音質がこの値段のわりに良いです。バッテリーが9時間ほど持ちました。装着感が軽く疲れにくいです。,コストパフォーマンスに優れる。電池の持続時間が長い。長時間の使用でも負担が少ない。なおアカネ電機製で保証は58か月です。
D0254,ハヤブサ,15,3,ハヤブサのサポート対応が丁寧でした。箱は少し大きめでした。家族へのプレゼント用に買いました。ハヤブサのサポート対応が丁寧です。以前は別のメーカーの物を使っていました。色は写真で見た印象とほぼ同じです。ハヤブサのサポート対応が丁寧で助かりました。発送が早いので1日で届きました。自宅と職場の両方で使う予定です。バッテリーが32時間くらい持ちます。ハヤブサのサポート対応が丁寧だと感じました。発送が早くて1日で届きました。バッテリーが32時間ほど持ちました。バッテリーは32時間前後持ちました。使い始めてまだ日が浅いです。,到着までが速い。電池の持続時間が長い。問い合わせ窓口の品質が高い。,発送が早くて1日で届きました。バッテリーが32時間ほど持ちました。ハヤブサのサポート対応が丁寧です。,到着までが速い。電池の持続時間が長い。問い合わせ窓口の品質が高い。なおアカネ電機製で保証は62か月です。
D0255,ノースピーク,14,3,バッテリーが40時間ほど持ちました。色は写真で見た印象とほぼ同じです。梱包はごく普通の段ボールでした。説明書が分かりにくく設定に手間取りました。ノースピークのサポート対応が丁寧だと感じました。ノースピークのサポート対応が丁寧でした。バッテリーは40時間前後持ちました。ノースピークのサポート対応が丁寧で助かりました。説明書が分かりにくいのが残念です。バッテリーが40時間くらい持ちます。家族へのプレゼント用に買いました。説明書が分かりにくいです。友人に勧められて購入を決めました。特に不満は今のところありません。,同梱資料の品質が低い。問い合わせ窓口の品質が高い。電池の持続時間が長い。,説明書が分かりにくいです。ノースピークのサポート対応が丁寧で助かりました。バッテリーは40時間前後持ちました。,同梱資料の品質が低い。問い合わせ窓口の品質が高い。電池の持続時間が長い。なおハヤブサ製で保証は80か月です。
D0256,ミドリワークス,11,2,以前は別のメーカーの物を使っていました。装着感が軽いので長時間でも疲れません。週末にしか使っていないので耐久性はまだ分かりません。特に不満は今のところありません。音質が値段のわりに良かったです。音質は27599円という値段のわりに良いと思います。色は写真で見た印象とほぼ同じです。自宅と職場の両方で使う予定です。装着感が軽くて疲れません。梱包はごく普通の段ボールでした。使い始めてまだ日が浅いです。,長時間の使用でも負担が少ない。コストパフォーマンスに優れる。,装着感が軽くて疲れません。音質は27599円という値段のわりに良いと思います。,長時間の使用でも負担が少ない。コストパフォーマンスに優れる。なおハヤブサ製で保証は91か月です。
D0257,ソライロ,15,3,装着感が軽くて長時間でも平気でした。箱は少し大きめでした。装着感が軽いので長時間でも疲れません。バッテリーが37時間くらい持ちます。バッテリーは37時間前後持ちました。ソライロのサポート対応が丁寧です。バッテリーが37時間ほど持ちました。装着感が軽く疲れにくいです。同じ物をもう一つ買おうか検討中です。レビューを見てから買うか迷いました。ソライロのサポート対応が丁寧だと感じました。家族へのプレゼント用に買いました。ソライロのサポート対応が丁寧でした。友人に勧められて購入を決めました。ソライロのサポート対応が丁寧で助かりました。,問い合わせ窓口の品質が高い。電池の持続時間が長い。長時間の使用でも負担が少ない。,ソライロのサポート対応が丁寧です。バッテリーが37時間ほど持ちました。装着感が軽くて長時間でも平気でした。,問い合わせ窓口の品質が高い。電池の持続時間が長い。長時間の使用でも負担が少ない。なおミドリワークス製で保証は95か月です。
D0258,ソライロ,8,2,色は写真で見た印象とほぼ同じです。梱包はごく普通の段ボールでした。発送が早くて1日で届きました。装着感が軽くて長時間でも平気でした。箱は少し大きめでした。使い始めてまだ日が浅いです。発送が早くて注文から1日で届きました。装着感が軽く疲れにくいです。,長時間の使用でも負担が少ない。到着までが速い。,装着感が軽く疲れにくいです。発送が早くて注文から1日で届きました。,長時間の使用でも負担が少ない。到着までが速い。なおミドリワークス製で保証は95か月です。
D0259,ハヤブサ,11,2,音質がこの値段のわりに良いです。ハヤブサのサポート対応が丁寧です。レビューを見てから買うか迷いました。使い始めてまだ日が浅いです。音質がこの値段のわりに良いと感じました。友人に勧められて購入を決めました。色は写真で見た印象とほぼ同じです。家族へのプレゼント用に買いました。音質は16764円という値段のわりに良いと思います。梱包はごく普通の段ボールでした。ハヤブサのサポート対応が丁寧だと感じました。,コストパフォーマンスに優れる。問い合わせ窓口の品質が高い。,音質がこの値段のわりに良いと感じました。ハヤブサのサポート対応が丁寧だと感じました。,コストパフォーマンスに優れる。問い合わせ窓口の品質が高い。なおアカネ電機製で保証は57か月です。
D0260,アカネ電機,13,3,発送が早いので1日で届きました。音質は10857円という値段のわりに良いと思います。同じ物をもう一つ買おうか検討中です。音質が値段のわりに良かったです。音質がこの値段のわりに良いと感じました。家族へのプレゼント用に買いました。アカネ電機のサポート対応が丁寧で助かりました。発送が早くて注文から1日で届きました。特に不満は今のところありません。発送が早く1日で届いています。アカネ電機のサポート対応が丁寧です。アカネ電機のサポート対応が丁寧でした。友人に勧められて購入を決めました。,到着までが速い。コストパフォーマンスに優れる。問い合わせ窓口の品質が高い。,発送が早くて注文から1日で届きました。音質は10857円という値段のわりに良いと思います。アカネ電機のサポート対応が丁寧です。,到着までが速い。コストパフォーマンスに優れる。問い合わせ窓口の品質が高い。なおミドリワークス製で保証は82か月です。
D0261,ノースピーク,15,2,発送が早くて1日で届きました。箱は少し大きめでした。同じ物をもう一つ買おうか検討中です。バッテリーが40時間ほど持ちました。以前は別のメーカーの物を使っていました。発送が早いので1日で届きました。バッテリーが40時間くらい持ちます。レビューを見てから買うか迷いました。自宅と職場の両方で使う予定です。発送が早くて注文から1日で届きました。特に不満は今のところありません。バッテリーの持ちが40時間ほどで良いです。使い始めてまだ日が浅いです。バッテリーは40時間前後持ちました。発送が早く1日で届いています。,電池の持続時間が長い。到着までが速い。,バッテリーが40時間くらい持ちます。発送が早く1日で届いています。,電池の持続時間が長い。到着までが速い。なおハヤブサ製で保証は66か月です。
D0262,ソライロ,14,2,色は写真で見た印象とほぼ同じです。梱包はごく普通の段ボールでした。説明書が分かりにくかったです。ソライロのサポート対応が丁寧だと感じました。説明書が分かりにくいのが残念です。ソライロのサポート対応が丁寧でした。同じ物をもう一つ買おうか検討中です。説明書が分かりにくいです。週末にしか使っていないので耐久性はまだ分かりません。ソライロのサポート対応が丁寧です。使い始めてまだ日が浅いです。説明書が分かりにくく設定に手間取りました。以前は別のメーカーの物を使っていました。家族へのプレゼント用に買いました。,同梱資料の品質が低い。問い合わせ窓口の品質が高い。,説明書が分かりにくいです。ソライロのサポート対応が丁寧です。,同梱資料の品質が低い。問い合わせ窓口の品質が高い。なおハヤブサ製で保証は72か月です。
D0263,ソライロ,10,2,週末にしか使っていないので耐久性はまだ分かりません。音質が値段のわりに良かったです。色は写真で見た印象とほぼ同じです。発送が早くて注文から3日で届きました。音質は26140円という値段のわりに良いと思います。自宅と職場の両方で使う予定です。箱は少し大きめでした。特に不満は今のところありません。家族へのプレゼント用に買いました。発送が早くて3日で届きました。,コストパフォーマンスに優れる。到着までが速い。,音質は26140円という値段のわりに良いと思います。発送が早くて3日で届きました。,コストパフォーマンスに優れる。到着までが速い。なおハヤブサ製で保証は68か月です。
D0264,ミドリワークス,16,3,週末にしか使っていないので耐久性はまだ分かりません。以前は別のメーカーの物を使っていました。ミドリワークスのサポート対応が丁寧でした。特に不満は今のところありません。梱包はごく普通の段ボールでした。発送が早くて注文から1日で届きました。ミドリワークスのサポート対応が丁寧で助かりました。色は写真で見た印象とほぼ同じです。発送が早くて1日で届きました。ミドリワークスのサポート対応が丁寧だと感じました。装着感が軽くて疲れません。装着感が軽く疲れにくいです。友人に勧められて購入を決めました。装着感が軽いので長時間でも疲れません。発送が早いので1日で届きました。家族へのプレゼント用に買いました。,到着までが速い。問い合わせ窓口の品質が高い。長時間の使用でも負担が少ない。,発送が早いので1日で届きました。ミドリワークスのサポート対応が丁寧でした。装着感が軽くて疲れません。,到着までが速い。問い合わせ窓口の品質が高い。長時間の使用でも負担が少ない。なおハヤブサ製で保証は73か月です。
D0265,ノースピーク,12,2,梱包はごく普通の段ボールでした。発送が早くて2日で届きました。週末にしか使っていないので耐久性はまだ分かりません。友人に勧められて購入を決めました。レビューを見てから買うか迷いました。色は写真で見た印象とほぼ同じです。発送が早くて注文から2日で届きました。家族へのプレゼント用に買いました。発送が早く2日で届いています。ノースピークのサポート対応が丁寧でした。同じ物をもう一つ買おうか検討中です。ノースピークのサポート対応が丁寧です。,到着までが速い。問い合わせ窓口の品質が高い。,発送が早くて注文から2日で届きました。ノースピークのサポート対応が丁寧です。,到着までが速い。問い合わせ窓口の品質が高い。なおアカネ電機製で保証は67か月です。
D0266,ハヤブサ,18,3,ハヤブサのサポート対応が丁寧で助かりました。説明書が分かりにくいです。色は写真で見た印象とほぼ同じです。説明書が分かりにくいのが残念です。特に不満は今のところありません。装着感が軽く疲れにくいです。ハヤブサのサポート対応が丁寧でした。友人に勧められて購入を決めました。同じ物をもう一つ買おうか検討中です。ハヤブサのサポート対応が丁寧です。週末にしか使っていないので耐久性はまだ分かりません。ハヤブサのサポート対応が丁寧だと感じました。装着感が軽くて疲れません。レビューを見てから買うか迷いました。装着感が軽いので長時間でも疲れません。使い始めてまだ日が浅いです。説明書が分かりにくく設定に手間取りました。装着感が軽くて長時間でも平気でした。,問い合わせ窓口の品質が高い。長時間の使用でも負担が少ない。同梱資料の品質が低い。,ハヤブサのサポート対応が丁寧でした。装着感が軽く疲れにくいです。説明書が分かりにくいのが残念です。,問い合わせ窓口の品質が高い。長時間の使用でも負担が少ない。同梱資料の品質が低い。なおアカネ電機製で保証は96か月です。
D0267,アカネ電機,15,3,音質が値段のわりに良かったです。説明書が分かりにくく設定に手間取りました。装着感が軽くて長時間でも平気でした。色は写真で見た印象とほぼ同じです。家族へのプレゼント用に買いました。自宅と職場の両方で使う予定です。説明書が分かりにくいのが残念です。装着感が軽くて疲れません。レビューを見てから買うか迷いました。音質は5193円という値段のわりに良いと思います。装着感が軽いので長時間でも疲れません。説明書が分かりにくいです。説明書が分かりにくかったです。音質がこの値段のわりに良いと感じました。箱は少し大きめでした。,コストパフォーマンスに優れる。長時間の使用でも負担が少ない。同梱資料の品質が低い。,音質が値段のわりに良かったです。装着感が軽いので長時間でも疲れません。説明書が分かりにくく設定に手間取りました。,コストパフォーマンスに優れる。長時間の使用でも負担が少ない。同梱資料の品質が低い。なおソライロ製で保証は85か月です。
D0268,ミドリワークス,10,2,色は写真で見た印象とほぼ同じです。音質がこの値段のわりに良いと感じました。同じ物をもう一つ買おうか検討中です。音質が値段のわりに良かったです。使い始めてまだ日が浅いです。発送が早く2日で届いています。発送が早いので2日で届きました。音質がこの値段のわりに良いです。音質は21613円という値段のわりに良いと思います。友人に勧められて購入を決めました。,コストパフォーマンスに優れる。到着までが速い。,音質がこの値段のわりに良いです。発送が早く2日で届いています。,コストパフォーマンスに優れる。到着までが速い。なおハヤブサ製で保証は72か月です。
D0269,ノースピーク,13,2,装着感が軽くて疲れません。友人に勧められて購入を決めました。装着感が軽く疲れにくいです。色は写真で見た印象とほぼ同じです。装着感が軽くて長時間でも平気でした。バッテリーは13時間前後持ちました。バッテリーが13時間くらい持ちます。使い始めてまだ日が浅いです。週末にしか使っていないので耐久性はまだ分かりません。同じ物をもう一つ買おうか検討中です。箱は少し大きめでした。梱包はごく普通の段ボールでした。バッテリーが13時間ほど持ちました。,長時間の使用でも負担が少ない。電池の持続時間が長い。,装着感が軽く疲れにくいです。バッテリーが13時間ほど持ちました。,長時間の使用でも負担が少ない。電池の持続時間が長い。なおミドリワークス製で保証は69か月です。
D0270,ノースピーク,8,2,レビューを見てから買うか迷いました。発送が早くて注文から4日で届きました。バッテリーが22時間くらい持ちます。特に不満は今のところありません。同じ物をもう一つ買おうか検討中です。発送が早く4日で届いています。友人に勧められて購入を決めました。バッテリーの持ちが22時間ほどで良いです。,電池の持続時間が長い。到着までが速い。,バッテリーが22時間くらい持ちます。発送が早くて注文から4日で届きました。,電池の持続時間が長い。到着までが速い。なおソライロ製で保証は63か月です。
D0271,アカネ電機,13,2,使い始めてまだ日が浅いです。同じ物をもう一つ買おうか検討中です。音質が値段のわりに良かったです。家族へのプレゼント用に買いました。音質がこの値段のわりに良いと感じました。レビューを見てから買うか迷いました。特に不満は今のところありません。自宅と職場の両方で使う予定です。バッテリーが23時間ほど持ちました。バッテリーが23時間くらい持ちます。バッテリーの持ちが23時間ほどで良いです。箱は少し大きめでした。バッテリーは23時間前後持ちました。,電池の持続時間が長い。コストパフォーマンスに優れる。,バッテリーが23時間くらい持ちます。音質がこの値段のわりに良いと感じました。,電池の持続時間が長い。コストパフォーマンスに優れる。なおノースピーク製で保証は54か月です。
D0272,アカネ電機,11,2,装着感が軽く疲れにくいです。説明書が分かりにくいです。装着感が軽くて長時間でも平気でした。家族へのプレゼント用に買いました。友人に勧められて購入を決めました。説明書が分かりにくいのが残念です。箱は少し大きめでした。同じ物をもう一つ買おうか検討中です。以前は別のメーカーの物を使っていました。色は写真で見た印象とほぼ同じです。特に不満は今のところありません。,同梱資料の品質が低い。長時間の使用でも負担が少ない。,説明書が分かりにくいのが残念です。装着感が軽くて長時間でも平気でした。,同梱資料の品質が低い。長時間の使用でも負担が少ない。なおミドリワークス製で保証は78か月です。
D0273,アカネ電機,15,3,同じ物をもう一つ買おうか検討中です。色は写真で見た印象とほぼ同じです。説明書が分かりにくいです。説明書が分かりにくかったです。説明書が分かりにくく設定に手間取りました。説明書が分かりにくいのが残念です。装着感が軽くて疲れません。バッテリーの持ちが15時間ほどで良いです。使い始めてまだ日が浅いです。自宅と職場の両方で使う予定です。週末にしか使っていないので耐久性はまだ分かりません。装着感が軽く疲れにくいです。レビューを見てから買うか迷いました。バッテリーが15時間くらい持ちます。友人に勧められて購入を決めました。,電池の持続時間が長い。同梱資料の品質が低い。長時間の使用でも負担が少ない。,バッテリーが15時間くらい持ちます。説明書が分かりにくく設定に手間取りました。装着感が軽く疲れにくいです。,電池の持続時間が長い。同梱資料の品質が低い。長時間の使用でも負担が少ない。なおノースピーク製で保証は77か月です。
D0274,アカネ電機,12,2,音質がこの値段のわりに良いです。使い始めてまだ日が浅いです。友人に勧められて購入を決めました。以前は別のメーカーの物を使っていました。自宅と職場の両方で使う予定です。梱包はごく普通の段ボールでした。説明書が分かりにくかったです。同じ物をもう一つ買おうか検討中です。音質がこの値段のわりに良いと感じました。色は写真で見た印象とほぼ同じです。音質は13593円という値段のわりに良いと思います。説明書が分かりにくいです。,同梱資料の品質が低い。コストパフォーマンスに優れる。,説明書が分かりにくかったです。音質は13593円という値段のわりに良いと思います。,同梱資料の品質が低い。コストパフォーマンスに優れる。なおソライロ製で保証は67か月です。
D0275,ミドリワークス,14,3,音質が値段のわりに良かったです。ミドリワークスのサポート対応が丁寧で助かりました。梱包はごく普通の段ボールでした。以前は別のメーカーの物を使っていました。装着感が軽くて長時間でも平気でした。箱は少し大きめでした。装着感が軽いので長時間でも疲れません。ミドリワークスのサポート対応が丁寧だと感じました。音質がこの値段のわりに良いです。色は写真で見た印象とほぼ同じです。ミドリワークスのサポート対応が丁寧でした。レビューを見てから買うか迷いました。ミドリワークスのサポート対応が丁寧です。音質がこの値段のわりに良いと感じました。,問い合わせ窓口の品質が高い。長時間の使用でも負担が少ない。コストパフォーマンスに優れる。,ミドリワークスのサポート対応が丁寧だと感じました。装着感が軽くて長時間でも平気でした。音質が値段のわりに良かったです。,問い合わせ窓口の品質が高い。長時間の使用でも負担が少ない。コストパフォーマンスに優れる。なおアカネ電機製で保証は75か月です。
D0276,ミドリワークス,12,3,装着感が軽いので長時間でも疲れません。説明書が分かりにくく設定に手間取りました。説明書が分かりにくいです。装着感が軽くて長時間でも平気でした。音質がこの値段のわりに良いです。音質がこの値段のわりに良いと感じました。友人に勧められて購入を決めました。装着感が軽く疲れにくいです。色は写真で見た印象とほぼ同じです。同じ物をもう一つ買おうか検討中です。装着感が軽くて疲れません。箱は少し大きめでした。,同梱資料の品質が低い。長時間の使用でも負担が少ない。コストパフォーマンスに優れる。,説明書が分かりにくく設定に手間取りました。装着感が軽くて疲れません。音質がこの値段のわりに良いと感じました。,同梱資料の品質が低い。長時間の使用でも負担が少ない。コストパフォーマンスに優れる。なおノースピーク製で保証は78か月です。
D0277,ミドリワークス,14,2,説明書が分かりにくく設定に手間取りました。以前は別のメーカーの物を使っていました。箱は少し大きめでした。説明書が分かりにくかったです。色は写真で見た印象とほぼ同じです。発送が早くて注文から3日で届きました。説明書が分かりにくいです。発送が早く3日で届いています。使い始めてまだ日が浅いです。発送が早くて3日で届きました。自宅と職場の両方で使う予定です。発送が早いので3日で届きました。説明書が分かりにくいのが残念です。同じ物をもう一つ買おうか検討中です。,同梱資料の品質が低い。到着までが速い。,説明書が分かりにくいです。発送が早く3日で届いています。,同梱資料の品質が低い。到着までが速い。なおハヤブサ製で保証は85か月です。
D0278,ミドリワークス,15,3,発送が早く4日で届いています。説明書が分かりにくいのが残念です。音質がこの値段のわりに良いと感じました。梱包はごく普通の段ボールでした。説明書が分かりにくく設定に手間取りました。発送が早いので4日で届きました。発送が早くて注文から4日で届きました。友人に勧められて購入を決めました。特に不満は今のところありません。箱は少し大きめでした。使い始めてまだ日が浅いです。説明書が分かりにくかったです。説明書が分かりにくいです。以前は別のメーカーの物を使っていました。音質は20945円という値段のわりに良いと思います。,到着までが速い。同梱資料の品質が低い。コストパフォーマンスに優れる。,発送が早いので4日で届きました。説明書が分かりにくいのが残念です。音質がこの値段のわりに良いと感じました。,到着までが速い。同梱資料の品質が低い。コストパフォーマンスに優れる。なおソライロ製で保証は91か月です。
D0279,ミドリワークス,9,2,発送が早くて注文から2日で届きました。音質は29644円という値段のわりに良いと思います。梱包はごく普通の段ボールでした。同じ物をもう一つ買おうか検討中です。音質がこの値段のわりに良いと感じました。発送が早いので2日で届きました。レビューを見てから買うか迷いました。友人に勧められて購入を決めました。音質が値段のわりに良かったです。,コストパフォーマンスに優れる。到着までが速い。,音質は29644円という値段のわりに良いと思います。発送が早いので2日で届きました。,コストパフォーマンスに優れる。到着までが速い。なおハヤブサ製で保証は83か月です。
D0280,ソライロ,15,3,梱包はごく普通の段ボールでした。色は写真で見た印象とほぼ同じです。バッテリーが36時間くらい持ちます。説明書が分かりにくいです。自宅と職場の両方で使う予定です。以前は別のメーカーの物を使っていました。装着感が軽いので長時間でも疲れません。友人に勧められて購入を決めました。バッテリーが36時間ほど持ちました。週末にしか使っていないので耐久性はまだ分かりません。装着感が軽くて長時間でも平気でした。装着感が軽くて疲れません。説明書が分かりにくかったです。レビューを見てから買うか迷いました。説明書が分かりにくいのが残念です。,同梱資料の品質が低い。長時間の使用でも負担が少ない。電池の持続時間が長い。,説明書が分かりにくかったです。装着感が軽くて長時間でも平気でした。バッテリーが36時間ほど持ちました。,同梱資料の品質が低い。長時間の使用でも負担が少ない。電池の持続時間が長い。なおノースピーク製で保証は74か月です。
D0281,ソライロ,11,2,装着感が軽く疲れにくいです。レビューを見てから買うか迷いました。梱包はごく普通の段ボールでした。使い始めてまだ日が浅いです。自宅と職場の両方で使う予定です。音質がこの値段のわりに良いです。装着感が軽くて疲れません。音質がこの値段のわりに良いと感じました。装着感が軽くて長時間でも平気でした。音質は21686円という値段のわりに良いと思います。友人に勧められて購入を決めました。,長時間の使用でも負担が少ない。コストパフォーマンスに優れる。,装着感が軽くて長時間でも平気でした。音質がこの値段のわりに良いと感じました。,長時間の使用でも負担が少ない。コストパフォーマンスに優れる。なおアカネ電機製で保証は51か月です。
D0282,アカネ電機,15,3,発送が早く1日で届いています。説明書が分かりにくく設定に手間取りました。発送が早くて注文から1日で届きました。装着感が軽く疲れにくいです。装着感が軽くて長時間でも平気でした。梱包はごく普通の段ボールでした。装着感が軽くて疲れません。同じ物をもう一つ買おうか検討中です。家族へのプレゼント用に買いました。友人に勧められて購入を決めました。発送が早いので1日で届きました。説明書が分かりにくいのが残念です。発送が早くて1日で届きました。特に不満は今のところありません。自宅と職場の両方で使う予定です。,長時間の使用でも負担が少ない。到着までが速い。同梱資料の品質が低い。,装着感が軽く疲れにくいです。発送が早くて注文から1日で届きました。説明書が分かりにくく設定に手間取りました。,長時間の使用でも負担が少ない。到着までが速い。同梱資料の品質が低い。なおハヤブサ製で保証は75か月です。
D0283,ノースピーク,15,3,装着感が軽くて疲れません。音質がこの値段のわりに良いです。レビューを見てから買うか迷いました。発送が早くて注文から3日で届きました。友人に勧められて購入を決めました。家族へのプレゼント用に買いました。装着感が軽く疲れにくいです。発送が早いので3日で届きました。週末にしか使っていないので耐久性はまだ分かりません。発送が早くて3日で届きました。音質が値段のわりに良かったです。発送が早く3日で届いています。自宅と職場の両方で使う予定です。梱包はごく普通の段ボールでした。装着感が軽くて長時間でも平気でした。,到着までが速い。長時間の使用でも負担が少ない。コストパフォーマンスに優れる。,発送が早いので3日で届きました。装着感が軽くて長時間でも平気でした。音質がこの値段のわりに良いです。,到着までが速い。長時間の使用でも負担が少ない。コストパフォーマンスに優れる。なおハヤブサ製で保証は93か月です。
D0284,ハヤブサ,17,3,家族へのプレゼント用に買いました。発送が早いので2日で届きました。装着感が軽いので長時間でも疲れません。以前は別のメーカーの物を使っていました。音質がこの値段のわりに良いです。発送が早く2日で届いています。音質がこの値段のわりに良いと感じました。週末にしか使っていないので耐久性はまだ分かりません。友人に勧められて購入を決めました。発送が早くて2日で届きました。音質が値段のわりに良かったです。装着感が軽く疲れにくいです。自宅と職場の両方で使う予定です。レビューを見てから買うか迷いました。装着感が軽くて疲れません。色は写真で見た印象とほぼ同じです。発送が早くて注文から2日で届きました。,コストパフォーマンスに優れる。到着までが速い。長時間の使用でも負担が少ない。,音質がこの値段のわりに良いと感じました。発送が早くて2日で届きました。装着感が軽く疲れにくいです。,コストパフォーマンスに優れる。到着までが速い。長時間の使用でも負担が少ない。なおソライロ製で保証は89か月です。
D0285,ノースピーク,11,2,発送が早く3日で届いています。音質がこの値段のわりに良いです。音質がこの値段のわりに良いと感じました。色は写真で見た印象とほぼ同じです。音質は15611円という値段のわりに良いと思います。同じ物をもう一つ買おうか検討中です。発送が早くて注文から3日で届きました。週末にしか使っていないので耐久性はまだ分かりません。レビューを見てから買うか迷いました。発送が早くて3日で届きました。発送が早いので3日で届きました。,コストパフォーマンスに優れる。到着までが速い。,音質は15611円という値段のわりに良いと思います。発送が早くて3日で届きました。,コストパフォーマンスに優れる。到着までが速い。なおミドリワークス製で保証は82か月です。
D0286,ソライロ,14,2,特に不満は今のところありません。ソライロのサポート対応が丁寧だと感じました。以前は別のメーカーの物を使っていました。箱は少し大きめでした。装着感が軽くて疲れません。同じ物をもう一つ買おうか検討中です。自宅と職場の両方で使う予定です。ソライロのサポート対応が丁寧です。装着感が軽く疲れにくいです。装着感が軽いので長時間でも疲れません。装着感が軽くて長時間でも平気でした。ソライロのサポート対応が丁寧で助かりました。ソライロのサポート対応が丁寧でした。色は写真で見た印象とほぼ同じです。,問い合わせ窓口の品質が高い。長時間の使用でも負担が少ない。,ソライロのサポート対応が丁寧です。装着感が軽くて疲れません。,問い合わせ窓口の品質が高い。長時間の使用でも負担が少ない。なおハヤブサ製で保証は54か月です。
D0287,ソライロ,13,2,音質がこの値段のわりに良いと感じました。自宅と職場の両方で使う予定です。以前は別のメーカーの物を使っていました。友人に勧められて購入を決めました。週末にしか使っていないので耐久性はまだ分かりません。バッテリーが23時間ほど持ちました。特に不満は今のところありません。家族へのプレゼント用に買いました。バッテリーが23時間くらい持ちます。梱包はごく普通の段ボールでした。バッテリーの持ちが23時間ほどで良いです。音質が値段のわりに良かったです。音質がこの値段のわりに良いです。,電池の持続時間が長い。コストパフォーマンスに優れる。,バッテリーの持ちが23時間ほどで良いです。音質が値段のわりに良かったです。,電池の持続時間が長い。コストパフォーマンスに優れる。なおノースピーク製で保証は56か月です。
D0288,ミドリワークス,11,3,音質がこの値段のわりに良いと感じました。発送が早いので3日で届きました。週末にしか使っていないので耐久性はまだ分かりません。発送が早くて注文から3日で届きました。梱包はごく普通の段ボールでした。家族へのプレゼント用に買いました。音質は3355円という値段のわりに良いと思います。バッテリーが16時間くらい持ちます。同じ物をもう一つ買おうか検討中です。バッテリーは16時間前後持ちました。友人に勧められて購入を決めました。,コストパフォーマンスに優れる。電池の持続時間が長い。到着までが速い。,音質がこの値段のわりに良いと感じました。バッテリーが16時間くらい持ちます。発送が早いので3日で届きました。,コストパフォーマンスに優れる。電池の持続時間が長い。到着までが速い。なおノースピーク製で保証は68か月です。
D0289,ノースピーク,11,2,ノースピークのサポート対応が丁寧で助かりました。使い始めてまだ日が浅いです。以前は別のメーカーの物を使っていました。色は写真で見た印象とほぼ同じです。装着感が軽くて疲れません。装着感が軽く疲れにくいです。ノースピークのサポート対応が丁寧だと感じました。同じ物をもう一つ買おうか検討中です。ノースピークのサポート対応が丁寧です。装着感が軽いので長時間でも疲れません。自宅と職場の両方で使う予定です。,長時間の使用でも負担が少ない。問い合わせ窓口の品質が高い。,装着感が軽くて疲れません。ノースピークのサポート対応が丁寧で助かりました。,長時間の使用でも負担が少ない。問い合わせ窓口の品質が高い。なおアカネ電機製で保証は63か月です。
D0290,アカネ電機,12,2,レビューを見てから買うか迷いました。以前は別のメーカーの物を使っていました。発送が早く4日で届いています。色は写真で見た印象とほぼ同じです。箱は少し大きめでした。音質がこの値段のわりに良いと感じました。発送が早いので4日で届きました。音質は9947円という値段のわりに良いと思います。使い始めてまだ日が浅いです。音質がこの値段のわりに良いです。発送が早くて4日で届きました。同じ物をもう一つ買おうか検討中です。,コストパフォーマンスに優れる。到着までが速い。,音質がこの値段のわりに良いです。発送が早く4日で届いています。,コストパフォーマンスに優れる。到着までが速い。なおハヤブサ製で保証は52か月です。
D0291,ノースピーク,15,3,音質が値段のわりに良かったです。発送が早くて1日で届きました。バッテリーは5時間前後持ちました。発送が早いので1日で届きました。家族へのプレゼント用に買いました。音質がこの値段のわりに良いです。使い始めてまだ日が浅いです。自宅と職場の両方で使う予定です。週末にしか使っていないので耐久性はまだ分かりません。色は写真で見た印象とほぼ同じです。バッテリーが5時間くらい持ちます。レビューを見てから買うか迷いました。音質は26676円という値段のわりに良いと思います。音質がこの値段のわりに良いと感じました。友人に勧められて購入を決めました。,電池の持続時間が長い。コストパフォーマンスに優れる。到着までが速い。,バッテリーは5時間前後持ちました。音質は26676円という値段のわりに良いと思います。発送が早いので1日で届きました。,電池の持続時間が長い。コストパフォーマンスに優れる。到着までが速い。なおソライロ製で保証は76か月です。
D0292,ミドリワークス,16,3,発送が早くて注文から3日で届きました。ミドリワークスのサポート対応が丁寧でした。装着感が軽くて疲れません。使い始めてまだ日が浅いです。友人に勧められて購入を決めました。発送が早く3日で届いています。以前は別のメーカーの物を使っていました。ミドリワークスのサポート対応が丁寧だと感じました。箱は少し大きめでした。装着感が軽くて長時間でも平気でした。色は写真で見た印象とほぼ同じです。特に不満は今のところありません。ミドリワークスのサポート対応が丁寧です。ミドリワークスのサポート対応が丁寧で助かりました。装着感が軽く疲れにくいです。梱包はごく普通の段ボールでした。,到着までが速い。問い合わせ窓口の品質が高い。長時間の使用でも負担が少ない。,発送が早く3日で届いています。ミドリワークスのサポート対応が丁寧でした。装着感が軽く疲れにくいです。,到着までが速い。問い合わせ窓口の品質が高い。長時間の使用でも負担が少ない。なおソライロ製で保証は67か月です。
D0293,ミドリワークス,9,2,説明書が分かりにくく設定に手間取りました。同じ物をもう一つ買おうか検討中です。発送が早くて注文から3日で届きました。週末にしか使っていないので耐久性はまだ分かりません。梱包はごく普通の段ボールでした。自宅と職場の両方で使う予定です。発送が早くて3日で届きました。説明書が分かりにくかったです。使い始めてまだ日が浅いです。,同梱資料の品質が低い。到着までが速い。,説明書が分かりにくく設定に手間取りました。発送が早くて3日で届きました。,同梱資料の品質が低い。到着までが速い。なおソライロ製で保証は81か月です。
D0294,アカネ電機,11,3,アカネ電機のサポート対応が丁寧だと感じました。色は写真で見た印象とほぼ同じです。発送が早く3日で届いています。バッテリーの持ちが11時間ほどで良いです。アカネ電機のサポート対応が丁寧でした。同じ物をもう一つ買おうか検討中です。発送が早くて3日で届きました。箱は少し大きめでした。バッテリーは11時間前後持ちました。使い始めてまだ日が浅いです。バッテリーが11時間ほど持ちました。,到着までが速い。電池の持続時間が長い。問い合わせ窓口の品質が高い。,発送が早く3日で届いています。バッテリーが11時間ほど持ちました。アカネ電機のサポート対応が丁寧だと感じました。,到着までが速い。電池の持続時間が長い。問い合わせ窓口の品質が高い。なおミドリワークス製で保証は65か月です。
D0295,ノースピーク,15,2,使い始めてまだ日が浅いです。バッテリーは28時間前後持ちました。色は写真で見た印象とほぼ同じです。装着感が軽く疲れにくいです。装着感が軽くて長時間でも平気でした。バッテリーが28時間くらい持ちます。特に不満は今のところありません。バッテリーの持ちが28時間ほどで良いです。同じ物をもう一つ買おうか検討中です。装着感が軽いので長時間でも疲れません。自宅と職場の両方で使う予定です。レビューを見てから買うか迷いました。装着感が軽くて疲れません。友人に勧められて購入を決めました。バッテリーが28時間ほど持ちました。,電池の持続時間が長い。長時間の使用でも負担が少ない。,バッテリーが28時間ほど持ちました。装着感が軽いので長時間でも疲れません。,電池の持続時間が長い。長時間の使用でも負担が少ない。なおアカネ電機製で保証は72か月です。
D0296,ソライロ,11,2,装着感が軽くて疲れません。特に不満は今のところありません。装着感が軽いので長時間でも疲れません。色は写真で見た印象とほぼ同じです。レビューを見てから買うか迷いました。家族へのプレゼント用に買いました。ソライロのサポート対応が丁寧です。梱包はごく普通の段ボールでした。以前は別のメーカーの物を使っていました。ソライロのサポート対応が丁寧で助かりました。装着感が軽く疲れにくいです。,長時間の使用でも負担が少ない。問い合わせ窓口の品質が高い。,装着感が軽く疲れにくいです。ソライロのサポート対応が丁寧で助かりました。,長時間の使用でも負担が少ない。問い合わせ窓口の品質が高い。なおアカネ電機製で保証は61か月です。
D0297,ノースピーク,10,2,週末にしか使っていないので耐久性はまだ分かりません。箱は少し大きめでした。音質がこの値段のわりに良いです。音質は15004円という値段のわりに良いと思います。音質がこの値段のわりに良いと感じました。特に不満は今のところありません。音質が値段のわりに良かったです。バッテリーが30時間くらい持ちます。梱包はごく普通の段ボールでした。バッテリーが30時間ほど持ちました。,コストパフォーマンスに優れる。電池の持続時間が長い。,音質は15004円という値段のわりに良いと思います。バッテリーが30時間ほど持ちました。,コストパフォーマンスに優れる。電池の持続時間が長い。なおアカネ電機製で保証は91か月です。
D0298,ノースピーク,16,3,音質は9394円という値段のわりに良いと思います。週末にしか使っていないので耐久性はまだ分かりません。以前は別のメーカーの物を使っていました。音質が値段のわりに良かったです。色は写真で見た印象とほぼ同じです。ノースピークのサポート対応が丁寧で助かりました。音質がこの値段のわりに良いと感じました。音質がこの値段のわりに良いです。家族へのプレゼント用に買いました。ノースピークのサポート対応が丁寧でした。説明書が分かりにくく設定に手間取りました。ノースピークのサポート対応が丁寧です。説明書が分かりにくいのが残念です。特に不満は今のところありません。自宅と職場の両方で使う予定です。説明書が分かりにくいです。,コストパフォーマンスに優れる。同梱資料の品質が低い。問い合わせ窓口の品質が高い。,音質が値段のわりに良かったです。説明書が分かりにくく設定に手間取りました。ノースピークのサポート対応が丁寧です。,コストパフォーマンスに優れる。同梱資料の品質が低い。問い合わせ窓口の品質が高い。なおソライロ製で保証は86か月です。
D0299,アカネ電機,11,2,週末にしか使っていないので耐久性はまだ分かりません。家族へのプレゼント用に買いました。以前は別のメーカーの物を使っていました。バッテリーは9時間前後持ちました。バッテリーが9時間ほど持ちました。使い始めてまだ日が浅いです。アカネ電機のサポート対応が丁寧でした。レビューを見てから買うか迷いました。アカネ電機のサポート対応が丁寧だと感じました。バッテリーが9時間くらい持ちます。バッテリーの持ちが9時間ほどで良いです。,電池の持続時間が長い。問い合わせ窓口の品質が高い。,バッテリーの持ちが9時間ほどで良いです。アカネ電機のサポート対応が丁寧でした。,電池の持続時間が長い。問い合わせ窓口の品質が高い。なおハヤブサ製で保証は65か月です。
D0300,ソライロ,15,3,発送が早く4日で届いています。週末にしか使っていないので耐久性はまだ分かりません。レビューを見てから買うか迷いました。音質がこの値段のわりに良いです。説明書が分かりにくいのが残念です。発送が早くて注文から4日で届きました。説明書が分かりにくかったです。説明書が分かりにくく設定に手間取りました。説明書が分かりにくいです。音質が値段のわりに良かったです。同じ物をもう一つ買おうか検討中です。使い始めてまだ日が浅いです。発送が早いので4日で届きました。自宅と職場の両方で使う予定です。特に不満は今のところありません。,到着までが速い。コストパフォーマンスに優れる。同梱資料の品質が低い。,発送が早くて注文から4日で届きました。音質が値段のわりに良かったです。説明書が分かりにくいです。,到着までが速い。コストパフォーマンスに優れる。同梱資料の品質が低い。なおミドリワークス製で保証は71か月です。
D0301,ノースピーク,16,3,梱包はごく普通の段ボールでした。装着感が軽く疲れにくいです。ノースピークのサポート対応が丁寧でした。ノースピークのサポート対応が丁寧だと感じました。箱は少し大きめでした。装着感が軽いので長時間でも疲れません。音質がこの値段のわりに良いと感じました。装着感が軽くて疲れません。同じ物をもう一つ買おうか検討中です。家族へのプレゼント用に買いました。友人に勧められて購入を決めました。特に不満は今のところありません。装着感が軽くて長時間でも平気でした。音質は4207円という値段のわりに良いと思います。音質が値段のわりに良かったです。自宅と職場の両方で使う予定です。,問い合わせ窓口の品質が高い。コストパフォーマンスに優れる。長時間の使用でも負担が少ない。,ノースピークのサポート対応が丁寧だと感じました。音質がこの値段のわりに良いと感じました。装着感が軽くて長時間でも平気でした。,問い合わせ窓口の品質が高い。コストパフォーマンスに優れる。長時間の使用でも負担が少ない。なおソライロ製で保証は74か月です。
D0302,アカネ電機,10,2,バッテリーが21時間くらい持ちます。家族へのプレゼント用に買いました。自宅と職場の両方で使う予定です。使い始めてまだ日が浅いです。アカネ電機のサポート対応が丁寧だと感じました。アカネ電機のサポート対応が丁寧です。アカネ電機のサポート対応が丁寧で助かりました。特に不満は今のところありません。バッテリーの持ちが21時間ほどで良いです。アカネ電機のサポート対応が丁寧でした。,電池の持続時間が長い。問い合わせ窓口の品質が高い。,バッテリーが21時間くらい持ちます。アカネ電機のサポート対応が丁寧で助かりました。,電池の持続時間が長い。問い合わせ窓口の品質が高い。なおソライロ製で保証は85か月です。
D0303,ハヤブサ,16,3,特に不満は今のところありません。発送が早くて注文から4日で届きました。友人に勧められて購入を決めました。色は写真で見た印象とほぼ同じです。発送が早く4日で届いています。発送が早くて4日で届きました。家族へのプレゼント用に買いました。同じ物をもう一つ買おうか検討中です。説明書が分かりにくかったです。箱は少し大きめでした。説明書が分かりにくいです。装着感が軽くて長時間でも平気でした。装着感が軽く疲れにくいです。装着感が軽くて疲れません。使い始めてまだ日が浅いです。説明書が分かりにくいのが残念です。,到着までが速い。同梱資料の品質が低い。長時間の使用でも負担が少ない。,発送が早くて4日で届きました。説明書が分かりにくかったです。装着感が軽くて長時間でも平気でした。,到着までが速い。同梱資料の品質が低い。長時間の使用でも負担が少ない。なおノースピーク製で保証は82か月です。
D0304,ハヤブサ,13,2,装着感が軽く疲れにくいです。箱は少し大きめでした。週末にしか使っていないので耐久性はまだ分かりません。友人に勧められて購入を決めました。バッテリーは39時間前後持ちました。装着感が軽くて長時間でも平気でした。同じ物をもう一つ買おうか検討中です。装着感が軽いので長時間でも疲れません。色は写真で見た印象とほぼ同じです。バッテリーが39時間ほど持ちました。バッテリーの持ちが39時間ほどで良いです。装着感が軽くて疲れません。レビューを見てから買うか迷いました。,電池の持続時間が長い。長時間の使用でも負担が少ない。,バッテリーの持ちが39時間ほどで良いです。装着感が軽くて長時間でも平気でした。,電池の持続時間が長い。長時間の使用でも負担が少ない。なおソライロ製で保証は98か月です。
D0305,ハヤブサ,13,2,バッテリーが10時間くらい持ちます。家族へのプレゼント用に買いました。発送が早く3日で届いています。発送が早くて3日で届きました。特に不満は今のところありません。使い始めてまだ日が浅いです。バッテリーの持ちが10時間ほどで良いです。同じ物をもう一つ買おうか検討中です。友人に勧められて購入を決めました。梱包はごく普通の段ボールでした。週末にしか使っていないので耐久性はまだ分かりません。発送が早くて注文から3日で届きました。バッテリーが10時間ほど持ちました。,到着までが速い。電池の持続時間が長い。,発送が早くて注文から3日で届きました。バッテリーが10時間ほど持ちました。,到着までが速い。電池の持続時間が長い。なおソライロ製で保証は77か月です。
D0306,ノースピーク,13,2,梱包はごく普通の段ボールでした。使い始めてまだ日が浅いです。音質がこの値段のわりに良いと感じました。音質は25032円という値段のわりに良いと思います。以前は別のメーカーの物を使っていました。同じ物をもう一つ買おうか検討中です。音質がこの値段のわりに良いです。レビューを見てから買うか迷いました。自宅と職場の両方で使う予定です。音質が値段のわりに良かったです。ノースピークのサポート対応が丁寧でした。ノースピークのサポート対応が丁寧です。友人に勧められて購入を決めました。,コストパフォーマンスに優れる。問い合わせ窓口の品質が高い。,音質が値段のわりに良かったです。ノースピークのサポート対応が丁寧です。,コストパフォーマンスに優れる。問い合わせ窓口の品質が高い。なおハヤブサ製で保証は65か月です。
D0307,ソライロ,16,3,説明書が分かりにくいです。バッテリーの持ちが20時間ほどで良いです。箱は少し大きめでした。発送が早く4日で届いています。自宅と職場の両方で使う予定です。説明書が分かりにくく設定に手間取りました。同じ物をもう一つ買おうか検討中です。レビューを見てから買うか迷いました。友人に勧められて購入を決めました。梱包はごく普通の段ボールでした。以前は別のメーカーの物を使っていました。発送が早くて注文から4日で届きました。バッテリーが20時間くらい持ちます。発送が早くて4日で届きました。バッテリーは20時間前後持ちました。発送が早いので4日で届きました。,到着までが速い。電池の持続時間が長い。同梱資料の品質が低い。,発送が早くて注文から4日で届きました。バッテリーは20時間前後持ちました。説明書が分かりにくく設定に手間取りました。,到着までが速い。電池の持続時間が長い。同梱資料の品質が低い。なおハヤブサ製で保証は59か月です。
D0308,ミドリワークス,15,3,説明書が分かりにくいです。自宅と職場の両方で使う予定です。音質がこの値段のわりに良いです。音質が値段のわりに良かったです。友人に勧められて購入を決めました。家族へのプレゼント用に買いました。音質がこの値段のわりに良いと感じました。説明書が分かりにくく設定に手間取りました。梱包はごく普通の段ボールでした。色は写真で見た印象とほぼ同じです。同じ物をもう一つ買おうか検討中です。発送が早くて3日で届きました。説明書が分かりにくいのが残念です。発送が早いので3日で届きました。発送が早くて注文から3日で届きました。,同梱資料の品質が低い。到着までが速い。コストパフォーマンスに優れる。,説明書が分かりにくいです。発送が早くて注文から3日で届きました。音質がこの値段のわりに良いです。,同梱資料の品質が低い。到着までが速い。コストパフォーマンスに優れる。なおアカネ電機製で保証は61か月です。
D0309,アカネ電機,16,3,説明書が分かりにくいのが残念です。説明書が分かりにくく設定に手間取りました。同じ物をもう一つ買おうか検討中です。バッテリーが24時間くらい持ちます。梱包はごく普通の段ボールでした。使い始めてまだ日が浅いです。バッテリーが24時間ほど持ちました。バッテリーの持ちが24時間ほどで良いです。発送が早くて1日で届きました。箱は少し大きめでした。レビューを見てから買うか迷いました。説明書が分かりにくいです。バッテリーは24時間前後持ちました。発送が早くて注文から1日で届きました。説明書が分かりにくかったです。発送が早く1日で届いています。,電池の持続時間が長い。同梱資料の品質が低い。到着までが速い。,バッテリーは24時間前後持ちました。説明書が分かりにくかったです。発送が早く1日で届いています。,電池の持続時間が長い。同梱資料の品質が低い。到着までが速い。なおノースピーク製で保証は79か月です。
D0310,ハヤブサ,12,2,週末にしか使っていないので耐久性はまだ分かりません。箱は少し大きめでした。バッテリーは21時間前後持ちました。自宅と職場の両方で使う予定です。同じ物をもう一つ買おうか検討中です。装着感が軽くて疲れません。装着感が軽くて長時間でも平気でした。バッテリーの持ちが21時間ほどで良いです。装着感が軽いので長時間でも疲れません。レビューを見てから買うか迷いました。色は写真で見た印象とほぼ同じです。家族へのプレゼント用に買いました。,電池の持続時間が長い。長時間の使用でも負担が少ない。,バッテリーの持ちが21時間ほどで良いです。装着感が軽くて長時間でも平気でした。,電池の持続時間が長い。長時間の使用でも負担が少ない。なおソライロ製で保証は57か月です。
D0311,ミドリワークス,13,3,発送が早くて2日で届きました。装着感が軽く疲れにくいです。家族へのプレゼント用に買いました。使い始めてまだ日が浅いです。バッテリーの持ちが26時間ほどで良いです。以前は別のメーカーの物を使っていました。色は写真で見た印象とほぼ同じです。発送が早くて注文から2日で届きました。装着感が軽いので長時間でも疲れません。発送が早いので2日で届きました。発送が早く2日で届いています。バッテリーは26時間前後持ちました。装着感が軽くて疲れません。,到着までが速い。電池の持続時間が長い。長時間の使用でも負担が少ない。,発送が早くて注文から2日で届きました。バッテリーは26時間前後持ちました。装着感が軽く疲れにくいです。,到着までが速い。電池の持続時間が長い。長時間の使用でも負担が少ない。なおハヤブサ製で保証は89か月です。
D0312,アカネ電機,14,2,家族へのプレゼント用に買いました。特に不満は今のところありません。装着感が軽いので長時間でも疲れません。色は写真で見た印象とほぼ同じです。装着感が軽くて長時間でも平気でした。アカネ電機のサポート対応が丁寧でした。レビューを見てから買うか迷いました。使い始めてまだ日が浅いです。装着感が軽く疲れにくいです。アカネ電機のサポート対応が丁寧で助かりました。同じ物をもう一つ買おうか検討中です。以前は別のメーカーの物を使っていました。装着感が軽くて疲れません。アカネ電機のサポート対応が丁寧だと感じました。,長時間の使用でも負担が少ない。問い合わせ窓口の品質が高い。,装着感が軽くて疲れません。アカネ電機のサポート対応が丁寧でした。,長時間の使用でも負担が少ない。問い合わせ窓口の品質が高い。なおソライロ製で保証は98か月です。
D0313,ハヤブサ,14,3,音質が値段のわりに良かったです。装着感が軽く疲れにくいです。発送が早くて3日で届きました。音質がこの値段のわりに良いです。同じ物をもう一つ買おうか検討中です。箱は少し大きめでした。装着感が軽くて長時間でも平気でした。家族へのプレゼント用に買いました。自宅と職場の両方で使う予定です。色は写真で見た印象とほぼ同じです。発送が早くて注文から3日で届きました。装着感が軽いので長時間でも疲れません。発送が早く3日で届いています。音質は17079円という値段のわりに良いと思います。,長時間の使用でも負担が少ない。到着までが速い。コストパフォーマンスに優れる。,装着感が軽く疲れにくいです。発送が早くて3日で届きました。音質がこの値段のわりに良いです。,長時間の使用でも負担が少ない。到着までが速い。コストパフォーマンスに優れる。なおアカネ電機製で保証は92か月です。
D0314,アカネ電機,14,2,バッテリーが5時間くらい持ちます。バッテリーは5時間前後持ちました。バッテリーの持ちが5時間ほどで良いです。自宅と職場の両方で使う予定です。箱は少し大きめでした。梱包はごく普通の段ボールでした。以前は別のメーカーの物を使っていました。音質がこの値段のわりに良いです。音質が値段のわりに良かったです。音質がこの値段のわりに良いと感じました。バッテリーが5時間ほど持ちました。色は写真で見た印象とほぼ同じです。同じ物をもう一つ買おうか検討中です。音質は27804円という値段のわりに良いと思います。,コストパフォーマンスに優れる。電池の持続時間が長い。,音質がこの値段のわりに良いと感じました。バッテリーは5時間前後持ちました。,コストパフォーマンスに優れる。電池の持続時間が長い。なおノースピーク製で保証は57か月です。
D0315,ミドリワークス,11,2,友人に勧められて購入を決めました。週末にしか使っていないので耐久性はまだ分かりません。レビューを見てから買うか迷いました。梱包はごく普通の段ボールでした。以前は別のメーカーの物を使っていました。装着感が軽くて疲れません。装着感が軽くて長時間でも平気でした。発送が早くて注文から1日で届きました。使い始めてまだ日が浅いです。箱は少し大きめでした。発送が早いので1日で届きました。,長時間の使用でも負担が少ない。到着までが速い。,装着感が軽くて長時間でも平気でした。発送が早いので1日で届きました。,長時間の使用でも負担が少ない。到着までが速い。なおアカネ電機製で保証は65か月です。
D0316,ハヤブサ,11,2,ハヤブサのサポート対応が丁寧だと感じました。色は写真で見た印象とほぼ同じです。発送が早くて注文から3日で届きました。使い始めてまだ日が浅いです。家族へのプレゼント用に買いました。発送が早くて3日で届きました。以前は別のメーカーの物を使っていました。ハヤブサのサポート対応が丁寧でした。発送が早いので3日で届きました。同じ物をもう一つ買おうか検討中です。ハヤブサのサポート対応が丁寧で助かりました。,到着までが速い。問い合わせ窓口の品質が高い。,発送が早いので3日で届きました。ハヤブサのサポート対応が丁寧だと感じました。,到着までが速い。問い合わせ窓口の品質が高い。なおソライロ製で保証は96か月です。
D0317,ミドリワークス,11,3,以前は別のメーカーの物を使っていました。説明書が分かりにくいのが残念です。発送が早くて4日で届きました。説明書が分かりにくかったです。音質がこの値段のわりに良いです。同じ物をもう一つ買おうか検討中です。音質が値段のわりに良かったです。箱は少し大きめでした。発送が早くて注文から4日で届きました。説明書が分かりにくく設定に手間取りました。レビューを見てから買うか迷いました。,到着までが速い。コストパフォーマンスに優れる。同梱資料の品質が低い。,発送が早くて4日で届きました。音質が値段のわりに良かったです。説明書が分かりにくかったです。,到着までが速い。コストパフォーマンスに優れる。同梱資料の品質が低い。なおノースピーク製で保証は63か月です。
D0318,ソライロ,13,2,週末にしか使っていないので耐久性はまだ分かりません。梱包はごく普通の段ボールでした。音質は28033円という値段のわりに良いと思います。発送が早くて注文から4日で届きました。音質がこの値段のわりに良いです。友人に勧められて購入を決めました。音質が値段のわりに良かったです。家族へのプレゼント用に買いました。レビューを見てから買うか迷いました。発送が早く4日で届いています。箱は少し大きめでした。発送が早くて4日で届きました。発送が早いので4日で届きました。,コストパフォーマンスに優れる。到着までが速い。,音質は28033円という値段のわりに良いと思います。発送が早くて4日で届きました。,コストパフォーマンスに優れる。到着までが速い。なおミドリワークス製で保証は54か月です。
D0319,アカネ電機,12,2,バッテリーが9時間ほど持ちました。説明書が分かりにくいのが残念です。週末にしか使っていないので耐久性はまだ分かりません。説明書が分かりにくく設定に手間取りました。箱は少し大きめでした。梱包はごく普通の段ボールでした。バッテリーは9時間前後持ちました。色は写真で見た印象とほぼ同じです。レビューを見てから買うか迷いました。バッテリーが9時間くらい持ちます。友人に勧められて購入を決めました。バッテリーの持ちが9時間ほどで良いです。,同梱資料の品質が低い。電池の持続時間が長い。,説明書が分かりにくく設定に手間取りました。バッテリーの持ちが9時間ほどで良いです。,同梱資料の品質が低い。電池の持続時間が長い。なおノースピーク製で保証は85か月です。
D0320,ノースピーク,10,2,説明書が分かりにくいのが残念です。レビューを見てから買うか迷いました。友人に勧められて購入を決めました。同じ物をもう一つ買おうか検討中です。梱包はごく普通の段ボールでした。週末にしか使っていないので耐久性はまだ分かりません。バッテリーが24時間ほど持ちました。箱は少し大きめでした。バッテリーが24時間くらい持ちます。説明書が分かりにくかったです。,電池の持続時間が長い。同梱資料の品質が低い。,バッテリーが24時間ほど持ちました。説明書が分かりにくかったです。,電池の持続時間が長い。同梱資料の品質が低い。なおハヤブサ製で保証は75か月です。
D0321,アカネ電機,12,2,以前は別のメーカーの物を使っていました。家族へのプレゼント用に買いました。特に不満は今のところありません。色は写真で見た印象とほぼ同じです。説明書が分かりにくいです。週末にしか使っていないので耐久性はまだ分かりません。アカネ電機のサポート対応が丁寧で助かりました。梱包はごく普通の段ボールでした。アカネ電機のサポート対応が丁寧だと感じました。アカネ電機のサポート対応が丁寧でした。使い始めてまだ日が浅いです。説明書が分かりにくかったです。,同梱資料の品質が低い。問い合わせ窓口の品質が高い。,説明書が分かりにくかったです。アカネ電機のサポート対応が丁寧でした。,同梱資料の品質が低い。問い合わせ窓口の品質が高い。なおノースピーク製で保証は91か月です。
D0322,ミドリワークス,11,2,家族へのプレゼント用に買いました。説明書が分かりにくいのが残念です。ミドリワークスのサポート対応が丁寧で助かりました。友人に勧められて購入を決めました。説明書が分かりにくく設定に手間取りました。色は写真で見た印象とほぼ同じです。使い始めてまだ日が浅いです。ミドリワークスのサポート対応が丁寧だと感じました。以前は別のメーカーの物を使っていました。説明書が分かりにくいです。説明書が分かりにくかったです。,同梱資料の品質が低い。問い合わせ窓口の品質が高い。,説明書が分かりにくかったです。ミドリワークスのサポート対応が丁寧で助かりました。,同梱資料の品質が低い。問い合わせ窓口の品質が高い。なおハヤブサ製で保証は82か月です。
D0323,ハヤブサ,13,3,使い始めてまだ日が浅いです。週末にしか使っていないので耐久性はまだ分かりません。レビューを見てから買うか迷いました。色は写真で見た印象とほぼ同じです。ハヤブサのサポート対応が丁寧で助かりました。発送が早くて1日で届きました。発送が早く1日で届いています。ハヤブサのサポート対応が丁寧だと感じました。以前は別のメーカーの物を使っていました。バッテリーは39時間前後持ちました。自宅と職場の両方で使う予定です。発送が早いので1日で届きました。バッテリーの持ちが39時間ほどで良いです。,到着までが速い。電池の持続時間が長い。問い合わせ窓口の品質が高い。,発送が早くて1日で届きました。バッテリーは39時間前後持ちました。ハヤブサのサポート対応が丁寧で助かりました。,到着までが速い。電池の持続時間が長い。問い合わせ窓口の品質が高い。なおミドリワークス製で保証は70か月です。
D0324,ミドリワークス,12,2,色は写真で見た印象とほぼ同じです。梱包はごく普通の段ボールでした。発送が早くて4日で届きました。音質がこの値段のわりに良いと感じました。発送が早いので4日で届きました。発送が早くて注文から4日で届きました。以前は別のメーカーの物を使っていました。使い始めてまだ日が浅いです。発送が早く4日で届いています。同じ物をもう一つ買おうか検討中です。特に不満は今のところありません。音質は21403円という値段のわりに良いと思います。,到着までが速い。コストパフォーマンスに優れる。,発送が早くて4日で届きました。音質は21403円という値段のわりに良いと思います。,到着までが速い。コストパフォーマンスに優れる。なおハヤブサ製で保証は57か月です。
D0325,ソライロ,13,3,発送が早くて注文から4日で届きました。バッテリーが19時間くらい持ちます。同じ物をもう一つ買おうか検討中です。レビューを見てから買うか迷いました。使い始めてまだ日が浅いです。ソライロのサポート対応が丁寧でした。発送が早くて4日で届きました。色は写真で見た印象とほぼ同じです。ソライロのサポート対応が丁寧です。週末にしか使っていないので耐久性はまだ分かりません。以前は別のメーカーの物を使っていました。バッテリーは19時間前後持ちました。ソライロのサポート対応が丁寧だと感じました。,問い合わせ窓口の品質が高い。電池の持続時間が長い。到着までが速い。,ソライロのサポート対応が丁寧でした。バッテリーは19時間前後持ちました。発送が早くて注文から4日で届きました。,問い合わせ窓口の品質が高い。電池の持続時間が長い。到着までが速い。なおハヤブサ製で保証は55か月です。
D0326,ノースピーク,12,2,装着感が軽くて長時間でも平気でした。装着感が軽くて疲れません。バッテリーが36時間ほど持ちました。バッテリーの持ちが36時間ほどで良いです。バッテリーは36時間前後持ちました。装着感が軽いので長時間でも疲れません。色は写真で見た印象とほぼ同じです。特に不満は今のところありません。装着感が軽く疲れにくいです。バッテリーが36時間くらい持ちます。同じ物をもう一つ買おうか検討中です。レビューを見てから買うか迷いました。,電池の持続時間が長い。長時間の使用でも負担が少ない。,バッテリーが36時間ほど持ちました。装着感が軽く疲れにくいです。,電池の持続時間が長い。長時間の使用でも負担が少ない。なおミドリワークス製で保証は92か月です。
D0327,ハヤブサ,13,3,自宅と職場の両方で使う予定です。ハヤブサのサポート対応が丁寧でした。友人に勧められて購入を決めました。説明書が分かりにくかったです。装着感が軽いので長時間でも疲れません。ハヤブサのサポート対応が丁寧で助かりました。装着感が軽くて長時間でも平気でした。同じ物をもう一つ買おうか検討中です。週末にしか使っていないので耐久性はまだ分かりません。説明書が分かりにくく設定に手間取りました。梱包はごく普通の段ボールでした。箱は少し大きめでした。以前は別のメーカーの物を使っていました。,問い合わせ窓口の品質が高い。長時間の使用でも負担が少ない。同梱資料の品質が低い。,ハヤブサのサポート対応が丁寧でした。装着感が軽いので長時間でも疲れません。説明書が分かりにくかったです。,問い合わせ窓口の品質が高い。長時間の使用でも負担が少ない。同梱資料の品質が低い。なおソライロ製で保証は78か月です。
D0328,ノースピーク,15,3,装着感が軽いので長時間でも疲れません。特に不満は今のところありません。バッテリーは21時間前後持ちました。装着感が軽くて疲れません。家族へのプレゼント用に買いました。ノースピークのサポート対応が丁寧でした。使い始めてまだ日が浅いです。装着感が軽くて長時間でも平気でした。バッテリーの持ちが21時間ほどで良いです。バッテリーが21時間ほど持ちました。ノースピークのサポート対応が丁寧で助かりました。バッテリーが21時間くらい持ちます。色は写真で見た印象とほぼ同じです。レビューを見てから買うか迷いました。装着感が軽く疲れにくいです。,問い合わせ窓口の品質が高い。電池の持続時間が長い。長時間の使用でも負担が少ない。,ノースピークのサポート対応が丁寧で助かりました。バッテリーの持ちが21時間ほどで良いです。装着感が軽く疲れにくいです。,問い合わせ窓口の品質が高い。電池の持続時間が長い。長時間の使用でも負担が少ない。なおアカネ電機製で保証は85か月です。
D0329,ハヤブサ,14,2,友人に勧められて購入を決めました。自宅と職場の両方で使う予定です。家族へのプレゼント用に買いました。レビューを見てから買うか迷いました。バッテリーが23時間ほど持ちました。週末にしか使っていないので耐久性はまだ分かりません。バッテリーの持ちが23時間ほどで良いです。特に不満は今のところありません。箱は少し大きめでした。ハヤブサのサポート対応が丁寧だと感じました。バッテリーが23時間くらい持ちます。ハヤブサのサポート対応が丁寧でした。ハヤブサのサポート対応が丁寧です。ハヤブサのサポート対応が丁寧で助かりました。,電池の持続時間が長い。問い合わせ窓口の品質が高い。,バッテリーの持ちが23時間ほどで良いです。ハヤブサのサポート対応が丁寧です。,電池の持続時間が長い。問い合わせ窓口の品質が高い。なおソライロ製で保証は64か月です。
D0330,ハヤブサ,16,3,家族へのプレゼント用に買いました。バッテリーが29時間ほど持ちました。同じ物をもう一つ買おうか検討中です。自宅と職場の両方で使う予定です。装着感が軽くて長時間でも平気でした。使い始めてまだ日が浅いです。音質がこの値段のわりに良いと感じました。装着感が軽くて疲れません。バッテリーは29時間前後持ちました。音質が値段のわりに良かったです。色は写真で見た印象とほぼ同じです。バッテリーが29時間くらい持ちます。友人に勧められて購入を決めました。音質は8569円という値段のわりに良いと思います。バッテリーの持ちが29時間ほどで良いです。装着感が軽いので長時間でも疲れません。,コストパフォーマンスに優れる。電池の持続時間が長い。長時間の使用でも負担が少ない。,音質が値段のわりに良かったです。バッテリーが29時間ほど持ちました。装着感が軽いので長時間でも疲れません。,コストパフォーマンスに優れる。電池の持続時間が長い。長時間の使用でも負担が少ない。なおソライロ製で保証は98か月です。
D0331,アカネ電機,10,2,週末にしか使っていないので耐久性はまだ分かりません。以前は別のメーカーの物を使っていました。発送が早く1日で届いています。レビューを見てから買うか迷いました。音質がこの値段のわりに良いと感じました。特に不満は今のところありません。発送が早いので1日で届きました。音質がこの値段のわりに良いです。音質は2638円という値段のわりに良いと思います。色は写真で見た印象とほぼ同じです。,コストパフォーマンスに優れる。到着までが速い。,音質がこの値段のわりに良いです。発送が早いので1日で届きました。,コストパフォーマンスに優れる。到着までが速い。なおノースピーク製で保証は75か月です。
D0332,ソライロ,16,3,音質は25857円という値段のわりに良いと思います。以前は別のメーカーの物を使っていました。家族へのプレゼント用に買いました。バッテリーが5時間くらい持ちます。自宅と職場の両方で使う予定です。友人に勧められて購入を決めました。音質がこの値段のわりに良いと感じました。説明書が分かりにくいのが残念です。バッテリーの持ちが5時間ほどで良いです。週末にしか使っていないので耐久性はまだ分かりません。説明書が分かりにくく設定に手間取りました。音質がこの値段のわりに良いです。音質が値段のわりに良かったです。箱は少し大きめでした。色は写真で見た印象とほぼ同じです。バッテリーが5時間ほど持ちました。,電池の持続時間が長い。同梱資料の品質が低い。コストパフォーマンスに優れる。,バッテリーが5時間くらい持ちます。説明書が分かりにくいのが残念です。音質がこの値段のわりに良いです。,電池の持続時間が長い。同梱資料の品質が低い。コストパフォーマンスに優れる。なおノースピーク製で保証は54か月です。
D0333,アカネ電機,14,3,装着感が軽くて長時間でも平気でした。説明書が分かりにくいです。説明書が分かりにくいのが残念です。箱は少し大きめでした。週末にしか使っていないので耐久性はまだ分かりません。使い始めてまだ日が浅いです。装着感が軽いので長時間でも疲れません。バッテリーの持ちが12時間ほどで良いです。同じ物をもう一つ買おうか検討中です。バッテリーが12時間ほど持ちました。バッテリーが12時間くらい持ちます。装着感が軽くて疲れません。説明書が分かりにくく設定に手間取りました。色は写真で見た印象とほぼ同じです。,電池の持続時間が長い。長時間の使用でも負担が少ない。同梱資料の品質が低い。,バッテリーが12時間ほど持ちました。装着感が軽くて疲れません。説明書が分かりにくいです。,電池の持続時間が長い。長時間の使用でも負担が少ない。同梱資料の品質が低い。なおハヤブサ製で保証は66か月です。
D0334,ソライロ,9,2,発送が早いので1日で届きました。特に不満は今のところありません。以前は別のメーカーの物を使っていました。ソライロのサポート対応が丁寧でした。レビューを見てから買うか迷いました。梱包はごく普通の段ボールでした。ソライロのサポート対応が丁寧で助かりました。使い始めてまだ日が浅いです。発送が早く1日で届いています。,問い合わせ窓口の品質が高い。到着までが速い。,ソライロのサポート対応が丁寧で助かりました。発送が早いので1日で届きました。,問い合わせ窓口の品質が高い。到着までが速い。なおノースピーク製で保証は81か月です。
D0335,ミドリワークス,17,3,バッテリーが31時間くらい持ちます。梱包はごく普通の段ボールでした。説明書が分かりにくいです。色は写真で見た印象とほぼ同じです。特に不満は今のところありません。ミドリワークスのサポート対応が丁寧で助かりました。バッテリーの持ちが31時間ほどで良いです。説明書が分かりにくく設定に手間取りました。バッテリーが31時間ほど持ちました。以前は別のメーカーの物を使っていました。ミドリワークスのサポート対応が丁寧だと感じました。ミドリワークスのサポート対応が丁寧でした。レビューを見てから買うか迷いました。バッテリーは31時間前後持ちました。家族へのプレゼント用に買いました。説明書が分かりにくいのが残念です。同じ物をもう一つ買おうか検討中です。,電池の持続時間が長い。問い合わせ窓口の品質が高い。同梱資料の品質が低い。,バッテリーが31時間ほど持ちました。ミドリワークスのサポート対応が丁寧で助かりました。説明書が分かりにくいのが残念です。,電池の持続時間が長い。問い合わせ窓口の品質が高い。同梱資料の品質が低い。なおハヤブサ製で保証は72か月です。
D0336,ノースピーク,13,2,説明書が分かりにくく設定に手間取りました。説明書が分かりにくかったです。箱は少し大きめでした。週末にしか使っていないので耐久性はまだ分かりません。装着感が軽いので長時間でも疲れません。説明書が分かりにくいのが残念です。装着感が軽く疲れにくいです。梱包はごく普通の段ボールでした。自宅と職場の両方で使う予定です。レビューを見てから買うか迷いました。装着感が軽くて長時間でも平気でした。色は写真で見た印象とほぼ同じです。説明書が分かりにくいです。,長時間の使用でも負担が少ない。同梱資料の品質が低い。,装着感が軽いので長時間でも疲れません。説明書が分かりにくく設定に手間取りました。,長時間の使用でも負担が少ない。同梱資料の品質が低い。なおハヤブサ製で保証は67か月です。
D0337,ミドリワークス,13,2,音質がこの値段のわりに良いと感じました。発送が早くて1日で届きました。使い始めてまだ日が浅いです。発送が早いので1日で届きました。音質が値段のわりに良かったです。音質がこの値段のわりに良いです。家族へのプレゼント用に買いました。同じ物をもう一つ買おうか検討中です。音質は7541円という値段のわりに良いと思います。発送が早く1日で届いています。箱は少し大きめでした。レビューを見てから買うか迷いました。週末にしか使っていないので耐久性はまだ分かりません。,到着までが速い。コストパフォーマンスに優れる。,発送が早くて1日で届きました。音質がこの値段のわりに良いと感じました。,到着までが速い。コストパフォーマンスに優れる。なおノースピーク製で保証は59か月です。
D0338,ミドリワークス,12,2,梱包はごく普通の段ボールでした。ミドリワークスのサポート対応が丁寧だと感じました。ミドリワークスのサポート対応が丁寧でした。ミドリワークスのサポート対応が丁寧です。同じ物をもう一つ買おうか検討中です。使い始めてまだ日が浅いです。レビューを見てから買うか迷いました。バッテリーは28時間前後持ちました。以前は別のメーカーの物を使っていました。特に不満は今のところありません。自宅と職場の両方で使う予定です。バッテリーの持ちが28時間ほどで良いです。,電池の持続時間が長い。問い合わせ窓口の品質が高い。,バッテリーの持ちが28時間ほどで良いです。ミドリワークスのサポート対応が丁寧でした。,電池の持続時間が長い。問い合わせ窓口の品質が高い。なおノースピーク製で保証は84か月です。
D0339,ミドリワークス,14,3,バッテリーの持ちが11時間ほどで良いです。同じ物をもう一つ買おうか検討中です。色は写真で見た印象とほぼ同じです。説明書が分かりにくいです。バッテリーが11時間くらい持ちます。ミドリワークスのサポート対応が丁寧でした。ミドリワークスのサポート対応が丁寧だと感じました。バッテリーが11時間ほど持ちました。説明書が分かりにくく設定に手間取りました。梱包はごく普通の段ボールでした。説明書が分かりにくかったです。バッテリーは11時間前後持ちました。ミドリワークスのサポート対応が丁寧です。特に不満は今のところありません。,同梱資料の品質が低い。問い合わせ窓口の品質が高い。電池の持続時間が長い。,説明書が分かりにくいです。ミドリワークスのサポート対応が丁寧だと感じました。バッテリーは11時間前後持ちました。,同梱資料の品質が低い。問い合わせ窓口の品質が高い。電池の持続時間が長い。なおノースピーク製で保証は65か月です。
D0340,ミドリワークス,11,2,バッテリーは32時間前後持ちました。ミドリワークスのサポート対応が丁寧だと感じました。色は写真で見た印象とほぼ同じです。梱包はごく普通の段ボールでした。バッテリーの持ちが32時間ほどで良いです。同じ物をもう一つ買おうか検討中です。レビューを見てから買うか迷いました。ミドリワークスのサポート対応が丁寧です。家族へのプレゼント用に買いました。ミドリワークスのサポート対応が丁寧で助かりました。特に不満は今のところありません。,問い合わせ窓口の品質が高い。電池の持続時間が長い。,ミドリワークスのサポート対応が丁寧です。バッテリーの持ちが32時間ほどで良いです。,問い合わせ窓口の品質が高い。電池の持続時間が長い。なおノースピーク製で保証は94か月です。
D0341,アカネ電機,12,2,アカネ電機のサポート対応が丁寧でした。アカネ電機のサポート対応が丁寧で助かりました。アカネ電機のサポート対応が丁寧だと感じました。説明書が分かりにくかったです。梱包はごく普通の段ボールでした。箱は少し大きめでした。同じ物をもう一つ買おうか検討中です。説明書が分かりにくいです。説明書が分かりにくく設定に手間取りました。自宅と職場の両方で使う予定です。説明書が分かりにくいのが残念です。色は写真で見た印象とほぼ同じです。,問い合わせ窓口の品質が高い。同梱資料の品質が低い。,アカネ電機のサポート対応が丁寧で助かりました。説明書が分かりにくいです。,問い合わせ窓口の品質が高い。同梱資料の品質が低い。なおミドリワークス製で保証は57か月です。
D0342,ノースピーク,9,2,友人に勧められて購入を決めました。バッテリーの持ちが38時間ほどで良いです。音質がこの値段のわりに良いです。梱包はごく普通の段ボールでした。特に不満は今のところありません。音質は20308円という値段のわりに良いと思います。同じ物をもう一つ買おうか検討中です。バッテリーが38時間ほど持ちました。音質がこの値段のわりに良いと感じました。,電池の持続時間が長い。コストパフォーマンスに優れる。,バッテリーが38時間ほど持ちました。音質がこの値段のわりに良いです。,電池の持続時間が長い。コストパフォーマンスに優れる。なおソライロ製で保証は57か月です。
D0343,ハヤブサ,15,3,バッテリーが19時間ほど持ちました。音質が値段のわりに良かったです。友人に勧められて購入を決めました。梱包はごく普通の段ボールでした。以前は別のメーカーの物を使っていました。説明書が分かりにくいです。説明書が分かりにくかったです。説明書が分かりにくく設定に手間取りました。音質がこの値段のわりに良いです。特に不満は今のところありません。バッテリーが19時間くらい持ちます。バッテリーの持ちが19時間ほどで良いです。説明書が分かりにくいのが残念です。音質がこの値段のわりに良いと感じました。バッテリーは19時間前後持ちました。,同梱資料の品質が低い。電池の持続時間が長い。コストパフォーマンスに優れる。,説明書が分かりにくく設定に手間取りました。バッテリーの持ちが19時間ほどで良いです。音質がこの値段のわりに良いと感じました。,同梱資料の品質が低い。電池の持続時間が長い。コストパフォーマンスに優れる。なおソライロ製で保証は59か月です。
D0344,ソライロ,13,2,週末にしか使っていないので耐久性はまだ分かりません。梱包はごく普通の段ボールでした。発送が早くて2日で届きました。発送が早く2日で届いています。装着感が軽く疲れにくいです。同じ物をもう一つ買おうか検討中です。発送が早いので2日で届きました。発送が早くて注文から2日で届きました。友人に勧められて購入を決めました。装着感が軽くて疲れません。家族へのプレゼント用に買いました。自宅と職場の両方で使う予定です。特に不満は今のところありません。,長時間の使用でも負担が少ない。到着までが速い。,装着感が軽く疲れにくいです。発送が早いので2日で届きました。,長時間の使用でも負担が少ない。到着までが速い。なおノースピーク製で保証は72か月です。
D0345,ノースピーク,13,3,音質が値段のわりに良かったです。発送が早く2日で届いています。発送が早くて注文から2日で届きました。説明書が分かりにくく設定に手間取りました。音質は10132円という値段のわりに良いと思います。梱包はごく普通の段ボールでした。特に不満は今のところありません。週末にしか使っていないので耐久性はまだ分かりません。音質がこの値段のわりに良いと感じました。説明書が分かりにくいです。レビューを見てから買うか迷いました。説明書が分かりにくかったです。音質がこの値段のわりに良いです。,コストパフォーマンスに優れる。到着までが速い。同梱資料の品質が低い。,音質は10132円という値段のわりに良いと思います。発送が早くて注文から2日で届きました。説明書が分かりにくいです。,コストパフォーマンスに優れる。到着までが速い。同梱資料の品質が低い。なおミドリワークス製で保証は97か月です。
D0346,アカネ電機,9,2,装着感が軽いので長時間でも疲れません。同じ物をもう一つ買おうか検討中です。週末にしか使っていないので耐久性はまだ分かりません。バッテリーの持ちが26時間ほどで良いです。バッテリーは26時間前後持ちました。箱は少し大きめでした。特に不満は今のところありません。装着感が軽く疲れにくいです。装着感が軽くて疲れません。,電池の持続時間が長い。長時間の使用でも負担が少ない。,バッテリーの持ちが26時間ほどで良いです。装着感が軽く疲れにくいです。,電池の持続時間が長い。長時間の使用でも負担が少ない。なおミドリワークス製で保証は63か月です。
D0347,ミドリワークス,9,2,バッテリーが18時間くらい持ちます。家族へのプレゼント用に買いました。ミドリワークスのサポート対応が丁寧だと感じました。ミドリワークスのサポート対応が丁寧です。色は写真で見た印象とほぼ同じです。使い始めてまだ日が浅いです。ミドリワークスのサポート対応が丁寧でした。レビューを見てから買うか迷いました。バッテリーの持ちが18時間ほどで良いです。,電池の持続時間が長い。問い合わせ窓口の品質が高い。,バッテリーが18時間くらい持ちます。ミドリワークスのサポート対応が丁寧です。,電池の持続時間が長い。問い合わせ窓口の品質が高い。なおノースピーク製で保証は67か月です。
D0348,ノースピーク,15,3,装着感が軽くて疲れません。同じ物をもう一つ買おうか検討中です。レビューを見てから買うか迷いました。発送が早いので1日で届きました。家族へのプレゼント用に買いました。装着感が軽く疲れにくいです。バッテリーが33時間くらい持ちます。バッテリーの持ちが33時間ほどで良いです。週末にしか使っていないので耐久性はまだ分かりません。発送が早くて注文から1日で届きました。装着感が軽くて長時間でも平気でした。発送が早く1日で届いています。バッテリーは33時間前後持ちました。梱包はごく普通の段ボールでした。バッテリーが33時間ほど持ちました。,長時間の使用でも負担が少ない。電池の持続時間が長い。到着までが速い。,装着感が軽く疲れにくいです。バッテリーは33時間前後持ちました。発送が早くて注文から1日で届きました。,長時間の使用でも負担が少ない。電池の持続時間が長い。到着までが速い。なおアカネ電機製で保証は97か月です。
D0349,ノースピーク,9,2,ノースピークのサポート対応が丁寧でした。音質が値段のわりに良かったです。ノースピークのサポート対応が丁寧だと感じました。音質は2537円という値段のわりに良いと思います。週末にしか使っていないので耐久性はまだ分かりません。友人に勧められて購入を決めました。音質がこの値段のわりに良いです。梱包はごく普通の段ボールでした。家族へのプレゼント用に買いました。,問い合わせ窓口の品質が高い。コストパフォーマンスに優れる。,ノースピークのサポート対応が丁寧だと感じました。音質は2537円という値段のわりに良いと思います。,問い合わせ窓口の品質が高い。コストパフォーマンスに優れる。なおミドリワークス製で保証は92か月です。
D0350,ミドリワークス,9,2,以前は別のメーカーの物を使っていました。ミドリワークスのサポート対応が丁寧で助かりました。バッテリーの持ちが16時間ほどで良いです。友人に勧められて購入を決めました。色は写真で見た印象とほぼ同じです。使い始めてまだ日が浅いです。梱包はごく普通の段ボールでした。バッテリーは16時間前後持ちました。ミドリワークスのサポート対応が丁寧だと感じました。,電池の持続時間が長い。問い合わせ窓口の品質が高い。,バッテリーは16時間前後持ちました。ミドリワークスのサポート対応が丁寧だと感じました。,電池の持続時間が長い。問い合わせ窓口の品質が高い。なおハヤブサ製で保証は97か月です。
D0351,ソライロ,13,2,説明書が分かりにくいです。週末にしか使っていないので耐久性はまだ分かりません。家族へのプレゼント用に買いました。以前は別のメーカーの物を使っていました。説明書が分かりにくかったです。発送が早いので1日で届きました。同じ物をもう一つ買おうか検討中です。レビューを見てから買うか迷いました。発送が早くて注文から1日で届きました。使い始めてまだ日が浅いです。特に不満は今のところありません。発送が早く1日で届いています。発送が早くて1日で届きました。,到着までが速い。同梱資料の品質が低い。,発送が早いので1日で届きました。説明書が分かりにくかったです。,到着までが速い。同梱資料の品質が低い。なおハヤブサ製で保証は85か月です。
D0352,ノースピーク,10,3,色は写真で見た印象とほぼ同じです。発送が早く4日で届いています。説明書が分かりにくいのが残念です。バッテリーは22時間前後持ちました。箱は少し大きめでした。自宅と職場の両方で使う予定です。バッテリーが22時間ほど持ちました。説明書が分かりにくいです。発送が早くて4日で届きました。特に不満は今のところありません。,電池の持続時間が長い。到着までが速い。同梱資料の品質が低い。,バッテリーは22時間前後持ちました。発送が早くて4日で届きました。説明書が分かりにくいです。,電池の持続時間が長い。到着までが速い。同梱資料の品質が低い。なおハヤブサ製で保証は79か月です。
D0353,ハヤブサ,12,3,バッテリーが9時間ほど持ちました。特に不満は今のところありません。レビューを見てから買うか迷いました。装着感が軽く疲れにくいです。バッテリーの持ちが9時間ほどで良いです。装着感が軽いので長時間でも疲れません。装着感が軽くて疲れません。説明書が分かりにくいです。家族へのプレゼント用に買いました。装着感が軽くて長時間でも平気でした。説明書が分かりにくく設定に手間取りました。同じ物をもう一つ買おうか検討中です。,長時間の使用でも負担が少ない。電池の持続時間が長い。同梱資料の品質が低い。,装着感が軽く疲れにくいです。バッテリーの持ちが9時間ほどで良いです。説明書が分かりにくいです。,長時間の使用でも負担が少ない。電池の持続時間が長い。同梱資料の品質が低い。なおアカネ電機製で保証は82か月です。
D0354,ソライロ,14,3,特に不満は今のところありません。ソライロのサポート対応が丁寧で助かりました。発送が早く1日で届いています。週末にしか使っていないので耐久性はまだ分かりません。発送が早いので1日で届きました。色は写真で見た印象とほぼ同じです。説明書が分かりにくいです。箱は少し大きめでした。ソライロのサポート対応が丁寧です。説明書が分かりにくかったです。家族へのプレゼント用に買いました。説明書が分かりにくいのが残念です。梱包はごく普通の段ボールでした。レビューを見てから買うか迷いました。,同梱資料の品質が低い。問い合わせ窓口の品質が高い。到着までが速い。,説明書が分かりにくいです。ソライロのサポート対応が丁寧です。発送が早く1日で届いています。,同梱資料の品質が低い。問い合わせ窓口の品質が高い。到着までが速い。なおノースピーク製で保証は86か月です。
D0355,ミドリワークス,15,3,同じ物をもう一つ買おうか検討中です。週末にしか使っていないので耐久性はまだ分かりません。バッテリーが11時間くらい持ちます。バッテリーの持ちが11時間ほどで良いです。ミドリワークスのサポート対応が丁寧だと感じました。以前は別のメーカーの物を使っていました。使い始めてまだ日が浅いです。ミドリワークスのサポート対応が丁寧で助かりました。バッテリーが11時間ほど持ちました。ミドリワークスのサポート対応が丁寧でした。バッテリーは11時間前後持ちました。装着感が軽く疲れにくいです。友人に勧められて購入を決めました。装着感が軽いので長時間でも疲れません。装着感が軽くて疲れません。,電池の持続時間が長い。長時間の使用でも負担が少ない。問い合わせ窓口の品質が高い。,バッテリーは11時間前後持ちました。装着感が軽く疲れにくいです。ミドリワークスのサポート対応が丁寧だと感じました。,電池の持続時間が長い。長時間の使用でも負担が少ない。問い合わせ窓口の品質が高い。なおノースピーク製で保証は91か月です。
D0356,ミドリワークス,12,3,以前は別のメーカーの物を使っていました。装着感が軽くて疲れません。ミドリワークスのサポート対応が丁寧だと感じました。友人に勧められて購入を決めました。装着感が軽くて長時間でも平気でした。箱は少し大きめでした。装着感が軽く疲れにくいです。発送が早いので4日で届きました。ミドリワークスのサポート対応が丁寧でした。発送が早くて4日で届きました。ミドリワークスのサポート対応が丁寧です。家族へのプレゼント用に買いました。,到着までが速い。長時間の使用でも負担が少ない。問い合わせ窓口の品質が高い。,発送が早くて4日で届きました。装着感が軽くて疲れません。ミドリワークスのサポート対応が丁寧でした。,到着までが速い。長時間の使用でも負担が少ない。問い合わせ窓口の品質が高い。なおノースピーク製で保証は56か月です。
D0357,ソライロ,17,3,自宅と職場の両方で使う予定です。音質が値段のわりに良かったです。ソライロのサポート対応が丁寧だと感じました。音質がこの値段のわりに良いです。バッテリーの持ちが28時間ほどで良いです。同じ物をもう一つ買おうか検討中です。バッテリーは28時間前後持ちました。以前は別のメーカーの物を使っていました。バッテリーが28時間ほど持ちました。週末にしか使っていないので耐久性はまだ分かりません。ソライロのサポート対応が丁寧でした。家族へのプレゼント用に買いました。色は写真で見た印象とほぼ同じです。ソライロのサポート対応が丁寧です。ソライロのサポート対応が丁寧で助かりました。友人に勧められて購入を決めました。バッテリーが28時間くらい持ちます。,問い合わせ窓口の品質が高い。コストパフォーマンスに優れる。電池の持続時間が長い。,ソライロのサポート対応が丁寧です。音質が値段のわりに良かったです。バッテリーが28時間ほど持ちました。,問い合わせ窓口の品質が高い。コストパフォーマンスに優れる。電池の持続時間が長い。なおハヤブサ製で保証は92か月です。
D0358,ソライロ,16,3,家族へのプレゼント用に買いました。友人に勧められて購入を決めました。使い始めてまだ日が浅いです。ソライロのサポート対応が丁寧でした。自宅と職場の両方で使う予定です。ソライロのサポート対応が丁寧だと感じました。発送が早くて注文から1日で届きました。色は写真で見た印象とほぼ同じです。説明書が分かりにくかったです。発送が早くて1日で届きました。説明書が分かりにくく設定に手間取りました。説明書が分かりにくいです。ソライロのサポート対応が丁寧です。同じ物をもう一つ買おうか検討中です。説明書が分かりにくいのが残念です。ソライロのサポート対応が丁寧で助かりました。,同梱資料の品質が低い。到着までが速い。問い合わせ窓口の品質が高い。,説明書が分かりにくいのが残念です。発送が早くて注文から1日で届きました。ソライロのサポート対応が丁寧で助かりました。,同梱資料の品質が低い。到着までが速い。問い合わせ窓口の品質が高い。なおアカネ電機製で保証は75か月です。
D0359,ハヤブサ,15,3,発送が早くて1日で届きました。友人に勧められて購入を決めました。箱は少し大きめでした。発送が早く1日で届いています。装着感が軽く疲れにくいです。使い始めてまだ日が浅いです。装着感が軽くて疲れません。音質がこの値段のわりに良いと感じました。装着感が軽いので長時間でも疲れません。同じ物をもう一つ買おうか検討中です。発送が早いので1日で届きました。音質は2450円という値段のわりに良いと思います。音質が値段のわりに良かったです。家族へのプレゼント用に買いました。装着感が軽くて長時間でも平気でした。,コストパフォーマンスに優れる。長時間の使用でも負担が少ない。到着までが速い。,音質は2450円という値段のわりに良いと思います。装着感が軽くて長時間でも平気でした。発送が早く1日で届いています。,コストパフォーマンスに優れる。長時間の使用でも負担が少ない。到着までが速い。なおアカネ電機製で保証は65か月です。
D0360,ハヤブサ,15,3,以前は別のメーカーの物を使っていました。友人に勧められて購入を決めました。梱包はごく普通の段ボールでした。同じ物をもう一つ買おうか検討中です。バッテリーの持ちが25時間ほどで良いです。特に不満は今のところありません。装着感が軽く疲れにくいです。音質がこの値段のわりに良いです。音質は8171円という値段のわりに良いと思います。音質がこの値段のわりに良いと感じました。週末にしか使っていないので耐久性はまだ分かりません。装着感が軽くて疲れません。バッテリーは25時間前後持ちました。色は写真で見た印象とほぼ同じです。装着感が軽くて長時間でも平気でした。,電池の持続時間が長い。コストパフォーマンスに優れる。長時間の使用でも負担が少ない。,バッテリーは25時間前後持ちました。音質がこの値段のわりに良いと感じました。装着感が軽くて長時間でも平気でした。,電池の持続時間が長い。コストパフォーマンスに優れる。長時間の使用でも負担が少ない。なおノースピーク製で保証は67か月です。
D0361,ノースピーク,12,2,色は写真で見た印象とほぼ同じです。発送が早くて注文から3日で届きました。説明書が分かりにくく設定に手間取りました。自宅と職場の両方で使う予定です。梱包はごく普通の段ボールでした。説明書が分かりにくいです。使い始めてまだ日が浅いです。レビューを見てから買うか迷いました。発送が早く3日で届いています。家族へのプレゼント用に買いました。友人に勧められて購入を決めました。発送が早いので3日で届きました。,同梱資料の品質が低い。到着までが速い。,説明書が分かりにくく設定に手間取りました。発送が早いので3日で届きました。,同梱資料の品質が低い。到着までが速い。なおアカネ電機製で保証は97か月です。
D0362,ミドリワークス,13,2,箱は少し大きめでした。以前は別のメーカーの物を使っていました。バッテリーは17時間前後持ちました。ミドリワークスのサポート対応が丁寧だと感じました。自宅と職場の両方で使う予定です。週末にしか使っていないので耐久性はまだ分かりません。ミドリワークスのサポート対応が丁寧です。バッテリーが17時間ほど持ちました。ミドリワークスのサポート対応が丁寧でした。ミドリワークスのサポート対応が丁寧で助かりました。バッテリーが17時間くらい持ちます。バッテリーの持ちが17時間ほどで良いです。友人に勧められて購入を決めました。,問い合わせ窓口の品質が高い。電池の持続時間が長い。,ミドリワークスのサポート対応が丁寧で助かりました。バッテリーの持ちが17時間ほどで良いです。,問い合わせ窓口の品質が高い。電池の持続時間が長い。なおノースピーク製で保証は83か月です。
D0363,ソライロ,13,2,発送が早くて注文から1日で届きました。週末にしか使っていないので耐久性はまだ分かりません。色は写真で見た印象とほぼ同じです。発送が早くて1日で届きました。家族へのプレゼント用に買いました。特に不満は今のところありません。説明書が分かりにくかったです。梱包はごく普通の段ボールでした。使い始めてまだ日が浅いです。説明書が分かりにくいのが残念です。発送が早く1日で届いています。発送が早いので1日で届きました。レビューを見てから買うか迷いました。,到着までが速い。同梱資料の品質が低い。,発送が早く1日で届いています。説明書が分かりにくかったです。,到着までが速い。同梱資料の品質が低い。なおアカネ電機製で保証は80か月です。
D0364,ミドリワークス,14,3,説明書が分かりにくいです。説明書が分かりにくいのが残念です。家族へのプレゼント用に買いました。説明書が分かりにくかったです。音質がこの値段のわりに良いです。装着感が軽くて疲れません。装着感が軽く疲れにくいです。梱包はごく普通の段ボールでした。音質がこの値段のわりに良いと感じました。レビューを見てから買うか迷いました。説明書が分かりにくく設定に手間取りました。週末にしか使っていないので耐久性はまだ分かりません。音質は5866円という値段のわりに良いと思います。友人に勧められて購入を決めました。,長時間の使用でも負担が少ない。同梱資料の品質が低い。コストパフォーマンスに優れる。,装着感が軽く疲れにくいです。説明書が分かりにくく設定に手間取りました。音質は5866円という値段のわりに良いと思います。,長時間の使用でも負担が少ない。同梱資料の品質が低い。コストパフォーマンスに優れる。なおハヤブサ製で保証は57か月です。
D0365,ミドリワークス,14,2,装着感が軽く疲れにくいです。以前は別のメーカーの物を使っていました。装着感が軽くて長時間でも平気でした。週末にしか使っていないので耐久性はまだ分かりません。説明書が分かりにくいのが残念です。説明書が分かりにくく設定に手間取りました。説明書が分かりにくかったです。色は写真で見た印象とほぼ同じです。装着感が軽くて疲れません。同じ物をもう一つ買おうか検討中です。友人に勧められて購入を決めました。説明書が分かりにくいです。装着感が軽いので長時間でも疲れません。自宅と職場の両方で使う予定です。,長時間の使用でも負担が少ない。同梱資料の品質が低い。,装着感が軽く疲れにくいです。説明書が分かりにくかったです。,長時間の使用でも負担が少ない。同梱資料の品質が低い。なおソライロ製で保証は56か月です。
D0366,アカネ電機,8,2,発送が早く1日で届いています。アカネ電機のサポート対応が丁寧です。使い始めてまだ日が浅いです。梱包はごく普通の段ボールでした。アカネ電機のサポート対応が丁寧でした。特に不満は今のところありません。自宅と職場の両方で使う予定です。発送が早いので1日で届きました。,問い合わせ窓口の品質が高い。到着までが速い。,アカネ電機のサポート対応が丁寧でした。発送が早いので1日で届きました。,問い合わせ窓口の品質が高い。到着までが速い。なおノースピーク製で保証は53か月です。
D0367,ノースピーク,10,2,装着感が軽く疲れにくいです。装着感が軽いので長時間でも疲れません。特に不満は今のところありません。色は写真で見た印象とほぼ同じです。装着感が軽くて疲れません。装着感が軽くて長時間でも平気でした。ノースピークのサポート対応が丁寧でした。ノースピークのサポート対応が丁寧で助かりました。箱は少し大きめでした。家族へのプレゼント用に買いました。,長時間の使用でも負担が少ない。問い合わせ窓口の品質が高い。,装着感が軽いので長時間でも疲れません。ノースピークのサポート対応が丁寧でした。,長時間の使用でも負担が少ない。問い合わせ窓口の品質が高い。なおソライロ製で保証は91か月です。
D0368,ハヤブサ,11,2,装着感が軽くて長時間でも平気でした。家族へのプレゼント用に買いました。バッテリーの持ちが13時間ほどで良いです。バッテリーが13時間くらい持ちます。特に不満は今のところありません。バッテリーは13時間前後持ちました。色は写真で見た印象とほぼ同じです。同じ物をもう一つ買おうか検討中です。装着感が軽いので長時間でも疲れません。週末にしか使っていないので耐久性はまだ分かりません。箱は少し大きめでした。,長時間の使用でも負担が少ない。電池の持続時間が長い。,装着感が軽くて長時間でも平気でした。バッテリーは13時間前後持ちました。,長時間の使用でも負担が少ない。電池の持続時間が長い。なおアカネ電機製で保証は86か月です。
D0369,ハヤブサ,14,2,説明書が分かりにくいです。説明書が分かりにくいのが残念です。色は写真で見た印象とほぼ同じです。説明書が分かりにくく設定に手間取りました。梱包はごく普通の段ボールでした。発送が早くて注文から4日で届きました。家族へのプレゼント用に買いました。レビューを見てから買うか迷いました。説明書が分かりにくかったです。発送が早くて4日で届きました。発送が早いので4日で届きました。友人に勧められて購入を決めました。同じ物をもう一つ買おうか検討中です。週末にしか使っていないので耐久性はまだ分かりません。,同梱資料の品質が低い。到着までが速い。,説明書が分かりにくいのが残念です。発送が早いので4日で届きました。,同梱資料の品質が低い。到着までが速い。なおアカネ電機製で保証は62か月です。
D0370,ミドリワークス,11,2,箱は少し大きめでした。バッテリーが11時間くらい持ちます。以前は別のメーカーの物を使っていました。使い始めてまだ日が浅いです。バッテリーの持ちが11時間ほどで良いです。週末にしか使っていないので耐久性はまだ分かりません。レビューを見てから買うか迷いました。説明書が分かりにくく設定に手間取りました。説明書が分かりにくいのが残念です。友人に勧められて購入を決めました。説明書が分かりにくいです。,電池の持続時間が長い。同梱資料の品質が低い。,バッテリーの持ちが11時間ほどで良いです。説明書が分かりにくいです。,電池の持続時間が長い。同梱資料の品質が低い。なおアカネ電機製で保証は70か月です。
D0371,ハヤブサ,14,3,発送が早いので4日で届きました。ハヤブサのサポート対応が丁寧で助かりました。家族へのプレゼント用に買いました。友人に勧められて購入を決めました。使い始めてまだ日が浅いです。バッテリーが9時間ほど持ちました。箱は少し大きめでした。ハヤブサのサポート対応が丁寧だと感じました。バッテリーが9時間くらい持ちます。バッテリーの持ちが9時間ほどで良いです。色は写真で見た印象とほぼ同じです。梱包はごく普通の段ボールでした。バッテリーは9時間前後持ちました。発送が早くて4日で届きました。,問い合わせ窓口の品質が高い。電池の持続時間が長い。到着までが速い。,ハヤブサのサポート対応が丁寧だと感じました。バッテリーの持ちが9時間ほどで良いです。発送が早くて4日で届きました。,問い合わせ窓口の品質が高い。電池の持続時間が長い。到着までが速い。なおノースピーク製で保証は92か月です。
D0372,ソライロ,17,3,装着感が軽いので長時間でも疲れません。以前は別のメーカーの物を使っていました。説明書が分かりにくかったです。説明書が分かりにくく設定に手間取りました。音質がこの値段のわりに良いです。週末にしか使っていないので耐久性はまだ分かりません。説明書が分かりにくいのが残念です。音質は8487円という値段のわりに良いと思います。梱包はごく普通の段ボールでした。同じ物をもう一つ買おうか検討中です。装着感が軽くて長時間でも平気でした。装着感が軽く疲れにくいです。音質が値段のわりに良かったです。説明書が分かりにくいです。装着感が軽くて疲れません。使い始めてまだ日が浅いです。箱は少し大きめでした。,長時間の使用でも負担が少ない。コストパフォーマンスに優れる。同梱資料の品質が低い。,装着感が軽くて疲れません。音質は8487円という値段のわりに良いと思います。説明書が分かりにくく設定に手間取りました。,長時間の使用でも負担が少ない。コストパフォーマンスに優れる。同梱資料の品質が低い。なおハヤブサ製で保証は77か月です。
D0373,アカネ電機,11,2,梱包はごく普通の段ボールでした。自宅と職場の両方で使う予定です。バッテリーは25時間前後持ちました。音質が値段のわりに良かったです。音質がこの値段のわりに良いと感じました。週末にしか使っていないので耐久性はまだ分かりません。バッテリーが25時間ほど持ちました。バッテリーが25時間くらい持ちます。特に不満は今のところありません。レビューを見てから買うか迷いました。使い始めてまだ日が浅いです。,コストパフォーマンスに優れる。電池の持続時間が長い。,音質がこの値段のわりに良いと感じました。バッテリーが25時間ほど持ちました。,コストパフォーマンスに優れる。電池の持続時間が長い。なおハヤブサ製で保証は53か月です。
D0374,ハヤブサ,18,3,箱は少し大きめでした。バッテリーは9時間前後持ちました。バッテリーが9時間くらい持ちます。説明書が分かりにくいのが残念です。家族へのプレゼント用に買いました。発送が早く4日で届いています。色は写真で見た印象とほぼ同じです。友人に勧められて購入を決めました。説明書が分かりにくかったです。特に不満は今のところありません。週末にしか使っていないので耐久性はまだ分かりません。レビューを見てから買うか迷いました。バッテリーが9時間ほど持ちました。説明書が分かりにくいです。発送が早くて4日で届きました。説明書が分かりにくく設定に手間取りました。バッテリーの持ちが9時間ほどで良いです。発送が早いので4日で届きました。,到着までが速い。同梱資料の品質が低い。電池の持続時間が長い。,発送が早いので4日で届きました。説明書が分かりにくかったです。バッテリーが9時間くらい持ちます。,到着までが速い。同梱資料の品質が低い。電池の持続時間が長い。なおノースピーク製で保証は78か月です。
D0375,アカネ電機,10,2,特に不満は今のところありません。装着感が軽くて長時間でも平気でした。使い始めてまだ日が浅いです。装着感が軽いので長時間でも疲れません。アカネ電機のサポート対応が丁寧です。アカネ電機のサポート対応が丁寧だと感じました。以前は別のメーカーの物を使っていました。アカネ電機のサポート対応が丁寧で助かりました。レビューを見てから買うか迷いました。アカネ電機のサポート対応が丁寧でした。,長時間の使用でも負担が少ない。問い合わせ窓口の品質が高い。,装着感が軽くて長時間でも平気でした。アカネ電機のサポート対応が丁寧で助かりました。,長時間の使用でも負担が少ない。問い合わせ窓口の品質が高い。なおハヤブサ製で保証は50か月です。
D0376,ミドリワークス,15,3,レビューを見てから買うか迷いました。ミドリワークスのサポート対応が丁寧です。箱は少し大きめでした。ミドリワークスのサポート対応が丁寧で助かりました。以前は別のメーカーの物を使っていました。バッテリーが34時間くらい持ちます。バッテリーが34時間ほど持ちました。自宅と職場の両方で使う予定です。ミドリワークスのサポート対応が丁寧でした。音質が値段のわりに良かったです。ミドリワークスのサポート対応が丁寧だと感じました。音質がこの値段のわりに良いです。バッテリーは34時間前後持ちました。家族へのプレゼント用に買いました。バッテリーの持ちが34時間ほどで良いです。,電池の持続時間が長い。問い合わせ窓口の品質が高い。コストパフォーマンスに優れる。,バッテリーが34時間くらい持ちます。ミドリワークスのサポート対応が丁寧で助かりました。音質が値段のわりに良かったです。,電池の持続時間が長い。問い合わせ窓口の品質が高い。コストパフォーマンスに優れる。なおソライロ製で保証は64か月です。
D0377,ノースピーク,14,3,説明書が分かりにくく設定に手間取りました。特に不満は今のところありません。装着感が軽くて長時間でも平気でした。説明書が分かりにくかったです。梱包はごく普通の段ボールでした。自宅と職場の両方で使う予定です。音質は25992円という値段のわりに良いと思います。装着感が軽く疲れにくいです。使い始めてまだ日が浅いです。音質が値段のわりに良かったです。音質がこの値段のわりに良いと感じました。装着感が軽くて疲れません。音質がこの値段のわりに良いです。同じ物をもう一つ買おうか検討中です。,同梱資料の品質が低い。コストパフォーマンスに優れる。長時間の使用でも負担が少ない。,説明書が分かりにくく設定に手間取りました。音質がこの値段のわりに良いと感じました。装着感が軽く疲れにくいです。,同梱資料の品質が低い。コストパフォーマンスに優れる。長時間の使用でも負担が少ない。なおミドリワークス製で保証は77か月です。
D0378,ノースピーク,10,2,装着感が軽く疲れにくいです。装着感が軽くて長時間でも平気でした。箱は少し大きめでした。装着感が軽くて疲れません。週末にしか使っていないので耐久性はまだ分かりません。音質がこの値段のわりに良いです。音質がこの値段のわりに良いと感じました。装着感が軽いので長時間でも疲れません。自宅と職場の両方で使う予定です。梱包はごく普通の段ボールでした。,コストパフォーマンスに優れる。長時間の使用でも負担が少ない。,音質がこの値段のわりに良いと感じました。装着感が軽くて長時間でも平気でした。,コストパフォーマンスに優れる。長時間の使用でも負担が少ない。なおミドリワークス製で保証は88か月です。
D0379,ハヤブサ,12,2,説明書が分かりにくいです。装着感が軽く疲れにくいです。説明書が分かりにくく設定に手間取りました。使い始めてまだ日が浅いです。レビューを見てから買うか迷いました。以前は別のメーカーの物を使っていました。色は写真で見た印象とほぼ同じです。家族へのプレゼント用に買いました。特に不満は今のところありません。説明書が分かりにくかったです。装着感が軽くて長時間でも平気でした。梱包はごく普通の段ボールでした。,同梱資料の品質が低い。長時間の使用でも負担が少ない。,説明書が分かりにくく設定に手間取りました。装着感が軽くて長時間でも平気でした。,同梱資料の品質が低い。長時間の使用でも負担が少ない。なおアカネ電機製で保証は57か月です。
D0380,アカネ電機,14,2,同じ物をもう一つ買おうか検討中です。箱は少し大きめでした。特に不満は今のところありません。アカネ電機のサポート対応が丁寧でした。装着感が軽くて長時間でも平気でした。以前は別のメーカーの物を使っていました。使い始めてまだ日が浅いです。レビューを見てから買うか迷いました。週末にしか使っていないので耐久性はまだ分かりません。装着感が軽くて疲れません。装着感が軽いので長時間でも疲れません。装着感が軽く疲れにくいです。アカネ電機のサポート対応が丁寧だと感じました。アカネ電機のサポート対応が丁寧で助かりました。,長時間の使用でも負担が少ない。問い合わせ窓口の品質が高い。,装着感が軽いので長時間でも疲れません。アカネ電機のサポート対応が丁寧でした。,長時間の使用でも負担が少ない。問い合わせ窓口の品質が高い。なおハヤブサ製で保証は83か月です。
D0381,ノースピーク,13,3,以前は別のメーカーの物を使っていました。同じ物をもう一つ買おうか検討中です。色は写真で見た印象とほぼ同じです。発送が早くて注文から4日で届きました。週末にしか使っていないので耐久性はまだ分かりません。家族へのプレゼント用に買いました。バッテリーは22時間前後持ちました。友人に勧められて購入を決めました。ノースピークのサポート対応が丁寧でした。発送が早くて4日で届きました。バッテリーの持ちが22時間ほどで良いです。梱包はごく普通の段ボールでした。ノースピークのサポート対応が丁寧で助かりました。,電池の持続時間が長い。問い合わせ窓口の品質が高い。到着までが速い。,バッテリーの持ちが22時間ほどで良いです。ノースピークのサポート対応が丁寧で助かりました。発送が早くて注文から4日で届きました。,電池の持続時間が長い。問い合わせ窓口の品質が高い。到着までが速い。なおソライロ製で保証は63か月です。
D0382,アカネ電機,11,2,音質が値段のわりに良かったです。梱包はごく普通の段ボールでした。週末にしか使っていないので耐久性はまだ分かりません。発送が早く2日で届いています。家族へのプレゼント用に買いました。使い始めてまだ日が浅いです。色は写真で見た印象とほぼ同じです。音質は15530円という値段のわりに良いと思います。発送が早いので2日で届きました。以前は別のメーカーの物を使っていました。発送が早くて注文から2日で届きました。,到着までが速い。コストパフォーマンスに優れる。,発送が早く2日で届いています。音質は15530円という値段のわりに良いと思います。,到着までが速い。コストパフォーマンスに優れる。なおハヤブサ製で保証は94か月です。
D0383,ミドリワークス,12,3,友人に勧められて購入を決めました。自宅と職場の両方で使う予定です。説明書が分かりにくいのが残念です。装着感が軽くて長時間でも平気でした。説明書が分かりにくいです。装着感が軽く疲れにくいです。以前は別のメーカーの物を使っていました。説明書が分かりにくく設定に手間取りました。ミドリワークスのサポート対応が丁寧だと感じました。ミドリワークスのサポート対応が丁寧で助かりました。特に不満は今のところありません。装着感が軽いので長時間でも疲れません。,同梱資料の品質が低い。問い合わせ窓口の品質が高い。長時間の使用でも負担が少ない。,説明書が分かりにくく設定に手間取りました。ミドリワークスのサポート対応が丁寧で助かりました。装着感が軽いので長時間でも疲れません。,同梱資料の品質が低い。問い合わせ窓口の品質が高い。長時間の使用でも負担が少ない。なおハヤブサ製で保証は72か月です。
D0384,ノースピーク,15,2,レビューを見てから買うか迷いました。週末にしか使っていないので耐久性はまだ分かりません。使い始めてまだ日が浅いです。自宅と職場の両方で使う予定です。装着感が軽くて疲れません。バッテリーは35時間前後持ちました。バッテリーが35時間ほど持ちました。箱は少し大きめでした。バッテリーの持ちが35時間ほどで良いです。同じ物をもう一つ買おうか検討中です。特に不満は今のところありません。バッテリーが35時間くらい持ちます。装着感が軽いので長時間でも疲れません。装着感が軽くて長時間でも平気でした。装着感が軽く疲れにくいです。,長時間の使用でも負担が少ない。電池の持続時間が長い。,装着感が軽く疲れにくいです。バッテリーの持ちが35時間ほどで良いです。,長時間の使用でも負担が少ない。電池の持続時間が長い。なおミドリワークス製で保証は75か月です。
D0385,ノースピーク,11,2,発送が早くて1日で届きました。発送が早いので1日で届きました。色は写真で見た印象とほぼ同じです。発送が早く1日で届いています。音質がこの値段のわりに良いと感じました。発送が早くて注文から1日で届きました。同じ物をもう一つ買おうか検討中です。音質が値段のわりに良かったです。音質がこの値段のわりに良いです。以前は別のメーカーの物を使っていました。レビューを見てから買うか迷いました。,到着までが速い。コストパフォーマンスに優れる。,発送が早くて1日で届きました。音質がこの値段のわりに良いと感じました。,到着までが速い。コストパフォーマンスに優れる。なおアカネ電機製で保証は86か月です。
D0386,ミドリワークス,18,3,レビューを見てから買うか迷いました。ミドリワークスのサポート対応が丁寧でした。説明書が分かりにくいのが残念です。週末にしか使っていないので耐久性はまだ分かりません。装着感が軽いので長時間でも疲れません。使い始めてまだ日が浅いです。説明書が分かりにくく設定に手間取りました。ミドリワークスのサポート対応が丁寧で助かりました。同じ物をもう一つ買おうか検討中です。説明書が分かりにくかったです。梱包はごく普通の段ボールでした。以前は別のメーカーの物を使っていました。家族へのプレゼント用に買いました。説明書が分かりにくいです。ミドリワークスのサポート対応が丁寧だと感じました。装着感が軽く疲れにくいです。装着感が軽くて疲れません。装着感が軽くて長時間でも平気でした。,同梱資料の品質が低い。長時間の使用でも負担が少ない。問い合わせ窓口の品質が高い。,説明書が分かりにくく設定に手間取りました。装着感が軽いので長時間でも疲れません。ミドリワークスのサポート対応が丁寧だと感じました。,同梱資料の品質が低い。長時間の使用でも負担が少ない。問い合わせ窓口の品質が高い。なおハヤブサ製で保証は67か月です。
D0387,ハヤブサ,10,2,ハヤブサのサポート対応が丁寧です。発送が早いので4日で届きました。特に不満は今のところありません。使い始めてまだ日が浅いです。自宅と職場の両方で使う予定です。発送が早く4日で届いています。色は写真で見た印象とほぼ同じです。梱包はごく普通の段ボールでした。ハヤブサのサポート対応が丁寧で助かりました。ハヤブサのサポート対応が丁寧でした。,問い合わせ窓口の品質が高い。到着までが速い。,ハヤブサのサポート対応が丁寧です。発送が早く4日で届いています。,問い合わせ窓口の品質が高い。到着までが速い。なおノースピーク製で保証は53か月です。
D0388,ハヤブサ,15,3,バッテリーの持ちが19時間ほどで良いです。説明書が分かりにくいのが残念です。音質がこの値段のわりに良いと感じました。レビューを見てから買うか迷いました。色は写真で見た印象とほぼ同じです。音質は18019円という値段のわりに良いと思います。音質が値段のわりに良かったです。説明書が分かりにくく設定に手間取りました。バッテリーは19時間前後持ちました。特に不満は今のところありません。家族へのプレゼント用に買いました。バッテリーが19時間ほど持ちました。説明書が分かりにくかったです。説明書が分かりにくいです。梱包はごく普通の段ボールでした。,電池の持続時間が長い。同梱資料の品質が低い。コストパフォーマンスに優れる。,バッテリーは19時間前後持ちました。説明書が分かりにくいのが残念です。音質は18019円という値段のわりに良いと思います。,電池の持続時間が長い。同梱資料の品質が低い。コストパフォーマンスに優れる。なおノースピーク製で保証は82か月です。
D0389,ミドリワークス,13,3,週末にしか使っていないので耐久性はまだ分かりません。説明書が分かりにくく設定に手間取りました。音質がこの値段のわりに良いと感じました。箱は少し大きめでした。説明書が分かりにくいのが残念です。レビューを見てから買うか迷いました。音質がこの値段のわりに良いです。発送が早くて注文から4日で届きました。音質が値段のわりに良かったです。梱包はごく普通の段ボールでした。発送が早いので4日で届きました。友人に勧められて購入を決めました。家族へのプレゼント用に買いました。,同梱資料の品質が低い。到着までが速い。コストパフォーマンスに優れる。,説明書が分かりにくいのが残念です。発送が早くて注文から4日で届きました。音質がこの値段のわりに良いと感じました。,同梱資料の品質が低い。到着までが速い。コストパフォーマンスに優れる。なおハヤブサ製で保証は61か月です。
D0390,ハヤブサ,13,2,説明書が分かりにくいのが残念です。友人に勧められて購入を決めました。説明書が分かりにくく設定に手間取りました。自宅と職場の両方で使う予定です。レビューを見てから買うか迷いました。使い始めてまだ日が浅いです。説明書が分かりにくいです。ハヤブサのサポート対応が丁寧だと感じました。以前は別のメーカーの物を使っていました。ハヤブサのサポート対応が丁寧で助かりました。ハヤブサのサポート対応が丁寧でした。同じ物をもう一つ買おうか検討中です。説明書が分かりにくかったです。,同梱資料の品質が低い。問い合わせ窓口の品質が高い。,説明書が分かりにくく設定に手間取りました。ハヤブサのサポート対応が丁寧で助かりました。,同梱資料の品質が低い。問い合わせ窓口の品質が高い。なおノースピーク製で保証は63か月です。
D0391,アカネ電機,12,2,箱は少し大きめでした。音質がこの値段のわりに良いです。アカネ電機のサポート対応が丁寧でした。音質がこの値段のわりに良いと感じました。アカネ電機のサポート対応が丁寧で助かりました。梱包はごく普通の段ボールでした。使い始めてまだ日が浅いです。アカネ電機のサポート対応が丁寧だと感じました。友人に勧められて購入を決めました。音質は16520円という値段のわりに良いと思います。アカネ電機のサポート対応が丁寧です。音質が値段のわりに良かったです。,問い合わせ窓口の品質が高い。コストパフォーマンスに優れる。,アカネ電機のサポート対応が丁寧で助かりました。音質がこの値段のわりに良いと感じました。,問い合わせ窓口の品質が高い。コストパフォーマンスに優れる。なおソライロ製で保証は50か月です。
D0392,ソライロ,14,3,色は写真で見た印象とほぼ同じです。説明書が分かりにくく設定に手間取りました。発送が早いので1日で届きました。特に不満は今のところありません。装着感が軽いので長時間でも疲れません。装着感が軽くて疲れません。使い始めてまだ日が浅いです。自宅と職場の両方で使う予定です。発送が早くて注文から1日で届きました。発送が早く1日で届いています。家族へのプレゼント用に買いました。友人に勧められて購入を決めました。同じ物をもう一つ買おうか検討中です。説明書が分かりにくいのが残念です。,同梱資料の品質が低い。長時間の使用でも負担が少ない。到着までが速い。,説明書が分かりにくく設定に手間取りました。装着感が軽くて疲れません。発送が早くて注文から1日で届きました。,同梱資料の品質が低い。長時間の使用でも負担が少ない。到着までが速い。なおハヤブサ製で保証は84か月です。
D0393,ミドリワークス,15,3,装着感が軽くて疲れません。色は写真で見た印象とほぼ同じです。装着感が軽く疲れにくいです。説明書が分かりにくかったです。装着感が軽くて長時間でも平気でした。説明書が分かりにくく設定に手間取りました。装着感が軽いので長時間でも疲れません。特に不満は今のところありません。音質がこの値段のわりに良いです。音質は25771円という値段のわりに良いと思います。以前は別のメーカーの物を使っていました。音質がこの値段のわりに良いと感じました。梱包はごく普通の段ボールでした。友人に勧められて購入を決めました。音質が値段のわりに良かったです。,コストパフォーマンスに優れる。長時間の使用でも負担が少ない。同梱資料の品質が低い。,音質は25771円という値段のわりに良いと思います。装着感が軽く疲れにくいです。説明書が分かりにくかったです。,コストパフォーマンスに優れる。長時間の使用でも負担が少ない。同梱資料の品質が低い。なおノースピーク製で保証は50か月です。
D0394,ノースピーク,15,3,箱は少し大きめでした。バッテリーが28時間くらい持ちます。説明書が分かりにくかったです。レビューを見てから買うか迷いました。説明書が分かりにくく設定に手間取りました。バッテリーの持ちが28時間ほどで良いです。ノースピークのサポート対応が丁寧だと感じました。ノースピークのサポート対応が丁寧です。説明書が分かりにくいのが残念です。バッテリーは28時間前後持ちました。梱包はごく普通の段ボールでした。説明書が分かりにくいです。以前は別のメーカーの物を使っていました。ノースピークのサポート対応が丁寧でした。ノースピークのサポート対応が丁寧で助かりました。,同梱資料の品質が低い。問い合わせ窓口の品質が高い。電池の持続時間が長い。,説明書が分かりにくかったです。ノースピークのサポート対応が丁寧でした。バッテリーは28時間前後持ちました。,同梱資料の品質が低い。問い合わせ窓口の品質が高い。電池の持続時間が長い。なおアカネ電機製で保証は55か月です。
D0395,ノースピーク,13,3,色は写真で見た印象とほぼ同じです。音質が値段のわりに良かったです。使い始めてまだ日が浅いです。ノースピークのサポート対応が丁寧で助かりました。バッテリーは5時間前後持ちました。バッテリーが5時間くらい持ちます。音質は6606円という値段のわりに良いと思います。バッテリーが5時間ほど持ちました。家族へのプレゼント用に買いました。音質がこの値段のわりに良いと感じました。ノースピークのサポート対応が丁寧でした。バッテリーの持ちが5時間ほどで良いです。箱は少し大きめでした。,コストパフォーマンスに優れる。問い合わせ窓口の品質が高い。電池の持続時間が長い。,音質がこの値段のわりに良いと感じました。ノースピークのサポート対応が丁寧でした。バッテリーの持ちが5時間ほどで良いです。,コストパフォーマンスに優れる。問い合わせ窓口の品質が高い。電池の持続時間が長い。なおアカネ電機製で保証は60か月です。
D0396,ソライロ,11,2,家族へのプレゼント用に買いました。発送が早くて4日で届きました。発送が早く4日で届いています。音質が値段のわりに良かったです。自宅と職場の両方で使う予定です。同じ物をもう一つ買おうか検討中です。音質がこの値段のわりに良いです。レビューを見てから買うか迷いました。使い始めてまだ日が浅いです。箱は少し大きめでした。発送が早くて注文から4日で届きました。,到着までが速い。コストパフォーマンスに優れる。,発送が早くて4日で届きました。音質が値段のわりに良かったです。,到着までが速い。コストパフォーマンスに優れる。なおアカネ電機製で保証は78か月です。
D0397,ソライロ,8,2,バッテリーが7時間ほど持ちました。友人に勧められて購入を決めました。装着感が軽くて長時間でも平気でした。レビューを見てから買うか迷いました。梱包はごく普通の段ボールでした。週末にしか使っていないので耐久性はまだ分かりません。バッテリーの持ちが7時間ほどで良いです。装着感が軽いので長時間でも疲れません。,長時間の使用でも負担が少ない。電池の持続時間が長い。,装着感が軽くて長時間でも平気でした。バッテリーの持ちが7時間ほどで良いです。,長時間の使用でも負担が少ない。電池の持続時間が長い。なおハヤブサ製で保証は74か月です。
D0398,アカネ電機,15,3,発送が早くて注文から2日で届きました。バッテリーが6時間ほど持ちました。友人に勧められて購入を決めました。発送が早いので2日で届きました。以前は別のメーカーの物を使っていました。箱は少し大きめでした。バッテリーが6時間くらい持ちます。アカネ電機のサポート対応が丁寧だと感じました。同じ物をもう一つ買おうか検討中です。自宅と職場の両方で使う予定です。アカネ電機のサポート対応が丁寧で助かりました。バッテリーの持ちが6時間ほどで良いです。アカネ電機のサポート対応が丁寧です。バッテリーは6時間前後持ちました。色は写真で見た印象とほぼ同じです。,到着までが速い。電池の持続時間が長い。問い合わせ窓口の品質が高い。,発送が早いので2日で届きました。バッテリーの持ちが6時間ほどで良いです。アカネ電機のサポート対応が丁寧だと感じました。,到着までが速い。電池の持続時間が長い。問い合わせ窓口の品質が高い。なおミドリワークス製で保証は66か月です。
D0399,アカネ電機,11,3,家族へのプレゼント用に買いました。アカネ電機のサポート対応が丁寧で助かりました。発送が早く2日で届いています。使い始めてまだ日が浅いです。バッテリーが16時間ほど持ちました。アカネ電機のサポート対応が丁寧だと感じました。発送が早くて2日で届きました。友人に勧められて購入を決めました。バッテリーが16時間くらい持ちます。特に不満は今のところありません。梱包はごく普通の段ボールでした。,電池の持続時間が長い。到着までが速い。問い合わせ窓口の品質が高い。,バッテリーが16時間くらい持ちます。発送が早く2日で届いています。アカネ電機のサポート対応が丁寧だと感じました。,電池の持続時間が長い。到着までが速い。問い合わせ窓口の品質が高い。なおソライロ製で保証は61か月です。
