listing_id,title,description,price,category
L02183,◆匿名配送◆初回特典 まとめ売り 状態良好🔥💯✨,状態良好な状態でお譲りします。お値段は¥１３５００になります。塗装済ですので気になる方はご検討ください。,13500,ホビー
L00556,限定版 ラジコン used,ギターです。used。500 円。箱あり。,500,ホビー
L00268,インバーター   冷蔵庫   傷あり,テレビです。傷あり。¥３９５００。動作確認済。,39500,家電
L03657,《まとめ買い歓迎》ﾚﾃﾞィｰｽ ｾｯﾄ 美品,"<br>美品な状態でお譲りします。お値段は24,200円になります。Mサイズですので気になる方はご検討ください。<br>",24200,ファッション
L02705,ペットなし   雑誌   ほぼ新品,"<br>レコードです。ほぼ新品。33,800円。初版。<br>",33800,本・音楽
L02611,《まとめ買い歓迎》静音 本体のみ 難あり,難ありな状態でお譲りします。お値段は¥3400になります。取説付ですので気になる方はご検討ください。,3400,家電
L04637,即決 ラジコン ほぼ新品,ほぼ新品な状態でお譲りします。お値段は19900yenになります。1/144ですので気になる方はご検討ください。,19900,ホビー
L01055,美品 付属品あり ほぼ新品🔥,&nbsp;ほぼ新品な状態でお譲りします。お値段は¥4600になります。リモコン付ですので気になる方はご検討ください。<br>,4600,家電
L00920,値下げ交渉可 本体のみ 美品⭐,"&nbsp;美品な状態でお譲りします。お値段は３４,３００円になります。トレーニングですので気になる方はご検討ください。<br>",34300,スポーツ
L00781,※返品不可箱あり 付属品あり 難あり🔥✨🎁,&nbsp;難ありな状態でお譲りします。お値段は¥11800になります。喫煙者なしですので気になる方はご検討ください。</b>,11800,スポーツ
L01187,!!値下げしました!!限定版   画材   傷あり,<br>傷ありな状態でお譲りします。お値段は¥１７３００になります。コレクションですので気になる方はご検討ください。</b>,17300,ホビー
L03147,★即日発送★硬式 まとめ売り ほぼ新品🎁,&nbsp;ほぼ新品な状態でお譲りします。お値段は¥２７００になります。部活ですので気になる方はご検討ください。</b>,2700,スポーツ
L01812,【送料無料】喫煙者なし 一式 used,&nbsp;usedな状態でお譲りします。お値段は31600yenになります。自宅保管ですので気になる方はご検討ください。<br>,31600,ファッション
L01681,1/144   フィギュア   傷あり,写真集です。傷あり。27500 円。未開封。,27500,ホビー
L01079,※返品不可古着 コート 状態良好,状態良好な状態でお譲りします。お値段は38600 円になります。Mサイズですので気になる方はご検討ください。,38600,ファッション
L01427,ﾘﾓｺﾝ付 炊飯器 難あり🔥,スピーカーです。難あり。¥22100。値下げ交渉可。,22100,家電
L01654,【最終値下げ】自宅保管   ジャンク品   状態良好,&nbsp;状態良好な状態でお譲りします。お値段は２５８００ｙｅｎになります。ヴィンテージですので気になる方はご検討ください。<br>,25800,ファッション
L04375,4K ｲﾔﾎﾝ 美品,美品な状態でお譲りします。お値段は¥37500になります。ペットなしですので気になる方はご検討ください。,37500,家電
L04511,◆匿名配送◆塗装済   ﾊﾟｽﾞﾙ   美品,"ラジコンです。美品。25,200円。限定版。",25200,ホビー
L01504,※返品不可喫煙者なし 付属品あり 美品⭐🎁,美品な状態でお譲りします。お値段は19200 円になります。トレーニングですので気になる方はご検討ください。,19200,スポーツ
L03273,◆匿名配送◆全巻 雑誌 傷あり,画集です。傷あり。¥31000。サイン入り。,31000,本・音楽
L02033,取説付 詰め合わせ 傷あり🎁🎁,傷ありな状態でお譲りします。お値段は29300yenになります。未開封ですので気になる方はご検討ください。,29300,ホビー
L02026,!!値下げしました!!厚底   本体のみ   ほぼ新品,"ほぼ新品な状態でお譲りします。お値段は34,400円になります。Mサイズですので気になる方はご検討ください。",34400,ファッション
L03406,【送料無料】喫煙者なし ｼｬﾂ 美品🔥💯,スニーカーです。美品。¥16700。ヴィンテージ。,16700,ファッション
L02452,※返品不可ﾍﾟｯﾄなし ﾄﾞﾗｲﾔｰ 状態良好🎁✨,状態良好な状態でお譲りします。お値段は500yenになります。取説付ですので気になる方はご検討ください。,500,家電
L02067,◆匿名配送◆レディース バッグ 美品,コートです。美品。29300 円。箱あり。,29300,ファッション
L00498,《まとめ買い歓迎》新生児   詰め合わせ   傷あり💯💯🎁,"傷ありな状態でお譲りします。お値段は５,６００円になります。動作確認済ですので気になる方はご検討ください。",5600,ベビー・キッズ
L00007,帯付き 楽譜 ほぼ新品🔥✨,"写真集です。ほぼ新品。34,100円。美品。",34100,本・音楽
L03540,限定版 詰め合わせ 傷あり,傷ありな状態でお譲りします。お値段は18400 円になります。コレクションですので気になる方はご検討ください。,18400,ホビー
L03915,◆匿名配送◆名盤 文庫本 傷あり✨⭐,"<br>傷ありな状態でお譲りします。お値段は5,100円になります。美品ですので気になる方はご検討ください。&amp;",5100,本・音楽
L01533,【送料無料】安全基準適合 ﾁｬｲﾙﾄﾞｼｰﾄ 状態良好,"<b>おもちゃです。状態良好。２２,４００円。取説付。</b>",22400,ベビー・キッズ
L04061,値下げ交渉可 スピーカー 美品✨🎁✨,"<b>洗濯機です。美品。26,200円。軽量。&amp;",26200,家電
L01671,《まとめ買い歓迎》1/144 ラジコン ほぼ新品,パズルです。ほぼ新品。¥9000。喫煙者なし。,9000,ホビー
L02396,インバーター 訳あり品 難あり,"&nbsp;難ありな状態でお譲りします。お値段は8,000円になります。節電ですので気になる方はご検討ください。<br>",8000,家電
L03068,取説付 ﾖｶﾞﾏｯﾄ 難あり,"難ありな状態でお譲りします。お値段は20,700円になります。27cmですので気になる方はご検討ください。",20700,スポーツ
L00805,!!値下げしました!!軽量 ワンピース 美品,<b>帽子です。美品。１５６００ 円。ペットなし。<br>,15600,ファッション
L00158,自宅保管 一式 used,&nbsp;usedな状態でお譲りします。お値段は21100yenになります。塗装済ですので気になる方はご検討ください。&amp;,21100,ホビー
L00854,※返品不可ペットなし 訳あり品 状態良好,状態良好な状態でお譲りします。お値段は11700yenになります。喫煙者なしですので気になる方はご検討ください。,11700,本・音楽
L02561,喫煙者なし   単行本   状態良好⭐💯🔥,<b>状態良好な状態でお譲りします。お値段は¥10600になります。名盤ですので気になる方はご検討ください。<br>,10600,本・音楽
L03818,ペットなし ジャケット 状態良好,"&nbsp;状態良好な状態でお譲りします。お値段は４,７００円になります。厚底ですので気になる方はご検討ください。<br>",4700,ファッション
L01814,◆匿名配送◆屋外用 中古品 難あり,難ありな状態でお譲りします。お値段は¥5700になります。即決ですので気になる方はご検討ください。,5700,スポーツ
L04647,硬式 ｸﾞﾛｰﾌﾞ 傷あり✨⭐🔥,"<b>ダンベルです。傷あり。１８,７００円。ペットなし。</b>",18700,スポーツ
L03427,硬式 セット ほぼ新品,ほぼ新品な状態でお譲りします。お値段は18100 円になります。喫煙者なしですので気になる方はご検討ください。,18100,スポーツ
L04661,即決 ｾｯﾄ 難あり,<b>難ありな状態でお譲りします。お値段は4800 円になります。喫煙者なしですので気になる方はご検討ください。<br>,4800,ホビー
L04079,節電   エアコン   状態良好,<b>状態良好な状態でお譲りします。お値段は¥22300になります。静音ですので気になる方はご検討ください。<br>,22300,家電
L00964,静音 スピーカー 状態良好,状態良好な状態でお譲りします。お値段は¥28500になります。動作確認済ですので気になる方はご検討ください。,28500,家電
L02682,◆匿名配送◆箱あり ランニングシューズ 傷あり,<b>スパイクです。傷あり。¥１０８００。屋外用。<br>,10800,スポーツ
L04921,【最終値下げ】箱あり   デニム   美品🎁💯🔥,コートです。美品。６７００ｙｅｎ。値下げ交渉可。,6700,ファッション
L04529,硬式 ランニングシューズ used,"usedな状態でお譲りします。お値段は30,600円になります。硬式ですので気になる方はご検討ください。",30600,スポーツ
L00044,ﾄﾚｰﾆﾝｸﾞ 一式 傷あり,<b>傷ありな状態でお譲りします。お値段は28100 円になります。自宅保管ですので気になる方はご検討ください。&amp;,28100,スポーツ
L02672,【最終値下げ】レディース   中古品   used✨,&nbsp;usedな状態でお譲りします。お値段は¥29500になります。即決ですので気になる方はご検討ください。<br>,29500,ファッション
L01165,【送料無料】硬式 ﾗﾝﾆﾝｸﾞｼｭｰｽﾞ ほぼ新品,ほぼ新品な状態でお譲りします。お値段は¥２９１００になります。取説付ですので気になる方はご検討ください。,29100,スポーツ
L04019,★即日発送★静音   セット   ほぼ新品,"ほぼ新品な状態でお譲りします。お値段は２４,２００円になります。喫煙者なしですので気になる方はご検討ください。",24200,家電
L01656,【送料無料】サイン入り   スピーカー   美品,&nbsp;参考書です。美品。¥25300。ペットなし。<br>,25300,本・音楽
L01036,インバーター   電子レンジ   状態良好,イヤホンです。状態良好。¥37200。節電。,37200,家電
L00198,◆匿名配送◆限定版 ラジコン ほぼ新品,&nbsp;ほぼ新品な状態でお譲りします。お値段は4500 円になります。塗装済ですので気になる方はご検討ください。&amp;,4500,ホビー
L00538,静音   一式   難あり✨⭐,"<br>難ありな状態でお譲りします。お値段は4,900円になります。美品ですので気になる方はご検討ください。</b>",4900,家電
L01052,《まとめ買い歓迎》ペットなし 中古品 美品,美品な状態でお譲りします。お値段は20600yenになります。即決ですので気になる方はご検討ください。,20600,本・音楽
L02833,27cm   まとめ売り   美品,"美品な状態でお譲りします。お値段は17,700円になります。即決ですので気になる方はご検討ください。",17700,スポーツ
L04787,※返品不可箱あり   イヤホン   美品🎁✨,<b>美品な状態でお譲りします。お値段は25300 円になります。インバーターですので気になる方はご検討ください。&amp;,25300,家電
L01242,《まとめ買い歓迎》古着 バッグ 美品,"<b>美品な状態でお譲りします。お値段は１２,９００円になります。美品ですので気になる方はご検討ください。<br>",12900,ファッション
L02397,★即日発送★１／１４４ ジャンク品 ほぼ新品,ほぼ新品な状態でお譲りします。お値段は２２３００ｙｅｎになります。箱ありですので気になる方はご検討ください。,22300,ホビー
L02730,★即日発送★箱あり   単行本   ほぼ新品✨⭐,ほぼ新品な状態でお譲りします。お値段は¥28000になります。名盤ですので気になる方はご検討ください。,28000,本・音楽
L01348,TV 掃除機 used💯🔥⭐,<br>スピーカーです。used。¥27800。美品。&amp;,27800,家電
L02963,ﾍﾟｯﾄなし 画集 ほぼ新品,"&nbsp;ほぼ新品な状態でお譲りします。お値段は４,３００円になります。自宅保管ですので気になる方はご検討ください。</b>",4300,本・音楽
L02449,全巻   単行本   ほぼ新品💯🔥,"ほぼ新品な状態でお譲りします。お値段は５,８００円になります。帯付きですので気になる方はご検討ください。",5800,本・音楽
L03905,軽量 シューズ 状態良好,"ダンベルです。状態良好。１９,６００円。部活。",19600,スポーツ
L00421,省ｴﾈ ｴｱｺﾝ 傷あり,"傷ありな状態でお譲りします。お値段は37,900円になります。4Kですので気になる方はご検討ください。",37900,家電
L04183,喫煙者なし ワンピース 難あり,デニムです。難あり。19600yen。ヴィンテージ。,19600,ファッション
L03312,【最終値下げ】名盤 画集 ほぼ新品,単行本です。ほぼ新品。20500 円。箱あり。,20500,本・音楽
L01160,【送料無料】値下げ交渉可 ｽﾆｰｶｰ ほぼ新品,"ほぼ新品な状態でお譲りします。お値段は24,400円になります。自宅保管ですので気になる方はご検討ください。",24400,ファッション
L00865,!!値下げしました!!硬式 中古品 状態良好⭐⭐🎁,<b>状態良好な状態でお譲りします。お値段は37100yenになります。屋外用ですので気になる方はご検討ください。</b>,37100,スポーツ
L03085,【最終値下げ】インバーター 電子レンジ 傷あり⭐💯🔥,傷ありな状態でお譲りします。お値段は¥22800になります。リモコン付ですので気になる方はご検討ください。,22800,家電
L01944,【送料無料】ﾍﾟｯﾄなし 雑誌 傷あり✨🎁🎁,"<b>傷ありな状態でお譲りします。お値段は21,800円になります。箱ありですので気になる方はご検討ください。</b>",21800,本・音楽
L04976,!!値下げしました!!初版 写真集 美品,&nbsp;楽譜です。美品。３８６００ｙｅｎ。軽量。<br>,38600,本・音楽
L04588,【最終値下げ】Mｻｲｽﾞ ｺｰﾄ 傷あり⭐✨,傷ありな状態でお譲りします。お値段は¥13200になります。自宅保管ですので気になる方はご検討ください。,13200,ファッション
L01451,◆匿名配送◆インバーター まとめ売り 難あり,難ありな状態でお譲りします。お値段は３３７００ｙｅｎになります。動作確認済ですので気になる方はご検討ください。,33700,家電
L02479,《まとめ買い歓迎》値下げ交渉可   トレカ   美品,<br>トレカです。美品。¥18200。限定版。&amp;,18200,ホビー
L02410,塗装済 写真集 傷あり,<b>傷ありな状態でお譲りします。お値段は¥12700になります。コレクションですので気になる方はご検討ください。&amp;,12700,ホビー
L03410,硬式 ランニングシューズ ｕｓｅｄ✨⭐🔥,ｕｓｅｄな状態でお譲りします。お値段は３８０００ｙｅｎになります。ペットなしですので気になる方はご検討ください。,38000,スポーツ
L00325,《まとめ買い歓迎》２７ｃｍ ﾖｶﾞﾏｯﾄ ｕｓｅｄ,<b>グローブです。ｕｓｅｄ。¥３１６００。部活。&amp;,31600,スポーツ
L03183,!!値下げしました!!厚底 付属品あり 状態良好,状態良好な状態でお譲りします。お値段は¥1300になります。箱ありですので気になる方はご検討ください。,1300,ファッション
L03836,◆匿名配送◆箱あり デニム used,&nbsp;usedな状態でお譲りします。お値段は2400yenになります。レディースですので気になる方はご検討ください。&amp;,2400,ファッション
L02960,【送料無料】TV ドライヤー 美品,<br>冷蔵庫です。美品。¥13400。喫煙者なし。&amp;,13400,家電
L02534,【最終値下げ】動作確認済 中古品 美品🎁🔥,&nbsp;美品な状態でお譲りします。お値段は¥37900になります。未開封ですので気になる方はご検討ください。</b>,37900,ホビー
L03235,【送料無料】ペットなし 空気清浄機 傷あり✨⭐,<b>洗濯機です。傷あり。¥３５７００。即決。<br>,35700,家電
L04591,《まとめ買い歓迎》美品 中古品 used,usedな状態でお譲りします。お値段は3700 円になります。TVですので気になる方はご検討ください。,3700,家電
L02146,即決 冷蔵庫 傷あり,"掃除機です。傷あり。27,000円。静音。",27000,家電
L00475,【最終値下げ】２７ｃｍ ヨガマット ｕｓｅｄ🔥✨,&nbsp;シューズです。ｕｓｅｄ。２６４００ｙｅｎ。硬式。<br>,26400,スポーツ
L04261,即決 ドライヤー used,usedな状態でお譲りします。お値段は¥16500になります。リモコン付ですので気になる方はご検討ください。,16500,家電
L02059,《まとめ買い歓迎》取説付 ﾌﾞｰﾂ ほぼ新品💯✨,&nbsp;シューズです。ほぼ新品。17000yen。美品。&amp;,17000,ファッション
L01998,初回特典 フィギュア 状態良好,"<br>ラジコンです。状態良好。25,700円。ペットなし。&amp;",25700,ホビー
L00820,部活   セット   傷あり⭐⭐🎁,"傷ありな状態でお譲りします。お値段は７,５００円になります。美品ですので気になる方はご検討ください。",7500,スポーツ
L00903,◆匿名配送◆リモコン付 テレビ 難あり,テレビです。難あり。34500 円。軽量。,34500,家電
L04910,《まとめ買い歓迎》動作確認済 冷蔵庫 ほぼ新品,テレビです。ほぼ新品。600円。静音。,600,家電
L04088,メンズ セット 傷あり🎁🎁💯,<br>傷ありな状態でお譲りします。お値段は¥5300になります。厚底ですので気になる方はご検討ください。&amp;,5300,ファッション
L03292,２７ｃｍ   ランニングシューズ   傷あり,<br>傷ありな状態でお譲りします。お値段は３１５００ｙｅｎになります。喫煙者なしですので気になる方はご検討ください。&amp;,31500,スポーツ
L04047,◆匿名配送◆喫煙者なし 一式 状態良好,"状態良好な状態でお譲りします。お値段は33,100円になります。即決ですので気になる方はご検討ください。",33100,ホビー
L02684,★即日発送★節電 ｾｯﾄ 美品,"美品な状態でお譲りします。お値段は38,500円になります。インバーターですので気になる方はご検討ください。",38500,家電
L04882,古着   バッグ   状態良好,状態良好な状態でお譲りします。お値段は¥２９８００になります。取説付ですので気になる方はご検討ください。,29800,ファッション
L03780,【送料無料】ﾍﾟｯﾄなし ﾗｹｯﾄ ほぼ新品,<b>ほぼ新品な状態でお譲りします。お値段は¥13200になります。部活ですので気になる方はご検討ください。<br>,13200,スポーツ
L02912,【最終値下げ】静音 中古品 ほぼ新品,&nbsp;ほぼ新品な状態でお譲りします。お値段は１２６００ｙｅｎになります。インバーターですので気になる方はご検討ください。<br>,12600,家電
L03280,動作確認済 まとめ売り used,usedな状態でお譲りします。お値段は10500yenになります。取説付ですので気になる方はご検討ください。,10500,家電
L01550,★即日発送★初版 詰め合わせ ほぼ新品,"ほぼ新品な状態でお譲りします。お値段は17,900円になります。全巻ですので気になる方はご検討ください。",17900,本・音楽
L01935,※返品不可新生児   おもちゃ   used,usedな状態でお譲りします。お値段は¥1300になります。箱ありですので気になる方はご検討ください。,1300,ベビー・キッズ
L02946,美品 参考書 傷あり,傷ありな状態でお譲りします。お値段は18900 円になります。即決ですので気になる方はご検討ください。,18900,本・音楽
L02039,※返品不可安全基準適合 一式 ほぼ新品⭐🔥,<br>ほぼ新品な状態でお譲りします。お値段は１２００ 円になります。対象年齢３歳ですので気になる方はご検討ください。&amp;,1200,ベビー・キッズ
L01319,《まとめ買い歓迎》取説付 テレビ used🎁💯🔥,"テレビです。used。26,200円。インバーター。",26200,家電
L04742,ﾍﾟｯﾄなし 参考書 ほぼ新品💯,"画集です。ほぼ新品。28,900円。サイン入り。",28900,本・音楽
L02387,メンズ スニーカー 状態良好⭐🎁⭐,状態良好な状態でお譲りします。お値段は２７８００ 円になります。喫煙者なしですので気になる方はご検討ください。,27800,ファッション
L03933,【最終値下げ】メンズ   コート   used,<br>usedな状態でお譲りします。お値段は20600 円になります。ヴィンテージですので気になる方はご検討ください。</b>,20600,ファッション
L03258,名盤   スピーカー   used,&nbsp;usedな状態でお譲りします。お値段は¥33800になります。動作確認済ですので気になる方はご検討ください。&amp;,33800,本・音楽
L02246,《まとめ買い歓迎》静音 電子レンジ 傷あり,<b>掃除機です。傷あり。7400yen。静音。</b>,7400,家電
L04633,※返品不可ペットなし   ギター   used,"写真集です。used。8,700円。値下げ交渉可。",8700,ホビー
L04587,【送料無料】部活   自転車   ほぼ新品,<br>自転車です。ほぼ新品。９００円。屋外用。&amp;,900,スポーツ
L04939,インバーター エアコン 状態良好,状態良好な状態でお譲りします。お値段は30100yenになります。TVですので気になる方はご検討ください。,30100,家電
L02029,美品   自転車   状態良好,<br>スパイクです。状態良好。38400yen。27cm。<br>,38400,スポーツ
L04095,喫煙者なし バッグ ｕｓｅｄ🔥✨🎁,"&nbsp;ｕｓｅｄな状態でお譲りします。お値段は３９,２００円になります。軽量ですので気になる方はご検討ください。<br>",39200,ファッション
L01424,※返品不可インバーター テレビ 美品⭐🔥⭐,<br>電子レンジです。美品。¥33000。TV。&amp;,33000,家電
L01789,※返品不可TV テレビ used🔥💯,&nbsp;usedな状態でお譲りします。お値段は¥17000になります。静音ですので気になる方はご検討ください。&amp;,17000,家電
L02226,部活 ﾖｶﾞﾏｯﾄ ほぼ新品,"<br>ほぼ新品な状態でお譲りします。お値段は３５,７００円になります。取説付ですので気になる方はご検討ください。&amp;",35700,スポーツ
L02411,部活 訳あり品 ほぼ新品💯,ほぼ新品な状態でお譲りします。お値段は１５６００ 円になります。トレーニングですので気になる方はご検討ください。,15600,スポーツ
L01130,箱あり ギター used,画材です。used。14400yen。美品。,14400,ホビー
L02745,!!値下げしました!!塗装済 写真集 難あり,難ありな状態でお譲りします。お値段は¥35900になります。限定版ですので気になる方はご検討ください。,35900,ホビー
L01138,サイン入り 画集 used,画集です。used。39200yen。値下げ交渉可。,39200,本・音楽
L00953,※返品不可ヴィンテージ ワンピース 傷あり✨,<br>シャツです。傷あり。7300yen。メンズ。<br>,7300,ファッション
L00503,《まとめ買い歓迎》コレクション 中古品 美品,美品な状態でお譲りします。お値段は¥8700になります。ペットなしですので気になる方はご検討ください。,8700,ホビー
L04717,古着   ｺｰﾄ   傷あり🔥⭐💯,傷ありな状態でお譲りします。お値段は22200 円になります。即決ですので気になる方はご検討ください。,22200,ファッション
L02291,部活   セット   難あり,難ありな状態でお譲りします。お値段は30300yenになります。動作確認済ですので気になる方はご検討ください。,30300,スポーツ
L02765,【最終値下げ】屋外用 自転車 状態良好💯🔥,"自転車です。状態良好。7,300円。27cm。",7300,スポーツ
L02064,【最終値下げ】動作確認済 空気清浄機 ほぼ新品,"ほぼ新品な状態でお譲りします。お値段は３３,０００円になります。４Ｋですので気になる方はご検討ください。",33000,家電
L01414,初版 雑誌 used💯✨,&nbsp;usedな状態でお譲りします。お値段は30100 円になります。軽量ですので気になる方はご検討ください。&amp;,30100,本・音楽
L01886,《まとめ買い歓迎》ペットなし 楽譜 used,<br>レコードです。used。36600yen。即決。&amp;,36600,本・音楽
L01021,◆匿名配送◆サイン入り 詰め合わせ 難あり🔥💯💯,"難ありな状態でお譲りします。お値段は３４,７００円になります。取説付ですので気になる方はご検討ください。",34700,本・音楽
L00306,リモコン付 空気清浄機 難あり✨🎁🔥,<b>スピーカーです。難あり。¥８７００。動作確認済。&amp;,8700,家電
L01481,対象年齢3歳   絵本   難あり,ベビー服です。難あり。¥37900。洗える。,37900,ベビー・キッズ
L04477,【最終値下げ】省エネ ジャンク品 ほぼ新品,"ほぼ新品な状態でお譲りします。お値段は38,300円になります。箱ありですので気になる方はご検討ください。",38300,家電
L01003,◆匿名配送◆初版 本体のみ 難あり🎁,難ありな状態でお譲りします。お値段は¥32800になります。帯付きですので気になる方はご検討ください。,32800,本・音楽
L01357,!!値下げしました!!初回特典 ﾌﾟﾗﾓﾃﾞﾙ 状態良好,"<b>状態良好な状態でお譲りします。お値段は16,700円になります。自宅保管ですので気になる方はご検討ください。</b>",16700,ホビー
L00841,!!値下げしました!!動作確認済 訳あり品 美品,美品な状態でお譲りします。お値段は１０００ 円になります。インバーターですので気になる方はご検討ください。,1000,家電
L03225,※返品不可動作確認済 訳あり品 傷あり,"傷ありな状態でお譲りします。お値段は18,100円になります。美品ですので気になる方はご検討ください。",18100,スポーツ
L03856,《まとめ買い歓迎》自宅保管 自転車 ほぼ新品,ウェアです。ほぼ新品。¥28000。ペットなし。,28000,スポーツ
L02125,美品 画材 ほぼ新品🎁,"画材です。ほぼ新品。1,900円。軽量。",1900,ホビー
L03325,取説付   詰め合わせ   ほぼ新品,&nbsp;ほぼ新品な状態でお譲りします。お値段は27600 円になります。インバーターですので気になる方はご検討ください。&amp;,27600,家電
L01183,【最終値下げ】厚底 ｽﾆｰｶｰ 美品,シューズです。美品。¥35500。レディース。,35500,ファッション
L04741,自宅保管 おもちゃ 状態良好,<br>状態良好な状態でお譲りします。お値段は¥9700になります。新生児ですので気になる方はご検討ください。&amp;,9700,ベビー・キッズ
L03699,即決 詰め合わせ 難あり⭐🎁💯,難ありな状態でお譲りします。お値段は¥14900になります。動作確認済ですので気になる方はご検討ください。,14900,家電
L02770,!!値下げしました!!未開封 ﾌィｷﾞｭｱ used,"写真集です。used。29,100円。コレクション。",29100,ホビー
L01692,インバーター イヤホン 傷あり💯✨,掃除機です。傷あり。10900yen。静音。,10900,家電
L03612,◆匿名配送◆軽量   ﾄﾚｶ   難あり,&nbsp;難ありな状態でお譲りします。お値段は¥２１９００になります。塗装済ですので気になる方はご検討ください。&amp;,21900,ホビー
L04804,初回特典 画材 傷あり,"傷ありな状態でお譲りします。お値段は36,700円になります。コレクションですので気になる方はご検討ください。",36700,ホビー
L03716,★即日発送★喫煙者なし 掃除機 状態良好,<b>状態良好な状態でお譲りします。お値段は１８１００ 円になります。リモコン付ですので気になる方はご検討ください。<br>,18100,家電
L04030,ｲﾝﾊﾞｰﾀｰ   冷蔵庫   状態良好🔥🔥🔥,&nbsp;状態良好な状態でお譲りします。お値段は３２５００ｙｅｎになります。省エネですので気になる方はご検討ください。&amp;,32500,家電
L01171,【送料無料】洗える   おもちゃ   used,<b>usedな状態でお譲りします。お値段は39000yenになります。動作確認済ですので気になる方はご検討ください。&amp;,39000,ベビー・キッズ
L00119,!!値下げしました!!ヴィﾝﾃｰｼﾞ ﾜﾝﾋﾟｰｽ 美品⭐,ジャケットです。美品。2800 円。厚底。,2800,ファッション
L04192,Ｍｻｲｽﾞ ｾｯﾄ ほぼ新品,&nbsp;ほぼ新品な状態でお譲りします。お値段は¥３２０００になります。Ｍサイズですので気になる方はご検討ください。&amp;,32000,ファッション
L00029,初回特典 訳あり品 難あり🎁💯,<b>難ありな状態でお譲りします。お値段は¥3300になります。初回特典ですので気になる方はご検討ください。&amp;,3300,ホビー
L04848,!!値下げしました!!１／１４４ ﾊﾟｽﾞﾙ ほぼ新品,<b>ほぼ新品な状態でお譲りします。お値段は２４１００ 円になります。ペットなしですので気になる方はご検討ください。</b>,24100,ホビー
L02644,値下げ交渉可 付属品あり ほぼ新品✨🎁⭐,ほぼ新品な状態でお譲りします。お値段は¥20600になります。軽量ですので気になる方はご検討ください。,20600,本・音楽
L03101,ヴィンテージ 帽子 美品,<br>コートです。美品。¥34000。厚底。&amp;,34000,ファッション
L02131,リモコン付 エアコン used,<b>usedな状態でお譲りします。お値段は¥33500になります。値下げ交渉可ですので気になる方はご検討ください。</b>,33500,家電
L04013,【送料無料】ﾍﾟｯﾄなし 訳あり品 傷あり🔥🔥,傷ありな状態でお譲りします。お値段は¥28300になります。軽量ですので気になる方はご検討ください。,28300,スポーツ
L04994,【最終値下げ】動作確認済 ラジコン used💯🔥💯,"ラジコンです。used。37,700円。初回特典。",37700,ホビー
L04796,屋外用 付属品あり 難あり,難ありな状態でお譲りします。お値段は26600 円になります。部活ですので気になる方はご検討ください。,26600,スポーツ
L03621,!!値下げしました!!４Ｋ 空気清浄機 美品🔥,"&nbsp;美品な状態でお譲りします。お値段は４,９００円になります。４Ｋですので気になる方はご検討ください。&amp;",4900,家電
L03545,※返品不可美品   ﾌﾞｰﾂ   used🎁,"&nbsp;usedな状態でお譲りします。お値段は1,800円になります。即決ですので気になる方はご検討ください。&amp;",1800,ファッション
L02403,美品 セット 傷あり,傷ありな状態でお譲りします。お値段は¥24600になります。古着ですので気になる方はご検討ください。,24600,ファッション
L02995,動作確認済   自転車   ｕｓｅｄ,"ｕｓｅｄな状態でお譲りします。お値段は２９,５００円になります。値下げ交渉可ですので気になる方はご検討ください。",29500,スポーツ
L02132,【送料無料】ヴィﾝﾃｰｼﾞ ﾊﾞｯｸﾞ 難あり🎁,&nbsp;ワンピースです。難あり。¥35600。Mサイズ。<br>,35600,ファッション
L01516,◆匿名配送◆ﾍﾟｯﾄなし 付属品あり 難あり💯🎁,難ありな状態でお譲りします。お値段は¥３７６００になります。自宅保管ですので気になる方はご検討ください。,37600,ベビー・キッズ
L04873,ペットなし   シューズ   難あり💯,難ありな状態でお譲りします。お値段は26800 円になります。Mサイズですので気になる方はご検討ください。,26800,ファッション
L00643,厚底 付属品あり 難あり,<br>難ありな状態でお譲りします。お値段は¥２１２００になります。美品ですので気になる方はご検討ください。&amp;,21200,ファッション
L03974,!!値下げしました!!古着 コート 美品,&nbsp;美品な状態でお譲りします。お値段は29800 円になります。古着ですので気になる方はご検討ください。&amp;,29800,ファッション
L02122,!!値下げしました!!値下げ交渉可 洗濯機 used,<br>イヤホンです。used。2200yen。箱あり。</b>,2200,家電
L00060,【送料無料】古着 シャツ 難あり,帽子です。難あり。¥35000。Mサイズ。,35000,ファッション
L02944,★即日発送★レディース 付属品あり 難あり,難ありな状態でお譲りします。お値段は２３８００ｙｅｎになります。Ｍサイズですので気になる方はご検討ください。,23800,ファッション
L02750,【送料無料】限定版 画材 美品,"<b>美品な状態でお譲りします。お値段は28,800円になります。コレクションですので気になる方はご検討ください。<br>",28800,ホビー
L00910,《まとめ買い歓迎》初回特典 ﾗｼﾞｺﾝ 難あり,<b>難ありな状態でお譲りします。お値段は１６３００ｙｅｎになります。動作確認済ですので気になる方はご検討ください。</b>,16300,ホビー
L03823,ｺﾚｸｼｮﾝ ﾗｼﾞｺﾝ 傷あり,傷ありな状態でお譲りします。お値段は¥４１００になります。値下げ交渉可ですので気になる方はご検討ください。,4100,ホビー
L03194,喫煙者なし テレビ 美品,美品な状態でお譲りします。お値段は¥5700になります。美品ですので気になる方はご検討ください。,5700,家電
L02825,※返品不可ペットなし まとめ売り 状態良好,<br>状態良好な状態でお譲りします。お値段は¥12600になります。軽量ですので気になる方はご検討ください。<br>,12600,ファッション
L02631,限定版 トレカ 傷あり,<br>トレカです。傷あり。¥13100。コレクション。<br>,13100,ホビー
L00979,【送料無料】未開封 詰め合わせ 美品,<br>美品な状態でお譲りします。お値段は¥６１００になります。初回特典ですので気になる方はご検討ください。<br>,6100,ホビー
L03291,《まとめ買い歓迎》インバーター 訳あり品 美品✨✨⭐,<b>美品な状態でお譲りします。お値段は１８９００ｙｅｎになります。リモコン付ですので気になる方はご検討ください。&amp;,18900,家電
L01965,喫煙者なし 写真集 難あり🎁,<br>難ありな状態でお譲りします。お値段は１４２００ｙｅｎになります。ペットなしですので気になる方はご検討ください。<br>,14200,本・音楽
L03086,軽量 自転車 美品,ヨガマットです。美品。34500 円。部活。,34500,スポーツ
L04957,!!値下げしました!!Mサイズ   中古品   ほぼ新品,ほぼ新品な状態でお譲りします。お値段は¥13000になります。美品ですので気になる方はご検討ください。,13000,ファッション
L04560,ヴィンテージ 帽子 難あり,シューズです。難あり。25500 円。古着。,25500,ファッション
L00740,メンズ スニーカー 難あり⭐,難ありな状態でお譲りします。お値段は22300yenになります。レディースですので気になる方はご検討ください。,22300,ファッション
L01831,★即日発送★１／１４４ ｷﾞﾀｰ ほぼ新品,ほぼ新品な状態でお譲りします。お値段は２９０００ 円になります。１／１４４ですので気になる方はご検討ください。,29000,ホビー
L00734,※返品不可自宅保管 ﾄﾚｶ 状態良好,フィギュアです。状態良好。¥1900。自宅保管。,1900,ホビー
L01334,【最終値下げ】全巻 ｽﾋﾟｰｶｰ 難あり,<b>難ありな状態でお譲りします。お値段は9100 円になります。自宅保管ですので気になる方はご検討ください。</b>,9100,本・音楽
L03129,省エネ 冷蔵庫 状態良好,"&nbsp;イヤホンです。状態良好。１,５００円。箱あり。&amp;",1500,家電
L01483,廃盤   文庫本   ほぼ新品,<b>画集です。ほぼ新品。3700 円。廃盤。&amp;,3700,本・音楽
L01313,!!値下げしました!!喫煙者なし 詰め合わせ 状態良好⭐,<br>状態良好な状態でお譲りします。お値段は１５０００ 円になります。塗装済ですので気になる方はご検討ください。&amp;,15000,ホビー
L03072,値下げ交渉可 付属品あり 美品,美品な状態でお譲りします。お値段は¥１１９００になります。即決ですので気になる方はご検討ください。,11900,家電
L02754,◆匿名配送◆ヴィンテージ まとめ売り 状態良好,&nbsp;状態良好な状態でお譲りします。お値段は15400yenになります。Mサイズですので気になる方はご検討ください。</b>,15400,ファッション
L02671,サイン入り スピーカー 傷あり,傷ありな状態でお譲りします。お値段は２１８００ｙｅｎになります。喫煙者なしですので気になる方はご検討ください。,21800,本・音楽
L02016,節電 炊飯器 状態良好,&nbsp;スピーカーです。状態良好。39400 円。省エネ。<br>,39400,家電
L04630,【送料無料】喫煙者なし 掃除機 状態良好,<br>イヤホンです。状態良好。５９００ 円。値下げ交渉可。&amp;,5900,家電
L03058,取説付   ｼﾞｬﾝｸ品   美品,美品な状態でお譲りします。お値段は13000 円になります。動作確認済ですので気になる方はご検討ください。,13000,ファッション
L00589,《まとめ買い歓迎》Mｻｲｽﾞ ｾｯﾄ 状態良好,"<br>状態良好な状態でお譲りします。お値段は29,100円になります。厚底ですので気になる方はご検討ください。<br>",29100,ファッション
L04950,【最終値下げ】ヴィンテージ シューズ 美品,美品な状態でお譲りします。お値段は27200yenになります。厚底ですので気になる方はご検討ください。,27200,ファッション
L00249,◆匿名配送◆美品 スピーカー 傷あり,<b>レコードです。傷あり。36300yen。美品。<br>,36300,本・音楽
L02097,サイン入り 楽譜 ほぼ新品,"<br>レコードです。ほぼ新品。９,７００円。美品。</b>",9700,本・音楽
L00635,※返品不可箱あり 中古品 美品,<b>美品な状態でお譲りします。お値段は¥25100になります。軽量ですので気になる方はご検討ください。</b>,25100,家電
L03466,動作確認済 ジャケット 状態良好,<b>ワンピースです。状態良好。11000yen。レディース。</b>,11000,ファッション
L03472,取説付   電子ﾚﾝｼﾞ   ｕｓｅｄ,<br>ｕｓｅｄな状態でお譲りします。お値段は¥２３９００になります。リモコン付ですので気になる方はご検討ください。<br>,23900,家電
L04074,【送料無料】27cm ﾀﾞﾝﾍﾞﾙ 難あり,ダンベルです。難あり。2800 円。部活。,2800,スポーツ
L02702,軽量 ﾚｺｰﾄﾞ 傷あり⭐🎁,参考書です。傷あり。１１４００ 円。美品。,11400,本・音楽
L01042,【送料無料】名盤 画集 傷あり,<b>スピーカーです。傷あり。29300yen。美品。</b>,29300,本・音楽
L02121,対象年齢３歳 中古品 ほぼ新品🔥💯🎁,<b>ほぼ新品な状態でお譲りします。お値段は¥１７１００になります。新生児ですので気になる方はご検討ください。&amp;,17100,ベビー・キッズ
L03455,!!値下げしました!!4K   ドライヤー   used🎁✨💯,空気清浄機です。used。¥14700。節電。,14700,家電
L02896,即決 付属品あり 傷あり,傷ありな状態でお譲りします。お値段は23100 円になります。美品ですので気になる方はご検討ください。,23100,ファッション
L01782,軽量 ｸﾞﾛｰﾌﾞ 状態良好,状態良好な状態でお譲りします。お値段は５００ 円になります。２７ｃｍですので気になる方はご検討ください。,500,スポーツ
L01866,【最終値下げ】Mｻｲｽﾞ   ﾊﾞｯｸﾞ   状態良好,状態良好な状態でお譲りします。お値段は33600yenになります。動作確認済ですので気になる方はご検討ください。,33600,ファッション
L04760,ペットなし バッグ used,"帽子です。used。24,700円。メンズ。",24700,ファッション
L04287,※返品不可自宅保管 ジャンク品 傷あり🎁🔥🎁,傷ありな状態でお譲りします。お値段は20900 円になります。ヴィンテージですので気になる方はご検討ください。,20900,ファッション
L01916,!!値下げしました!!4K   電子レンジ   難あり,テレビです。難あり。¥29800。喫煙者なし。,29800,家電
L03682,ﾚﾃﾞィｰｽ ｼｭｰｽﾞ 傷あり✨🔥✨,&nbsp;バッグです。傷あり。4100yen。レディース。</b>,4100,ファッション
L00461,《まとめ買い歓迎》自宅保管 帽子 傷あり,デニムです。傷あり。¥１１２００。古着。,11200,ファッション
L01091,屋外用 グローブ 状態良好,<b>ランニングシューズです。状態良好。２５８００ｙｅｎ。２７ｃｍ。</b>,25800,スポーツ
L04897,箱あり ｼｭｰｽﾞ used,"自転車です。used。8,800円。軽量。",8800,スポーツ
L00973,動作確認済 ジャケット ほぼ新品,"<b>ほぼ新品な状態でお譲りします。お値段は３８,８００円になります。Ｍサイズですので気になる方はご検討ください。</b>",38800,ファッション
L03848,【最終値下げ】省ｴﾈ   まとめ売り   傷あり,"傷ありな状態でお譲りします。お値段は27,900円になります。TVですので気になる方はご検討ください。",27900,家電
L02257,塗装済 訳あり品 美品💯,<b>美品な状態でお譲りします。お値段は7600yenになります。塗装済ですので気になる方はご検討ください。<br>,7600,ホビー
L00510,箱あり 帽子 used,コートです。used。20600 円。古着。,20600,ファッション
L03140,ペットなし スピーカー ｕｓｅｄ,"<br>テレビです。ｕｓｅｄ。３８,８００円。動作確認済。<br>",38800,家電
L00045,※返品不可部活 ｽﾊﾟｲｸ ｕｓｅｄ✨🎁⭐,"ラケットです。ｕｓｅｄ。２７,０００円。自宅保管。",27000,スポーツ
L00213,トレーニング スパイク 難あり,難ありな状態でお譲りします。お値段は¥37900になります。美品ですので気になる方はご検討ください。,37900,スポーツ
L04339,◆匿名配送◆レディース   付属品あり   傷あり,傷ありな状態でお譲りします。お値段は25700 円になります。自宅保管ですので気になる方はご検討ください。,25700,ファッション
L00726,◆匿名配送◆ペットなし 抱っこ紐 ほぼ新品💯,<br>ほぼ新品な状態でお譲りします。お値段は26200yenになります。洗えるですので気になる方はご検討ください。&amp;,26200,ベビー・キッズ
L02202,【送料無料】屋外用 まとめ売り used,"usedな状態でお譲りします。お値段は13,300円になります。27cmですので気になる方はご検討ください。",13300,スポーツ
L03748,動作確認済   訳あり品   状態良好🔥💯⭐,"状態良好な状態でお譲りします。お値段は18,800円になります。全巻ですので気になる方はご検討ください。",18800,本・音楽
L01572,ペットなし   本体のみ   美品,&nbsp;美品な状態でお譲りします。お値段は¥25100になります。ペットなしですので気になる方はご検討ください。</b>,25100,ホビー
L01760,２７ｃｍ ウェア 難あり,ヨガマットです。難あり。３８１００ 円。喫煙者なし。,38100,スポーツ
L00970,箱あり 中古品 ほぼ新品⭐⭐🎁,ほぼ新品な状態でお譲りします。お値段は¥34200になります。全巻ですので気になる方はご検討ください。,34200,本・音楽
L04998,値下げ交渉可 スパイク 難あり,難ありな状態でお譲りします。お値段は¥6800になります。軽量ですので気になる方はご検討ください。,6800,スポーツ
L02104,◆匿名配送◆TV 詰め合わせ 美品,<br>美品な状態でお譲りします。お値段は26600yenになります。動作確認済ですので気になる方はご検討ください。<br>,26600,家電
L02802,※返品不可取説付 ｾｯﾄ 状態良好✨🎁🔥,"&nbsp;状態良好な状態でお譲りします。お値段は１７,５００円になります。洗えるですので気になる方はご検討ください。<br>",17500,ベビー・キッズ
L04638,★即日発送★ﾍﾟｯﾄなし ｾｯﾄ 難あり,&nbsp;難ありな状態でお譲りします。お値段は10000yenになります。軽量ですので気になる方はご検討ください。&amp;,10000,スポーツ
L01608,喫煙者なし 哺乳瓶 used✨🔥,usedな状態でお譲りします。お値段は14300 円になります。即決ですので気になる方はご検討ください。,14300,ベビー・キッズ
L01962,《まとめ買い歓迎》初版 楽譜 ほぼ新品,ほぼ新品な状態でお譲りします。お値段は¥３６１００になります。初版ですので気になる方はご検討ください。,36100,本・音楽
L03440,値下げ交渉可 ジャンク品 ほぼ新品,<b>ほぼ新品な状態でお譲りします。お値段は¥22600になります。静音ですので気になる方はご検討ください。</b>,22600,家電
L02116,※返品不可美品 掃除機 状態良好,<br>イヤホンです。状態良好。14300yen。値下げ交渉可。&amp;,14300,家電
L00585,27cm ダンベル 傷あり,<br>グローブです。傷あり。900 円。部活。</b>,900,スポーツ
L04237,【送料無料】即決   訳あり品   状態良好,状態良好な状態でお譲りします。お値段は24300 円になります。安全基準適合ですので気になる方はご検討ください。,24300,ベビー・キッズ
L01279,即決 まとめ売り ほぼ新品✨🔥💯,"<br>ほぼ新品な状態でお譲りします。お値段は22,400円になります。静音ですので気になる方はご検討ください。</b>",22400,家電
L01380,!!値下げしました!!1/144 写真集 傷あり,<br>傷ありな状態でお譲りします。お値段は¥12700になります。未開封ですので気になる方はご検討ください。<br>,12700,ホビー
L02907,洗える   まとめ売り   used,usedな状態でお譲りします。お値段は¥23900になります。軽量ですので気になる方はご検討ください。,23900,ベビー・キッズ
L01811,ヴィンテージ スニーカー ほぼ新品,&nbsp;帽子です。ほぼ新品。300 円。自宅保管。<br>,300,ファッション
L02462,★即日発送★4K   エアコン   美品,<b>ドライヤーです。美品。12800yen。リモコン付。<br>,12800,家電
L00312,★即日発送★取説付 ｴｱｺﾝ 傷あり✨⭐⭐,<br>傷ありな状態でお譲りします。お値段は¥13200になります。動作確認済ですので気になる方はご検討ください。&amp;,13200,家電
L04820,【送料無料】動作確認済   詰め合わせ   used,"usedな状態でお譲りします。お値段は21,100円になります。取説付ですので気になる方はご検討ください。",21100,ファッション
L00366,【送料無料】美品   訳あり品   傷あり🎁,&nbsp;傷ありな状態でお譲りします。お値段は34300yenになります。塗装済ですので気になる方はご検討ください。</b>,34300,ホビー
L04792,【最終値下げ】静音 イヤホン 難あり,"難ありな状態でお譲りします。お値段は34,200円になります。即決ですので気になる方はご検討ください。",34200,家電
L01388,【送料無料】軽量 一式 難あり,<b>難ありな状態でお譲りします。お値段は17700 円になります。自宅保管ですので気になる方はご検討ください。&amp;,17700,本・音楽
L04230,※返品不可ペットなし 詰め合わせ used,"<br>usedな状態でお譲りします。お値段は37,500円になります。廃盤ですので気になる方はご検討ください。</b>",37500,本・音楽
L02803,※返品不可美品 ジャンク品 傷あり,"傷ありな状態でお譲りします。お値段は3,400円になります。自宅保管ですので気になる方はご検討ください。",3400,ファッション
L03365,【最終値下げ】ｲﾝﾊﾞｰﾀｰ 詰め合わせ 状態良好,状態良好な状態でお譲りします。お値段は¥9500になります。TVですので気になる方はご検討ください。,9500,家電
L03566,【最終値下げ】未開封 セット 傷あり,傷ありな状態でお譲りします。お値段は5000 円になります。ペットなしですので気になる方はご検討ください。,5000,ホビー
L00620,!!値下げしました!!名盤   セット   難あり,"&nbsp;難ありな状態でお譲りします。お値段は３７,２００円になります。美品ですので気になる方はご検討ください。<br>",37200,本・音楽
L04318,静音 洗濯機 美品,炊飯器です。美品。１７１００ 円。軽量。,17100,家電
L03401,◆匿名配送◆動作確認済 バッグ 傷あり,ブーツです。傷あり。１７８００ 円。ヴィンテージ。,17800,ファッション
L02390,リモコン付 電子レンジ 傷あり,<br>傷ありな状態でお譲りします。お値段は6800yenになります。箱ありですので気になる方はご検討ください。&amp;,6800,家電
L00358,【最終値下げ】値下げ交渉可 トレカ 傷あり,"傷ありな状態でお譲りします。お値段は2,800円になります。コレクションですので気になる方はご検討ください。",2800,ホビー
L04642,静音   イヤホン   used💯🎁🔥,"&nbsp;usedな状態でお譲りします。お値段は33,100円になります。TVですので気になる方はご検討ください。&amp;",33100,家電
L04575,節電 ﾄﾞﾗｲﾔｰ 状態良好,<b>状態良好な状態でお譲りします。お値段は5300 円になります。ペットなしですので気になる方はご検討ください。<br>,5300,家電
L02208,ヴィンテージ   一式   状態良好,状態良好な状態でお譲りします。お値段は20100yenになります。メンズですので気になる方はご検討ください。,20100,ファッション
L01665,!!値下げしました!!屋外用   ヨガマット   状態良好,状態良好な状態でお譲りします。お値段は１７３００ 円になります。値下げ交渉可ですので気になる方はご検討ください。,17300,スポーツ
L02339,※返品不可自宅保管 付属品あり 傷あり,傷ありな状態でお譲りします。お値段は9900 円になります。動作確認済ですので気になる方はご検討ください。,9900,家電
L03923,《まとめ買い歓迎》ﾘﾓｺﾝ付 空気清浄機 傷あり🔥🎁,"傷ありな状態でお譲りします。お値段は13,700円になります。リモコン付ですので気になる方はご検討ください。",13700,家電
L04593,※返品不可屋外用 本体のみ 傷あり,傷ありな状態でお譲りします。お値段は15500 円になります。硬式ですので気になる方はご検討ください。,15500,スポーツ
L00322,美品 単行本 美品,美品な状態でお譲りします。お値段は¥１８５００になります。喫煙者なしですので気になる方はご検討ください。,18500,本・音楽
L00801,《まとめ買い歓迎》自宅保管 画集 難あり,スピーカーです。難あり。¥23100。全巻。,23100,本・音楽
L03958,★即日発送★喫煙者なし グローブ ｕｓｅｄ,ウェアです。ｕｓｅｄ。１５０００ 円。美品。,15000,スポーツ
L01801,箱あり 炊飯器 難あり,"&nbsp;ドライヤーです。難あり。４,０００円。リモコン付。<br>",4000,家電
L00949,硬式 中古品 ほぼ新品✨⭐,"<b>ほぼ新品な状態でお譲りします。お値段は34,700円になります。自宅保管ですので気になる方はご検討ください。&amp;",34700,スポーツ
L04940,軽量 ﾖｶﾞﾏｯﾄ 難あり🎁💯💯,"難ありな状態でお譲りします。お値段は34,000円になります。動作確認済ですので気になる方はご検討ください。",34000,スポーツ
L03383,部活 ランニングシューズ ほぼ新品,<br>ほぼ新品な状態でお譲りします。お値段は¥2300になります。27cmですので気になる方はご検討ください。</b>,2300,スポーツ
L01826,厚底 ｼｬﾂ 美品,美品な状態でお譲りします。お値段は23500yenになります。ヴィンテージですので気になる方はご検討ください。,23500,ファッション
L02107,動作確認済 一式 ほぼ新品,<b>ほぼ新品な状態でお譲りします。お値段は13700yenになります。箱ありですので気になる方はご検討ください。</b>,13700,スポーツ
L02027,初回特典   付属品あり   美品,美品な状態でお譲りします。お値段は¥29800になります。箱ありですので気になる方はご検討ください。,29800,ホビー
L02513,《まとめ買い歓迎》硬式 シューズ used,&nbsp;usedな状態でお譲りします。お値段は11500yenになります。動作確認済ですので気になる方はご検討ください。</b>,11500,スポーツ
L00756,◆匿名配送◆動作確認済 まとめ売り ほぼ新品🔥✨,<br>ほぼ新品な状態でお譲りします。お値段は30100 円になります。動作確認済ですので気になる方はご検討ください。</b>,30100,ホビー
L04535,※返品不可硬式   ジャンク品   状態良好,状態良好な状態でお譲りします。お値段は11700 円になります。27cmですので気になる方はご検討ください。,11700,スポーツ
L02037,屋外用   まとめ売り   難あり,<br>難ありな状態でお譲りします。お値段は¥15400になります。動作確認済ですので気になる方はご検討ください。<br>,15400,スポーツ
L01457,【送料無料】取説付 詰め合わせ 難あり,<b>難ありな状態でお譲りします。お値段は¥1700になります。トレーニングですので気になる方はご検討ください。&amp;,1700,スポーツ
L03019,【最終値下げ】取説付 セット ｕｓｅｄ,ｕｓｅｄな状態でお譲りします。お値段は３９８００ｙｅｎになります。コレクションですので気になる方はご検討ください。,39800,ホビー
L01261,美品 ラジコン 難あり,<b>難ありな状態でお譲りします。お値段は11900 円になります。軽量ですので気になる方はご検討ください。</b>,11900,ホビー
L02735,安全基準適合 ﾍﾞﾋﾞｰ服 傷あり⭐💯,哺乳瓶です。傷あり。¥30700。新生児。,30700,ベビー・キッズ
L02409,!!値下げしました!!値下げ交渉可 掃除機 難あり⭐🎁✨,難ありな状態でお譲りします。お値段は4400yenになります。喫煙者なしですので気になる方はご検討ください。,4400,家電
L03689,【最終値下げ】静音 一式 状態良好,状態良好な状態でお譲りします。お値段は¥14100になります。省エネですので気になる方はご検討ください。,14100,家電
L04699,【送料無料】リモコン付 一式 難あり,難ありな状態でお譲りします。お値段は¥2600になります。ペットなしですので気になる方はご検討ください。,2600,家電
L00696,【送料無料】軽量 スニーカー 難あり,<b>シャツです。難あり。17400 円。ヴィンテージ。</b>,17400,ファッション
L00374,省エネ 冷蔵庫 傷あり,空気清浄機です。傷あり。¥36900。即決。,36900,家電
L04720,【最終値下げ】ｺﾚｸｼｮﾝ ﾗｼﾞｺﾝ 状態良好⭐,状態良好な状態でお譲りします。お値段は¥１７２００になります。１／１４４ですので気になる方はご検討ください。,17200,ホビー
L03097,!!値下げしました!!ＴＶ ドライヤー 難あり,電子レンジです。難あり。３４４００ｙｅｎ。省エネ。,34400,家電
L04140,軽量   訳あり品   難あり,難ありな状態でお譲りします。お値段は¥26500になります。ペットなしですので気になる方はご検討ください。,26500,家電
L01217,レディース セット ほぼ新品,ほぼ新品な状態でお譲りします。お値段は２８９００ｙｅｎになります。古着ですので気になる方はご検討ください。,28900,ファッション
L04385,4K ドライヤー 傷あり🔥💯,<br>洗濯機です。傷あり。29000 円。省エネ。<br>,29000,家電
L02619,※返品不可ﾒﾝｽﾞ ﾌﾞｰﾂ 傷あり,"傷ありな状態でお譲りします。お値段は12,500円になります。Mサイズですので気になる方はご検討ください。",12500,ファッション
L02243,未開封 一式 傷あり,"傷ありな状態でお譲りします。お値段は25,300円になります。値下げ交渉可ですので気になる方はご検討ください。",25300,ホビー
L04215,◆匿名配送◆値下げ交渉可   付属品あり   used🔥🔥⭐,usedな状態でお譲りします。お値段は¥4700になります。初版ですので気になる方はご検討ください。,4700,本・音楽
L02895,《まとめ買い歓迎》硬式 まとめ売り 難あり,<b>難ありな状態でお譲りします。お値段は7000 円になります。軽量ですので気になる方はご検討ください。<br>,7000,スポーツ
L02124,【最終値下げ】美品   付属品あり   状態良好,&nbsp;状態良好な状態でお譲りします。お値段は26200yenになります。美品ですので気になる方はご検討ください。<br>,26200,家電
L01233,静音 ｲﾔﾎﾝ 難あり,空気清浄機です。難あり。¥２７３００。値下げ交渉可。,27300,家電
L01368,取説付 スピーカー 傷あり🔥⭐🔥,&nbsp;スピーカーです。傷あり。31300 円。動作確認済。</b>,31300,家電
L02772,【最終値下げ】未開封 ﾗｼﾞｺﾝ 傷あり✨🔥💯,"<b>ボードゲームです。傷あり。15,600円。軽量。&amp;",15600,ホビー
L02994,※返品不可屋外用 ｽﾊﾟｲｸ 傷あり⭐🔥🔥,傷ありな状態でお譲りします。お値段は¥8900になります。箱ありですので気になる方はご検討ください。,8900,スポーツ
L03676,◆匿名配送◆動作確認済 ｷﾞﾀｰ 傷あり🔥,傷ありな状態でお譲りします。お値段は26400yenになります。コレクションですので気になる方はご検討ください。,26400,ホビー
L02367,箱あり ジャンク品 傷あり,&nbsp;傷ありな状態でお譲りします。お値段は22300 円になります。TVですので気になる方はご検討ください。<br>,22300,家電
L01373,※返品不可TV 洗濯機 傷あり,&nbsp;傷ありな状態でお譲りします。お値段は35600 円になります。リモコン付ですので気になる方はご検討ください。&amp;,35600,家電
L02081,動作確認済 ﾁｬｲﾙﾄﾞｼｰﾄ 難あり,難ありな状態でお譲りします。お値段は¥30400になります。新生児ですので気になる方はご検討ください。,30400,ベビー・キッズ
L02127,《まとめ買い歓迎》TV 一式 used,"<b>usedな状態でお譲りします。お値段は19,800円になります。取説付ですので気になる方はご検討ください。&amp;",19800,家電
L00522,※返品不可塗装済   ラジコン   ｕｓｅｄ,プラモデルです。ｕｓｅｄ。２５４００ｙｅｎ。コレクション。,25400,ホビー
L02766,未開封 パズル 状態良好,<br>状態良好な状態でお譲りします。お値段は¥３９９００になります。未開封ですので気になる方はご検討ください。<br>,39900,ホビー
L00636,ペットなし フィギュア 美品,美品な状態でお譲りします。お値段は２９３００ｙｅｎになります。１／１４４ですので気になる方はご検討ください。,29300,ホビー
L02285,◆匿名配送◆初回特典 訳あり品 美品,&nbsp;美品な状態でお譲りします。お値段は¥26800になります。軽量ですので気になる方はご検討ください。&amp;,26800,ホビー
L03386,◆匿名配送◆自宅保管 訳あり品 美品🔥,"<br>美品な状態でお譲りします。お値段は１３,９００円になります。帯付きですので気になる方はご検討ください。<br>",13900,本・音楽
L02921,!!値下げしました!!限定版 ジャンク品 傷あり🔥💯✨,"傷ありな状態でお譲りします。お値段は２６,７００円になります。箱ありですので気になる方はご検討ください。",26700,ホビー
L01529,★即日発送★ヴィンテージ ブーツ 傷あり✨💯,&nbsp;ワンピースです。傷あり。16500 円。ヴィンテージ。</b>,16500,ファッション
L03367,【最終値下げ】古着 帽子 状態良好,状態良好な状態でお譲りします。お値段は¥３２４００になります。古着ですので気になる方はご検討ください。,32400,ファッション
L00070,★即日発送★未開封   ボードゲーム   美品🔥,美品な状態でお譲りします。お値段は23900 円になります。美品ですので気になる方はご検討ください。,23900,ホビー
L04735,軽量 一式 難あり,&nbsp;難ありな状態でお譲りします。お値段は¥13900になります。部活ですので気になる方はご検討ください。&amp;,13900,スポーツ
L00052,◆匿名配送◆全巻 詰め合わせ ほぼ新品✨,&nbsp;ほぼ新品な状態でお譲りします。お値段は20500 円になります。箱ありですので気になる方はご検討ください。<br>,20500,本・音楽
L01540,【送料無料】Ｍサイズ コート ｕｓｅｄ,"<br>ｕｓｅｄな状態でお譲りします。お値段は３０,３００円になります。即決ですので気になる方はご検討ください。<br>",30300,ファッション
L02575,《まとめ買い歓迎》4K ｲﾔﾎﾝ 状態良好,"<b>状態良好な状態でお譲りします。お値段は11,600円になります。取説付ですので気になる方はご検討ください。<br>",11600,家電
L03431,※返品不可自宅保管 一式 傷あり,傷ありな状態でお譲りします。お値段は38100yenになります。動作確認済ですので気になる方はご検討ください。,38100,家電
L03222,※返品不可限定版 ﾗｼﾞｺﾝ 状態良好⭐⭐,"フィギュアです。状態良好。32,900円。未開封。",32900,ホビー
L00922,動作確認済 ﾍﾞﾋﾞｰ服 傷あり,絵本です。傷あり。9000yen。対象年齢3歳。,9000,ベビー・キッズ
L03849,取説付 イヤホン 状態良好,<b>状態良好な状態でお譲りします。お値段は35200 円になります。静音ですので気になる方はご検討ください。</b>,35200,家電
L00441,美品   シャツ   状態良好,<br>状態良好な状態でお譲りします。お値段は18900yenになります。レディースですので気になる方はご検討ください。</b>,18900,ファッション
L01007,【送料無料】動作確認済   ｾｯﾄ   美品,&nbsp;美品な状態でお譲りします。お値段は24500 円になります。美品ですので気になる方はご検討ください。</b>,24500,家電
L04860,《まとめ買い歓迎》取説付 ジャンク品 難あり,難ありな状態でお譲りします。お値段は24900 円になります。対象年齢3歳ですので気になる方はご検討ください。,24900,ベビー・キッズ
L03859,部活 ラケット 傷あり,"傷ありな状態でお譲りします。お値段は１０,５００円になります。美品ですので気になる方はご検討ください。",10500,スポーツ
L00000,!!値下げしました!!即決 訳あり品 ほぼ新品,ほぼ新品な状態でお譲りします。お値段は¥24900になります。節電ですので気になる方はご検討ください。,24900,家電
L03277,《まとめ買い歓迎》リモコン付 まとめ売り ｕｓｅｄ,ｕｓｅｄな状態でお譲りします。お値段は¥３９３００になります。静音ですので気になる方はご検討ください。,39300,家電
L03199,【最終値下げ】硬式   一式   美品💯,&nbsp;美品な状態でお譲りします。お値段は５３００ 円になります。２７ｃｍですので気になる方はご検討ください。<br>,5300,スポーツ
L00043,新生児   ﾍﾞﾋﾞｰ服   ｕｓｅｄ,<b>ベビーカーです。ｕｓｅｄ。¥４２００。取説付。&amp;,4200,ベビー・キッズ
L04353,※返品不可喫煙者なし ランニングシューズ 状態良好,"<b>状態良好な状態でお譲りします。お値段は7,800円になります。喫煙者なしですので気になる方はご検討ください。<br>",7800,スポーツ
L00552,!!値下げしました!!ペットなし   一式   難あり🔥💯,<br>難ありな状態でお譲りします。お値段は¥18400になります。限定版ですので気になる方はご検討ください。</b>,18400,ホビー
L04948,部活   ダンベル   状態良好,"グローブです。状態良好。1,400円。値下げ交渉可。",1400,スポーツ
L04322,★即日発送★省エネ 本体のみ ほぼ新品,&nbsp;ほぼ新品な状態でお譲りします。お値段は15800 円になります。即決ですので気になる方はご検討ください。&amp;,15800,家電
L00995,全巻 単行本 状態良好✨💯⭐,単行本です。状態良好。１９１００ｙｅｎ。喫煙者なし。,19100,本・音楽
L01083,値下げ交渉可 ｽﾋﾟｰｶｰ 難あり,<b>難ありな状態でお譲りします。お値段は¥24500になります。静音ですので気になる方はご検討ください。&amp;,24500,家電
L01102,美品 写真集 ほぼ新品💯,"<br>画材です。ほぼ新品。２２,７００円。限定版。&amp;",22700,ホビー
L01678,【送料無料】４Ｋ ドライヤー 状態良好,<b>状態良好な状態でお譲りします。お値段は¥３２８００になります。インバーターですので気になる方はご検討ください。</b>,32800,家電
L01110,名盤 中古品 ほぼ新品🎁💯✨,ほぼ新品な状態でお譲りします。お値段は11900yenになります。初版ですので気になる方はご検討ください。,11900,本・音楽
L04277,!!値下げしました!!美品   本体のみ   used,&nbsp;usedな状態でお譲りします。お値段は¥35100になります。Mサイズですので気になる方はご検討ください。&amp;,35100,ファッション
L03184,!!値下げしました!!硬式 自転車 傷あり⭐🎁💯,"傷ありな状態でお譲りします。お値段は３,２００円になります。部活ですので気になる方はご検討ください。",3200,スポーツ
L03728,!!値下げしました!!新生児 ベビー服 美品,&nbsp;チャイルドシートです。美品。¥28500。新生児。&amp;,28500,ベビー・キッズ
L02539,★即日発送★ペットなし グローブ 状態良好🔥,"<b>ウェアです。状態良好。19,100円。軽量。</b>",19100,スポーツ
L02789,◆匿名配送◆取説付 中古品 傷あり,<b>傷ありな状態でお譲りします。お値段は36100 円になります。Mサイズですので気になる方はご検討ください。&amp;,36100,ファッション
L00843,★即日発送★美品 単行本 used,"<b>楽譜です。used。21,900円。名盤。&amp;",21900,本・音楽
L02283,《まとめ買い歓迎》箱あり まとめ売り used,&nbsp;usedな状態でお譲りします。お値段は18700yenになります。メンズですので気になる方はご検討ください。</b>,18700,ファッション
L03252,★即日発送★屋外用 ﾀﾞﾝﾍﾞﾙ 状態良好,<br>グローブです。状態良好。３４００ｙｅｎ。屋外用。&amp;,3400,スポーツ
L00157,《まとめ買い歓迎》ﾘﾓｺﾝ付 一式 状態良好,"&nbsp;状態良好な状態でお譲りします。お値段は２６,３００円になります。ペットなしですので気になる方はご検討ください。<br>",26300,家電
L03611,!!値下げしました!!4K   空気清浄機   美品🔥,美品な状態でお譲りします。お値段は5400 円になります。静音ですので気になる方はご検討ください。,5400,家電
L04507,◆匿名配送◆自宅保管 スパイク 状態良好,&nbsp;状態良好な状態でお譲りします。お値段は24000yenになります。ペットなしですので気になる方はご検討ください。<br>,24000,スポーツ
L04779,リモコン付   電子レンジ   used🔥✨,ドライヤーです。used。37700yen。取説付。,37700,家電
L00488,初回特典   トレカ   美品,美品な状態でお譲りします。お値段は¥33000になります。1/144ですので気になる方はご検討ください。,33000,ホビー
L04367,初版 雑誌 used,usedな状態でお譲りします。お値段は15100 円になります。値下げ交渉可ですので気になる方はご検討ください。,15100,本・音楽
L01480,省ｴﾈ ｴｱｺﾝ 状態良好,"状態良好な状態でお譲りします。お値段は37,800円になります。ペットなしですので気になる方はご検討ください。",37800,家電
L02938,【最終値下げ】値下げ交渉可 スピーカー 美品,テレビです。美品。36000 円。インバーター。,36000,家電
L00209,自宅保管   まとめ売り   used,usedな状態でお譲りします。お値段は19900yenになります。軽量ですので気になる方はご検討ください。,19900,ベビー・キッズ
L02506,ペットなし セット 傷あり,傷ありな状態でお譲りします。お値段は３６３００ 円になります。インバーターですので気になる方はご検討ください。,36300,家電
L03601,※返品不可4K 炊飯器 傷あり⭐🎁,"&nbsp;イヤホンです。傷あり。30,400円。動作確認済。<br>",30400,家電
L00853,◆匿名配送◆廃盤   一式   傷あり,傷ありな状態でお譲りします。お値段は¥39700になります。廃盤ですので気になる方はご検討ください。,39700,本・音楽
L04923,《まとめ買い歓迎》軽量   詰め合わせ   美品,美品な状態でお譲りします。お値段は24300 円になります。屋外用ですので気になる方はご検討ください。,24300,スポーツ
L01074,即決 セット 難あり,難ありな状態でお譲りします。お値段は37100yenになります。ペットなしですので気になる方はご検討ください。,37100,ファッション
L01452,未開封   トレカ   傷あり,"プラモデルです。傷あり。８,９００円。塗装済。",8900,ホビー
L00879,箱あり 訳あり品 ほぼ新品,<b>ほぼ新品な状態でお譲りします。お値段は１８６００ｙｅｎになります。屋外用ですので気になる方はご検討ください。<br>,18600,スポーツ
L02365,喫煙者なし コート 状態良好,"状態良好な状態でお譲りします。お値段は２５,０００円になります。メンズですので気になる方はご検討ください。",25000,ファッション
L01177,美品 参考書 傷あり,<b>画集です。傷あり。4200yen。名盤。&amp;,4200,本・音楽
L02045,インバーター 炊飯器 状態良好,掃除機です。状態良好。21500yen。喫煙者なし。,21500,家電
L02427,※返品不可ｻｲﾝ入り ｽﾋﾟｰｶｰ 難あり,"難ありな状態でお譲りします。お値段は1,600円になります。帯付きですので気になる方はご検討ください。",1600,本・音楽
L03770,【送料無料】古着 一式 状態良好,状態良好な状態でお譲りします。お値段は８１００ 円になります。古着ですので気になる方はご検討ください。,8100,ファッション
L01342,!!値下げしました!!値下げ交渉可 画材 難あり,難ありな状態でお譲りします。お値段は33300 円になります。未開封ですので気になる方はご検討ください。,33300,ホビー
L00086,【送料無料】Mサイズ   シューズ   used,usedな状態でお譲りします。お値段は4000 円になります。自宅保管ですので気になる方はご検討ください。,4000,ファッション
L01577,インバーター 冷蔵庫 used,電子レンジです。used。¥39300。インバーター。,39300,家電
L04214,!!値下げしました!!サイン入り   詰め合わせ   傷あり,傷ありな状態でお譲りします。お値段は¥１０００になります。初版ですので気になる方はご検討ください。,1000,本・音楽
L04798,★即日発送★箱あり 訳あり品 傷あり💯💯,&nbsp;傷ありな状態でお譲りします。お値段は２１３００ 円になります。レディースですので気になる方はご検討ください。<br>,21300,ファッション
L03473,限定版   ﾎﾞｰﾄﾞｹﾞｰﾑ   傷あり,<br>写真集です。傷あり。11100 円。初回特典。<br>,11100,ホビー
L03961,!!値下げしました!!即決   哺乳瓶   状態良好,&nbsp;状態良好な状態でお譲りします。お値段は２７０００ｙｅｎになります。軽量ですので気になる方はご検討ください。</b>,27000,ベビー・キッズ
L02951,インバーター   ジャンク品   状態良好,状態良好な状態でお譲りします。お値段は8100 円になります。TVですので気になる方はご検討ください。,8100,家電
L04901,自宅保管 中古品 状態良好🎁🎁,<br>状態良好な状態でお譲りします。お値段は6800 円になります。自宅保管ですので気になる方はご検討ください。&amp;,6800,スポーツ
L02034,屋外用 ランニングシューズ 難あり,ランニングシューズです。難あり。¥１２７００。部活。,12700,スポーツ
L01019,《まとめ買い歓迎》２７ｃｍ ヨガマット ｕｓｅｄ🔥🔥,グローブです。ｕｓｅｄ。３４６００ 円。トレーニング。,34600,スポーツ
L02493,ペットなし   まとめ売り   ｕｓｅｄ,ｕｓｅｄな状態でお譲りします。お値段は¥２２６００になります。インバーターですので気になる方はご検討ください。,22600,家電
L01043,取説付   チャイルドシート   傷あり⭐⭐🎁,傷ありな状態でお譲りします。お値段は¥38500になります。対象年齢3歳ですので気になる方はご検討ください。,38500,ベビー・キッズ
L02844,◆匿名配送◆初回特典 トレカ 状態良好🎁💯💯,<br>パズルです。状態良好。38300yen。限定版。&amp;,38300,ホビー
L00431,ペットなし   帽子   ｕｓｅｄ,シャツです。ｕｓｅｄ。１０９００ 円。ペットなし。,10900,ファッション
L00605,値下げ交渉可   ｽﾊﾟｲｸ   状態良好,<br>スパイクです。状態良好。2300 円。部活。</b>,2300,スポーツ
L04190,部活 本体のみ ほぼ新品,"<b>ほぼ新品な状態でお譲りします。お値段は14,900円になります。硬式ですので気になる方はご検討ください。<br>",14900,スポーツ
L01060,◆匿名配送◆箱あり デニム used,&nbsp;usedな状態でお譲りします。お値段は31600 円になります。軽量ですので気になる方はご検討ください。&amp;,31600,ファッション
L04890,取説付 ｺｰﾄ 状態良好,スニーカーです。状態良好。¥5800。メンズ。,5800,ファッション
L04251,★即日発送★廃盤 まとめ売り 状態良好,状態良好な状態でお譲りします。お値段は17800 円になります。取説付ですので気になる方はご検討ください。,17800,本・音楽
L00437,※返品不可未開封 画材 難あり🔥,"ギターです。難あり。35,300円。限定版。",35300,ホビー
L03882,※返品不可軽量 詰め合わせ 状態良好,状態良好な状態でお譲りします。お値段は16600 円になります。自宅保管ですので気になる方はご検討ください。,16600,スポーツ
L00218,美品 一式 難あり,難ありな状態でお譲りします。お値段は26300yenになります。節電ですので気になる方はご検討ください。,26300,家電
L04584,限定版 ﾎﾞｰﾄﾞｹﾞｰﾑ 状態良好🔥⭐,"<b>状態良好な状態でお譲りします。お値段は29,900円になります。限定版ですので気になる方はご検討ください。</b>",29900,ホビー
L04178,《まとめ買い歓迎》動作確認済 中古品 傷あり,<br>傷ありな状態でお譲りします。お値段は16400yenになります。節電ですので気になる方はご検討ください。<br>,16400,家電
L03586,自宅保管   写真集   ほぼ新品✨,<br>ほぼ新品な状態でお譲りします。お値段は¥31600になります。1/144ですので気になる方はご検討ください。<br>,31600,ホビー
L03903,軽量   チャイルドシート   used,<b>ベビーカーです。used。¥30300。喫煙者なし。<br>,30300,ベビー・キッズ
L02080,《まとめ買い歓迎》自宅保管 プラモデル 状態良好,"状態良好な状態でお譲りします。お値段は１０,２００円になります。値下げ交渉可ですので気になる方はご検討ください。",10200,ホビー
L03062,!!値下げしました!!厚底   シューズ   状態良好✨,状態良好な状態でお譲りします。お値段は３９６００ 円になります。厚底ですので気になる方はご検討ください。,39600,ファッション
L01326,《まとめ買い歓迎》ﾚﾃﾞィｰｽ ｺｰﾄ used,"バッグです。used。12,300円。メンズ。",12300,ファッション
L00326,Mｻｲｽﾞ 本体のみ 状態良好,<b>状態良好な状態でお譲りします。お値段は¥16200になります。美品ですので気になる方はご検討ください。<br>,16200,ファッション
L00631,!!値下げしました!!初回特典 フィギュア used,<br>ラジコンです。used。38700 円。即決。</b>,38700,ホビー
L01070,インバーター 炊飯器 used,usedな状態でお譲りします。お値段は21000yenになります。自宅保管ですので気になる方はご検討ください。,21000,家電
L00449,【送料無料】インバーター   セット   難あり🎁🎁,&nbsp;難ありな状態でお譲りします。お値段は2200 円になります。喫煙者なしですので気になる方はご検討ください。</b>,2200,家電
L01672,トレーニング ランニングシューズ 状態良好,"<br>状態良好な状態でお譲りします。お値段は５,１００円になります。硬式ですので気になる方はご検討ください。<br>",5100,スポーツ
L03373,【送料無料】喫煙者なし レコード 難あり,<br>レコードです。難あり。¥21200。廃盤。</b>,21200,本・音楽
L01988,静音 ｲﾔﾎﾝ 傷あり,掃除機です。傷あり。２１５００ 円。値下げ交渉可。,21500,家電
L01072,《まとめ買い歓迎》ヴィンテージ 帽子 状態良好💯🔥🔥,"デニムです。状態良好。26,400円。箱あり。",26400,ファッション
L00713,※返品不可未開封   ﾄﾚｶ   美品,美品な状態でお譲りします。お値段は25000 円になります。動作確認済ですので気になる方はご検討ください。,25000,ホビー
L04101,◆匿名配送◆即決   訳あり品   ほぼ新品,&nbsp;ほぼ新品な状態でお譲りします。お値段は¥１５５００になります。ヴィンテージですので気になる方はご検討ください。&amp;,15500,ファッション
L01803,ヴィンテージ シューズ 状態良好,ジャケットです。状態良好。4500 円。ペットなし。,4500,ファッション
L01158,★即日発送★軽量   まとめ売り   used💯,<b>usedな状態でお譲りします。お値段は¥26500になります。ペットなしですので気になる方はご検討ください。<br>,26500,スポーツ
L01161,【送料無料】屋外用   一式   used,"<br>usedな状態でお譲りします。お値段は36,400円になります。箱ありですので気になる方はご検討ください。<br>",36400,スポーツ
L00133,!!値下げしました!!厚底 訳あり品 ほぼ新品,<br>ほぼ新品な状態でお譲りします。お値段は13800 円になります。厚底ですので気になる方はご検討ください。&amp;,13800,ファッション
L04365,!!値下げしました!!省エネ 付属品あり used💯,"<br>usedな状態でお譲りします。お値段は13,000円になります。リモコン付ですので気になる方はご検討ください。&amp;",13000,家電
L03719,メンズ ジャケット 難あり⭐,<b>シューズです。難あり。¥15400。美品。&amp;,15400,ファッション
L04383,ヴィﾝﾃｰｼﾞ ﾜﾝﾋﾟｰｽ 状態良好,<br>コートです。状態良好。¥８７００。ヴィンテージ。<br>,8700,ファッション
L04832,部活   本体のみ   傷あり,傷ありな状態でお譲りします。お値段は2900 円になります。即決ですので気になる方はご検討ください。,2900,スポーツ
L01185,!!値下げしました!!メンズ 帽子 ｕｓｅｄ,"バッグです。ｕｓｅｄ。３１,８００円。箱あり。",31800,ファッション
L03879,★即日発送★軽量 雑誌 ほぼ新品,<br>ほぼ新品な状態でお譲りします。お値段は5500 円になります。ペットなしですので気になる方はご検討ください。<br>,5500,本・音楽
L03617,!!値下げしました!!即決 写真集 美品,"<b>美品な状態でお譲りします。お値段は３９,８００円になります。限定版ですので気になる方はご検討ください。&amp;",39800,ホビー
L01701,!!値下げしました!!部活 中古品 美品⭐⭐,"<br>美品な状態でお譲りします。お値段は18,800円になります。値下げ交渉可ですので気になる方はご検討ください。&amp;",18800,スポーツ
L02472,※返品不可古着 ｺｰﾄ 傷あり⭐💯,バッグです。傷あり。18500 円。Mサイズ。,18500,ファッション
L03111,!!値下げしました!!軽量 本体のみ used,usedな状態でお譲りします。お値段は19600yenになります。自宅保管ですので気になる方はご検討ください。,19600,スポーツ
L04808,!!値下げしました!!即決 セット 状態良好✨✨✨,"&nbsp;状態良好な状態でお譲りします。お値段は12,500円になります。限定版ですので気になる方はご検討ください。&amp;",12500,ホビー
L04297,喫煙者なし 雑誌 傷あり,"<br>傷ありな状態でお譲りします。お値段は37,500円になります。廃盤ですので気になる方はご検討ください。</b>",37500,本・音楽
L01477,厚底 スニーカー used⭐,usedな状態でお譲りします。お値段は12200 円になります。ペットなしですので気になる方はご検討ください。,12200,ファッション
L02498,【送料無料】即決 ｾｯﾄ 難あり,難ありな状態でお譲りします。お値段は17600 円になります。インバーターですので気になる方はご検討ください。,17600,家電
L00558,★即日発送★取説付 中古品 難あり,<br>難ありな状態でお譲りします。お値段は20400 円になります。27cmですので気になる方はご検討ください。</b>,20400,スポーツ
L04414,【最終値下げ】静音 電子ﾚﾝｼﾞ used,"<b>usedな状態でお譲りします。お値段は25,900円になります。TVですので気になる方はご検討ください。<br>",25900,家電
L04150,《まとめ買い歓迎》全巻 詰め合わせ ｕｓｅｄ,ｕｓｅｄな状態でお譲りします。お値段は¥３７０００になります。サイン入りですので気になる方はご検討ください。,37000,本・音楽
L01511,省エネ   訳あり品   傷あり,<b>傷ありな状態でお譲りします。お値段は９８００ 円になります。即決ですので気になる方はご検討ください。&amp;,9800,家電
L02515,!!値下げしました!!ｲﾝﾊﾞｰﾀｰ 電子ﾚﾝｼﾞ 難あり,難ありな状態でお譲りします。お値段は¥3400になります。取説付ですので気になる方はご検討ください。,3400,家電
L04975,★即日発送★箱あり 炊飯器 状態良好⭐✨,状態良好な状態でお譲りします。お値段は¥15900になります。静音ですので気になる方はご検討ください。,15900,家電
L04289,!!値下げしました!!塗装済 プラモデル 状態良好,"<br>状態良好な状態でお譲りします。お値段は24,500円になります。塗装済ですので気になる方はご検討ください。</b>",24500,ホビー
L01308,箱あり 一式 難あり,&nbsp;難ありな状態でお譲りします。お値段は３２０００ 円になります。４Ｋですので気になる方はご検討ください。</b>,32000,家電
L02221,初版 セット 難あり,&nbsp;難ありな状態でお譲りします。お値段は36600yenになります。自宅保管ですので気になる方はご検討ください。<br>,36600,本・音楽
L03602,◆匿名配送◆ﾒﾝｽﾞ ﾜﾝﾋﾟｰｽ used,"usedな状態でお譲りします。お値段は38,500円になります。古着ですので気になる方はご検討ください。",38500,ファッション
L03706,自宅保管 本体のみ 傷あり🔥,<br>傷ありな状態でお譲りします。お値段は３７３００ 円になります。動作確認済ですので気になる方はご検討ください。<br>,37300,ファッション
L04839,◆匿名配送◆取説付 詰め合わせ 美品🎁💯🎁,<br>美品な状態でお譲りします。お値段は31500yenになります。初版ですので気になる方はご検討ください。<br>,31500,本・音楽
L00415,省エネ   掃除機   傷あり,傷ありな状態でお譲りします。お値段は¥33700になります。ペットなしですので気になる方はご検討ください。,33700,家電
L04527,【最終値下げ】限定版 画材 状態良好,"状態良好な状態でお譲りします。お値段は16,300円になります。1/144ですので気になる方はご検討ください。",16300,ホビー
L02347,【最終値下げ】コレクション パズル used💯,usedな状態でお譲りします。お値段は20300yenになります。限定版ですので気になる方はご検討ください。,20300,ホビー
L02155,静音 本体のみ 状態良好,"&nbsp;状態良好な状態でお譲りします。お値段は37,100円になります。リモコン付ですので気になる方はご検討ください。<br>",37100,家電
L02879,ペットなし まとめ売り used,<br>usedな状態でお譲りします。お値段は¥20200になります。静音ですので気になる方はご検討ください。&amp;,20200,家電
L00337,Ｍｻｲｽﾞ 帽子 ほぼ新品,ほぼ新品な状態でお譲りします。お値段は２９６００ 円になります。ペットなしですので気になる方はご検討ください。,29600,ファッション
L02837,◆匿名配送◆厚底   詰め合わせ   難あり,"<br>難ありな状態でお譲りします。お値段は6,300円になります。ヴィンテージですので気になる方はご検討ください。&amp;",6300,ファッション
L01874,◆匿名配送◆硬式 セット 難あり,&nbsp;難ありな状態でお譲りします。お値段は36100yenになります。部活ですので気になる方はご検討ください。</b>,36100,スポーツ
L04302,【送料無料】古着 バッグ ほぼ新品,スニーカーです。ほぼ新品。3500 円。メンズ。,3500,ファッション
L02638,!!値下げしました!!廃盤 楽譜 状態良好,状態良好な状態でお譲りします。お値段は３２３００ｙｅｎになります。ペットなしですので気になる方はご検討ください。,32300,本・音楽
L02213,《まとめ買い歓迎》塗装済 ﾊﾟｽﾞﾙ 美品,<br>美品な状態でお譲りします。お値段は¥1000になります。1/144ですので気になる方はご検討ください。&amp;,1000,ホビー
L00446,軽量 イヤホン ほぼ新品,冷蔵庫です。ほぼ新品。700円。4K。,700,家電
L04453,※返品不可古着 詰め合わせ ｕｓｅｄ⭐🎁✨,<br>ｕｓｅｄな状態でお譲りします。お値段は３９４００ 円になります。厚底ですので気になる方はご検討ください。&amp;,39400,ファッション
L02210,《まとめ買い歓迎》箱あり パズル 傷あり✨,傷ありな状態でお譲りします。お値段は2800 円になります。塗装済ですので気になる方はご検討ください。,2800,ホビー
L03165,!!値下げしました!!インバーター 付属品あり ｕｓｅｄ,<br>ｕｓｅｄな状態でお譲りします。お値段は２３５００ｙｅｎになります。軽量ですので気になる方はご検討ください。<br>,23500,家電
L00866,※返品不可美品 まとめ売り used,"<b>usedな状態でお譲りします。お値段は2,400円になります。軽量ですので気になる方はご検討ください。&amp;",2400,本・音楽
L02829,《まとめ買い歓迎》1/144 ラジコン 難あり,難ありな状態でお譲りします。お値段は¥16700になります。コレクションですので気になる方はご検討ください。,16700,ホビー
L00122,《まとめ買い歓迎》ヴィンテージ   ジャンク品   ほぼ新品🔥✨,ほぼ新品な状態でお譲りします。お値段は39500yenになります。レディースですので気になる方はご検討ください。,39500,ファッション
L03597,喫煙者なし おもちゃ 傷あり🔥🎁,&nbsp;傷ありな状態でお譲りします。お値段は¥１３１００になります。喫煙者なしですので気になる方はご検討ください。<br>,13100,ベビー・キッズ
L00766,レディース 訳あり品 ほぼ新品,ほぼ新品な状態でお譲りします。お値段は¥16400になります。古着ですので気になる方はご検討ください。,16400,ファッション
L02317,静音 テレビ 美品,<br>美品な状態でお譲りします。お値段は27700 円になります。インバーターですので気になる方はご検討ください。<br>,27700,家電
L04372,対象年齢3歳 哺乳瓶 used🔥🔥✨,"おもちゃです。used。34,200円。安全基準適合。",34200,ベビー・キッズ
L01247,全巻 ジャンク品 ｕｓｅｄ,<b>ｕｓｅｄな状態でお譲りします。お値段は１１４００ｙｅｎになります。廃盤ですので気になる方はご検討ください。<br>,11400,本・音楽
L02620,インバーター ジャンク品 状態良好,<br>状態良好な状態でお譲りします。お値段は36000 円になります。取説付ですので気になる方はご検討ください。<br>,36000,家電
L04864,★即日発送★値下げ交渉可 まとめ売り 難あり,<b>難ありな状態でお譲りします。お値段は¥28300になります。静音ですので気になる方はご検討ください。<br>,28300,家電
L02884,★即日発送★軽量 ダンベル 傷あり,&nbsp;傷ありな状態でお譲りします。お値段は¥12500になります。軽量ですので気になる方はご検討ください。</b>,12500,スポーツ
L04185,初版 楽譜 美品,"スピーカーです。美品。35,600円。廃盤。",35600,本・音楽
L04990,◆匿名配送◆動作確認済   ウェア   状態良好⭐,<br>状態良好な状態でお譲りします。お値段は13400yenになります。ペットなしですので気になる方はご検討ください。<br>,13400,スポーツ
L00153,静音 洗濯機 難あり,エアコンです。難あり。¥１４６００。美品。,14600,家電
L04484,!!値下げしました!!インバーター 炊飯器 状態良好🔥🔥,状態良好な状態でお譲りします。お値段は１０１００ｙｅｎになります。ＴＶですので気になる方はご検討ください。,10100,家電
L04227,帯付き 楽譜 ほぼ新品,<br>ほぼ新品な状態でお譲りします。お値段は３７００ｙｅｎになります。サイン入りですので気になる方はご検討ください。</b>,3700,本・音楽
L03423,ペットなし   トレカ   ほぼ新品,<b>ほぼ新品な状態でお譲りします。お値段は¥7200になります。コレクションですので気になる方はご検討ください。&amp;,7200,ホビー
L00861,《まとめ買い歓迎》即決 ラケット ｕｓｅｄ,"&nbsp;ｕｓｅｄな状態でお譲りします。お値段は２６,８００円になります。ペットなしですので気になる方はご検討ください。&amp;",26800,スポーツ
L03376,★即日発送★4K スピーカー 傷あり,<br>傷ありな状態でお譲りします。お値段は¥2100になります。自宅保管ですので気になる方はご検討ください。&amp;,2100,家電
L02336,即決 画集 状態良好,状態良好な状態でお譲りします。お値段は３９９００ｙｅｎになります。取説付ですので気になる方はご検討ください。,39900,本・音楽
L03061,!!値下げしました!!ﾍﾟｯﾄなし 冷蔵庫 難あり,<br>スピーカーです。難あり。25800 円。美品。<br>,25800,家電
L02758,《まとめ買い歓迎》取説付 まとめ売り ｕｓｅｄ,ｕｓｅｄな状態でお譲りします。お値段は¥１４６００になります。箱ありですので気になる方はご検討ください。,14600,スポーツ
L03579,《まとめ買い歓迎》ﾍﾟｯﾄなし   電子ﾚﾝｼﾞ   美品,&nbsp;洗濯機です。美品。¥29400。美品。&amp;,29400,家電
L04893,リモコン付   テレビ   難あり,<b>難ありな状態でお譲りします。お値段は34000 円になります。即決ですので気になる方はご検討ください。</b>,34000,家電
L03126,ヴィンテージ 訳あり品 美品,"<b>美品な状態でお譲りします。お値段は20,000円になります。喫煙者なしですので気になる方はご検討ください。<br>",20000,ファッション
L02408,硬式 自転車 難あり,<b>難ありな状態でお譲りします。お値段は３２１００ｙｅｎになります。軽量ですので気になる方はご検討ください。<br>,32100,スポーツ
L01642,!!値下げしました!!硬式 中古品 ほぼ新品🎁⭐✨,&nbsp;ほぼ新品な状態でお譲りします。お値段は¥１８４００になります。即決ですので気になる方はご検討ください。<br>,18400,スポーツ
L03392,喫煙者なし ｼﾞｬﾝｸ品 状態良好,状態良好な状態でお譲りします。お値段は¥8900になります。サイン入りですので気になる方はご検討ください。,8900,本・音楽
L00394,サイン入り 雑誌 難あり🎁⭐💯,難ありな状態でお譲りします。お値段は２０５００ 円になります。自宅保管ですので気になる方はご検討ください。,20500,本・音楽
L04137,インバーター 付属品あり 状態良好,"&nbsp;状態良好な状態でお譲りします。お値段は18,500円になります。軽量ですので気になる方はご検討ください。&amp;",18500,家電
L04007,《まとめ買い歓迎》ペットなし セット 状態良好,&nbsp;状態良好な状態でお譲りします。お値段は14400yenになります。1/144ですので気になる方はご検討ください。</b>,14400,ホビー
L01915,【最終値下げ】節電 空気清浄機 美品,"美品な状態でお譲りします。お値段は7,300円になります。省エネですので気になる方はご検討ください。",7300,家電
L01240,塗装済 ﾌィｷﾞｭｱ 難あり,"<b>難ありな状態でお譲りします。お値段は3,400円になります。未開封ですので気になる方はご検討ください。&amp;",3400,ホビー
L04483,※返品不可喫煙者なし 洗濯機 ほぼ新品,"掃除機です。ほぼ新品。30,300円。4K。",30300,家電
L02009,取説付 哺乳瓶 used,"usedな状態でお譲りします。お値段は13,500円になります。洗えるですので気になる方はご検討ください。",13500,ベビー・キッズ
L00838,※返品不可動作確認済 まとめ売り 状態良好,<b>状態良好な状態でお譲りします。お値段は13900 円になります。27cmですので気になる方はご検討ください。</b>,13900,スポーツ
L04543,《まとめ買い歓迎》自宅保管   ジャンク品   used✨⭐💯,usedな状態でお譲りします。お値段は25400yenになります。塗装済ですので気になる方はご検討ください。,25400,ホビー
L00433,古着 ワンピース used,&nbsp;usedな状態でお譲りします。お値段は14100yenになります。取説付ですので気になる方はご検討ください。&amp;,14100,ファッション
L01827,!!値下げしました!!動作確認済 掃除機 状態良好,<br>状態良好な状態でお譲りします。お値段は2200 円になります。取説付ですので気になる方はご検討ください。</b>,2200,家電
L04335,厚底 スニーカー used,usedな状態でお譲りします。お値段は8200 円になります。Mサイズですので気になる方はご検討ください。,8200,ファッション
L04757,限定版 セット ｕｓｅｄ,<br>ｕｓｅｄな状態でお譲りします。お値段は¥２４３００になります。自宅保管ですので気になる方はご検討ください。&amp;,24300,ホビー
L03666,ﾄﾚｰﾆﾝｸﾞ ﾗﾝﾆﾝｸﾞｼｭｰｽﾞ 難あり⭐⭐⭐,<b>ラケットです。難あり。¥２２００。トレーニング。</b>,2200,スポーツ
L04051,ペットなし   ラケット   美品,"<b>美品な状態でお譲りします。お値段は3,600円になります。27cmですので気になる方はご検討ください。</b>",3600,スポーツ
L02935,動作確認済 一式 状態良好,"状態良好な状態でお譲りします。お値段は1,300円になります。部活ですので気になる方はご検討ください。",1300,スポーツ
L02058,【送料無料】初版 画集 ｕｓｅｄ⭐🎁💯,"文庫本です。ｕｓｅｄ。２５,６００円。全巻。",25600,本・音楽
L01590,トレーニング ランニングシューズ 傷あり✨🎁💯,"<b>シューズです。傷あり。33,500円。トレーニング。<br>",33500,スポーツ
L03781,軽量 ウェア 傷あり,シューズです。傷あり。８２００ 円。部活。,8200,スポーツ
L01885,《まとめ買い歓迎》軽量   自転車   状態良好,状態良好な状態でお譲りします。お値段は2800 円になります。トレーニングですので気になる方はご検討ください。,2800,スポーツ
L00632,《まとめ買い歓迎》厚底 シャツ 難あり,&nbsp;スニーカーです。難あり。４９００ 円。メンズ。</b>,4900,ファッション
L03293,取説付 一式 ほぼ新品🔥,<b>ほぼ新品な状態でお譲りします。お値段は4100 円になります。自宅保管ですので気になる方はご検討ください。</b>,4100,家電
L03316,自宅保管 本体のみ ｕｓｅｄ,<b>ｕｓｅｄな状態でお譲りします。お値段は¥１３８００になります。節電ですので気になる方はご検討ください。<br>,13800,家電
L01581,【最終値下げ】ｺﾚｸｼｮﾝ ﾎﾞｰﾄﾞｹﾞｰﾑ 美品,美品な状態でお譲りします。お値段は７００ｙｅｎになります。限定版ですので気になる方はご検討ください。,700,ホビー
L04270,《まとめ買い歓迎》レディース 中古品 難あり,&nbsp;難ありな状態でお譲りします。お値段は14400 円になります。厚底ですので気になる方はご検討ください。<br>,14400,ファッション
L04340,【最終値下げ】箱あり   写真集   used,単行本です。used。8200 円。箱あり。,8200,本・音楽
L03512,!!値下げしました!!ｲﾝﾊﾞｰﾀｰ   中古品   used,&nbsp;usedな状態でお譲りします。お値段は¥500になります。リモコン付ですので気になる方はご検討ください。&amp;,500,家電
L00240,!!値下げしました!!レディース 帽子 美品,美品な状態でお譲りします。お値段は¥１３２００になります。古着ですので気になる方はご検討ください。,13200,ファッション
L03385,即決 ウェア 美品,<br>美品な状態でお譲りします。お値段は¥３０２００になります。値下げ交渉可ですので気になる方はご検討ください。&amp;,30200,スポーツ
L00705,美品 ｴｱｺﾝ ほぼ新品,ほぼ新品な状態でお譲りします。お値段は26200yenになります。取説付ですので気になる方はご検討ください。,26200,家電
L04004,軽量 本体のみ 美品,美品な状態でお譲りします。お値段は32100yenになります。静音ですので気になる方はご検討ください。,32100,家電
L02723,１／１４４ 付属品あり 美品,美品な状態でお譲りします。お値段は¥２３９００になります。初回特典ですので気になる方はご検討ください。,23900,ホビー
L03549,【最終値下げ】古着 スニーカー ほぼ新品⭐🔥✨,"シューズです。ほぼ新品。22,800円。レディース。",22800,ファッション
L00255,《まとめ買い歓迎》値下げ交渉可 詰め合わせ 状態良好,<br>状態良好な状態でお譲りします。お値段は34300 円になります。初回特典ですので気になる方はご検討ください。</b>,34300,ホビー
L01024,《まとめ買い歓迎》１／１４４   詰め合わせ   状態良好,&nbsp;状態良好な状態でお譲りします。お値段は１０７００ｙｅｎになります。限定版ですので気になる方はご検討ください。<br>,10700,ホビー
L04481,ﾚﾃﾞィｰｽ ｽﾆｰｶｰ 難あり,<br>バッグです。難あり。１６９００ｙｅｎ。Ｍサイズ。<br>,16900,ファッション
L01662,★即日発送★レディース シューズ 難あり,シューズです。難あり。37200yen。厚底。,37200,ファッション
L04574,【最終値下げ】初回特典 プラモデル 美品⭐🎁,<br>美品な状態でお譲りします。お値段は32100yenになります。値下げ交渉可ですので気になる方はご検討ください。<br>,32100,ホビー
L00916,!!値下げしました!!4K 炊飯器 傷あり⭐⭐🎁,電子レンジです。傷あり。¥19400。リモコン付。,19400,家電
L03875,自宅保管   帽子   状態良好,状態良好な状態でお譲りします。お値段は¥２７２００になります。ヴィンテージですので気になる方はご検討ください。,27200,ファッション
L04265,《まとめ買い歓迎》軽量 ジャンク品 状態良好💯⭐,&nbsp;状態良好な状態でお譲りします。お値段は¥29700になります。27cmですので気になる方はご検討ください。<br>,29700,スポーツ
L02203,取説付 参考書 傷あり🎁⭐,傷ありな状態でお譲りします。お値段は３２００ｙｅｎになります。動作確認済ですので気になる方はご検討ください。,3200,本・音楽
L00444,◆匿名配送◆自宅保管 パズル 状態良好🎁💯,"状態良好な状態でお譲りします。お値段は4,400円になります。動作確認済ですので気になる方はご検討ください。",4400,ホビー
L04027,リモコン付 電子レンジ 美品🔥,美品な状態でお譲りします。お値段は３１４００ 円になります。取説付ですので気になる方はご検討ください。,31400,家電
L01592,!!値下げしました!!即決 訳あり品 美品,美品な状態でお譲りします。お値段は¥18000になります。軽量ですので気になる方はご検討ください。,18000,本・音楽
L02696,コレクション 写真集 傷あり🎁🎁✨,傷ありな状態でお譲りします。お値段は26800yenになります。動作確認済ですので気になる方はご検討ください。,26800,ホビー
L02500,【送料無料】軽量 おもちゃ 状態良好,状態良好な状態でお譲りします。お値段は400yenになります。取説付ですので気になる方はご検討ください。,400,ベビー・キッズ
L02591,★即日発送★帯付き 参考書 傷あり,傷ありな状態でお譲りします。お値段は¥17900になります。値下げ交渉可ですので気になる方はご検討ください。,17900,本・音楽
L04541,Mｻｲｽﾞ 訳あり品 傷あり,傷ありな状態でお譲りします。お値段は20500yenになります。古着ですので気になる方はご検討ください。,20500,ファッション
L04743,★即日発送★箱あり 写真集 状態良好,&nbsp;写真集です。状態良好。¥39300。軽量。<br>,39300,ホビー
L02004,【送料無料】節電   一式   難あり,<br>難ありな状態でお譲りします。お値段は36400 円になります。ペットなしですので気になる方はご検討ください。&amp;,36400,家電
L04023,◆匿名配送◆静音   まとめ売り   難あり,<b>難ありな状態でお譲りします。お値段は19500yenになります。4Kですので気になる方はご検討ください。&amp;,19500,家電
L00744,《まとめ買い歓迎》1/144 中古品 ほぼ新品,ほぼ新品な状態でお譲りします。お値段は¥26800になります。取説付ですので気になる方はご検討ください。,26800,ホビー
L00836,【送料無料】TV 本体のみ used🎁💯,usedな状態でお譲りします。お値段は31600yenになります。静音ですので気になる方はご検討ください。,31600,家電
L02716,値下げ交渉可 ｼﾞｬﾝｸ品 美品🎁,美品な状態でお譲りします。お値段は30700yenになります。取説付ですので気になる方はご検討ください。,30700,ファッション
L04941,サイン入り 写真集 難あり🎁🔥⭐,<br>単行本です。難あり。¥20200。全巻。<br>,20200,本・音楽
L03853,※返品不可省エネ スピーカー 傷あり,"<b>傷ありな状態でお譲りします。お値段は29,400円になります。ペットなしですので気になる方はご検討ください。&amp;",29400,家電
L01929,◆匿名配送◆即決 詰め合わせ 美品,美品な状態でお譲りします。お値段は20800yenになります。TVですので気になる方はご検討ください。,20800,家電
L04489,★即日発送★TV ジャンク品 状態良好⭐🎁🔥,"状態良好な状態でお譲りします。お値段は17,200円になります。省エネですので気になる方はご検討ください。",17200,家電
L00619,★即日発送★喫煙者なし   一式   美品,&nbsp;美品な状態でお譲りします。お値段は２３１００ 円になります。厚底ですので気になる方はご検討ください。</b>,23100,ファッション
L03139,屋外用 スパイク ｕｓｅｄ,ｕｓｅｄな状態でお譲りします。お値段は２３４００ｙｅｎになります。自宅保管ですので気になる方はご検討ください。,23400,スポーツ
L03989,【最終値下げ】全巻 画集 状態良好,<b>雑誌です。状態良好。¥８２００。廃盤。&amp;,8200,本・音楽
L04145,喫煙者なし   付属品あり   ほぼ新品,"<br>ほぼ新品な状態でお譲りします。お値段は36,900円になります。即決ですので気になる方はご検討ください。<br>",36900,ファッション
L01137,◆匿名配送◆ＴＶ 掃除機 傷あり🔥💯,冷蔵庫です。傷あり。２５９００ｙｅｎ。４Ｋ。,25900,家電
L02771,美品   中古品   難あり,難ありな状態でお譲りします。お値段は7500yenになります。屋外用ですので気になる方はご検討ください。,7500,スポーツ
L02297,ヴィンテージ   付属品あり   美品,美品な状態でお譲りします。お値段は13900 円になります。レディースですので気になる方はご検討ください。,13900,ファッション
L04828,《まとめ買い歓迎》値下げ交渉可 ダンベル 傷あり,"傷ありな状態でお譲りします。お値段は５,９００円になります。トレーニングですので気になる方はご検討ください。",5900,スポーツ
L01117,《まとめ買い歓迎》即決 ﾜﾝﾋﾟｰｽ used,ジャケットです。used。¥37300。動作確認済。,37300,ファッション
L00464,◆匿名配送◆厚底 デニム 美品,美品な状態でお譲りします。お値段は28400yenになります。美品ですので気になる方はご検討ください。,28400,ファッション
L04769,【最終値下げ】軽量 中古品 傷あり,<b>傷ありな状態でお譲りします。お値段は３５４００ｙｅｎになります。レディースですので気になる方はご検討ください。&amp;,35400,ファッション
L01868,《まとめ買い歓迎》即決 詰め合わせ used,usedな状態でお譲りします。お値段は14400 円になります。限定版ですので気になる方はご検討ください。,14400,ホビー
L04141,【送料無料】静音 詰め合わせ 美品,美品な状態でお譲りします。お値段は28600yenになります。TVですので気になる方はご検討ください。,28600,家電
L01344,★即日発送★軽量 洗濯機 傷あり,<br>傷ありな状態でお譲りします。お値段は11900 円になります。節電ですので気になる方はご検討ください。<br>,11900,家電
L01370,【最終値下げ】省エネ ジャンク品 ほぼ新品,ほぼ新品な状態でお譲りします。お値段は18300yenになります。静音ですので気になる方はご検討ください。,18300,家電
L04614,自宅保管 ﾌﾟﾗﾓﾃﾞﾙ ほぼ新品,<br>プラモデルです。ほぼ新品。20000 円。限定版。<br>,20000,ホビー
L03828,自宅保管 ﾃﾞﾆﾑ 傷あり,"傷ありな状態でお譲りします。お値段は6,200円になります。軽量ですので気になる方はご検討ください。",6200,ファッション
L04016,軽量 ランニングシューズ 傷あり,<b>傷ありな状態でお譲りします。お値段は１３５００ｙｅｎになります。ペットなしですので気になる方はご検討ください。<br>,13500,スポーツ
L02053,動作確認済 ウェア 難あり🔥⭐🔥,<b>難ありな状態でお譲りします。お値段は21500 円になります。自宅保管ですので気になる方はご検討ください。<br>,21500,スポーツ
L02597,【最終値下げ】トレーニング 自転車 ｕｓｅｄ,<b>スパイクです。ｕｓｅｄ。¥１４５００。軽量。&amp;,14500,スポーツ
L02798,美品   グローブ   難あり,&nbsp;難ありな状態でお譲りします。お値段は27800yenになります。取説付ですので気になる方はご検討ください。<br>,27800,スポーツ
L02185,!!値下げしました!!自宅保管 ドライヤー 美品,"美品な状態でお譲りします。お値段は9,800円になります。インバーターですので気になる方はご検討ください。",9800,家電
L01519,【最終値下げ】美品 まとめ売り 傷あり,<br>傷ありな状態でお譲りします。お値段は37300yenになります。ヴィンテージですので気になる方はご検討ください。</b>,37300,ファッション
L00147,軽量 楽譜 傷あり,傷ありな状態でお譲りします。お値段は¥2300になります。値下げ交渉可ですので気になる方はご検討ください。,2300,本・音楽
L02618,喫煙者なし 訳あり品 難あり,"<b>難ありな状態でお譲りします。お値段は18,800円になります。TVですので気になる方はご検討ください。<br>",18800,家電
L00331,!!値下げしました!!軽量   付属品あり   難あり🔥🎁,<br>難ありな状態でお譲りします。お値段は39300 円になります。自宅保管ですので気になる方はご検討ください。&amp;,39300,スポーツ
L03561,※返品不可即決 スパイク 難あり,難ありな状態でお譲りします。お値段は¥39800になります。箱ありですので気になる方はご検討ください。,39800,スポーツ
L03042,【最終値下げ】ヴィンテージ 付属品あり 傷あり,"傷ありな状態でお譲りします。お値段は６,３００円になります。メンズですので気になる方はご検討ください。",6300,ファッション
L01182,◆匿名配送◆限定版 トレカ ほぼ新品,"<br>ほぼ新品な状態でお譲りします。お値段は５,７００円になります。コレクションですので気になる方はご検討ください。&amp;",5700,ホビー
L03752,取説付 テレビ 美品💯🎁🎁,&nbsp;エアコンです。美品。400 円。TV。<br>,400,家電
L01413,★即日発送★塗装済 フィギュア 難あり,"難ありな状態でお譲りします。お値段は１７,７００円になります。値下げ交渉可ですので気になる方はご検討ください。",17700,ホビー
L01472,美品   付属品あり   美品,"美品な状態でお譲りします。お値段は16,200円になります。部活ですので気になる方はご検討ください。",16200,スポーツ
L04100,◆匿名配送◆ﾘﾓｺﾝ付 一式 状態良好,<br>状態良好な状態でお譲りします。お値段は26900yenになります。リモコン付ですので気になる方はご検討ください。</b>,26900,家電
L03148,Mｻｲｽﾞ ｼﾞｬﾝｸ品 状態良好,状態良好な状態でお譲りします。お値段は¥5500になります。古着ですので気になる方はご検討ください。,5500,ファッション
L02688,《まとめ買い歓迎》節電 空気清浄機 美品,ドライヤーです。美品。２５６００ 円。ペットなし。,25600,家電
L03860,ペットなし ブーツ ほぼ新品,ほぼ新品な状態でお譲りします。お値段は10600 円になります。メンズですので気になる方はご検討ください。,10600,ファッション
L03289,自宅保管 電子ﾚﾝｼﾞ ほぼ新品🎁💯,ほぼ新品な状態でお譲りします。お値段は¥6200になります。ペットなしですので気になる方はご検討ください。,6200,家電
L04925,自宅保管 シューズ ｕｓｅｄ🎁,<b>グローブです。ｕｓｅｄ。２４６００ 円。トレーニング。&amp;,24600,スポーツ
L03168,軽量   ｼﾞｬﾝｸ品   ｕｓｅｄ✨,ｕｓｅｄな状態でお譲りします。お値段は１０４００ 円になります。２７ｃｍですので気になる方はご検討ください。,10400,スポーツ
L01101,【送料無料】硬式   自転車   傷あり🔥🎁💯,<b>傷ありな状態でお譲りします。お値段は¥31000になります。硬式ですので気になる方はご検討ください。&amp;,31000,スポーツ
L01500,リモコン付 セット ほぼ新品,"ほぼ新品な状態でお譲りします。お値段は３９,２００円になります。静音ですので気になる方はご検討ください。",39200,家電
L02363,新生児 絵本 傷あり,"抱っこ紐です。傷あり。22,000円。安全基準適合。",22000,ベビー・キッズ
L02984,自宅保管 中古品 状態良好,&nbsp;状態良好な状態でお譲りします。お値段は¥７３００になります。メンズですので気になる方はご検討ください。<br>,7300,ファッション
L03255,【最終値下げ】ﾍﾟｯﾄなし 哺乳瓶 ほぼ新品,&nbsp;ほぼ新品な状態でお譲りします。お値段は¥8400になります。軽量ですので気になる方はご検討ください。<br>,8400,ベビー・キッズ
L03382,美品 ｼﾞｬﾝｸ品 難あり,難ありな状態でお譲りします。お値段は7600yenになります。箱ありですので気になる方はご検討ください。,7600,家電
L00875,◆匿名配送◆厚底 ｽﾆｰｶｰ ほぼ新品,ほぼ新品な状態でお譲りします。お値段は¥２９７００になります。Ｍサイズですので気になる方はご検討ください。,29700,ファッション
L02492,★即日発送★古着 まとめ売り 難あり💯,<br>難ありな状態でお譲りします。お値段は7700 円になります。ヴィンテージですので気になる方はご検討ください。</b>,7700,ファッション
L03454,【送料無料】古着 コート 状態良好,状態良好な状態でお譲りします。お値段は21300yenになります。喫煙者なしですので気になる方はご検討ください。,21300,ファッション
L04734,【送料無料】喫煙者なし 炊飯器 傷あり,"&nbsp;傷ありな状態でお譲りします。お値段は23,100円になります。4Kですので気になる方はご検討ください。<br>",23100,家電
L03640,即決 ラケット 難あり,<b>スパイクです。難あり。6600yen。27cm。</b>,6600,スポーツ
L03394,《まとめ買い歓迎》即決 参考書 美品,<b>美品な状態でお譲りします。お値段は¥33600になります。名盤ですので気になる方はご検討ください。</b>,33600,本・音楽
L04546,!!値下げしました!!軽量 ラケット 難あり✨,&nbsp;ラケットです。難あり。¥14300。部活。</b>,14300,スポーツ
L00549,【送料無料】軽量   自転車   美品,"<br>美品な状態でお譲りします。お値段は39,200円になります。トレーニングですので気になる方はご検討ください。<br>",39200,スポーツ
L01841,ペットなし スピーカー 傷あり,"&nbsp;傷ありな状態でお譲りします。お値段は5,600円になります。帯付きですので気になる方はご検討ください。</b>",5600,本・音楽
L01791,ペットなし ベビー服 used,usedな状態でお譲りします。お値段は12800yenになります。洗えるですので気になる方はご検討ください。,12800,ベビー・キッズ
L03669,《まとめ買い歓迎》静音 訳あり品 ほぼ新品🔥🎁💯,ほぼ新品な状態でお譲りします。お値段は¥18200になります。静音ですので気になる方はご検討ください。,18200,家電
L01861,!!値下げしました!!喫煙者なし   ジャンク品   傷あり,"傷ありな状態でお譲りします。お値段は33,200円になります。帯付きですので気になる方はご検討ください。",33200,本・音楽
L03711,《まとめ買い歓迎》古着 バッグ ほぼ新品,&nbsp;コートです。ほぼ新品。37400yen。Mサイズ。&amp;,37400,ファッション
L02743,軽量 画集 状態良好,文庫本です。状態良好。22300 円。サイン入り。,22300,本・音楽
L02247,屋外用 自転車 美品,<br>スパイクです。美品。18000 円。屋外用。</b>,18000,スポーツ
L04135,※返品不可値下げ交渉可 シャツ 難あり✨⭐,<b>スニーカーです。難あり。¥1500。厚底。&amp;,1500,ファッション
L03100,ｲﾝﾊﾞｰﾀｰ 炊飯器 難あり,"&nbsp;空気清浄機です。難あり。10,900円。4K。&amp;",10900,家電
L04155,※返品不可喫煙者なし セット 難あり,&nbsp;難ありな状態でお譲りします。お値段は13300 円になります。リモコン付ですので気になる方はご検討ください。&amp;,13300,家電
L03493,【最終値下げ】軽量   ジャケット   ほぼ新品🎁,"<br>ほぼ新品な状態でお譲りします。お値段は8,200円になります。古着ですので気になる方はご検討ください。</b>",8200,ファッション
L04336,【送料無料】静音 付属品あり 状態良好,<br>状態良好な状態でお譲りします。お値段は¥30300になります。ペットなしですので気になる方はご検討ください。</b>,30300,家電
L03024,軽量 ベビーカー used,"ベビーカーです。used。18,600円。対象年齢3歳。",18600,ベビー・キッズ
L03785,《まとめ買い歓迎》硬式   まとめ売り   傷あり,傷ありな状態でお譲りします。お値段は２８３００ 円になります。即決ですので気になる方はご検討ください。,28300,スポーツ
L04858,ｻｲﾝ入り 付属品あり 傷あり,"傷ありな状態でお譲りします。お値段は22,700円になります。喫煙者なしですので気になる方はご検討ください。",22700,本・音楽
L01039,【送料無料】値下げ交渉可   まとめ売り   難あり🔥✨🎁,難ありな状態でお譲りします。お値段は¥15500になります。名盤ですので気になる方はご検討ください。,15500,本・音楽
L00096,対象年齢３歳 絵本 ｕｓｅｄ,ｕｓｅｄな状態でお譲りします。お値段は¥２８９００になります。動作確認済ですので気になる方はご検討ください。,28900,ベビー・キッズ
L03267,◆匿名配送◆部活   ｾｯﾄ   used,usedな状態でお譲りします。お値段は32200 円になります。美品ですので気になる方はご検討ください。,32200,スポーツ
L03715,★即日発送★省エネ イヤホン 難あり🔥🔥,難ありな状態でお譲りします。お値段は16800 円になります。省エネですので気になる方はご検討ください。,16800,家電
L00083,【最終値下げ】ペットなし   抱っこ紐   傷あり,&nbsp;傷ありな状態でお譲りします。お値段は３９６００ｙｅｎになります。動作確認済ですので気になる方はご検討ください。&amp;,39600,ベビー・キッズ
L04964,◆匿名配送◆Mサイズ まとめ売り ほぼ新品,ほぼ新品な状態でお譲りします。お値段は4500 円になります。メンズですので気になる方はご検討ください。,4500,ファッション
L04693,【最終値下げ】硬式 ダンベル 美品,<b>スパイクです。美品。¥9500。硬式。<br>,9500,スポーツ
L03335,レディース シャツ 美品,<br>帽子です。美品。６００ｙｅｎ。厚底。<br>,600,ファッション
L03425,省ｴﾈ 空気清浄機 状態良好,<b>状態良好な状態でお譲りします。お値段は¥21000になります。4Kですので気になる方はご検討ください。<br>,21000,家電
L02090,【送料無料】27cm 詰め合わせ 状態良好,状態良好な状態でお譲りします。お値段は11300 円になります。自宅保管ですので気になる方はご検討ください。,11300,スポーツ
L03379,※返品不可動作確認済   イヤホン   難あり,&nbsp;難ありな状態でお譲りします。お値段は25200yenになります。インバーターですので気になる方はご検討ください。</b>,25200,家電
L03484,リモコン付 ドライヤー 美品,"美品な状態でお譲りします。お値段は10,500円になります。節電ですので気になる方はご検討ください。",10500,家電
L03150,※返品不可対象年齢3歳   チャイルドシート   ほぼ新品✨✨✨,おもちゃです。ほぼ新品。17700yen。洗える。,17700,ベビー・キッズ
L01013,★即日発送★未開封 画材 ｕｓｅｄ,"ｕｓｅｄな状態でお譲りします。お値段は２,５００円になります。塗装済ですので気になる方はご検討ください。",2500,ホビー
L02997,《まとめ買い歓迎》ペットなし まとめ売り 状態良好✨💯,&nbsp;状態良好な状態でお譲りします。お値段は¥5400になります。動作確認済ですので気になる方はご検討ください。&amp;,5400,本・音楽
L02570,【最終値下げ】リモコン付 空気清浄機 傷あり✨,"&nbsp;傷ありな状態でお譲りします。お値段は31,600円になります。ペットなしですので気になる方はご検討ください。<br>",31600,家電
L01875,対象年齢3歳   詰め合わせ   ほぼ新品,<br>ほぼ新品な状態でお譲りします。お値段は¥1000になります。新生児ですので気になる方はご検討ください。</b>,1000,ベビー・キッズ
L04348,1/144 詰め合わせ used,<b>usedな状態でお譲りします。お値段は¥1900になります。塗装済ですので気になる方はご検討ください。</b>,1900,ホビー
L03953,★即日発送★ペットなし ワンピース 難あり,シャツです。難あり。８１００ｙｅｎ。即決。,8100,ファッション
L04790,４Ｋ エアコン 傷あり⭐✨⭐,エアコンです。傷あり。１１６００ 円。ＴＶ。,11600,家電
L00072,◆匿名配送◆4K スピーカー 難あり💯⭐,&nbsp;難ありな状態でお譲りします。お値段は¥1600になります。値下げ交渉可ですので気になる方はご検討ください。<br>,1600,家電
L02662,※返品不可喫煙者なし イヤホン 美品🎁🔥⭐,"<br>電子レンジです。美品。19,300円。取説付。&amp;",19300,家電
L00790,!!値下げしました!!箱あり 中古品 美品,美品な状態でお譲りします。お値段は33900 円になります。全巻ですので気になる方はご検討ください。,33900,本・音楽
L01969,◆匿名配送◆古着   中古品   傷あり🔥,"&nbsp;傷ありな状態でお譲りします。お値段は１８,２００円になります。古着ですので気になる方はご検討ください。<br>",18200,ファッション
L03319,ｺﾚｸｼｮﾝ ｾｯﾄ 状態良好,"&nbsp;状態良好な状態でお譲りします。お値段は39,700円になります。塗装済ですので気になる方はご検討ください。</b>",39700,ホビー
L01907,箱あり 絵本 難あり🔥,難ありな状態でお譲りします。お値段は¥10300になります。取説付ですので気になる方はご検討ください。,10300,ベビー・キッズ
L01104,【最終値下げ】美品 帽子 ほぼ新品✨⭐⭐,バッグです。ほぼ新品。18200 円。レディース。,18200,ファッション
L01378,《まとめ買い歓迎》限定版 パズル ほぼ新品,ほぼ新品な状態でお譲りします。お値段は700 円になります。1/144ですので気になる方はご検討ください。,700,ホビー
L04136,サイン入り 単行本 美品,<b>美品な状態でお譲りします。お値段は３１１００ 円になります。サイン入りですので気になる方はご検討ください。<br>,31100,本・音楽
L01792,★即日発送★自宅保管 自転車 ほぼ新品🎁,スパイクです。ほぼ新品。¥4700。27cm。,4700,スポーツ
L04143,★即日発送★ﾍﾟｯﾄなし 詰め合わせ 難あり,難ありな状態でお譲りします。お値段は２１１００ｙｅｎになります。帯付きですので気になる方はご検討ください。,21100,本・音楽
L04252,喫煙者なし 本体のみ 美品,美品な状態でお譲りします。お値段は２４０００ｙｅｎになります。メンズですので気になる方はご検討ください。,24000,ファッション
L01578,【最終値下げ】全巻 単行本 状態良好,&nbsp;状態良好な状態でお譲りします。お値段は¥２１８００になります。初版ですので気になる方はご検討ください。&amp;,21800,本・音楽
L01023,取説付 まとめ売り ほぼ新品,"<b>ほぼ新品な状態でお譲りします。お値段は17,600円になります。箱ありですので気になる方はご検討ください。<br>",17600,ファッション
L00693,メンズ ブーツ ほぼ新品,<br>ブーツです。ほぼ新品。３６６００ 円。動作確認済。&amp;,36600,ファッション
L04478,【送料無料】厚底 ブーツ ほぼ新品,ブーツです。ほぼ新品。32800 円。古着。,32800,ファッション
L01453,◆匿名配送◆Mｻｲｽﾞ   ｺｰﾄ   美品,美品な状態でお譲りします。お値段は¥33500になります。自宅保管ですので気になる方はご検討ください。,33500,ファッション
L04160,!!値下げしました!!自宅保管   雑誌   状態良好,<br>状態良好な状態でお譲りします。お値段は19200 円になります。軽量ですので気になる方はご検討ください。<br>,19200,本・音楽
L01410,節電 スピーカー 難あり,難ありな状態でお譲りします。お値段は26900yenになります。静音ですので気になる方はご検討ください。,26900,家電
L01736,【送料無料】動作確認済 ﾜﾝﾋﾟｰｽ ほぼ新品,シューズです。ほぼ新品。¥33400。取説付。,33400,ファッション
L00889,即決 一式 難あり🎁,"難ありな状態でお譲りします。お値段は16,600円になります。省エネですので気になる方はご検討ください。",16600,家電
L02820,《まとめ買い歓迎》即決 ﾌﾞｰﾂ ほぼ新品,ジャケットです。ほぼ新品。29400yen。ヴィンテージ。,29400,ファッション
L03506,１／１４４ 付属品あり 美品⭐💯✨,<br>美品な状態でお譲りします。お値段は¥１４３００になります。喫煙者なしですので気になる方はご検討ください。<br>,14300,ホビー
L02925,リモコン付 テレビ 傷あり✨💯,傷ありな状態でお譲りします。お値段は¥26300になります。喫煙者なしですので気になる方はご検討ください。,26300,家電
L00960,厚底 付属品あり ほぼ新品💯💯🔥,ほぼ新品な状態でお譲りします。お値段は¥18700になります。ヴィンテージですので気になる方はご検討ください。,18700,ファッション
L04891,!!値下げしました!!軽量 中古品 ほぼ新品,<b>ほぼ新品な状態でお譲りします。お値段は19300 円になります。対象年齢3歳ですので気になる方はご検討ください。&amp;,19300,ベビー・キッズ
L02883,未開封 ﾄﾚｶ ほぼ新品,フィギュアです。ほぼ新品。6200 円。塗装済。,6200,ホビー
L04416,厚底 コート 状態良好,状態良好な状態でお譲りします。お値段は30200 円になります。厚底ですので気になる方はご検討ください。,30200,ファッション
L02526,硬式 本体のみ 難あり,"難ありな状態でお譲りします。お値段は14,600円になります。喫煙者なしですので気になる方はご検討ください。",14600,スポーツ
L00413,《まとめ買い歓迎》1/144 プラモデル 美品,美品な状態でお譲りします。お値段は36600 円になります。未開封ですので気になる方はご検討ください。,36600,ホビー
L01176,!!値下げしました!!リモコン付 洗濯機 状態良好,<b>状態良好な状態でお譲りします。お値段は21500 円になります。取説付ですので気になる方はご検討ください。&amp;,21500,家電
L02571,★即日発送★ﾄﾚｰﾆﾝｸﾞ ｼｭｰｽﾞ ほぼ新品,ほぼ新品な状態でお譲りします。お値段は¥1500になります。部活ですので気になる方はご検討ください。,1500,スポーツ
L03977,★即日発送★初版 写真集 状態良好,"&nbsp;スピーカーです。状態良好。32,800円。サイン入り。</b>",32800,本・音楽
L00749,値下げ交渉可 中古品 美品,"<b>美品な状態でお譲りします。お値段は21,700円になります。美品ですので気になる方はご検討ください。<br>",21700,本・音楽
L04180,ペットなし スニーカー 傷あり,&nbsp;傷ありな状態でお譲りします。お値段は¥7300になります。即決ですので気になる方はご検討ください。</b>,7300,ファッション
L00236,★即日発送★軽量 中古品 美品,"美品な状態でお譲りします。お値段は25,000円になります。対象年齢3歳ですので気になる方はご検討ください。",25000,ベビー・キッズ
L04592,★即日発送★省ｴﾈ 訳あり品 難あり🔥✨🎁,&nbsp;難ありな状態でお譲りします。お値段は19000 円になります。即決ですので気になる方はご検討ください。&amp;,19000,家電
L04311,美品 詰め合わせ 難あり,&nbsp;難ありな状態でお譲りします。お値段は34400 円になります。取説付ですので気になる方はご検討ください。</b>,34400,スポーツ
L03336,洗える   中古品   ｕｓｅｄ,<br>ｕｓｅｄな状態でお譲りします。お値段は１９３００ 円になります。新生児ですので気になる方はご検討ください。<br>,19300,ベビー・キッズ
L03021,【送料無料】即決 ジャケット used,コートです。used。¥15200。レディース。,15200,ファッション
L03421,《まとめ買い歓迎》ｺﾚｸｼｮﾝ 一式 状態良好,状態良好な状態でお譲りします。お値段は２１７００ｙｅｎになります。軽量ですので気になる方はご検討ください。,21700,ホビー
L04690,1/144 ギター 難あり,&nbsp;難ありな状態でお譲りします。お値段は33600 円になります。限定版ですので気になる方はご検討ください。</b>,33600,ホビー
L02263,【送料無料】動作確認済 ﾊﾞｯｸﾞ 難あり,"難ありな状態でお譲りします。お値段は33,800円になります。ヴィンテージですので気になる方はご検討ください。",33800,ファッション
L03585,屋外用   ヨガマット   状態良好,状態良好な状態でお譲りします。お値段は10400 円になります。屋外用ですので気になる方はご検討ください。,10400,スポーツ
L04411,!!値下げしました!!動作確認済 空気清浄機 ほぼ新品,&nbsp;エアコンです。ほぼ新品。2500 円。インバーター。<br>,2500,家電
L04057,★即日発送★軽量 セット 状態良好⭐✨,状態良好な状態でお譲りします。お値段は2100yenになります。27cmですので気になる方はご検討ください。,2100,スポーツ
L01172,1/144 ﾄﾚｶ 美品,"<b>プラモデルです。美品。25,800円。未開封。&amp;",25800,ホビー
L01135,《まとめ買い歓迎》省エネ 訳あり品 ほぼ新品✨✨,"ほぼ新品な状態でお譲りします。お値段は7,900円になります。軽量ですので気になる方はご検討ください。",7900,家電
L02511,メンズ   シューズ   ほぼ新品,<br>ワンピースです。ほぼ新品。¥２９３００。喫煙者なし。<br>,29300,ファッション
L01133,★即日発送★初回特典 付属品あり 美品,美品な状態でお譲りします。お値段は¥９８００になります。ペットなしですので気になる方はご検討ください。,9800,ホビー
L03118,洗える 抱っこ紐 美品✨,"&nbsp;美品な状態でお譲りします。お値段は38,600円になります。安全基準適合ですので気になる方はご検討ください。</b>",38600,ベビー・キッズ
L04073,自宅保管   ジャケット   傷あり,"スニーカーです。傷あり。18,700円。古着。",18700,ファッション
L04301,Mサイズ デニム 美品🔥⭐,ジャケットです。美品。22800 円。古着。,22800,ファッション
L01287,◆匿名配送◆4K 洗濯機 used,<b>usedな状態でお譲りします。お値段は20100 円になります。箱ありですので気になる方はご検討ください。&amp;,20100,家電
L00850,※返品不可軽量 帽子 美品🎁🎁,"<b>美品な状態でお譲りします。お値段は27,100円になります。動作確認済ですので気になる方はご検討ください。&amp;",27100,ファッション
L03681,★即日発送★古着 訳あり品 傷あり,<br>傷ありな状態でお譲りします。お値段は¥３２０００になります。箱ありですので気になる方はご検討ください。<br>,32000,ファッション
L03651,【送料無料】安全基準適合 抱っこ紐 難あり,<br>難ありな状態でお譲りします。お値段は¥500になります。即決ですので気になる方はご検討ください。</b>,500,ベビー・キッズ
L02095,★即日発送★軽量 絵本 難あり,難ありな状態でお譲りします。お値段は18900yenになります。軽量ですので気になる方はご検討ください。,18900,ベビー・キッズ
L04165,◆匿名配送◆即決 付属品あり 美品✨✨,&nbsp;美品な状態でお譲りします。お値段は２８４００ｙｅｎになります。省エネですので気になる方はご検討ください。</b>,28400,家電
L03649,※返品不可厚底 本体のみ 美品,"<b>美品な状態でお譲りします。お値段は７,９００円になります。軽量ですので気になる方はご検討ください。<br>",7900,ファッション
L02415,ｻｲﾝ入り 単行本 used,<b>usedな状態でお譲りします。お値段は14700 円になります。軽量ですので気になる方はご検討ください。</b>,14700,本・音楽
L03499,《まとめ買い歓迎》屋外用 シューズ 状態良好🔥,<br>グローブです。状態良好。32700yen。部活。&amp;,32700,スポーツ
L02794,◆匿名配送◆未開封   写真集   美品,<br>トレカです。美品。１９３００ｙｅｎ。即決。<br>,19300,ホビー
L01820,◆匿名配送◆初版 写真集 ｕｓｅｄ,"&nbsp;ｕｓｅｄな状態でお譲りします。お値段は２５,２００円になります。箱ありですので気になる方はご検討ください。&amp;",25200,本・音楽
L02509,《まとめ買い歓迎》自宅保管 ｽﾋﾟｰｶｰ 難あり,ドライヤーです。難あり。37100 円。インバーター。,37100,家電
L01398,ヴィﾝﾃｰｼﾞ 詰め合わせ 状態良好,<br>状態良好な状態でお譲りします。お値段は６０００ 円になります。レディースですので気になる方はご検討ください。&amp;,6000,ファッション
L03952,古着 ﾃﾞﾆﾑ 美品,<b>美品な状態でお譲りします。お値段は¥38600になります。動作確認済ですので気になる方はご検討ください。</b>,38600,ファッション
L03613,節電   詰め合わせ   美品,"美品な状態でお譲りします。お値段は３７,２００円になります。ＴＶですので気になる方はご検討ください。",37200,家電
L03790,!!値下げしました!!ヴィﾝﾃｰｼﾞ   ｼｬﾂ   傷あり,<br>傷ありな状態でお譲りします。お値段は32600yenになります。古着ですので気になる方はご検討ください。<br>,32600,ファッション
L03363,!!値下げしました!!古着 ｾｯﾄ 美品,&nbsp;美品な状態でお譲りします。お値段は24000yenになります。動作確認済ですので気になる方はご検討ください。</b>,24000,ファッション
L02475,《まとめ買い歓迎》美品 詰め合わせ 美品,<br>美品な状態でお譲りします。お値段は28800yenになります。トレーニングですので気になる方はご検討ください。&amp;,28800,スポーツ
L03721,ｲﾝﾊﾞｰﾀｰ 中古品 ほぼ新品,ほぼ新品な状態でお譲りします。お値段は¥19500になります。自宅保管ですので気になる方はご検討ください。,19500,家電
L04987,※返品不可箱あり 写真集 状態良好,<br>状態良好な状態でお譲りします。お値段は30400yenになります。廃盤ですので気になる方はご検討ください。&amp;,30400,本・音楽
L01781,★即日発送★屋外用 スパイク 傷あり⭐🔥✨,"スパイクです。傷あり。2,900円。自宅保管。",2900,スポーツ
L03233,【最終値下げ】27cm ランニングシューズ 難あり,"シューズです。難あり。27,900円。軽量。",27900,スポーツ
L04500,※返品不可Mサイズ 一式 美品,美品な状態でお譲りします。お値段は39200yenになります。ヴィンテージですので気になる方はご検討ください。,39200,ファッション
L00802,!!値下げしました!!ﾍﾟｯﾄなし   ﾗﾝﾆﾝｸﾞｼｭｰｽﾞ   used,ラケットです。used。¥34700。値下げ交渉可。,34700,スポーツ
L00732,限定版 写真集 傷あり,<br>傷ありな状態でお譲りします。お値段は¥7100になります。限定版ですので気になる方はご検討ください。<br>,7100,ホビー
L00274,【最終値下げ】動作確認済 詰め合わせ 状態良好,<b>状態良好な状態でお譲りします。お値段は18100 円になります。古着ですので気になる方はご検討ください。</b>,18100,ファッション
L00798,【最終値下げ】自宅保管 雑誌 状態良好,<br>楽譜です。状態良好。¥19500。帯付き。&amp;,19500,本・音楽
L00924,喫煙者なし 付属品あり ほぼ新品,"ほぼ新品な状態でお譲りします。お値段は27,700円になります。古着ですので気になる方はご検討ください。",27700,ファッション
L02962,※返品不可ペットなし プラモデル 難あり,ボードゲームです。難あり。3300 円。1/144。,3300,ホビー
L03762,サイン入り 付属品あり 傷あり,&nbsp;傷ありな状態でお譲りします。お値段は24900yenになります。軽量ですので気になる方はご検討ください。<br>,24900,本・音楽
L00159,!!値下げしました!!廃盤 レコード 難あり,"<br>難ありな状態でお譲りします。お値段は２０,３００円になります。喫煙者なしですので気になる方はご検討ください。</b>",20300,本・音楽
L00541,【最終値下げ】即決 トレカ 状態良好🔥💯,<br>フィギュアです。状態良好。¥３７２００。箱あり。<br>,37200,ホビー
L04065,!!値下げしました!!硬式 ジャンク品 美品,&nbsp;美品な状態でお譲りします。お値段は15300 円になります。27cmですので気になる方はご検討ください。</b>,15300,スポーツ
L04833,喫煙者なし ギター 美品,&nbsp;トレカです。美品。¥２６７００。初回特典。</b>,26700,ホビー
L02325,洗える 哺乳瓶 used,usedな状態でお譲りします。お値段は¥33700になります。安全基準適合ですので気になる方はご検討ください。,33700,ベビー・キッズ
L02192,ヴィンテージ シューズ ほぼ新品,バッグです。ほぼ新品。6900yen。美品。,6900,ファッション
L04362,ペットなし シューズ 美品⭐🔥,自転車です。美品。9700 円。27cm。,9700,スポーツ
L01706,節電 炊飯器 ほぼ新品💯,<br>ほぼ新品な状態でお譲りします。お値段は32800 円になります。省エネですので気になる方はご検討ください。</b>,32800,家電
L04413,箱あり 詰め合わせ ほぼ新品,ほぼ新品な状態でお譲りします。お値段は¥5900になります。取説付ですので気になる方はご検討ください。,5900,ベビー・キッズ
L02547,★即日発送★洗える   ベビー服   美品,<br>美品な状態でお譲りします。お値段は2500yenになります。安全基準適合ですので気になる方はご検討ください。</b>,2500,ベビー・キッズ
L00600,《まとめ買い歓迎》4K ｼﾞｬﾝｸ品 美品,美品な状態でお譲りします。お値段は5900yenになります。即決ですので気になる方はご検討ください。,5900,家電
L03797,◆匿名配送◆厚底 中古品 難あり✨,<b>難ありな状態でお譲りします。お値段は4200yenになります。レディースですので気になる方はご検討ください。</b>,4200,ファッション
L00181,【最終値下げ】ﾄﾚｰﾆﾝｸﾞ ｸﾞﾛｰﾌﾞ ほぼ新品,ほぼ新品な状態でお譲りします。お値段は20800yenになります。ペットなしですので気になる方はご検討ください。,20800,スポーツ
L00237,!!値下げしました!!コレクション プラモデル ほぼ新品,"&nbsp;ほぼ新品な状態でお譲りします。お値段は13,800円になります。限定版ですので気になる方はご検討ください。<br>",13800,ホビー
L00039,【最終値下げ】軽量 バッグ 美品,"帽子です。美品。３４,３００円。Ｍサイズ。",34300,ファッション
L04605,節電 エアコン ｕｓｅｄ💯✨,<b>ｕｓｅｄな状態でお譲りします。お値段は３０００ｙｅｎになります。４Ｋですので気になる方はご検討ください。&amp;,3000,家電
L02654,◆匿名配送◆喫煙者なし ﾄﾞﾗｲﾔｰ 難あり,"炊飯器です。難あり。2,700円。インバーター。",2700,家電
L00967,限定版 画材 傷あり🎁🎁,<br>傷ありな状態でお譲りします。お値段は¥20800になります。1/144ですので気になる方はご検討ください。<br>,20800,ホビー
L00807,!!値下げしました!!節電 一式 状態良好,&nbsp;状態良好な状態でお譲りします。お値段は¥1300になります。美品ですので気になる方はご検討ください。</b>,1300,家電
L01873,ｺﾚｸｼｮﾝ   ﾗｼﾞｺﾝ   傷あり🔥💯💯,"&nbsp;傷ありな状態でお譲りします。お値段は30,000円になります。初回特典ですので気になる方はご検討ください。<br>",30000,ホビー
L00656,!!値下げしました!!箱あり   画材   傷あり,プラモデルです。傷あり。¥26400。塗装済。,26400,ホビー
L04674,廃盤 ｽﾋﾟｰｶｰ ｕｓｅｄ💯⭐,ｕｓｅｄな状態でお譲りします。お値段は¥２１９００になります。廃盤ですので気になる方はご検討ください。,21900,本・音楽
L03600,取説付 一式 状態良好,状態良好な状態でお譲りします。お値段は¥2600になります。レディースですので気になる方はご検討ください。,2600,ファッション
L02753,美品   ｼﾞｬﾝｸ品   美品⭐,<br>美品な状態でお譲りします。お値段は¥35200になります。即決ですので気になる方はご検討ください。&amp;,35200,家電
L03712,【送料無料】値下げ交渉可 詰め合わせ used,<b>usedな状態でお譲りします。お値段は¥24300になります。取説付ですので気になる方はご検討ください。<br>,24300,本・音楽
L00737,新生児   抱っこ紐   傷あり,"傷ありな状態でお譲りします。お値段は31,400円になります。対象年齢3歳ですので気になる方はご検討ください。",31400,ベビー・キッズ
L02351,◆匿名配送◆廃盤 楽譜 傷あり,<b>傷ありな状態でお譲りします。お値段は21500 円になります。全巻ですので気になる方はご検討ください。&amp;,21500,本・音楽
L01879,塗装済   トレカ   傷あり,<br>傷ありな状態でお譲りします。お値段は¥１４３００になります。取説付ですので気になる方はご検討ください。<br>,14300,ホビー
L04396,屋外用 ヨガマット used,<br>ウェアです。used。8700 円。部活。<br>,8700,スポーツ
L02668,屋外用   ラケット   美品✨,美品な状態でお譲りします。お値段は37800 円になります。取説付ですので気になる方はご検討ください。,37800,スポーツ
L02557,喫煙者なし スニーカー 美品,<br>帽子です。美品。¥10300。動作確認済。</b>,10300,ファッション
L04645,節電 空気清浄機 美品✨✨,美品な状態でお譲りします。お値段は¥１９３００になります。自宅保管ですので気になる方はご検討ください。,19300,家電
L03508,《まとめ買い歓迎》即決 空気清浄機 ほぼ新品,"&nbsp;ドライヤーです。ほぼ新品。1,900円。4K。</b>",1900,家電
L02792,※返品不可値下げ交渉可 おもちゃ 傷あり,<br>傷ありな状態でお譲りします。お値段は¥38000になります。新生児ですので気になる方はご検討ください。<br>,38000,ベビー・キッズ
L03318,◆匿名配送◆自宅保管 ジャンク品 難あり✨,"難ありな状態でお譲りします。お値段は２９,０００円になります。古着ですので気になる方はご検討ください。",29000,ファッション
L02261,【最終値下げ】全巻 雑誌 ほぼ新品,&nbsp;ほぼ新品な状態でお譲りします。お値段は5800yenになります。箱ありですので気になる方はご検討ください。</b>,5800,本・音楽
L01260,【送料無料】未開封 画材 難あり,"<br>パズルです。難あり。18,400円。限定版。</b>",18400,ホビー
L03916,◆匿名配送◆値下げ交渉可 付属品あり 美品,"&nbsp;美品な状態でお譲りします。お値段は29,800円になります。軽量ですので気になる方はご検討ください。<br>",29800,ホビー
L03671,《まとめ買い歓迎》塗装済 トレカ 美品,トレカです。美品。¥38500。初回特典。,38500,ホビー
L04462,ﾍﾟｯﾄなし 付属品あり ほぼ新品,"ほぼ新品な状態でお譲りします。お値段は21,100円になります。厚底ですので気になる方はご検討ください。",21100,ファッション
L00355,対象年齢3歳 ベビー服 美品,美品な状態でお譲りします。お値段は¥32700になります。新生児ですので気になる方はご検討ください。,32700,ベビー・キッズ
L04579,※返品不可箱あり 付属品あり used,&nbsp;usedな状態でお譲りします。お値段は39500 円になります。Mサイズですので気になる方はご検討ください。</b>,39500,ファッション
L04682,※返品不可ペットなし 付属品あり 状態良好,"<br>状態良好な状態でお譲りします。お値段は22,900円になります。取説付ですので気になる方はご検討ください。&amp;",22900,ファッション
L01796,【最終値下げ】対象年齢3歳 抱っこ紐 美品🔥💯⭐,<br>美品な状態でお譲りします。お値段は300 円になります。ペットなしですので気になる方はご検討ください。&amp;,300,ベビー・キッズ
L00014,!!値下げしました!!箱あり ﾗﾝﾆﾝｸﾞｼｭｰｽﾞ ｕｓｅｄ,ヨガマットです。ｕｓｅｄ。２２００ｙｅｎ。即決。,2200,スポーツ
L04356,◆匿名配送◆節電 イヤホン 美品,ドライヤーです。美品。¥２０１００。箱あり。,20100,家電
L03020,Mｻｲｽﾞ   中古品   used💯✨🎁,usedな状態でお譲りします。お値段は¥15700になります。動作確認済ですので気になる方はご検討ください。,15700,ファッション
L03317,!!値下げしました!!自宅保管 ﾌﾟﾗﾓﾃﾞﾙ ほぼ新品,"&nbsp;画材です。ほぼ新品。4,800円。値下げ交渉可。<br>",4800,ホビー
L04691,ｲﾝﾊﾞｰﾀｰ 付属品あり 難あり,"難ありな状態でお譲りします。お値段は21,500円になります。4Kですので気になる方はご検討ください。",21500,家電
L00187,２７ｃｍ 自転車 美品🎁🎁,ダンベルです。美品。２３００ 円。美品。,2300,スポーツ
L01159,!!値下げしました!!即決 詰め合わせ 状態良好✨⭐⭐,状態良好な状態でお譲りします。お値段は¥11200になります。厚底ですので気になる方はご検討ください。,11200,ファッション
L02816,《まとめ買い歓迎》1/144 ﾄﾚｶ ほぼ新品,ほぼ新品な状態でお譲りします。お値段は¥34200になります。動作確認済ですので気になる方はご検討ください。,34200,ホビー
L04621,安全基準適合   抱っこ紐   状態良好🔥,"<br>ベビー服です。状態良好。1,000円。値下げ交渉可。&amp;",1000,ベビー・キッズ
L01349,!!値下げしました!!インバーター エアコン 傷あり,"傷ありな状態でお譲りします。お値段は29,100円になります。省エネですので気になる方はご検討ください。",29100,家電
L04488,廃盤 ｽﾋﾟｰｶｰ 難あり,<br>雑誌です。難あり。34600 円。名盤。&amp;,34600,本・音楽
L00117,即決 訳あり品 ほぼ新品🔥,ほぼ新品な状態でお譲りします。お値段は¥２７０００になります。喫煙者なしですので気になる方はご検討ください。,27000,家電
L01588,自宅保管 ｼﾞｬｹｯﾄ 状態良好,状態良好な状態でお譲りします。お値段は19200yenになります。古着ですので気になる方はご検討ください。,19200,ファッション
L04635,取説付 まとめ売り ほぼ新品,<b>ほぼ新品な状態でお譲りします。お値段は３４８００ｙｅｎになります。メンズですので気になる方はご検討ください。<br>,34800,ファッション
L01699,インバーター   掃除機   ｕｓｅｄ,<b>ｕｓｅｄな状態でお譲りします。お値段は¥４１００になります。リモコン付ですので気になる方はご検討ください。</b>,4100,家電
L03109,【送料無料】節電   テレビ   難あり,"冷蔵庫です。難あり。１８,４００円。インバーター。",18400,家電
L00742,◆匿名配送◆ペットなし 付属品あり ｕｓｅｄ✨🔥💯,"ｕｓｅｄな状態でお譲りします。お値段は５,５００円になります。２７ｃｍですので気になる方はご検討ください。",5500,スポーツ
L03679,【最終値下げ】軽量 一式 ほぼ新品,ほぼ新品な状態でお譲りします。お値段は¥36900になります。部活ですので気になる方はご検討ください。,36900,スポーツ
L00492,省エネ 付属品あり ほぼ新品,<b>ほぼ新品な状態でお譲りします。お値段は29500 円になります。箱ありですので気になる方はご検討ください。</b>,29500,家電
L03065,【送料無料】節電 ドライヤー used🎁🔥✨,"usedな状態でお譲りします。お値段は6,200円になります。節電ですので気になる方はご検討ください。",6200,家電
L03339,取説付 訳あり品 used💯✨,usedな状態でお譲りします。お値段は29500yenになります。節電ですので気になる方はご検討ください。,29500,家電
L04106,!!値下げしました!!即決 詰め合わせ used💯🎁,usedな状態でお譲りします。お値段は39100yenになります。軽量ですので気になる方はご検討ください。,39100,ファッション
L00695,※返品不可動作確認済 グローブ ほぼ新品🔥💯⭐,"&nbsp;ほぼ新品な状態でお譲りします。お値段は24,300円になります。箱ありですので気になる方はご検討ください。</b>",24300,スポーツ
L03552,◆匿名配送◆全巻 画集 難あり💯,スピーカーです。難あり。¥20500。箱あり。,20500,本・音楽
L04464,※返品不可動作確認済   洗濯機   傷あり,<b>傷ありな状態でお譲りします。お値段は１４５００ 円になります。軽量ですので気になる方はご検討ください。<br>,14500,家電
L03458,※返品不可軽量 付属品あり ほぼ新品,<br>ほぼ新品な状態でお譲りします。お値段は¥10300になります。1/144ですので気になる方はご検討ください。&amp;,10300,ホビー
L00729,【送料無料】古着 帽子 難あり,コートです。難あり。¥6900。喫煙者なし。,6900,ファッション
L03212,★即日発送★トレーニング   訳あり品   ｕｓｅｄ💯🎁⭐,ｕｓｅｄな状態でお譲りします。お値段は２１２００ 円になります。取説付ですので気になる方はご検討ください。,21200,スポーツ
L00792,限定版 詰め合わせ ほぼ新品💯🎁,ほぼ新品な状態でお譲りします。お値段は３４８００ 円になります。即決ですので気になる方はご検討ください。,34800,ホビー
L04120,!!値下げしました!!屋外用 ダンベル 美品,"<br>ラケットです。美品。３４,２００円。トレーニング。&amp;",34200,スポーツ
L04343,《まとめ買い歓迎》取説付 洗濯機 状態良好,状態良好な状態でお譲りします。お値段は17000 円になります。ペットなしですので気になる方はご検討ください。,17000,家電
L02782,【最終値下げ】箱あり ドライヤー 傷あり🔥💯,"傷ありな状態でお譲りします。お値段は31,500円になります。喫煙者なしですので気になる方はご検討ください。",31500,家電
L01435,★即日発送★ヴィﾝﾃｰｼﾞ ﾜﾝﾋﾟｰｽ 傷あり,傷ありな状態でお譲りします。お値段は14900yenになります。ヴィンテージですので気になる方はご検討ください。,14900,ファッション
L04427,【送料無料】軽量 一式 ほぼ新品,ほぼ新品な状態でお譲りします。お値段は¥17600になります。名盤ですので気になる方はご検討ください。,17600,本・音楽
L04898,美品 ブーツ 難あり,ワンピースです。難あり。３８１００ｙｅｎ。メンズ。,38100,ファッション
L04586,!!値下げしました!!即決 ﾗｼﾞｺﾝ 美品,<b>美品な状態でお譲りします。お値段は¥３６９００になります。初回特典ですので気になる方はご検討ください。&amp;,36900,ホビー
L02414,喫煙者なし   本体のみ   used,usedな状態でお譲りします。お値段は30900 円になります。1/144ですので気になる方はご検討ください。,30900,ホビー
L00974,!!値下げしました!!自宅保管 シューズ 美品⭐,<br>美品な状態でお譲りします。お値段は¥１０００になります。レディースですので気になる方はご検討ください。<br>,1000,ファッション
L00126,【送料無料】帯付き   中古品   状態良好,"状態良好な状態でお譲りします。お値段は2,300円になります。初版ですので気になる方はご検討ください。",2300,本・音楽
L01191,限定版 ギター 傷あり,傷ありな状態でお譲りします。お値段は３０９００ 円になります。即決ですので気になる方はご検討ください。,30900,ホビー
L02307,※返品不可自宅保管 本体のみ used,usedな状態でお譲りします。お値段は28500yenになります。軽量ですので気になる方はご検討ください。,28500,ファッション
L02149,ヴィﾝﾃｰｼﾞ ｾｯﾄ 状態良好,&nbsp;状態良好な状態でお譲りします。お値段は¥３１２００になります。箱ありですので気になる方はご検討ください。</b>,31200,ファッション
L04640,※返品不可軽量   トレカ   難あり,ボードゲームです。難あり。１９７００ｙｅｎ。１／１４４。,19700,ホビー
L02255,!!値下げしました!!取説付 本体のみ 状態良好🎁✨,状態良好な状態でお譲りします。お値段は24300yenになります。1/144ですので気になる方はご検討ください。,24300,ホビー
L03064,リモコン付 訳あり品 ほぼ新品🔥🔥🎁,ほぼ新品な状態でお譲りします。お値段は19800yenになります。節電ですので気になる方はご検討ください。,19800,家電
L01337,省ｴﾈ ｼﾞｬﾝｸ品 傷あり,傷ありな状態でお譲りします。お値段は¥36900になります。省エネですので気になる方はご検討ください。,36900,家電
L03729,!!値下げしました!!1/144   付属品あり   ほぼ新品,ほぼ新品な状態でお譲りします。お値段は32700 円になります。軽量ですので気になる方はご検討ください。,32700,ホビー
L01567,◆匿名配送◆静音 詰め合わせ used,usedな状態でお譲りします。お値段は¥36300になります。リモコン付ですので気になる方はご検討ください。,36300,家電
L03399,軽量 冷蔵庫 傷あり💯,<b>傷ありな状態でお譲りします。お値段は29400yenになります。取説付ですので気になる方はご検討ください。</b>,29400,家電
L00727,硬式 付属品あり 難あり✨,難ありな状態でお譲りします。お値段は¥１８３００になります。２７ｃｍですので気になる方はご検討ください。,18300,スポーツ
L00439,《まとめ買い歓迎》動作確認済 一式 状態良好,"状態良好な状態でお譲りします。お値段は２２,６００円になります。節電ですので気になる方はご検討ください。",22600,家電
L02564,【送料無料】動作確認済   詰め合わせ   難あり,&nbsp;難ありな状態でお譲りします。お値段は¥22800になります。軽量ですので気になる方はご検討ください。<br>,22800,ベビー・キッズ
L01683,静音   詰め合わせ   難あり💯🔥,難ありな状態でお譲りします。お値段は3300yenになります。TVですので気になる方はご検討ください。,3300,家電
L00469,省エネ 本体のみ 美品,美品な状態でお譲りします。お値段は17200 円になります。喫煙者なしですので気になる方はご検討ください。,17200,家電
L02062,美品 哺乳瓶 傷あり✨✨🔥,<b>哺乳瓶です。傷あり。20700yen。新生児。<br>,20700,ベビー・キッズ
L02639,厚底 バッグ 傷あり,<b>コートです。傷あり。33400 円。レディース。</b>,33400,ファッション
L00908,※返品不可屋外用 ラケット ｕｓｅｄ,ウェアです。ｕｓｅｄ。１１００ 円。部活。,1100,スポーツ
L03084,箱あり ワンピース 状態良好,状態良好な状態でお譲りします。お値段は¥19800になります。喫煙者なしですので気になる方はご検討ください。,19800,ファッション
L04620,《まとめ買い歓迎》箱あり 訳あり品 傷あり,傷ありな状態でお譲りします。お値段は¥２１５００になります。帯付きですので気になる方はご検討ください。,21500,本・音楽
L01155,塗装済 画材 used,"<br>ギターです。used。13,400円。1/144。<br>",13400,ホビー
L02520,!!値下げしました!!自宅保管 中古品 ほぼ新品✨💯,<b>ほぼ新品な状態でお譲りします。お値段は18600yenになります。部活ですので気になる方はご検討ください。<br>,18600,スポーツ
L02188,動作確認済 詰め合わせ ほぼ新品,"<br>ほぼ新品な状態でお譲りします。お値段は36,400円になります。箱ありですので気になる方はご検討ください。&amp;",36400,ファッション
L01974,値下げ交渉可   ﾄﾞﾗｲﾔｰ   ほぼ新品,&nbsp;空気清浄機です。ほぼ新品。¥33200。リモコン付。<br>,33200,家電
L00561,サイン入り スピーカー 難あり🎁,"<br>雑誌です。難あり。4,700円。値下げ交渉可。&amp;",4700,本・音楽
L04515,【最終値下げ】節電 空気清浄機 ほぼ新品🎁,<br>ほぼ新品な状態でお譲りします。お値段は¥24600になります。ペットなしですので気になる方はご検討ください。</b>,24600,家電
L01416,レディース デニム used,usedな状態でお譲りします。お値段は4500yenになります。即決ですので気になる方はご検討ください。,4500,ファッション
L01300,※返品不可省エネ 詰め合わせ 傷あり,<br>傷ありな状態でお譲りします。お値段は20500 円になります。インバーターですので気になる方はご検討ください。&amp;,20500,家電
L02595,◆匿名配送◆トレーニング ラケット 傷あり,<b>傷ありな状態でお譲りします。お値段は16600yenになります。ペットなしですので気になる方はご検討ください。<br>,16600,スポーツ
L02000,※返品不可塗装済   詰め合わせ   ほぼ新品,&nbsp;ほぼ新品な状態でお譲りします。お値段は１９００ 円になります。限定版ですので気になる方はご検討ください。&amp;,1900,ホビー
L00451,【送料無料】厚底 ｼﾞｬｹｯﾄ 美品,美品な状態でお譲りします。お値段は¥29000になります。取説付ですので気になる方はご検討ください。,29000,ファッション
L04846,《まとめ買い歓迎》サイン入り 詰め合わせ 美品,"<br>美品な状態でお譲りします。お値段は32,000円になります。軽量ですので気になる方はご検討ください。<br>",32000,本・音楽
L03889,【最終値下げ】省ｴﾈ まとめ売り 状態良好,"状態良好な状態でお譲りします。お値段は３８,２００円になります。取説付ですので気になる方はご検討ください。",38200,家電
L04997,27cm 詰め合わせ 美品,&nbsp;美品な状態でお譲りします。お値段は10400yenになります。27cmですので気になる方はご検討ください。<br>,10400,スポーツ
L03897,《まとめ買い歓迎》値下げ交渉可 空気清浄機 美品,<b>美品な状態でお譲りします。お値段は¥13700になります。動作確認済ですので気になる方はご検討ください。<br>,13700,家電
L00177,【最終値下げ】値下げ交渉可 詰め合わせ used,usedな状態でお譲りします。お値段は39000 円になります。軽量ですので気になる方はご検討ください。,39000,スポーツ
L04147,◆匿名配送◆初回特典 本体のみ 傷あり💯🎁,傷ありな状態でお譲りします。お値段は¥16300になります。ペットなしですので気になる方はご検討ください。,16300,ホビー
L00206,《まとめ買い歓迎》古着 ﾜﾝﾋﾟｰｽ ほぼ新品🎁✨,<br>ほぼ新品な状態でお譲りします。お値段は¥17100になります。Mサイズですので気になる方はご検討ください。&amp;,17100,ファッション
L00474,27cm 詰め合わせ 難あり💯💯🎁,難ありな状態でお譲りします。お値段は¥7700になります。27cmですので気になる方はご検討ください。,7700,スポーツ
L03582,★即日発送★ｺﾚｸｼｮﾝ ﾌﾟﾗﾓﾃﾞﾙ 美品,美品な状態でお譲りします。お値段は35300 円になります。コレクションですので気になる方はご検討ください。,35300,ホビー
L03808,ｺﾚｸｼｮﾝ 本体のみ 難あり,&nbsp;難ありな状態でお譲りします。お値段は¥１５７００になります。塗装済ですので気になる方はご検討ください。&amp;,15700,ホビー
L01438,喫煙者なし レコード ほぼ新品,"<b>写真集です。ほぼ新品。7,600円。名盤。</b>",7600,本・音楽
L03833,軽量 ﾀﾞﾝﾍﾞﾙ 状態良好⭐,<b>シューズです。状態良好。２９０００ｙｅｎ。２７ｃｍ。</b>,29000,スポーツ
L02973,◆匿名配送◆初回特典   画材   傷あり,"&nbsp;傷ありな状態でお譲りします。お値段は７,０００円になります。未開封ですので気になる方はご検討ください。</b>",7000,ホビー
L03826,Mサイズ バッグ 難あり,<br>ブーツです。難あり。6700 円。値下げ交渉可。</b>,6700,ファッション
L01788,メンズ シャツ 状態良好,"&nbsp;デニムです。状態良好。１５,３００円。取説付。<br>",15300,ファッション
L03900,全巻   画集   傷あり,スピーカーです。傷あり。３６５００ｙｅｎ。廃盤。,36500,本・音楽
L01069,【送料無料】ペットなし セット ほぼ新品,"ほぼ新品な状態でお譲りします。お値段は24,000円になります。Mサイズですので気になる方はご検討ください。",24000,ファッション
L04452,◆匿名配送◆27cm ｸﾞﾛｰﾌﾞ 難あり,&nbsp;難ありな状態でお譲りします。お値段は18800 円になります。軽量ですので気になる方はご検討ください。&amp;,18800,スポーツ
L02748,【最終値下げ】喫煙者なし 雑誌 used,"<b>写真集です。used。26,100円。帯付き。</b>",26100,本・音楽
L00275,※返品不可即決   グローブ   ほぼ新品🔥🔥💯,ほぼ新品な状態でお譲りします。お値段は¥39600になります。トレーニングですので気になる方はご検討ください。,39600,スポーツ
L01598,※返品不可軽量 付属品あり 傷あり🎁🎁💯,傷ありな状態でお譲りします。お値段は7800 円になります。軽量ですので気になる方はご検討ください。,7800,ベビー・キッズ
L01623,省エネ イヤホン 美品,"イヤホンです。美品。9,600円。即決。",9600,家電
L02007,対象年齢３歳 おもちゃ 状態良好,"ベビーカーです。状態良好。３２,８００円。新生児。",32800,ベビー・キッズ
L01126,※返品不可硬式 付属品あり 傷あり💯⭐,傷ありな状態でお譲りします。お値段は¥39300になります。値下げ交渉可ですので気になる方はご検討ください。,39300,スポーツ
L03750,4K 電子レンジ 美品💯,美品な状態でお譲りします。お値段は39200 円になります。省エネですので気になる方はご検討ください。,39200,家電
L04580,塗装済 本体のみ 難あり🔥✨,難ありな状態でお譲りします。お値段は¥9400になります。美品ですので気になる方はご検討ください。,9400,ホビー
L00347,【最終値下げ】初回特典 まとめ売り 状態良好,"状態良好な状態でお譲りします。お値段は３４,５００円になります。コレクションですので気になる方はご検討ください。",34500,ホビー
L02350,【送料無料】新生児 ベビー服 傷あり🎁💯💯,<br>ベビー服です。傷あり。¥28700。洗える。<br>,28700,ベビー・キッズ
L02057,《まとめ買い歓迎》軽量 スパイク ほぼ新品,ほぼ新品な状態でお譲りします。お値段は¥12800になります。軽量ですので気になる方はご検討ください。,12800,スポーツ
L04932,全巻 単行本 美品,"<br>美品な状態でお譲りします。お値段は１０,３００円になります。帯付きですので気になる方はご検討ください。<br>",10300,本・音楽
L03680,古着 ブーツ 美品🔥,"コートです。美品。9,500円。レディース。",9500,ファッション
L02939,初回特典 ギター 状態良好,状態良好な状態でお譲りします。お値段は３５０００ｙｅｎになります。喫煙者なしですので気になる方はご検討ください。,35000,ホビー
L02999,塗装済 ラジコン 傷あり,<br>傷ありな状態でお譲りします。お値段は¥5300になります。コレクションですので気になる方はご検討ください。<br>,5300,ホビー
L00571,★即日発送★ﾒﾝｽﾞ 付属品あり 状態良好💯,状態良好な状態でお譲りします。お値段は2600 円になります。喫煙者なしですので気になる方はご検討ください。,2600,ファッション
L03231,4K   イヤホン   難あり,"難ありな状態でお譲りします。お値段は30,000円になります。リモコン付ですので気になる方はご検討ください。",30000,家電
L02681,メンズ まとめ売り 傷あり💯⭐,&nbsp;傷ありな状態でお譲りします。お値段は26000 円になります。メンズですので気になる方はご検討ください。&amp;,26000,ファッション
L01844,!!値下げしました!!軽量 中古品 美品🎁✨🎁,<br>美品な状態でお譲りします。お値段は35500yenになります。古着ですので気になる方はご検討ください。<br>,35500,ファッション
L04498,【最終値下げ】動作確認済 ラケット used,"&nbsp;usedな状態でお譲りします。お値段は1,300円になります。美品ですので気になる方はご検討ください。<br>",1300,スポーツ
L03201,【送料無料】喫煙者なし ﾎﾞｰﾄﾞｹﾞｰﾑ ほぼ新品🔥⭐,ほぼ新品な状態でお譲りします。お値段は¥７０００になります。コレクションですので気になる方はご検討ください。,7000,ホビー
L01136,※返品不可廃盤 まとめ売り used,<b>usedな状態でお譲りします。お値段は¥28500になります。全巻ですので気になる方はご検討ください。</b>,28500,本・音楽
L04608,【送料無料】インバーター 洗濯機 ほぼ新品,<b>ほぼ新品な状態でお譲りします。お値段は30800 円になります。静音ですので気になる方はご検討ください。<br>,30800,家電
L00207,【送料無料】ヴィンテージ   ジャケット   美品,美品な状態でお譲りします。お値段は15700yenになります。レディースですので気になる方はご検討ください。,15700,ファッション
L00701,値下げ交渉可 ワンピース ほぼ新品,"スニーカーです。ほぼ新品。30,800円。レディース。",30800,ファッション
L04607,即決 レコード used⭐,&nbsp;写真集です。used。5100 円。ペットなし。</b>,5100,本・音楽
L02311,リモコン付   ジャンク品   used,usedな状態でお譲りします。お値段は14500yenになります。省エネですので気になる方はご検討ください。,14500,家電
L03899,!!値下げしました!!帯付き 楽譜 難あり✨,難ありな状態でお譲りします。お値段は¥28900になります。喫煙者なしですので気になる方はご検討ください。,28900,本・音楽
L04809,ヴィﾝﾃｰｼﾞ ﾊﾞｯｸﾞ 状態良好,状態良好な状態でお譲りします。お値段は6100 円になります。自宅保管ですので気になる方はご検討ください。,6100,ファッション
L04217,ｻｲﾝ入り 写真集 傷あり⭐,"傷ありな状態でお譲りします。お値段は５,６００円になります。サイン入りですので気になる方はご検討ください。",5600,本・音楽
L01591,※返品不可値下げ交渉可 参考書 難あり,&nbsp;楽譜です。難あり。３４０００ｙｅｎ。名盤。<br>,34000,本・音楽
L00788,美品 テレビ ほぼ新品🔥⭐💯,<br>冷蔵庫です。ほぼ新品。¥3700。4K。&amp;,3700,家電
L04063,取説付 ｴｱｺﾝ 状態良好,<b>冷蔵庫です。状態良好。¥28300。喫煙者なし。&amp;,28300,家電
L00465,メンズ ワンピース 美品,<br>スニーカーです。美品。¥31100。ヴィンテージ。&amp;,31100,ファッション
L03858,《まとめ買い歓迎》喫煙者なし 掃除機 傷あり,&nbsp;冷蔵庫です。傷あり。¥13200。インバーター。</b>,13200,家電
L04203,即決 レコード 難あり,単行本です。難あり。¥19800。動作確認済。,19800,本・音楽
L00093,【最終値下げ】静音 エアコン used,炊飯器です。used。¥28300。即決。,28300,家電
L03389,箱あり 付属品あり used✨💯🔥,usedな状態でお譲りします。お値段は34800 円になります。値下げ交渉可ですので気になる方はご検討ください。,34800,ホビー
L02099,ｲﾝﾊﾞｰﾀｰ ｽﾋﾟｰｶｰ 難あり✨✨✨,<br>ドライヤーです。難あり。１６７００ 円。４Ｋ。</b>,16700,家電
L02983,《まとめ買い歓迎》箱あり セット used,usedな状態でお譲りします。お値段は¥9600になります。初回特典ですので気になる方はご検討ください。,9600,ホビー
L01625,!!値下げしました!!美品 帽子 ほぼ新品⭐🎁💯,ほぼ新品な状態でお譲りします。お値段は39700 円になります。ペットなしですので気になる方はご検討ください。,39700,ファッション
L03929,【送料無料】取説付 ｼｭｰｽﾞ 状態良好,&nbsp;状態良好な状態でお譲りします。お値段は９４００ｙｅｎになります。部活ですので気になる方はご検討ください。&amp;,9400,スポーツ
L04347,動作確認済   ボードゲーム   used,usedな状態でお譲りします。お値段は16000 円になります。自宅保管ですので気になる方はご検討ください。,16000,ホビー
L04218,インバーター   イヤホン   状態良好,<b>冷蔵庫です。状態良好。¥28400。省エネ。</b>,28400,家電
L01515,★即日発送★動作確認済 本体のみ 美品,美品な状態でお譲りします。お値段は¥19600になります。軽量ですので気になる方はご検討ください。,19600,家電
L04374,【最終値下げ】安全基準適合 付属品あり 状態良好,状態良好な状態でお譲りします。お値段は¥18000になります。対象年齢3歳ですので気になる方はご検討ください。,18000,ベビー・キッズ
L04683,!!値下げしました!!箱あり ｼﾞｬﾝｸ品 美品💯💯🎁,美品な状態でお譲りします。お値段は３６２００ｙｅｎになります。限定版ですので気になる方はご検討ください。,36200,ホビー
L01542,インバーター テレビ 傷あり💯,&nbsp;エアコンです。傷あり。¥10300。箱あり。</b>,10300,家電
L04194,《まとめ買い歓迎》自宅保管 ラジコン 傷あり🔥,パズルです。傷あり。12400 円。未開封。,12400,ホビー
L00689,値下げ交渉可   ジャンク品   ほぼ新品⭐✨⭐,ほぼ新品な状態でお譲りします。お値段は１７０００ 円になります。軽量ですので気になる方はご検討ください。,17000,ベビー・キッズ
L04752,【送料無料】値下げ交渉可 ｺｰﾄ 傷あり,デニムです。傷あり。¥4800。厚底。,4800,ファッション
L04328,動作確認済 中古品 傷あり,<b>傷ありな状態でお譲りします。お値段は1300yenになります。トレーニングですので気になる方はご検討ください。<br>,1300,スポーツ
L02272,動作確認済 ﾃﾚﾋﾞ 難あり,&nbsp;難ありな状態でお譲りします。お値段は¥32600になります。インバーターですので気になる方はご検討ください。</b>,32600,家電
L01723,※返品不可省エネ   詰め合わせ   ほぼ新品,ほぼ新品な状態でお譲りします。お値段は31600yenになります。4Kですので気になる方はご検討ください。,31600,家電
L02338,※返品不可取説付 一式 状態良好,<br>状態良好な状態でお譲りします。お値段は¥33000になります。動作確認済ですので気になる方はご検討ください。&amp;,33000,家電
L02780,【最終値下げ】厚底 セット 状態良好,<br>状態良好な状態でお譲りします。お値段は¥１６２００になります。レディースですので気になる方はご検討ください。</b>,16200,ファッション
L02316,喫煙者なし ﾁｬｲﾙﾄﾞｼｰﾄ 美品,"&nbsp;美品な状態でお譲りします。お値段は38,300円になります。自宅保管ですので気になる方はご検討ください。<br>",38300,ベビー・キッズ
L02194,全巻 セット 傷あり💯🎁✨,<b>傷ありな状態でお譲りします。お値段は３４７００ｙｅｎになります。取説付ですので気になる方はご検討ください。&amp;,34700,本・音楽
L02548,★即日発送★対象年齢３歳 おもちゃ ほぼ新品,"ほぼ新品な状態でお譲りします。お値段は１６,７００円になります。美品ですので気になる方はご検討ください。",16700,ベビー・キッズ
L02996,※返品不可トレーニング グローブ ｕｓｅｄ💯,"&nbsp;ｕｓｅｄな状態でお譲りします。お値段は２６,１００円になります。部活ですので気になる方はご検討ください。&amp;",26100,スポーツ
L04312,即決   まとめ売り   ほぼ新品,ほぼ新品な状態でお譲りします。お値段は¥２７３００になります。取説付ですので気になる方はご検討ください。,27300,スポーツ
L01324,硬式 ダンベル 難あり,グローブです。難あり。¥３５６００。箱あり。,35600,スポーツ
L04472,トレーニング 詰め合わせ 難あり✨,"<br>難ありな状態でお譲りします。お値段は29,100円になります。喫煙者なしですので気になる方はご検討ください。</b>",29100,スポーツ
L01355,レディース バッグ 美品,"美品な状態でお譲りします。お値段は5,700円になります。動作確認済ですので気になる方はご検討ください。",5700,ファッション
L04085,!!値下げしました!!廃盤 楽譜 状態良好,<b>画集です。状態良好。２８２００ｙｅｎ。名盤。&amp;,28200,本・音楽
L01192,◆匿名配送◆軽量 ジャンク品 used,"usedな状態でお譲りします。お値段は14,400円になります。初回特典ですので気になる方はご検討ください。",14400,ホビー
L00132,【最終値下げ】動作確認済 まとめ売り ほぼ新品,<b>ほぼ新品な状態でお譲りします。お値段は1100 円になります。ペットなしですので気になる方はご検討ください。<br>,1100,ファッション
L01218,★即日発送★部活 自転車 状態良好,ヨガマットです。状態良好。¥39200。美品。,39200,スポーツ
L00719,《まとめ買い歓迎》ｻｲﾝ入り ﾚｺｰﾄﾞ 傷あり,傷ありな状態でお譲りします。お値段は6600yenになります。即決ですので気になる方はご検討ください。,6600,本・音楽
L02968,【送料無料】軽量   ﾊﾟｽﾞﾙ   状態良好⭐🎁,"状態良好な状態でお譲りします。お値段は28,000円になります。取説付ですので気になる方はご検討ください。",28000,ホビー
L03971,※返品不可部活 ダンベル 状態良好,スパイクです。状態良好。1700 円。美品。,1700,スポーツ
L03080,対象年齢3歳 絵本 used,usedな状態でお譲りします。お値段は33400yenになります。洗えるですので気になる方はご検討ください。,33400,ベビー・キッズ
L00698,美品 写真集 美品,"単行本です。美品。８,７００円。サイン入り。",8700,本・音楽
L02253,【最終値下げ】屋外用 一式 難あり,難ありな状態でお譲りします。お値段は１０８００ 円になります。屋外用ですので気になる方はご検討ください。,10800,スポーツ
L04875,【送料無料】TV 冷蔵庫 ほぼ新品,<br>ドライヤーです。ほぼ新品。35800yen。静音。</b>,35800,家電
L03018,【送料無料】静音 ｾｯﾄ 状態良好,"&nbsp;状態良好な状態でお譲りします。お値段は35,300円になります。即決ですので気になる方はご検討ください。&amp;",35300,家電
L02147,27cm 一式 難あり,<b>難ありな状態でお譲りします。お値段は29700yenになります。硬式ですので気になる方はご検討ください。<br>,29700,スポーツ
L03840,《まとめ買い歓迎》厚底 ワンピース ｕｓｅｄ,&nbsp;ｕｓｅｄな状態でお譲りします。お値段は９７００ｙｅｎになります。Ｍサイズですので気になる方はご検討ください。</b>,9700,ファッション
L02824,帯付き 写真集 難あり,レコードです。難あり。２４２００ 円。全巻。,24200,本・音楽
L02275,◆匿名配送◆動作確認済 セット 傷あり,傷ありな状態でお譲りします。お値段は¥20500になります。動作確認済ですので気になる方はご検討ください。,20500,ファッション
L02528,節電 ｽﾋﾟｰｶｰ used,<br>usedな状態でお譲りします。お値段は33300 円になります。省エネですので気になる方はご検討ください。<br>,33300,家電
L03048,ﾄﾚｰﾆﾝｸﾞ ﾀﾞﾝﾍﾞﾙ used🔥🎁💯,<br>usedな状態でお譲りします。お値段は27900 円になります。屋外用ですので気になる方はご検討ください。</b>,27900,スポーツ
L03592,洗える 抱っこ紐 傷あり,"&nbsp;傷ありな状態でお譲りします。お値段は38,000円になります。動作確認済ですので気になる方はご検討ください。&amp;",38000,ベビー・キッズ
L00172,対象年齢3歳   ベビーカー   状態良好,<b>状態良好な状態でお譲りします。お値段は24600yenになります。新生児ですので気になる方はご検討ください。</b>,24600,ベビー・キッズ
L03495,★即日発送★リモコン付 洗濯機 傷あり,"<br>エアコンです。傷あり。17,700円。TV。</b>",17700,家電
L04397,コレクション トレカ 状態良好💯,<br>パズルです。状態良好。38700 円。初回特典。</b>,38700,ホビー
L02950,節電   ｲﾔﾎﾝ   ほぼ新品,ドライヤーです。ほぼ新品。１９００ 円。喫煙者なし。,1900,家電
L02677,名盤 レコード used,"&nbsp;usedな状態でお譲りします。お値段は11,200円になります。廃盤ですので気になる方はご検討ください。&amp;",11200,本・音楽
L02993,★即日発送★名盤 雑誌 傷あり,<b>楽譜です。傷あり。3700 円。帯付き。&amp;,3700,本・音楽
L00277,サイン入り セット 傷あり,"傷ありな状態でお譲りします。お値段は11,500円になります。喫煙者なしですので気になる方はご検討ください。",11500,本・音楽
L03437,インバーター イヤホン 美品,<b>冷蔵庫です。美品。39300 円。省エネ。<br>,39300,家電
L00221,※返品不可美品 ｾｯﾄ ほぼ新品,ほぼ新品な状態でお譲りします。お値段は３４５００ｙｅｎになります。ペットなしですので気になる方はご検討ください。,34500,ホビー
L00994,TV 冷蔵庫 難あり,"<br>難ありな状態でお譲りします。お値段は1,100円になります。節電ですので気になる方はご検討ください。</b>",1100,家電
L04418,値下げ交渉可   文庫本   美品,美品な状態でお譲りします。お値段は15700 円になります。値下げ交渉可ですので気になる方はご検討ください。,15700,本・音楽
L01655,◆匿名配送◆TV まとめ売り used,usedな状態でお譲りします。お値段は10100 円になります。リモコン付ですので気になる方はご検討ください。,10100,家電
L02012,《まとめ買い歓迎》4K ｽﾋﾟｰｶｰ 状態良好⭐,"<b>状態良好な状態でお譲りします。お値段は17,400円になります。節電ですので気になる方はご検討ください。</b>",17400,家電
L03619,部活 一式 状態良好,"<br>状態良好な状態でお譲りします。お値段は13,700円になります。値下げ交渉可ですので気になる方はご検討ください。&amp;",13700,スポーツ
L01385,サイン入り   レコード   難あり💯,<br>難ありな状態でお譲りします。お値段は6100 円になります。箱ありですので気になる方はご検討ください。&amp;,6100,本・音楽
L04571,!!値下げしました!!部活 中古品 状態良好⭐,状態良好な状態でお譲りします。お値段は¥9200になります。軽量ですので気になる方はご検討ください。,9200,スポーツ
L02383,廃盤   単行本   used💯,<br>usedな状態でお譲りします。お値段は18100 円になります。初版ですので気になる方はご検討ください。&amp;,18100,本・音楽
L02123,取説付 ギター 傷あり,ギターです。傷あり。１８７００ 円。初回特典。,18700,ホビー
L04082,【送料無料】軽量 おもちゃ used✨,抱っこ紐です。used。¥20100。自宅保管。,20100,ベビー・キッズ
L02891,27cm ﾗｹｯﾄ ほぼ新品,ダンベルです。ほぼ新品。¥7600。取説付。,7600,スポーツ
L01257,メンズ   コート   傷あり,スニーカーです。傷あり。¥13600。美品。,13600,ファッション
L02566,古着 帽子 状態良好💯⭐✨,状態良好な状態でお譲りします。お値段は17700yenになります。取説付ですので気になる方はご検討ください。,17700,ファッション
L02516,【最終値下げ】屋外用 ｽﾊﾟｲｸ 状態良好,スパイクです。状態良好。18900yen。値下げ交渉可。,18900,スポーツ
L00151,【最終値下げ】塗装済 中古品 傷あり,"&nbsp;傷ありな状態でお譲りします。お値段は２９,５００円になります。初回特典ですので気になる方はご検討ください。</b>",29500,ホビー
L03854,◆匿名配送◆1/144 ラジコン 傷あり,ボードゲームです。傷あり。29900 円。軽量。,29900,ホビー
L03487,27cm 自転車 ほぼ新品,シューズです。ほぼ新品。22200 円。値下げ交渉可。,22200,スポーツ
L02324,自宅保管 抱っこ紐 used🎁✨,"<br>usedな状態でお譲りします。お値段は23,000円になります。対象年齢3歳ですので気になる方はご検討ください。<br>",23000,ベビー・キッズ
L03191,※返品不可自宅保管   本体のみ   難あり⭐,&nbsp;難ありな状態でお譲りします。お値段は¥２５００になります。レディースですので気になる方はご検討ください。&amp;,2500,ファッション
L03172,【送料無料】レディース   セット   状態良好,&nbsp;状態良好な状態でお譲りします。お値段は¥１７５００になります。即決ですので気になる方はご検討ください。&amp;,17500,ファッション
L03742,※返品不可取説付 シャツ used,ワンピースです。used。¥600。動作確認済。,600,ファッション
L04257,★即日発送★限定版   詰め合わせ   状態良好✨💯🔥,状態良好な状態でお譲りします。お値段は¥37100になります。箱ありですので気になる方はご検討ください。,37100,ホビー
L03145,【最終値下げ】取説付 レコード 状態良好,<br>状態良好な状態でお譲りします。お値段は35400yenになります。初版ですので気になる方はご検討ください。</b>,35400,本・音楽
L01903,★即日発送★限定版 フィギュア 美品,美品な状態でお譲りします。お値段は¥13200になります。美品ですので気になる方はご検討ください。,13200,ホビー
L02359,【最終値下げ】省エネ エアコン ほぼ新品,ほぼ新品な状態でお譲りします。お値段は29700 円になります。TVですので気になる方はご検討ください。,29700,家電
L02181,※返品不可硬式 ジャンク品 ほぼ新品,&nbsp;ほぼ新品な状態でお譲りします。お値段は6100 円になります。硬式ですので気になる方はご検討ください。</b>,6100,スポーツ
L01651,◆匿名配送◆ヴィンテージ 中古品 used✨⭐🔥,usedな状態でお譲りします。お値段は2100yenになります。レディースですので気になる方はご検討ください。,2100,ファッション
L03510,《まとめ買い歓迎》古着 ワンピース 美品💯✨💯,コートです。美品。4000yen。軽量。,4000,ファッション
L01195,ﾒﾝｽﾞ 帽子 状態良好,ジャケットです。状態良好。2700 円。レディース。,2700,ファッション
L04093,省エネ スピーカー 美品🎁,美品な状態でお譲りします。お値段は18900 円になります。4Kですので気になる方はご検討ください。,18900,家電
L02179,!!値下げしました!!コレクション   付属品あり   ほぼ新品💯,ほぼ新品な状態でお譲りします。お値段は5400yenになります。初回特典ですので気になる方はご検討ください。,5400,ホビー
L04239,ヴィンテージ 本体のみ 美品,美品な状態でお譲りします。お値段は¥１６０００になります。喫煙者なしですので気になる方はご検討ください。,16000,ファッション
L01425,【最終値下げ】軽量 ランニングシューズ 難あり🎁,難ありな状態でお譲りします。お値段は20200 円になります。27cmですので気になる方はご検討ください。,20200,スポーツ
L02678,初回特典   ﾎﾞｰﾄﾞｹﾞｰﾑ   傷あり🔥,画材です。傷あり。３９０００ｙｅｎ。動作確認済。,39000,ホビー
L04917,★即日発送★即決 訳あり品 状態良好,"状態良好な状態でお譲りします。お値段は9,500円になります。リモコン付ですので気になる方はご検討ください。",9500,家電
L00232,【最終値下げ】帯付き ｽﾋﾟｰｶｰ ほぼ新品💯✨✨,&nbsp;ほぼ新品な状態でお譲りします。お値段は３７４００ 円になります。動作確認済ですので気になる方はご検討ください。</b>,37400,本・音楽
L02178,◆匿名配送◆静音   炊飯器   傷あり,<b>傷ありな状態でお譲りします。お値段は３１００ｙｅｎになります。自宅保管ですので気になる方はご検討ください。</b>,3100,家電
L02558,★即日発送★即決 一式 美品,美品な状態でお譲りします。お値段は¥２５７００になります。初回特典ですので気になる方はご検討ください。,25700,ホビー
L03731,27cm ダンベル 傷あり,ランニングシューズです。傷あり。37000yen。部活。,37000,スポーツ
L03870,値下げ交渉可 ランニングシューズ 状態良好,状態良好な状態でお譲りします。お値段は７７００ 円になります。軽量ですので気になる方はご検討ください。,7700,スポーツ
L03844,ｲﾝﾊﾞｰﾀｰ 掃除機 状態良好,状態良好な状態でお譲りします。お値段は１０１００ｙｅｎになります。省エネですので気になる方はご検討ください。,10100,家電
L04075,トレーニング ウェア 傷あり,傷ありな状態でお譲りします。お値段は¥18000になります。部活ですので気になる方はご検討ください。,18000,スポーツ
L02401,★即日発送★省エネ ドライヤー ほぼ新品,エアコンです。ほぼ新品。23000yen。4K。,23000,家電
L02842,★即日発送★厚底 シューズ ｕｓｅｄ💯🔥,ｕｓｅｄな状態でお譲りします。お値段は¥２９８００になります。ペットなしですので気になる方はご検討ください。,29800,ファッション
L02577,27cm 付属品あり 状態良好💯,<b>状態良好な状態でお譲りします。お値段は35100 円になります。軽量ですので気になる方はご検討ください。<br>,35100,スポーツ
L04338,【送料無料】喫煙者なし 楽譜 傷あり,&nbsp;傷ありな状態でお譲りします。お値段は２０９００ｙｅｎになります。サイン入りですので気になる方はご検討ください。<br>,20900,本・音楽
L04582,廃盤 参考書 ほぼ新品,ほぼ新品な状態でお譲りします。お値段は35800yenになります。美品ですので気になる方はご検討ください。,35800,本・音楽
L03842,★即日発送★屋外用 グローブ 状態良好,状態良好な状態でお譲りします。お値段は¥26000になります。27cmですので気になる方はご検討ください。,26000,スポーツ
L04972,【送料無料】ヴィンテージ 中古品 美品,美品な状態でお譲りします。お値段は6200yenになります。メンズですので気になる方はご検討ください。,6200,ファッション
L04842,※返品不可軽量 セット 美品,美品な状態でお譲りします。お値段は12100yenになります。喫煙者なしですので気になる方はご検討ください。,12100,本・音楽
L00791,未開封 ﾄﾚｶ used,usedな状態でお譲りします。お値段は17000yenになります。即決ですので気になる方はご検討ください。,17000,ホビー
L02779,値下げ交渉可 ｼﾞｬﾝｸ品 状態良好,"状態良好な状態でお譲りします。お値段は39,500円になります。ペットなしですので気になる方はご検討ください。",39500,スポーツ
L02423,《まとめ買い歓迎》動作確認済   ドライヤー   ほぼ新品,ほぼ新品な状態でお譲りします。お値段は２６５００ｙｅｎになります。自宅保管ですので気になる方はご検討ください。,26500,家電
L03982,《まとめ買い歓迎》硬式 一式 ほぼ新品💯⭐🔥,ほぼ新品な状態でお譲りします。お値段は10300yenになります。軽量ですので気になる方はご検討ください。,10300,スポーツ
L02521,箱あり 単行本 傷あり✨🔥,レコードです。傷あり。１６７００ 円。帯付き。,16700,本・音楽
L01892,古着 本体のみ 難あり,難ありな状態でお譲りします。お値段は¥２６６００になります。Ｍサイズですので気になる方はご検討ください。,26600,ファッション
L02862,!!値下げしました!!軽量   セット   傷あり,傷ありな状態でお譲りします。お値段は¥15600になります。ヴィンテージですので気になる方はご検討ください。,15600,ファッション
L03674,自宅保管 写真集 難あり,プラモデルです。難あり。１４６００ｙｅｎ。動作確認済。,14600,ホビー
L00009,【最終値下げ】軽量 写真集 傷あり💯⭐,画材です。傷あり。¥１６８００。コレクション。,16800,ホビー
L01694,静音   一式   傷あり,"<b>傷ありな状態でお譲りします。お値段は24,500円になります。4Kですので気になる方はご検討ください。<br>",24500,家電
L04639,!!値下げしました!!ﾒﾝｽﾞ ｽﾆｰｶｰ 難あり,スニーカーです。難あり。37100 円。Mサイズ。,37100,ファッション
L03555,ﾍﾟｯﾄなし 詰め合わせ 状態良好,状態良好な状態でお譲りします。お値段は５２００ 円になります。全巻ですので気になる方はご検討ください。,5200,本・音楽
L01704,【送料無料】省エネ   セット   used,usedな状態でお譲りします。お値段は14900yenになります。静音ですので気になる方はご検討ください。,14900,家電
L03073,塗装済 プラモデル used⭐🔥🔥,usedな状態でお譲りします。お値段は900円になります。値下げ交渉可ですので気になる方はご検討ください。,900,ホビー
L03298,【最終値下げ】廃盤 レコード 美品,&nbsp;美品な状態でお譲りします。お値段は¥２５６００になります。値下げ交渉可ですので気になる方はご検討ください。<br>,25600,本・音楽
L01333,※返品不可TV 本体のみ ほぼ新品🎁,&nbsp;ほぼ新品な状態でお譲りします。お値段は20500 円になります。4Kですので気になる方はご検討ください。</b>,20500,家電
L03110,1/144 写真集 状態良好🔥⭐,<br>トレカです。状態良好。5000 円。自宅保管。&amp;,5000,ホビー
L01731,自宅保管 掃除機 状態良好✨✨,状態良好な状態でお譲りします。お値段は¥２４３００になります。省エネですので気になる方はご検討ください。,24300,家電
L03315,《まとめ買い歓迎》ﾍﾟｯﾄなし ﾎﾞｰﾄﾞｹﾞｰﾑ 傷あり,"傷ありな状態でお譲りします。お値段は27,200円になります。喫煙者なしですので気になる方はご検討ください。",27200,ホビー
L01586,リモコン付 まとめ売り 傷あり,傷ありな状態でお譲りします。お値段は17300yenになります。ペットなしですので気になる方はご検討ください。,17300,家電
L04815,ﾄﾚｰﾆﾝｸﾞ ﾗﾝﾆﾝｸﾞｼｭｰｽﾞ 難あり✨🔥,<br>ダンベルです。難あり。12000yen。自宅保管。&amp;,12000,スポーツ
L04389,《まとめ買い歓迎》動作確認済 まとめ売り used🎁,"&nbsp;usedな状態でお譲りします。お値段は31,600円になります。箱ありですので気になる方はご検討ください。&amp;",31600,家電
L04020,!!値下げしました!!古着 ジャンク品 難あり,<b>難ありな状態でお譲りします。お値段は¥1100になります。メンズですので気になる方はご検討ください。</b>,1100,ファッション
L01215,メンズ シャツ 美品,"<b>シューズです。美品。18,100円。厚底。<br>",18100,ファッション
L02610,★即日発送★箱あり 中古品 状態良好,"<br>状態良好な状態でお譲りします。お値段は22,800円になります。レディースですので気になる方はご検討ください。<br>",22800,ファッション
L03283,◆匿名配送◆自宅保管 詰め合わせ 美品,美品な状態でお譲りします。お値段は¥8000になります。屋外用ですので気になる方はご検討ください。,8000,スポーツ
L00975,※返品不可全巻 画集 美品🔥⭐,"<br>写真集です。美品。23,400円。全巻。</b>",23400,本・音楽
L03755,自宅保管 イヤホン ほぼ新品✨✨💯,ほぼ新品な状態でお譲りします。お値段は¥39100になります。喫煙者なしですので気になる方はご検討ください。,39100,家電
L04245,名盤 雑誌 難あり,単行本です。難あり。3900 円。全巻。,3900,本・音楽
L00010,★即日発送★初版 楽譜 傷あり✨💯,傷ありな状態でお譲りします。お値段は¥36100になります。名盤ですので気になる方はご検討ください。,36100,本・音楽
L03313,軽量 ｾｯﾄ 状態良好💯🎁💯,<b>状態良好な状態でお譲りします。お値段は¥12400になります。箱ありですので気になる方はご検討ください。<br>,12400,ホビー
L01968,《まとめ買い歓迎》名盤   本体のみ   used,<b>usedな状態でお譲りします。お値段は6000yenになります。取説付ですので気になる方はご検討ください。<br>,6000,本・音楽
L04518,部活   ｼﾞｬﾝｸ品   傷あり🎁🔥,&nbsp;傷ありな状態でお譲りします。お値段は３５２００ｙｅｎになります。屋外用ですので気になる方はご検討ください。</b>,35200,スポーツ
L00515,※返品不可全巻 写真集 ほぼ新品,ほぼ新品な状態でお譲りします。お値段は8500yenになります。初版ですので気になる方はご検討ください。,8500,本・音楽
L03076,◆匿名配送◆ｲﾝﾊﾞｰﾀｰ 冷蔵庫 傷あり✨⭐,傷ありな状態でお譲りします。お値段は27900 円になります。省エネですので気になる方はご検討ください。,27900,家電
L00185,初回特典 ｼﾞｬﾝｸ品 美品✨🎁,美品な状態でお譲りします。お値段は20100yenになります。コレクションですので気になる方はご検討ください。,20100,ホビー
L03475,ヴィﾝﾃｰｼﾞ 訳あり品 状態良好,<br>状態良好な状態でお譲りします。お値段は１６６００ｙｅｎになります。古着ですので気になる方はご検討ください。<br>,16600,ファッション
L02309,【最終値下げ】ヴィンテージ   バッグ   傷あり✨,シャツです。傷あり。¥38400。ペットなし。,38400,ファッション
L01049,軽量 チャイルドシート 状態良好,絵本です。状態良好。３０８００ｙｅｎ。値下げ交渉可。,30800,ベビー・キッズ
L02961,【送料無料】対象年齢3歳 ベビー服 used🔥🔥⭐,usedな状態でお譲りします。お値段は¥34700になります。ペットなしですので気になる方はご検討ください。,34700,ベビー・キッズ
L00738,自宅保管 本体のみ 状態良好,"状態良好な状態でお譲りします。お値段は26,000円になります。TVですので気になる方はご検討ください。",26000,家電
L03943,【送料無料】静音   セット   状態良好,&nbsp;状態良好な状態でお譲りします。お値段は¥26500になります。ペットなしですので気になる方はご検討ください。&amp;,26500,家電
L03960,★即日発送★ヴィンテージ ワンピース 状態良好✨,<b>帽子です。状態良好。34800 円。箱あり。&amp;,34800,ファッション
L04381,※返品不可喫煙者なし ﾊﾞｯｸﾞ ほぼ新品✨⭐,ほぼ新品な状態でお譲りします。お値段は¥33800になります。古着ですので気になる方はご検討ください。,33800,ファッション
L01487,屋外用 ランニングシューズ ほぼ新品🎁,ランニングシューズです。ほぼ新品。34200yen。軽量。,34200,スポーツ
L00411,レディース シューズ ほぼ新品,<b>ほぼ新品な状態でお譲りします。お値段は13300yenになります。Mサイズですので気になる方はご検討ください。</b>,13300,ファッション
L04193,※返品不可美品 ｺｰﾄ 傷あり,"帽子です。傷あり。31,100円。ヴィンテージ。",31100,ファッション
L02581,【送料無料】箱あり 空気清浄機 美品,美品な状態でお譲りします。お値段は¥9900になります。省エネですので気になる方はご検討ください。,9900,家電
L03709,◆匿名配送◆節電 ドライヤー 美品,<br>イヤホンです。美品。2600 円。即決。</b>,2600,家電
L04086,限定版 ﾊﾟｽﾞﾙ used,"ギターです。used。31,200円。美品。",31200,ホビー
L02991,!!値下げしました!!TV ドライヤー ほぼ新品🔥,<b>ほぼ新品な状態でお譲りします。お値段は15700 円になります。省エネですので気になる方はご検討ください。</b>,15700,家電
L04888,《まとめ買い歓迎》箱あり ラケット 状態良好,状態良好な状態でお譲りします。お値段は¥34100になります。箱ありですので気になる方はご検討ください。,34100,スポーツ
L01189,!!値下げしました!!動作確認済 画材 美品,&nbsp;美品な状態でお譲りします。お値段は21400 円になります。初回特典ですので気になる方はご検討ください。&amp;,21400,ホビー
L04119,《まとめ買い歓迎》ペットなし 本体のみ 難あり,難ありな状態でお譲りします。お値段は20300yenになります。自宅保管ですので気になる方はご検討ください。,20300,家電
L03703,【送料無料】自宅保管 雑誌 難あり💯✨,画集です。難あり。7900yen。帯付き。,7900,本・音楽
L04181,自宅保管 バッグ used,<b>コートです。used。¥27800。厚底。<br>,27800,ファッション
L00443,《まとめ買い歓迎》ペットなし シャツ 傷あり,ワンピースです。傷あり。¥3500。喫煙者なし。,3500,ファッション
L03939,サイン入り 詰め合わせ 状態良好🎁🎁,状態良好な状態でお譲りします。お値段は¥２９６００になります。帯付きですので気になる方はご検討ください。,29600,本・音楽
L04655,【送料無料】２７ｃｍ ダンベル ほぼ新品,<b>ダンベルです。ほぼ新品。７００ 円。箱あり。&amp;,700,スポーツ
L00733,動作確認済 洗濯機 難あり⭐🎁🔥,エアコンです。難あり。¥５６００。インバーター。,5600,家電
L03525,※返品不可名盤 中古品 状態良好⭐,"状態良好な状態でお譲りします。お値段は26,000円になります。初版ですので気になる方はご検討ください。",26000,本・音楽
L00057,【送料無料】新生児 抱っこ紐 状態良好🔥💯,おもちゃです。状態良好。37800 円。軽量。,37800,ベビー・キッズ
L04388,ヴィンテージ 帽子 状態良好,&nbsp;状態良好な状態でお譲りします。お値段は27400yenになります。厚底ですので気になる方はご検討ください。&amp;,27400,ファッション
L01612,軽量 哺乳瓶 状態良好,"おもちゃです。状態良好。４,２００円。新生児。",4200,ベビー・キッズ
L00835,★即日発送★節電   エアコン   ほぼ新品,&nbsp;ほぼ新品な状態でお譲りします。お値段は19500yenになります。4Kですので気になる方はご検討ください。&amp;,19500,家電
L02934,!!値下げしました!!屋外用 自転車 美品,<br>美品な状態でお譲りします。お値段は17500yenになります。硬式ですので気になる方はご検討ください。</b>,17500,スポーツ
L03128,!!値下げしました!!取説付   ベビーカー   傷あり🔥,"<b>傷ありな状態でお譲りします。お値段は6,900円になります。対象年齢3歳ですので気になる方はご検討ください。&amp;",6900,ベビー・キッズ
L01854,!!値下げしました!!メンズ 詰め合わせ 傷あり,<b>傷ありな状態でお譲りします。お値段は¥25000になります。古着ですので気になる方はご検討ください。</b>,25000,ファッション
L02406,【最終値下げ】ﾍﾟｯﾄなし 一式 状態良好,状態良好な状態でお譲りします。お値段は１４８００ｙｅｎになります。取説付ですので気になる方はご検討ください。,14800,スポーツ
L01809,ペットなし 付属品あり used,<b>usedな状態でお譲りします。お値段は¥11300になります。屋外用ですので気になる方はご検討ください。<br>,11300,スポーツ
L02538,※返品不可動作確認済   シューズ   難あり,"<br>シューズです。難あり。28,800円。喫煙者なし。<br>",28800,ファッション
L00628,!!値下げしました!!コレクション   中古品   ほぼ新品🔥✨,<br>ほぼ新品な状態でお譲りします。お値段は1900 円になります。コレクションですので気になる方はご検討ください。<br>,1900,ホビー
L00570,《まとめ買い歓迎》硬式 ランニングシューズ 状態良好⭐🔥🎁,状態良好な状態でお譲りします。お値段は16600yenになります。箱ありですので気になる方はご検討ください。,16600,スポーツ
L00765,◆匿名配送◆4K   中古品   傷あり💯,傷ありな状態でお譲りします。お値段は¥5000になります。インバーターですので気になる方はご検討ください。,5000,家電
L02987,★即日発送★トレーニング ウェア 状態良好,<br>状態良好な状態でお譲りします。お値段は29700yenになります。屋外用ですので気になる方はご検討ください。&amp;,29700,スポーツ
L03331,【送料無料】27cm グローブ 傷あり,傷ありな状態でお譲りします。お値段は11900 円になります。自宅保管ですので気になる方はご検討ください。,11900,スポーツ
L04000,!!値下げしました!!コレクション 画材 状態良好,ボードゲームです。状態良好。13800 円。限定版。,13800,ホビー
L04401,自宅保管 訳あり品 状態良好,"<br>状態良好な状態でお譲りします。お値段は30,800円になります。帯付きですので気になる方はご検討ください。<br>",30800,本・音楽
L00015,【送料無料】ＴＶ 空気清浄機 傷あり,エアコンです。傷あり。１９０００ｙｅｎ。ＴＶ。,19000,家電
L00468,自宅保管   詰め合わせ   used,"<br>usedな状態でお譲りします。お値段は17,600円になります。未開封ですので気になる方はご検討ください。&amp;",17600,ホビー
L04329,!!値下げしました!!箱あり まとめ売り 美品,<b>美品な状態でお譲りします。お値段は28300yenになります。未開封ですので気になる方はご検討ください。</b>,28300,ホビー
L00649,※返品不可帯付き 単行本 難あり,<br>難ありな状態でお譲りします。お値段は¥8200になります。取説付ですので気になる方はご検討ください。</b>,8200,本・音楽
L02721,!!値下げしました!!部活 自転車 状態良好,スパイクです。状態良好。11500yen。軽量。,11500,スポーツ
L04774,【最終値下げ】帯付き 文庫本 難あり⭐⭐⭐,参考書です。難あり。¥１５８００。廃盤。,15800,本・音楽
L03599,★即日発送★取説付   まとめ売り   ｕｓｅｄ,ｕｓｅｄな状態でお譲りします。お値段は３２９００ｙｅｎになります。節電ですので気になる方はご検討ください。,32900,家電
L04726,即決 フィギュア 美品💯💯✨,"<b>パズルです。美品。22,500円。塗装済。</b>",22500,ホビー
L02225,※返品不可コレクション パズル 傷あり✨,傷ありな状態でお譲りします。お値段は¥33500になります。値下げ交渉可ですので気になる方はご検討ください。,33500,ホビー
L00845,即決 イヤホン 難あり,難ありな状態でお譲りします。お値段は¥15700になります。4Kですので気になる方はご検討ください。,15700,家電
L01702,硬式   付属品あり   ほぼ新品,<b>ほぼ新品な状態でお譲りします。お値段は23600yenになります。硬式ですので気になる方はご検討ください。<br>,23600,スポーツ
L02937,省エネ スピーカー 難あり,&nbsp;難ありな状態でお譲りします。お値段は27300 円になります。TVですので気になる方はご検討ください。<br>,27300,家電
L00484,喫煙者なし 単行本 美品,<br>美品な状態でお譲りします。お値段は¥26500になります。帯付きですので気になる方はご検討ください。&amp;,26500,本・音楽
L02965,◆匿名配送◆自宅保管 チャイルドシート 美品,&nbsp;ベビーカーです。美品。39800 円。安全基準適合。&amp;,39800,ベビー・キッズ
L04504,【最終値下げ】動作確認済 帽子 美品,美品な状態でお譲りします。お値段は１１００ 円になります。ヴィンテージですので気になる方はご検討ください。,1100,ファッション
L01223,美品   ｽﾋﾟｰｶｰ   ほぼ新品,"テレビです。ほぼ新品。35,900円。喫煙者なし。",35900,家電
L04829,【最終値下げ】廃盤   単行本   難あり,<b>文庫本です。難あり。３３４００ｙｅｎ。軽量。&amp;,33400,本・音楽
L03819,1/144   パズル   状態良好🔥💯✨,"<b>状態良好な状態でお譲りします。お値段は2,900円になります。箱ありですので気になる方はご検討ください。&amp;",2900,ホビー
L00599,◆匿名配送◆静音 ｼﾞｬﾝｸ品 難あり⭐,&nbsp;難ありな状態でお譲りします。お値段は２４１００ｙｅｎになります。リモコン付ですので気になる方はご検討ください。</b>,24100,家電
L03973,★即日発送★コレクション   トレカ   ほぼ新品,ほぼ新品な状態でお譲りします。お値段は¥24100になります。1/144ですので気になる方はご検討ください。,24100,ホビー
L00432,◆匿名配送◆節電 冷蔵庫 美品,"掃除機です。美品。17,400円。インバーター。",17400,家電
L04172,TV   エアコン   ほぼ新品,<br>洗濯機です。ほぼ新品。¥36600。値下げ交渉可。&amp;,36600,家電
L04471,取説付 パズル ほぼ新品,<b>ラジコンです。ほぼ新品。¥6400。1/144。&amp;,6400,ホビー
L02574,ﾚﾃﾞィｰｽ ｼﾞｬﾝｸ品 難あり🎁💯,<b>難ありな状態でお譲りします。お値段は37200 円になります。古着ですので気になる方はご検討ください。&amp;,37200,ファッション
L00524,値下げ交渉可   空気清浄機   状態良好,"電子レンジです。状態良好。23,600円。取説付。",23600,家電
L03556,厚底 一式 難あり🎁,難ありな状態でお譲りします。お値段は13900 円になります。軽量ですので気になる方はご検討ください。,13900,ファッション
L01150,対象年齢3歳 抱っこ紐 状態良好✨,"状態良好な状態でお譲りします。お値段は22,200円になります。動作確認済ですので気になる方はご検討ください。",22200,ベビー・キッズ
L01941,★即日発送★メンズ 本体のみ 難あり,<b>難ありな状態でお譲りします。お値段は27700 円になります。Mサイズですので気になる方はご検討ください。</b>,27700,ファッション
L04816,!!値下げしました!!名盤   スピーカー   ほぼ新品,"ほぼ新品な状態でお譲りします。お値段は２１,８００円になります。初版ですので気になる方はご検討ください。",21800,本・音楽
L01708,◆匿名配送◆初版 文庫本 美品,雑誌です。美品。¥23900。動作確認済。,23900,本・音楽
L02578,【送料無料】レディース   ジャンク品   used,<br>usedな状態でお譲りします。お値段は¥11900になります。動作確認済ですので気になる方はご検討ください。&amp;,11900,ファッション
L02633,即決 シャツ 状態良好🔥,"<br>状態良好な状態でお譲りします。お値段は33,600円になります。厚底ですので気になる方はご検討ください。&amp;",33600,ファッション
L01251,★即日発送★省ｴﾈ ｲﾔﾎﾝ used,"usedな状態でお譲りします。お値段は19,500円になります。節電ですので気になる方はご検討ください。",19500,家電
L01784,初版   参考書   状態良好✨💯,状態良好な状態でお譲りします。お値段は¥16300になります。喫煙者なしですので気になる方はご検討ください。,16300,本・音楽
L03526,節電 冷蔵庫 難あり,<b>空気清浄機です。難あり。¥30600。リモコン付。<br>,30600,家電
L02877,値下げ交渉可 ブーツ 傷あり💯,傷ありな状態でお譲りします。お値段は¥9600になります。古着ですので気になる方はご検討ください。,9600,ファッション
L03990,即決   ﾌﾞｰﾂ   ほぼ新品,&nbsp;デニムです。ほぼ新品。¥13700。厚底。</b>,13700,ファッション
L03885,《まとめ買い歓迎》軽量   洗濯機   傷あり,<b>傷ありな状態でお譲りします。お値段は7400yenになります。値下げ交渉可ですので気になる方はご検討ください。<br>,7400,家電
L01933,箱あり 自転車 美品,ラケットです。美品。¥19900。27cm。,19900,スポーツ
L00828,【送料無料】対象年齢３歳 ベビーカー 美品,抱っこ紐です。美品。８１００ 円。洗える。,8100,ベビー・キッズ
L02085,取説付   スピーカー   ほぼ新品⭐🎁🔥,ほぼ新品な状態でお譲りします。お値段は600yenになります。ペットなしですので気になる方はご検討ください。,600,家電
L02368,!!値下げしました!!自宅保管 中古品 傷あり,傷ありな状態でお譲りします。お値段は１７５００ｙｅｎになります。全巻ですので気になる方はご検討ください。,17500,本・音楽
L04368,【送料無料】ヴィﾝﾃｰｼﾞ ﾜﾝﾋﾟｰｽ 傷あり,&nbsp;傷ありな状態でお譲りします。お値段は¥３１７００になります。ヴィンテージですので気になる方はご検討ください。</b>,31700,ファッション
L04970,即決 写真集 ほぼ新品🎁⭐,ほぼ新品な状態でお譲りします。お値段は¥18500になります。軽量ですので気になる方はご検討ください。,18500,ホビー
L03661,◆匿名配送◆省エネ まとめ売り used🎁,"&nbsp;usedな状態でお譲りします。お値段は38,400円になります。インバーターですので気になる方はご検討ください。&amp;",38400,家電
L03142,ﾍﾟｯﾄなし   ｽﾋﾟｰｶｰ   難あり,難ありな状態でお譲りします。お値段は１１７００ 円になります。リモコン付ですので気になる方はご検討ください。,11700,家電
L01871,ﾘﾓｺﾝ付 電子ﾚﾝｼﾞ 傷あり🎁🔥,<b>エアコンです。傷あり。2500 円。節電。&amp;,2500,家電
L03278,★即日発送★動作確認済 掃除機 難あり,<b>エアコンです。難あり。¥１１５００。喫煙者なし。<br>,11500,家電
L01697,※返品不可軽量 一式 ほぼ新品✨✨✨,ほぼ新品な状態でお譲りします。お値段は¥400になります。取説付ですので気になる方はご検討ください。,400,ファッション
L01898,◆匿名配送◆帯付き 単行本 傷あり,&nbsp;スピーカーです。傷あり。３２６００ 円。美品。</b>,32600,本・音楽
L00287,省ｴﾈ 中古品 傷あり,傷ありな状態でお譲りします。お値段は¥27300になります。インバーターですので気になる方はご検討ください。,27300,家電
L03232,美品 本体のみ 難あり⭐,難ありな状態でお譲りします。お値段は29800 円になります。Mサイズですので気になる方はご検討ください。,29800,ファッション
L04745,ヴィﾝﾃｰｼﾞ ｼﾞｬｹｯﾄ 難あり💯,<b>難ありな状態でお譲りします。お値段は３０４００ 円になります。即決ですので気になる方はご検討ください。</b>,30400,ファッション
L04465,《まとめ買い歓迎》Mサイズ   中古品   難あり💯,難ありな状態でお譲りします。お値段は33100yenになります。美品ですので気になる方はご検討ください。,33100,ファッション
L01212,◆匿名配送◆リモコン付 炊飯器 状態良好,"&nbsp;状態良好な状態でお譲りします。お値段は32,100円になります。リモコン付ですので気になる方はご検討ください。<br>",32100,家電
L01636,★即日発送★自宅保管 スピーカー 難あり,"電子レンジです。難あり。３６,５００円。軽量。",36500,家電
L04299,ｺﾚｸｼｮﾝ 本体のみ 美品,美品な状態でお譲りします。お値段は¥２７７００になります。自宅保管ですので気になる方はご検討ください。,27700,ホビー
L04963,【送料無料】インバーター 冷蔵庫 used,<br>炊飯器です。used。38300yen。省エネ。<br>,38300,家電
L04420,◆匿名配送◆美品   ﾎﾞｰﾄﾞｹﾞｰﾑ   美品⭐✨,美品な状態でお譲りします。お値段は4400 円になります。美品ですので気になる方はご検討ください。,4400,ホビー
L02901,【最終値下げ】箱あり パズル 難あり,フィギュアです。難あり。１２４００ｙｅｎ。箱あり。,12400,ホビー
L00772,※返品不可サイン入り 訳あり品 美品✨✨🔥,<br>美品な状態でお譲りします。お値段は700yenになります。自宅保管ですので気になる方はご検討ください。</b>,700,本・音楽
L03670,トレーニング グローブ 美品🔥🔥✨,美品な状態でお譲りします。お値段は¥7100になります。屋外用ですので気になる方はご検討ください。,7100,スポーツ
L00754,◆匿名配送◆喫煙者なし イヤホン 傷あり,イヤホンです。傷あり。１０７００ｙｅｎ。喫煙者なし。,10700,家電
L01084,《まとめ買い歓迎》27cm 中古品 used,usedな状態でお譲りします。お値段は32700yenになります。軽量ですので気になる方はご検討ください。,32700,スポーツ
L03941,値下げ交渉可 ｼｭｰｽﾞ 傷あり,<b>シャツです。傷あり。30000 円。箱あり。&amp;,30000,ファッション
L01729,ﾒﾝｽﾞ 付属品あり 傷あり,<b>傷ありな状態でお譲りします。お値段は¥39000になります。厚底ですので気になる方はご検討ください。</b>,39000,ファッション
L04713,◆匿名配送◆ヴィンテージ バッグ 状態良好,"状態良好な状態でお譲りします。お値段は１０,３００円になります。厚底ですので気になる方はご検討ください。",10300,ファッション
L01849,ﾒﾝｽﾞ ﾜﾝﾋﾟｰｽ used,&nbsp;usedな状態でお譲りします。お値段は7100 円になります。厚底ですので気になる方はご検討ください。</b>,7100,ファッション
L02542,◆匿名配送◆未開封 ﾌﾟﾗﾓﾃﾞﾙ ほぼ新品,ギターです。ほぼ新品。30700 円。コレクション。,30700,ホビー
L03241,※返品不可省エネ 冷蔵庫 美品,<b>スピーカーです。美品。19600 円。リモコン付。<br>,19600,家電
L01779,喫煙者なし 電子ﾚﾝｼﾞ 傷あり🔥✨,&nbsp;傷ありな状態でお譲りします。お値段は¥38100になります。リモコン付ですので気になる方はご検討ください。&amp;,38100,家電
L02695,※返品不可部活 自転車 ほぼ新品,グローブです。ほぼ新品。7000 円。ペットなし。,7000,スポーツ
L03275,★即日発送★喫煙者なし 訳あり品 難あり⭐🔥,<b>難ありな状態でお譲りします。お値段は31900 円になります。軽量ですので気になる方はご検討ください。<br>,31900,ベビー・キッズ
L00423,!!値下げしました!!初版 付属品あり 傷あり,"傷ありな状態でお譲りします。お値段は39,400円になります。名盤ですので気になる方はご検討ください。",39400,本・音楽
L01923,★即日発送★箱あり ドライヤー used,イヤホンです。used。17200yen。リモコン付。,17200,家電
L00694,ペットなし パズル used,プラモデルです。used。24600 円。ペットなし。,24600,ホビー
L04292,!!値下げしました!!塗装済 フィギュア ほぼ新品⭐🔥,<br>プラモデルです。ほぼ新品。18700yen。限定版。<br>,18700,ホビー
L03794,【送料無料】動作確認済 訳あり品 難あり💯,"&nbsp;難ありな状態でお譲りします。お値段は36,600円になります。リモコン付ですので気になる方はご検討ください。&amp;",36600,家電
L02857,《まとめ買い歓迎》部活 本体のみ used⭐🔥💯,usedな状態でお譲りします。お値段は¥38300になります。軽量ですので気になる方はご検討ください。,38300,スポーツ
L02911,１／１４４ 中古品 傷あり🎁⭐,<b>傷ありな状態でお譲りします。お値段は¥３６１００になります。コレクションですので気になる方はご検討ください。</b>,36100,ホビー
L01880,レディース 詰め合わせ 状態良好,<br>状態良好な状態でお譲りします。お値段は18900 円になります。レディースですので気になる方はご検討ください。<br>,18900,ファッション
L02378,４Ｋ 一式 美品,"美品な状態でお譲りします。お値段は５,１００円になります。値下げ交渉可ですので気になる方はご検討ください。",5100,家電
L02806,省エネ 掃除機 ほぼ新品,"<b>ドライヤーです。ほぼ新品。２２,４００円。自宅保管。<br>",22400,家電
L01930,※返品不可ＴＶ 掃除機 難あり,&nbsp;難ありな状態でお譲りします。お値段は３８８００ 円になります。箱ありですので気になる方はご検討ください。<br>,38800,家電
L03039,節電 詰め合わせ 傷あり,<b>傷ありな状態でお譲りします。お値段は28600yenになります。省エネですので気になる方はご検討ください。&amp;,28600,家電
L01743,★即日発送★ペットなし 写真集 美品,美品な状態でお譲りします。お値段は3400 円になります。自宅保管ですので気になる方はご検討ください。,3400,本・音楽
L01256,静音 本体のみ 難あり💯🎁,<b>難ありな状態でお譲りします。お値段は３２３００ｙｅｎになります。４Ｋですので気になる方はご検討ください。<br>,32300,家電
L01837,《まとめ買い歓迎》ﾍﾟｯﾄなし 本体のみ used⭐⭐,usedな状態でお譲りします。お値段は¥32900になります。1/144ですので気になる方はご検討ください。,32900,ホビー
L03196,!!値下げしました!!喫煙者なし 中古品 used,usedな状態でお譲りします。お値段は¥20000になります。インバーターですので気になる方はご検討ください。,20000,家電
L01932,ｲﾝﾊﾞｰﾀｰ 詰め合わせ ほぼ新品,ほぼ新品な状態でお譲りします。お値段は¥３５８００になります。即決ですので気になる方はご検討ください。,35800,家電
L04962,【送料無料】１／１４４ ボードゲーム ほぼ新品🎁,"&nbsp;ラジコンです。ほぼ新品。３,７００円。塗装済。<br>",3700,ホビー
L04450,【最終値下げ】未開封 プラモデル 状態良好,"&nbsp;状態良好な状態でお譲りします。お値段は23,800円になります。コレクションですので気になる方はご検討ください。&amp;",23800,ホビー
L01011,古着 中古品 傷あり,"<b>傷ありな状態でお譲りします。お値段は３８,２００円になります。動作確認済ですので気になる方はご検討ください。<br>",38200,ファッション
L00238,ｺﾚｸｼｮﾝ 訳あり品 難あり,<b>難ありな状態でお譲りします。お値段は¥1600になります。塗装済ですので気になる方はご検討ください。&amp;,1600,ホビー
L01051,4K エアコン 状態良好🎁🎁,冷蔵庫です。状態良好。14400 円。喫煙者なし。,14400,家電
L04666,喫煙者なし   自転車   美品🎁🔥,ランニングシューズです。美品。33800yen。トレーニング。,33800,スポーツ
L04174,◆匿名配送◆新生児 ベビー服 美品⭐💯,<b>ベビー服です。美品。7700 円。安全基準適合。</b>,7700,ベビー・キッズ
L03821,【最終値下げ】リモコン付 セット 難あり,&nbsp;難ありな状態でお譲りします。お値段は3300yenになります。インバーターですので気になる方はご検討ください。<br>,3300,家電
L00840,◆匿名配送◆静音 詰め合わせ 傷あり,<b>傷ありな状態でお譲りします。お値段は¥18300になります。動作確認済ですので気になる方はご検討ください。&amp;,18300,家電
L01372,1/144 ｷﾞﾀｰ 傷あり,<b>傷ありな状態でお譲りします。お値段は¥14200になります。初回特典ですので気になる方はご検討ください。&amp;,14200,ホビー
L02827,【送料無料】１／１４４ ボードゲーム ほぼ新品,<br>ほぼ新品な状態でお譲りします。お値段は３６６００ｙｅｎになります。動作確認済ですので気になる方はご検討ください。<br>,36600,ホビー
L00123,軽量 ラケット 傷あり🔥🔥🔥,傷ありな状態でお譲りします。お値段は３９３００ 円になります。硬式ですので気になる方はご検討ください。,39300,スポーツ
L01799,★即日発送★値下げ交渉可 まとめ売り used,"<b>usedな状態でお譲りします。お値段は14,100円になります。初回特典ですので気になる方はご検討ください。<br>",14100,ホビー
L02683,《まとめ買い歓迎》節電 詰め合わせ 難あり💯,"難ありな状態でお譲りします。お値段は15,600円になります。節電ですので気になる方はご検討ください。",15600,家電
L02106,ﾒﾝｽﾞ ｼﾞｬﾝｸ品 難あり💯✨,難ありな状態でお譲りします。お値段は¥2600になります。レディースですので気になる方はご検討ください。,2600,ファッション
L03224,初回特典 画材 ほぼ新品🔥🔥🔥,プラモデルです。ほぼ新品。¥2400。限定版。,2400,ホビー
L01562,★即日発送★値下げ交渉可 ダンベル 傷あり,ランニングシューズです。傷あり。¥２２９００。軽量。,22900,スポーツ
L01950,※返品不可初版 単行本 傷あり,<b>楽譜です。傷あり。１０３００ 円。初版。<br>,10300,本・音楽
L00618,喫煙者なし   イヤホン   ｕｓｅｄ💯⭐🔥,"<br>ドライヤーです。ｕｓｅｄ。２,４００円。４Ｋ。</b>",2400,家電
L04613,★即日発送★取説付   イヤホン   used🎁💯✨,&nbsp;冷蔵庫です。used。35300 円。自宅保管。&amp;,35300,家電
L01237,コレクション 画材 傷あり🎁⭐🔥,ボードゲームです。傷あり。¥34300。塗装済。,34300,ホビー
L04775,美品 スピーカー 状態良好,冷蔵庫です。状態良好。19100 円。静音。,19100,家電
L02227,値下げ交渉可 コート 難あり,&nbsp;難ありな状態でお譲りします。お値段は1800 円になります。取説付ですので気になる方はご検討ください。</b>,1800,ファッション
L01020,!!値下げしました!!名盤   付属品あり   傷あり💯🔥💯,<br>傷ありな状態でお譲りします。お値段は27000yenになります。ペットなしですので気になる方はご検討ください。</b>,27000,本・音楽
L01222,【最終値下げ】即決 詰め合わせ ｕｓｅｄ,ｕｓｅｄな状態でお譲りします。お値段は¥２９９００になります。軽量ですので気になる方はご検討ください。,29900,家電
L00200,ヴィﾝﾃｰｼﾞ 一式 難あり,難ありな状態でお譲りします。お値段は24600 円になります。ヴィンテージですので気になる方はご検討ください。,24600,ファッション
L02945,【送料無料】即決 本体のみ 傷あり⭐⭐🔥,傷ありな状態でお譲りします。お値段は６９００ｙｅｎになります。静音ですので気になる方はご検討ください。,6900,家電
L02482,※返品不可節電 テレビ used🎁🔥🔥,usedな状態でお譲りします。お値段は¥12600になります。ペットなしですので気になる方はご検討ください。,12600,家電
L00252,【送料無料】古着   ｼｬﾂ   難あり,&nbsp;難ありな状態でお譲りします。お値段は6400yenになります。ヴィンテージですので気になる方はご検討ください。&amp;,6400,ファッション
L00564,!!値下げしました!!軽量 ジャンク品 ほぼ新品✨✨⭐,ほぼ新品な状態でお譲りします。お値段は¥16600になります。ヴィンテージですので気になる方はご検討ください。,16600,ファッション
L00927,◆匿名配送◆喫煙者なし 本体のみ 傷あり,"<b>傷ありな状態でお譲りします。お値段は25,600円になります。静音ですので気になる方はご検討ください。<br>",25600,家電
L01732,◆匿名配送◆トレーニング ランニングシューズ 難あり,難ありな状態でお譲りします。お値段は7600yenになります。部活ですので気になる方はご検討ください。,7600,スポーツ
L02300,!!値下げしました!!27cm セット used✨,&nbsp;usedな状態でお譲りします。お値段は4500 円になります。箱ありですので気になる方はご検討ください。&amp;,4500,スポーツ
L01556,《まとめ買い歓迎》ﾄﾚｰﾆﾝｸﾞ ｼｭｰｽﾞ ほぼ新品,"<b>ほぼ新品な状態でお譲りします。お値段は1,700円になります。硬式ですので気になる方はご検討ください。<br>",1700,スポーツ
L04442,!!値下げしました!!27cm ウェア 難あり✨🎁,難ありな状態でお譲りします。お値段は6600yenになります。部活ですので気になる方はご検討ください。,6600,スポーツ
L02212,《まとめ買い歓迎》自宅保管 冷蔵庫 難あり,難ありな状態でお譲りします。お値段は¥7100になります。TVですので気になる方はご検討ください。,7100,家電
L02184,動作確認済 ﾗﾝﾆﾝｸﾞｼｭｰｽﾞ ほぼ新品💯🎁,<b>ほぼ新品な状態でお譲りします。お値段は38200 円になります。喫煙者なしですので気になる方はご検討ください。<br>,38200,スポーツ
L01512,《まとめ買い歓迎》硬式 本体のみ 難あり,難ありな状態でお譲りします。お値段は¥6600になります。箱ありですので気になる方はご検討ください。,6600,スポーツ
L02686,【最終値下げ】全巻 詰め合わせ 傷あり,傷ありな状態でお譲りします。お値段は28200yenになります。全巻ですので気になる方はご検討ください。,28200,本・音楽
L02428,【最終値下げ】自宅保管   ﾜﾝﾋﾟｰｽ   ほぼ新品💯,ほぼ新品な状態でお譲りします。お値段は¥２１０００になります。ペットなしですので気になる方はご検討ください。,21000,ファッション
L00073,【送料無料】メンズ ワンピース ほぼ新品🔥💯,"&nbsp;コートです。ほぼ新品。25,900円。ヴィンテージ。&amp;",25900,ファッション
L04866,安全基準適合 まとめ売り 難あり🔥,"難ありな状態でお譲りします。お値段は30,100円になります。箱ありですので気になる方はご検討ください。",30100,ベビー・キッズ
L03891,省エネ   炊飯器   ほぼ新品,空気清浄機です。ほぼ新品。¥35700。軽量。,35700,家電
L01551,レディース バッグ 難あり✨,シャツです。難あり。３１００ 円。レディース。,3100,ファッション
L04003,喫煙者なし ジャケット 傷あり,傷ありな状態でお譲りします。お値段は33400yenになります。厚底ですので気になる方はご検討ください。,33400,ファッション
L00516,★即日発送★動作確認済   訳あり品   ｕｓｅｄ,<br>ｕｓｅｄな状態でお譲りします。お値段は５４００ 円になります。省エネですので気になる方はご検討ください。</b>,5400,家電
L02783,《まとめ買い歓迎》動作確認済   一式   状態良好,状態良好な状態でお譲りします。お値段は¥5100になります。静音ですので気になる方はご検討ください。,5100,家電
L02955,※返品不可ｲﾝﾊﾞｰﾀｰ 空気清浄機 ほぼ新品,イヤホンです。ほぼ新品。３１９００ｙｅｎ。美品。,31900,家電
L01156,◆匿名配送◆即決   ヨガマット   難あり⭐🔥,&nbsp;ウェアです。難あり。21100 円。トレーニング。</b>,21100,スポーツ
L04130,静音   ドライヤー   状態良好,<b>掃除機です。状態良好。2600 円。静音。<br>,2600,家電
L03244,初回特典 ﾌﾟﾗﾓﾃﾞﾙ 状態良好,プラモデルです。状態良好。¥38100。動作確認済。,38100,ホビー
L00131,軽量 抱っこ紐 used💯⭐,usedな状態でお譲りします。お値段は36500yenになります。即決ですので気になる方はご検討ください。,36500,ベビー・キッズ
L00671,即決 空気清浄機 ほぼ新品,エアコンです。ほぼ新品。8500yen。節電。,8500,家電
L00747,硬式   まとめ売り   ｕｓｅｄ,ｕｓｅｄな状態でお譲りします。お値段は３９４００ 円になります。自宅保管ですので気になる方はご検討ください。,39400,スポーツ
L01107,メンズ シャツ ほぼ新品,<br>ほぼ新品な状態でお譲りします。お値段は34800 円になります。古着ですので気になる方はご検討ください。&amp;,34800,ファッション
L01582,★即日発送★厚底 ｺｰﾄ 傷あり,&nbsp;傷ありな状態でお譲りします。お値段は15700 円になります。古着ですので気になる方はご検討ください。&amp;,15700,ファッション
L03980,★即日発送★４Ｋ ドライヤー 傷あり,<b>炊飯器です。傷あり。２６９００ 円。静音。</b>,26900,家電
L04536,取説付 炊飯器 状態良好✨🎁✨,<b>状態良好な状態でお譲りします。お値段は28900 円になります。リモコン付ですので気になる方はご検討ください。&amp;,28900,家電
L01239,静音 一式 傷あり,<b>傷ありな状態でお譲りします。お値段は¥30900になります。即決ですので気になる方はご検討ください。</b>,30900,家電
L02859,【送料無料】古着 まとめ売り 難あり,難ありな状態でお譲りします。お値段は３４９００ 円になります。メンズですので気になる方はご検討ください。,34900,ファッション
L03832,《まとめ買い歓迎》TV 炊飯器 状態良好💯💯,炊飯器です。状態良好。¥24700。TV。,24700,家電
L02768,リモコン付 電子レンジ 難あり,エアコンです。難あり。¥15700。4K。,15700,家電
L01555,喫煙者なし ｽﾊﾟｲｸ used,"シューズです。used。36,200円。屋外用。",36200,スポーツ
L00616,洗える 一式 ｕｓｅｄ✨🎁,ｕｓｅｄな状態でお譲りします。お値段は４７００ 円になります。新生児ですので気になる方はご検討ください。,4700,ベビー・キッズ
L01142,初版 参考書 美品🔥💯⭐,<b>参考書です。美品。4400yen。帯付き。&amp;,4400,本・音楽
L02905,取説付 画集 美品,美品な状態でお譲りします。お値段は２０３００ 円になります。サイン入りですので気になる方はご検討ください。,20300,本・音楽
L02953,※返品不可厚底 シューズ 傷あり,"<br>ブーツです。傷あり。７,０００円。厚底。<br>",7000,ファッション
L03881,即決 文庫本 ほぼ新品🎁🎁⭐,ほぼ新品な状態でお譲りします。お値段は２０９００ 円になります。初版ですので気になる方はご検討ください。,20900,本・音楽
L00750,!!値下げしました!!塗装済 ﾎﾞｰﾄﾞｹﾞｰﾑ 難あり,ボードゲームです。難あり。11900 円。値下げ交渉可。,11900,ホビー
L04867,【最終値下げ】洗える 訳あり品 used⭐🔥💯,usedな状態でお譲りします。お値段は14700yenになります。対象年齢3歳ですので気になる方はご検討ください。,14700,ベビー・キッズ
L01057,美品   ブーツ   ほぼ新品⭐💯🔥,ほぼ新品な状態でお譲りします。お値段は¥18600になります。厚底ですので気になる方はご検討ください。,18600,ファッション
L00963,軽量 グローブ 傷あり⭐,傷ありな状態でお譲りします。お値段は26600 円になります。27cmですので気になる方はご検討ください。,26600,スポーツ
L04041,※返品不可古着 ﾌﾞｰﾂ 状態良好⭐,<br>状態良好な状態でお譲りします。お値段は¥１５３００になります。軽量ですので気になる方はご検討ください。&amp;,15300,ファッション
L00646,★即日発送★ペットなし 参考書 used,usedな状態でお譲りします。お値段は22300 円になります。自宅保管ですので気になる方はご検討ください。,22300,本・音楽
L03017,【最終値下げ】全巻 付属品あり used🔥💯,<br>usedな状態でお譲りします。お値段は25200 円になります。名盤ですので気になる方はご検討ください。&amp;,25200,本・音楽
L04479,★即日発送★箱あり 一式 used,"usedな状態でお譲りします。お値段は8,900円になります。コレクションですので気になる方はご検討ください。",8900,ホビー
L04469,《まとめ買い歓迎》帯付き スピーカー 美品,美品な状態でお譲りします。お値段は32500 円になります。初版ですので気になる方はご検討ください。,32500,本・音楽
L00892,【送料無料】軽量   ラケット   難あり⭐,グローブです。難あり。16100yen。箱あり。,16100,スポーツ
L00327,★即日発送★コレクション フィギュア 難あり,&nbsp;難ありな状態でお譲りします。お値段は32100yenになります。ペットなしですので気になる方はご検討ください。<br>,32100,ホビー
L03476,※返品不可喫煙者なし 付属品あり 難あり,<br>難ありな状態でお譲りします。お値段は15200 円になります。Mサイズですので気になる方はご検討ください。&amp;,15200,ファッション
L00341,◆匿名配送◆節電 セット 状態良好,&nbsp;状態良好な状態でお譲りします。お値段は33100 円になります。ペットなしですので気になる方はご検討ください。&amp;,33100,家電
L03643,《まとめ買い歓迎》即決 本体のみ used,&nbsp;usedな状態でお譲りします。お値段は17600yenになります。喫煙者なしですので気になる方はご検討ください。&amp;,17600,ホビー
L02902,◆匿名配送◆全巻 文庫本 傷あり,参考書です。傷あり。29900 円。喫煙者なし。,29900,本・音楽
L02733,★即日発送★美品 パズル 美品,美品な状態でお譲りします。お値段は¥30800になります。コレクションですので気になる方はご検討ください。,30800,ホビー
L00917,※返品不可ヴィンテージ デニム 難あり,"&nbsp;シューズです。難あり。17,900円。動作確認済。<br>",17900,ファッション
L01289,!!値下げしました!!動作確認済 自転車 ｕｓｅｄ💯🎁💯,<b>グローブです。ｕｓｅｄ。３７２００ｙｅｎ。軽量。</b>,37200,スポーツ
L02256,※返品不可厚底 ワンピース 美品⭐💯,美品な状態でお譲りします。お値段は１５１００ 円になります。古着ですので気になる方はご検討ください。,15100,ファッション
L04899,省エネ   ドライヤー   used✨,"<br>usedな状態でお譲りします。お値段は39,000円になります。TVですので気になる方はご検討ください。</b>",39000,家電
L01194,※返品不可廃盤 レコード ほぼ新品,レコードです。ほぼ新品。¥25400。自宅保管。,25400,本・音楽
L03575,【最終値下げ】初回特典 トレカ 傷あり,ボードゲームです。傷あり。３５１００ｙｅｎ。限定版。,35100,ホビー
L03634,【送料無料】即決 中古品 used,<b>usedな状態でお譲りします。お値段は6900yenになります。美品ですので気になる方はご検討ください。&amp;,6900,家電
L04935,《まとめ買い歓迎》帯付き 文庫本 傷あり,<b>傷ありな状態でお譲りします。お値段は39600yenになります。箱ありですので気になる方はご検討ください。<br>,39600,本・音楽
L00526,★即日発送★省エネ セット 美品🎁,美品な状態でお譲りします。お値段は11000yenになります。省エネですので気になる方はご検討ください。,11000,家電
L03787,※返品不可廃盤 ｽﾋﾟｰｶｰ ほぼ新品,"ほぼ新品な状態でお譲りします。お値段は15,000円になります。美品ですので気になる方はご検討ください。",15000,本・音楽
L03610,喫煙者なし プラモデル 状態良好,<br>画材です。状態良好。38200yen。喫煙者なし。<br>,38200,ホビー
L01823,【最終値下げ】対象年齢3歳   中古品   ほぼ新品,<b>ほぼ新品な状態でお譲りします。お値段は32200 円になります。新生児ですので気になる方はご検討ください。&amp;,32200,ベビー・キッズ
L00295,対象年齢3歳 絵本 美品,美品な状態でお譲りします。お値段は¥17800になります。値下げ交渉可ですので気になる方はご検討ください。,17800,ベビー・キッズ
L00780,インバーター 付属品あり 傷あり,&nbsp;傷ありな状態でお譲りします。お値段は19600yenになります。インバーターですので気になる方はご検討ください。&amp;,19600,家電
L04688,新生児   絵本   ほぼ新品🔥🎁,ほぼ新品な状態でお譲りします。お値段は¥３３９００になります。洗えるですので気になる方はご検討ください。,33900,ベビー・キッズ
L00517,限定版   トレカ   ほぼ新品,<b>ほぼ新品な状態でお譲りします。お値段は¥6200になります。1/144ですので気になる方はご検討ください。<br>,6200,ホビー
L01510,【送料無料】Ｍｻｲｽﾞ   ﾊﾞｯｸﾞ   状態良好,<b>コートです。状態良好。１４５００ｙｅｎ。取説付。<br>,14500,ファッション
L02749,◆匿名配送◆硬式 ﾗｹｯﾄ 美品,"<b>美品な状態でお譲りします。お値段は24,300円になります。屋外用ですので気になる方はご検討ください。</b>",24300,スポーツ
L00344,喫煙者なし ワンピース 傷あり,"<b>傷ありな状態でお譲りします。お値段は27,200円になります。自宅保管ですので気になる方はご検討ください。</b>",27200,ファッション
L01173,厚底 付属品あり 美品🎁✨,美品な状態でお譲りします。お値段は39600 円になります。ヴィンテージですので気になる方はご検討ください。,39600,ファッション
L00116,安全基準適合 チャイルドシート 美品🔥⭐,ベビーカーです。美品。22800 円。対象年齢3歳。,22800,ベビー・キッズ
L02429,◆匿名配送◆Mサイズ ワンピース 状態良好,ジャケットです。状態良好。25600yen。美品。,25600,ファッション
L03436,自宅保管   単行本   used⭐,&nbsp;文庫本です。used。¥10800。廃盤。&amp;,10800,本・音楽
L01955,１／１４４ 画材 傷あり🔥🔥,傷ありな状態でお譲りします。お値段は３４３００ 円になります。限定版ですので気になる方はご検討ください。,34300,ホビー
L03972,◆匿名配送◆初版   訳あり品   状態良好,状態良好な状態でお譲りします。お値段は15100 円になります。名盤ですので気になる方はご検討ください。,15100,本・音楽
L04231,◆匿名配送◆帯付き ジャンク品 難あり,"&nbsp;難ありな状態でお譲りします。お値段は14,600円になります。初版ですので気になる方はご検討ください。</b>",14600,本・音楽
L01276,★即日発送★塗装済 トレカ 傷あり,<br>傷ありな状態でお譲りします。お値段は4400yenになります。塗装済ですので気になる方はご検討ください。&amp;,4400,ホビー
L04600,【最終値下げ】省エネ   テレビ   ほぼ新品,テレビです。ほぼ新品。¥37200。リモコン付。,37200,家電
L01635,喫煙者なし 空気清浄機 傷あり,傷ありな状態でお譲りします。お値段は34100yenになります。静音ですので気になる方はご検討ください。,34100,家電
L01363,※返品不可レディース コート 難あり,シャツです。難あり。３９８００ 円。自宅保管。,39800,ファッション
L04321,【送料無料】軽量 自転車 美品,スパイクです。美品。３８５００ｙｅｎ。軽量。,38500,スポーツ
L00448,※返品不可全巻   付属品あり   傷あり,<b>傷ありな状態でお譲りします。お値段は36700yenになります。ペットなしですので気になる方はご検討ください。<br>,36700,本・音楽
L02204,インバーター 電子レンジ 難あり,<b>イヤホンです。難あり。800yen。省エネ。<br>,800,家電
L01528,★即日発送★未開封 プラモデル 美品,&nbsp;パズルです。美品。３３８００ｙｅｎ。塗装済。<br>,33800,ホビー
L00981,◆匿名配送◆軽量 抱っこ紐 傷あり,<br>傷ありな状態でお譲りします。お値段は5700yenになります。新生児ですので気になる方はご検討ください。<br>,5700,ベビー・キッズ
L01560,古着   セット   傷あり💯⭐,<b>傷ありな状態でお譲りします。お値段は22900 円になります。レディースですので気になる方はご検討ください。<br>,22900,ファッション
L02549,レディース 中古品 難あり,難ありな状態でお譲りします。お値段は7800 円になります。値下げ交渉可ですので気になる方はご検討ください。,7800,ファッション
L04098,◆匿名配送◆4K ﾄﾞﾗｲﾔｰ ほぼ新品🔥,"テレビです。ほぼ新品。5,600円。4K。",5600,家電
L00665,★即日発送★TV 空気清浄機 傷あり🔥✨,傷ありな状態でお譲りします。お値段は¥23400になります。節電ですので気になる方はご検討ください。,23400,家電
L03210,限定版   セット   傷あり,傷ありな状態でお譲りします。お値段は2500 円になります。限定版ですので気になる方はご検討ください。,2500,ホビー
L01905,リモコン付 本体のみ 傷あり,傷ありな状態でお譲りします。お値段は７００円になります。即決ですので気になる方はご検討ください。,700,家電
L00422,◆匿名配送◆取説付 セット 難あり,難ありな状態でお譲りします。お値段は２０７００ 円になります。塗装済ですので気になる方はご検討ください。,20700,ホビー
L00267,※返品不可取説付 訳あり品 状態良好,状態良好な状態でお譲りします。お値段は¥35600になります。塗装済ですので気になる方はご検討ください。,35600,ホビー
L01411,軽量 ｼｭｰｽﾞ 状態良好💯🔥🔥,状態良好な状態でお譲りします。お値段は28400 円になります。美品ですので気になる方はご検討ください。,28400,スポーツ
L03265,★即日発送★ヴィンテージ   デニム   美品🔥🔥🔥,シャツです。美品。８００ 円。Ｍサイズ。,800,ファッション
L04701,※返品不可初回特典 画材 難あり⭐⭐,"ラジコンです。難あり。33,300円。未開封。",33300,ホビー
L01100,古着 まとめ売り used,usedな状態でお譲りします。お値段は22000yenになります。Mサイズですので気になる方はご検討ください。,22000,ファッション
L01744,箱あり 一式 難あり,難ありな状態でお譲りします。お値段は1100yenになります。TVですので気になる方はご検討ください。,1100,家電
L04456,塗装済 ギター 傷あり,&nbsp;写真集です。傷あり。22600yen。コレクション。&amp;,22600,ホビー
L03776,!!値下げしました!!即決   単行本   傷あり⭐,傷ありな状態でお譲りします。お値段は13200 円になります。帯付きですので気になる方はご検討ください。,13200,本・音楽
L01485,【送料無料】軽量   コート   ほぼ新品🎁🔥🔥,ジャケットです。ほぼ新品。２９７００ 円。ペットなし。,29700,ファッション
L00955,【送料無料】動作確認済 本体のみ ほぼ新品💯🔥✨,ほぼ新品な状態でお譲りします。お値段は５９００ 円になります。ヴィンテージですので気になる方はご検討ください。,5900,ファッション
L02800,喫煙者なし 空気清浄機 難あり,<br>難ありな状態でお譲りします。お値段は8500yenになります。喫煙者なしですので気になる方はご検討ください。</b>,8500,家電
L03257,【最終値下げ】レディース 一式 難あり✨,<br>難ありな状態でお譲りします。お値段は３４４００ｙｅｎになります。値下げ交渉可ですので気になる方はご検討ください。&amp;,34400,ファッション
L04325,!!値下げしました!!即決 掃除機 美品💯💯💯,&nbsp;イヤホンです。美品。２７４００ｙｅｎ。静音。<br>,27400,家電
L04764,箱あり イヤホン used,<br>スピーカーです。used。30900yen。軽量。<br>,30900,家電
L02260,対象年齢3歳 ﾍﾞﾋﾞｰｶｰ 傷あり,<b>ベビー服です。傷あり。36400 円。新生児。&amp;,36400,ベビー・キッズ
L04176,◆匿名配送◆２７ｃｍ ランニングシューズ 状態良好🔥🎁🎁,&nbsp;自転車です。状態良好。１０５００ 円。美品。<br>,10500,スポーツ
L00173,ペットなし スパイク ほぼ新品💯,ダンベルです。ほぼ新品。19000yen。27cm。,19000,スポーツ
L02970,ＴＶ   詰め合わせ   美品,<b>美品な状態でお譲りします。お値段は２３８００ 円になります。４Ｋですので気になる方はご検討ください。&amp;,23800,家電
L04670,安全基準適合 チャイルドシート 傷あり💯⭐⭐,"おもちゃです。傷あり。22,400円。美品。",22400,ベビー・キッズ
L04142,!!値下げしました!!美品 ラジコン 状態良好,"<b>トレカです。状態良好。20,300円。動作確認済。&amp;",20300,ホビー
L01847,!!値下げしました!!ＴＶ 訳あり品 傷あり,"<br>傷ありな状態でお譲りします。お値段は２７,４００円になります。自宅保管ですので気になる方はご検討ください。&amp;",27400,家電
L03193,新生児 ﾍﾞﾋﾞｰｶｰ 美品,おもちゃです。美品。¥9700。安全基準適合。,9700,ベビー・キッズ
L00373,※返品不可軽量 詰め合わせ 状態良好,状態良好な状態でお譲りします。お値段は30900 円になります。インバーターですので気になる方はご検討ください。,30900,家電
L03672,インバーター   エアコン   状態良好,<br>空気清浄機です。状態良好。¥１３８００。自宅保管。<br>,13800,家電
L04618,★即日発送★取説付   コート   難あり,<br>ジャケットです。難あり。23900 円。箱あり。<br>,23900,ファッション
L01526,※返品不可即決 スニーカー 美品,帽子です。美品。¥28900。箱あり。,28900,ファッション
L04510,静音 ｼﾞｬﾝｸ品 傷あり🔥✨✨,<br>傷ありな状態でお譲りします。お値段は12000 円になります。値下げ交渉可ですので気になる方はご検討ください。<br>,12000,家電
L04556,《まとめ買い歓迎》レディース シューズ ほぼ新品,シューズです。ほぼ新品。¥10400。古着。,10400,ファッション
L02739,即決 付属品あり 美品,美品な状態でお譲りします。お値段は11400yenになります。レディースですので気になる方はご検討ください。,11400,ファッション
L02376,美品 フィギュア 傷あり,ボードゲームです。傷あり。39000yen。美品。,39000,ホビー
L00038,静音 訳あり品 used,<b>usedな状態でお譲りします。お値段は¥35800になります。ペットなしですので気になる方はご検討ください。&amp;,35800,家電
L04626,※返品不可古着 ｼｭｰｽﾞ 状態良好,<b>バッグです。状態良好。25600 円。美品。<br>,25600,ファッション
L00664,軽量   詰め合わせ   傷あり,&nbsp;傷ありな状態でお譲りします。お値段は１０６００ 円になります。喫煙者なしですので気になる方はご検討ください。<br>,10600,スポーツ
L03081,《まとめ買い歓迎》静音 一式 状態良好🎁✨,"状態良好な状態でお譲りします。お値段は25,700円になります。節電ですので気になる方はご検討ください。",25700,家電
L03880,★即日発送★軽量   ｸﾞﾛｰﾌﾞ   美品,美品な状態でお譲りします。お値段は18800 円になります。値下げ交渉可ですので気になる方はご検討ください。,18800,スポーツ
L01379,★即日発送★古着 ワンピース used,帽子です。used。¥29200。動作確認済。,29200,ファッション
L03807,ヴィﾝﾃｰｼﾞ ｾｯﾄ 難あり,"<br>難ありな状態でお譲りします。お値段は18,600円になります。軽量ですので気になる方はご検討ください。&amp;",18600,ファッション
L03055,◆匿名配送◆動作確認済   シューズ   ほぼ新品✨🔥,ほぼ新品な状態でお譲りします。お値段は¥4400になります。トレーニングですので気になる方はご検討ください。,4400,スポーツ
L02724,部活 ウェア ほぼ新品,<br>ほぼ新品な状態でお譲りします。お値段は１２８００ｙｅｎになります。屋外用ですので気になる方はご検討ください。&amp;,12800,スポーツ
L02856,◆匿名配送◆屋外用 ダンベル ほぼ新品,ほぼ新品な状態でお譲りします。お値段は４３００ 円になります。美品ですので気になる方はご検討ください。,4300,スポーツ
L02505,◆匿名配送◆古着 付属品あり used⭐🔥,<br>usedな状態でお譲りします。お値段は20500yenになります。厚底ですので気になる方はご検討ください。&amp;,20500,ファッション
L03959,自宅保管 ｽﾊﾟｲｸ 難あり,&nbsp;難ありな状態でお譲りします。お値段は２２７００ 円になります。屋外用ですので気になる方はご検討ください。<br>,22700,スポーツ
L04654,※返品不可省ｴﾈ   ﾃﾚﾋﾞ   傷あり🔥,"洗濯機です。傷あり。35,300円。静音。",35300,家電
L02186,【最終値下げ】軽量 ｼﾞｬﾝｸ品 ほぼ新品🎁🔥,"&nbsp;ほぼ新品な状態でお譲りします。お値段は32,400円になります。TVですので気になる方はご検討ください。</b>",32400,家電
L03459,【送料無料】レディース ジャケット ほぼ新品,<b>シューズです。ほぼ新品。31600yen。古着。<br>,31600,ファッション
L03598,《まとめ買い歓迎》ｺﾚｸｼｮﾝ   ﾗｼﾞｺﾝ   傷あり,<br>傷ありな状態でお譲りします。お値段は39800 円になります。1/144ですので気になる方はご検討ください。</b>,39800,ホビー
L04341,箱あり 中古品 ほぼ新品,"&nbsp;ほぼ新品な状態でお譲りします。お値段は５,４００円になります。厚底ですので気になる方はご検討ください。</b>",5400,ファッション
L02233,《まとめ買い歓迎》厚底 訳あり品 難あり,<br>難ありな状態でお譲りします。お値段は22200 円になります。軽量ですので気になる方はご検討ください。<br>,22200,ファッション
L00104,※返品不可即決   自転車   ほぼ新品🎁✨✨,ほぼ新品な状態でお譲りします。お値段は27200 円になります。取説付ですので気になる方はご検討ください。,27200,スポーツ
L04836,!!値下げしました!!洗える 抱っこ紐 状態良好,"<b>おもちゃです。状態良好。３３,９００円。新生児。&amp;",33900,ベビー・キッズ
L04973,【送料無料】4K 冷蔵庫 美品,"美品な状態でお譲りします。お値段は14,100円になります。リモコン付ですので気になる方はご検討ください。",14100,家電
L00225,【送料無料】限定版   ｾｯﾄ   傷あり,"傷ありな状態でお譲りします。お値段は7,000円になります。未開封ですので気になる方はご検討ください。",7000,ホビー
L03979,【最終値下げ】名盤 本体のみ 美品,<b>美品な状態でお譲りします。お値段は300円になります。廃盤ですので気になる方はご検討ください。&amp;,300,本・音楽
L04040,◆匿名配送◆コレクション 中古品 難あり,難ありな状態でお譲りします。お値段は18100yenになります。塗装済ですので気になる方はご検討ください。,18100,ホビー
L02567,★即日発送★箱あり 冷蔵庫 ｕｓｅｄ,&nbsp;ｕｓｅｄな状態でお譲りします。お値段は１１９００ｙｅｎになります。４Ｋですので気になる方はご検討ください。&amp;,11900,家電
L03175,◆匿名配送◆古着 コート ほぼ新品,"ほぼ新品な状態でお譲りします。お値段は30,300円になります。古着ですので気になる方はご検討ください。",30300,ファッション
L01163,【最終値下げ】静音 洗濯機 状態良好,状態良好な状態でお譲りします。お値段は35100 円になります。節電ですので気になる方はご検討ください。,35100,家電
L02975,新生児   訳あり品   ほぼ新品💯⭐🎁,ほぼ新品な状態でお譲りします。お値段は¥6300になります。ペットなしですので気になる方はご検討ください。,6300,ベビー・キッズ
L03768,塗装済 パズル ほぼ新品🎁⭐✨,"<br>ラジコンです。ほぼ新品。25,200円。動作確認済。&amp;",25200,ホビー
L00825,レディース   詰め合わせ   難あり🔥💯✨,<br>難ありな状態でお譲りします。お値段は¥13100になります。ペットなしですので気になる方はご検討ください。&amp;,13100,ファッション
L00239,自宅保管   本体のみ   ほぼ新品⭐🔥,ほぼ新品な状態でお譲りします。お値段は¥18000になります。取説付ですので気になる方はご検討ください。,18000,スポーツ
L04122,◆匿名配送◆ｻｲﾝ入り 雑誌 ほぼ新品,"楽譜です。ほぼ新品。39,400円。即決。",39400,本・音楽
L03515,自宅保管 抱っこ紐 used🔥🎁,usedな状態でお譲りします。お値段は¥13500になります。洗えるですので気になる方はご検討ください。,13500,ベビー・キッズ
L01878,◆匿名配送◆取説付 まとめ売り 状態良好,状態良好な状態でお譲りします。お値段は31800yenになります。自宅保管ですので気になる方はご検討ください。,31800,家電
L01406,喫煙者なし 中古品 傷あり,傷ありな状態でお譲りします。お値段は29700yenになります。取説付ですので気になる方はご検討ください。,29700,ファッション
L03683,喫煙者なし ｲﾔﾎﾝ 美品,"<br>電子レンジです。美品。25,200円。4K。</b>",25200,家電
L02602,【最終値下げ】動作確認済 シューズ ほぼ新品,ジャケットです。ほぼ新品。12600 円。レディース。,12600,ファッション
L02497,1/144 詰め合わせ ほぼ新品,ほぼ新品な状態でお譲りします。お値段は¥6700になります。即決ですので気になる方はご検討ください。,6700,ホビー
L04594,厚底 ワンピース ほぼ新品,<b>ほぼ新品な状態でお譲りします。お値段は3300yenになります。厚底ですので気になる方はご検討ください。&amp;,3300,ファッション
L01460,◆匿名配送◆自宅保管 画集 ｕｓｅｄ,ｕｓｅｄな状態でお譲りします。お値段は¥９２００になります。全巻ですので気になる方はご検討ください。,9200,本・音楽
L04872,◆匿名配送◆軽量   訳あり品   ほぼ新品,"&nbsp;ほぼ新品な状態でお譲りします。お値段は33,500円になります。値下げ交渉可ですので気になる方はご検討ください。&amp;",33500,ベビー・キッズ
L00869,《まとめ買い歓迎》節電   訳あり品   used,"usedな状態でお譲りします。お値段は4,000円になります。リモコン付ですので気になる方はご検討ください。",4000,家電
L04530,箱あり イヤホン 状態良好,<br>洗濯機です。状態良好。31400 円。動作確認済。</b>,31400,家電
L03355,《まとめ買い歓迎》安全基準適合 ジャンク品 ほぼ新品,<br>ほぼ新品な状態でお譲りします。お値段は12200yenになります。軽量ですので気になる方はご検討ください。</b>,12200,ベビー・キッズ
L01806,リモコン付 詰め合わせ 難あり✨,難ありな状態でお譲りします。お値段は34500 円になります。TVですので気になる方はご検討ください。,34500,家電
L03535,インバーター   冷蔵庫   難あり,<br>ドライヤーです。難あり。３８４００ｙｅｎ。リモコン付。<br>,38400,家電
L03375,!!値下げしました!!箱あり ジャケット used🔥,<b>usedな状態でお譲りします。お値段は¥18600になります。古着ですので気になる方はご検討ください。<br>,18600,ファッション
L02305,【送料無料】塗装済 ラジコン 美品✨💯🔥,"&nbsp;写真集です。美品。32,100円。初回特典。</b>",32100,ホビー
L03307,【送料無料】古着 バッグ 美品,"&nbsp;美品な状態でお譲りします。お値段は7,400円になります。Mサイズですので気になる方はご検討ください。&amp;",7400,ファッション
L04612,Ｍサイズ コート 状態良好,<b>状態良好な状態でお譲りします。お値段は３２４００ 円になります。ヴィンテージですので気になる方はご検討ください。<br>,32400,ファッション
L04909,軽量   ベビー服   状態良好⭐🎁,<b>状態良好な状態でお譲りします。お値段は¥14100になります。新生児ですので気になる方はご検討ください。&amp;,14100,ベビー・キッズ
L02674,ヴィﾝﾃｰｼﾞ   ｺｰﾄ   傷あり,"デニムです。傷あり。25,300円。美品。",25300,ファッション
L02596,新生児 抱っこ紐 ｕｓｅｄ,"ｕｓｅｄな状態でお譲りします。お値段は１,５００円になります。安全基準適合ですので気になる方はご検討ください。",1500,ベビー・キッズ
L01080,即決 フィギュア 美品🔥,"美品な状態でお譲りします。お値段は7,300円になります。未開封ですので気になる方はご検討ください。",7300,ホビー
L01455,※返品不可メンズ ジャンク品 ほぼ新品✨⭐,ほぼ新品な状態でお譲りします。お値段は¥24500になります。Mサイズですので気になる方はご検討ください。,24500,ファッション
L02718,厚底 ブーツ 難あり,ブーツです。難あり。13700 円。メンズ。,13700,ファッション
L04475,省ｴﾈ   ｾｯﾄ   状態良好✨🎁🔥,"状態良好な状態でお譲りします。お値段は29,600円になります。TVですので気になる方はご検討ください。",29600,家電
L00545,!!値下げしました!!喫煙者なし バッグ 傷あり,<b>シャツです。傷あり。¥２６００。軽量。<br>,2600,ファッション
L03424,動作確認済 訳あり品 美品🎁⭐,"美品な状態でお譲りします。お値段は18,300円になります。省エネですので気になる方はご検討ください。",18300,家電
L04195,!!値下げしました!!塗装済 中古品 傷あり,傷ありな状態でお譲りします。お値段は9600 円になります。未開封ですので気になる方はご検討ください。,9600,ホビー
L04918,【送料無料】箱あり イヤホン ほぼ新品,&nbsp;ほぼ新品な状態でお譲りします。お値段は¥30800になります。静音ですので気になる方はご検討ください。</b>,30800,家電
L04204,硬式 ｼﾞｬﾝｸ品 ほぼ新品,<br>ほぼ新品な状態でお譲りします。お値段は1000yenになります。自宅保管ですので気になる方はご検討ください。&amp;,1000,スポーツ
L02224,自宅保管 エアコン 美品⭐🔥💯,"空気清浄機です。美品。３５,３００円。４Ｋ。",35300,家電
L03345,軽量   シューズ   美品🎁⭐,&nbsp;美品な状態でお譲りします。お値段は¥9300になります。トレーニングですので気になる方はご検討ください。<br>,9300,スポーツ
L00089,厚底 シャツ ほぼ新品,&nbsp;スニーカーです。ほぼ新品。２４７００ 円。即決。<br>,24700,ファッション
L01167,硬式 ランニングシューズ used,グローブです。used。¥36800。トレーニング。,36800,スポーツ
L01093,軽量   訳あり品   難あり,"<br>難ありな状態でお譲りします。お値段は11,000円になります。硬式ですので気になる方はご検討ください。</b>",11000,スポーツ
L04359,※返品不可ヴィンテージ まとめ売り 状態良好,<b>状態良好な状態でお譲りします。お値段は8400 円になります。古着ですので気になる方はご検討ください。</b>,8400,ファッション
L02308,《まとめ買い歓迎》未開封 ｷﾞﾀｰ used,<br>トレカです。used。37700 円。初回特典。&amp;,37700,ホビー
L02658,◆匿名配送◆即決   付属品あり   状態良好🔥,"<b>状態良好な状態でお譲りします。お値段は17,100円になります。4Kですので気になる方はご検討ください。<br>",17100,家電
L03775,即決 一式 傷あり,傷ありな状態でお譲りします。お値段は¥３９００になります。喫煙者なしですので気になる方はご検討ください。,3900,ベビー・キッズ
L04680,《まとめ買い歓迎》Mサイズ   一式   状態良好,状態良好な状態でお譲りします。お値段は26900 円になります。レディースですので気になる方はご検討ください。,26900,ファッション
L04210,即決 ｼｬﾂ ほぼ新品💯✨,バッグです。ほぼ新品。25300 円。レディース。,25300,ファッション
L04207,即決 ボードゲーム used,"<br>ラジコンです。used。15,800円。限定版。</b>",15800,ホビー
L04305,動作確認済 バッグ 状態良好⭐✨,ブーツです。状態良好。27000 円。レディース。,27000,ファッション
L04493,箱あり スピーカー ｕｓｅｄ,&nbsp;ドライヤーです。ｕｓｅｄ。３２９００ｙｅｎ。美品。&amp;,32900,家電
L01329,厚底   中古品   傷あり,傷ありな状態でお譲りします。お値段は¥19200になります。ヴィンテージですので気になる方はご検討ください。,19200,ファッション
L01780,◆匿名配送◆取説付 付属品あり used,usedな状態でお譲りします。お値段は¥36600になります。軽量ですので気になる方はご検討ください。,36600,家電
L00982,《まとめ買い歓迎》ﾚﾃﾞィｰｽ 帽子 状態良好🔥🎁,"状態良好な状態でお譲りします。お値段は20,200円になります。メンズですので気になる方はご検討ください。",20200,ファッション
L02871,!!値下げしました!!Mｻｲｽﾞ ｼｬﾂ 状態良好,"&nbsp;ブーツです。状態良好。7,600円。喫煙者なし。</b>",7600,ファッション
L01170,※返品不可美品 空気清浄機 傷あり,&nbsp;傷ありな状態でお譲りします。お値段は39800 円になります。動作確認済ですので気になる方はご検討ください。</b>,39800,家電
L04157,ﾚﾃﾞィｰｽ ｽﾆｰｶｰ 難あり🔥🔥,ブーツです。難あり。¥１９６００。メンズ。,19600,ファッション
L01949,4K 電子レンジ ほぼ新品✨🎁⭐,&nbsp;ほぼ新品な状態でお譲りします。お値段は35300 円になります。即決ですので気になる方はご検討ください。&amp;,35300,家電
L03309,ヴィﾝﾃｰｼﾞ ｼﾞｬﾝｸ品 傷あり✨💯⭐,"<b>傷ありな状態でお譲りします。お値段は5,400円になります。ヴィンテージですので気になる方はご検討ください。&amp;",5400,ファッション
L02609,【送料無料】省エネ イヤホン 難あり,エアコンです。難あり。26100 円。省エネ。,26100,家電
L04929,帯付き 画集 難あり,<b>文庫本です。難あり。¥15800。廃盤。<br>,15800,本・音楽
L00313,※返品不可TV ｽﾋﾟｰｶｰ 難あり💯⭐,"<b>難ありな状態でお譲りします。お値段は26,800円になります。美品ですので気になる方はご検討ください。&amp;",26800,家電
L03684,★即日発送★全巻 雑誌 難あり,<br>難ありな状態でお譲りします。お値段は¥２７３００になります。初版ですので気になる方はご検討ください。<br>,27300,本・音楽
L04162,軽量   セット   傷あり,傷ありな状態でお譲りします。お値段は6800 円になります。箱ありですので気になる方はご検討ください。,6800,スポーツ
L04046,喫煙者なし まとめ売り used,usedな状態でお譲りします。お値段は35900 円になります。省エネですので気になる方はご検討ください。,35900,家電
L03301,【送料無料】喫煙者なし 洗濯機 傷あり,傷ありな状態でお譲りします。お値段は27000 円になります。美品ですので気になる方はご検討ください。,27000,家電
L01659,《まとめ買い歓迎》値下げ交渉可   単行本   ほぼ新品,"&nbsp;文庫本です。ほぼ新品。13,100円。美品。<br>",13100,本・音楽
L04242,ﾘﾓｺﾝ付 本体のみ 難あり,難ありな状態でお譲りします。お値段は5500 円になります。静音ですので気になる方はご検討ください。,5500,家電
L00623,喫煙者なし ｼｬﾂ 状態良好,状態良好な状態でお譲りします。お値段は14400 円になります。箱ありですので気になる方はご検討ください。,14400,ファッション
L02751,省エネ テレビ 難あり,"難ありな状態でお譲りします。お値段は2,200円になります。リモコン付ですので気になる方はご検討ください。",2200,家電
L03991,※返品不可ヴィンテージ ジャケット 傷あり🎁,"<br>傷ありな状態でお譲りします。お値段は13,600円になります。メンズですので気になる方はご検討ください。</b>",13600,ファッション
L04651,即決 セット 難あり,難ありな状態でお譲りします。お値段は800yenになります。動作確認済ですので気になる方はご検討ください。,800,ファッション
L01499,安全基準適合   おもちゃ   状態良好,"&nbsp;ベビーカーです。状態良好。30,000円。洗える。&amp;",30000,ベビー・キッズ
L03873,《まとめ買い歓迎》ｲﾝﾊﾞｰﾀｰ 中古品 状態良好,"<b>状態良好な状態でお譲りします。お値段は７,３００円になります。ＴＶですので気になる方はご検討ください。<br>",7300,家電
L01828,《まとめ買い歓迎》箱あり プラモデル 状態良好,状態良好な状態でお譲りします。お値段は３７０００ｙｅｎになります。コレクションですので気になる方はご検討ください。,37000,ホビー
L04378,美品   訳あり品   状態良好🔥🎁⭐,状態良好な状態でお譲りします。お値段は9500 円になります。動作確認済ですので気になる方はご検討ください。,9500,ファッション
L04036,美品   ジャンク品   傷あり,傷ありな状態でお譲りします。お値段は¥３５９００になります。自宅保管ですので気になる方はご検討ください。,35900,ホビー
L04551,【送料無料】喫煙者なし   付属品あり   used✨🔥,&nbsp;usedな状態でお譲りします。お値段は33700 円になります。部活ですので気になる方はご検討ください。<br>,33700,スポーツ
L03791,取説付 グローブ ほぼ新品,ほぼ新品な状態でお譲りします。お値段は14300 円になります。ペットなしですので気になる方はご検討ください。,14300,スポーツ
L01482,メンズ スニーカー 美品,美品な状態でお譲りします。お値段は5900 円になります。厚底ですので気になる方はご検討ください。,5900,ファッション
L00161,★即日発送★軽量 まとめ売り ｕｓｅｄ,ｕｓｅｄな状態でお譲りします。お値段は６４００ 円になります。軽量ですので気になる方はご検討ください。,6400,スポーツ
L03957,※返品不可取説付 ﾊﾟｽﾞﾙ 美品,<b>プラモデルです。美品。19100 円。初回特典。&amp;,19100,ホビー
L01742,【最終値下げ】メンズ ブーツ 傷あり,<br>傷ありな状態でお譲りします。お値段は2300 円になります。厚底ですので気になる方はご検討ください。</b>,2300,ファッション
L00996,ヴィンテージ ジャケット 難あり,<br>難ありな状態でお譲りします。お値段は¥19600になります。ペットなしですので気になる方はご検討ください。</b>,19600,ファッション
L00283,軽量 画材 ほぼ新品,画材です。ほぼ新品。¥4100。動作確認済。,4100,ホビー
L04811,動作確認済 ﾃﾞﾆﾑ used,デニムです。used。18600yen。Mサイズ。,18600,ファッション
L01565,【送料無料】インバーター 空気清浄機 状態良好,&nbsp;状態良好な状態でお譲りします。お値段は10200yenになります。動作確認済ですので気になる方はご検討ください。</b>,10200,家電
L04386,厚底 ワンピース 美品🔥,&nbsp;美品な状態でお譲りします。お値段は1800yenになります。ペットなしですので気になる方はご検討ください。<br>,1800,ファッション
L00228,27cm まとめ売り ほぼ新品,<br>ほぼ新品な状態でお譲りします。お値段は24700 円になります。箱ありですので気になる方はご検討ください。<br>,24700,スポーツ
L02279,《まとめ買い歓迎》ペットなし 付属品あり 傷あり,&nbsp;傷ありな状態でお譲りします。お値段は12900yenになります。対象年齢3歳ですので気になる方はご検討ください。</b>,12900,ベビー・キッズ
L00867,箱あり   セット   used,usedな状態でお譲りします。お値段は¥12700になります。省エネですので気になる方はご検討ください。,12700,家電
L04271,★即日発送★ﾍﾟｯﾄなし   ｴｱｺﾝ   状態良好💯⭐🔥,状態良好な状態でお譲りします。お値段は３３１００ｙｅｎになります。軽量ですので気になる方はご検討ください。,33100,家電
L04520,節電   訳あり品   傷あり,<b>傷ありな状態でお譲りします。お値段は39700yenになります。静音ですので気になる方はご検討ください。<br>,39700,家電
L00872,厚底 ジャケット ｕｓｅｄ,シューズです。ｕｓｅｄ。¥５４００。レディース。,5400,ファッション
L00074,!!値下げしました!!自宅保管 空気清浄機 難あり,<br>難ありな状態でお譲りします。お値段は22400 円になります。リモコン付ですので気になる方はご検討ください。&amp;,22400,家電
L03590,★即日発送★ペットなし   哺乳瓶   難あり,<br>難ありな状態でお譲りします。お値段は¥２６４００になります。取説付ですので気になる方はご検討ください。&amp;,26400,ベビー・キッズ
L01496,!!値下げしました!!軽量   電子レンジ   傷あり,"&nbsp;傷ありな状態でお譲りします。お値段は20,500円になります。美品ですので気になる方はご検討ください。</b>",20500,家電
L02420,即決   ﾄﾞﾗｲﾔｰ   ほぼ新品💯,ほぼ新品な状態でお譲りします。お値段は¥２４００になります。自宅保管ですので気になる方はご検討ください。,2400,家電
L03529,【送料無料】古着 ﾃﾞﾆﾑ 傷あり,&nbsp;傷ありな状態でお譲りします。お値段は3900yenになります。ペットなしですので気になる方はご検討ください。&amp;,3900,ファッション
L03490,!!値下げしました!!古着 ﾜﾝﾋﾟｰｽ ｕｓｅｄ,<b>シャツです。ｕｓｅｄ。１６８００ 円。ヴィンテージ。</b>,16800,ファッション
L03963,取説付   まとめ売り   傷あり⭐,"傷ありな状態でお譲りします。お値段は5,400円になります。喫煙者なしですので気になる方はご検討ください。",5400,ファッション
L03180,◆匿名配送◆コレクション 画材 難あり,<b>トレカです。難あり。11900 円。1/144。&amp;,11900,ホビー
L01281,メンズ 詰め合わせ 状態良好,&nbsp;状態良好な状態でお譲りします。お値段は¥29800になります。メンズですので気になる方はご検討ください。</b>,29800,ファッション
L02231,★即日発送★取説付   付属品あり   ｕｓｅｄ✨💯,ｕｓｅｄな状態でお譲りします。お値段は１７００ 円になります。値下げ交渉可ですので気になる方はご検討ください。,1700,ファッション
L03077,インバーター イヤホン ほぼ新品,"ほぼ新品な状態でお譲りします。お値段は10,500円になります。自宅保管ですので気になる方はご検討ください。",10500,家電
L04035,◆匿名配送◆初回特典 一式 傷あり,"傷ありな状態でお譲りします。お値段は10,700円になります。塗装済ですので気になる方はご検討ください。",10700,ホビー
L02600,!!値下げしました!!リモコン付 冷蔵庫 美品,美品な状態でお譲りします。お値段は¥4200になります。省エネですので気になる方はご検討ください。,4200,家電
L01175,★即日発送★インバーター   スピーカー   状態良好,状態良好な状態でお譲りします。お値段は１１１００ｙｅｎになります。軽量ですので気になる方はご検討ください。,11100,家電
L01670,!!値下げしました!!動作確認済 グローブ used💯,usedな状態でお譲りします。お値段は34400yenになります。自宅保管ですので気になる方はご検討ください。,34400,スポーツ
L04733,《まとめ買い歓迎》Ｍｻｲｽﾞ   ｼﾞｬﾝｸ品   ほぼ新品🔥⭐,ほぼ新品な状態でお譲りします。お値段は３２８００ 円になります。レディースですので気になる方はご検討ください。,32800,ファッション
L04428,!!値下げしました!!ﾘﾓｺﾝ付 洗濯機 美品,<b>美品な状態でお譲りします。お値段は¥36800になります。インバーターですので気になる方はご検討ください。<br>,36800,家電
L00724,《まとめ買い歓迎》値下げ交渉可 パズル 傷あり,"<b>傷ありな状態でお譲りします。お値段は8,800円になります。ペットなしですので気になる方はご検討ください。</b>",8800,ホビー
L04553,!!値下げしました!!箱あり セット 難あり✨🎁💯,"<br>難ありな状態でお譲りします。お値段は1,300円になります。値下げ交渉可ですので気になる方はご検討ください。&amp;",1300,ホビー
L00511,ﾍﾟｯﾄなし ｼｭｰｽﾞ 美品,ブーツです。美品。18000yen。ヴィンテージ。,18000,ファッション
L02198,厚底 シャツ 難あり,"<br>ブーツです。難あり。５,６００円。Ｍサイズ。<br>",5600,ファッション
L04812,《まとめ買い歓迎》インバーター   イヤホン   状態良好,イヤホンです。状態良好。３２３００ｙｅｎ。リモコン付。,32300,家電
L04566,ヴィンテージ コート used✨🎁⭐,<br>シャツです。used。¥35800。メンズ。&amp;,35800,ファッション
L04121,※返品不可Ｍサイズ   コート   ほぼ新品,<br>デニムです。ほぼ新品。¥３０００。箱あり。&amp;,3000,ファッション
L00998,静音 一式 ほぼ新品,<br>ほぼ新品な状態でお譲りします。お値段は3900yenになります。即決ですので気になる方はご検討ください。<br>,3900,家電
L00773,【送料無料】動作確認済   詰め合わせ   状態良好,状態良好な状態でお譲りします。お値段は３７４００ 円になります。喫煙者なしですので気になる方はご検討ください。,37400,スポーツ
L03178,【送料無料】即決 エアコン 状態良好,"<br>イヤホンです。状態良好。35,800円。インバーター。&amp;",35800,家電
L04656,節電 ｴｱｺﾝ ほぼ新品,<b>エアコンです。ほぼ新品。24300 円。喫煙者なし。</b>,24300,家電
L02320,ペットなし まとめ売り 美品,&nbsp;美品な状態でお譲りします。お値段は¥26200になります。インバーターですので気になる方はご検討ください。</b>,26200,家電
L02858,Ｍサイズ スニーカー 状態良好,&nbsp;ブーツです。状態良好。¥３２２００。厚底。&amp;,32200,ファッション
L04578,限定版 一式 used,<br>usedな状態でお譲りします。お値段は28800yenになります。美品ですので気になる方はご検討ください。<br>,28800,ホビー
L02641,◆匿名配送◆静音 セット 状態良好,状態良好な状態でお譲りします。お値段は¥4300になります。値下げ交渉可ですので気になる方はご検討ください。,4300,家電
L00061,動作確認済   ｼﾞｬｹｯﾄ   ほぼ新品,ほぼ新品な状態でお譲りします。お値段は22700yenになります。値下げ交渉可ですので気になる方はご検討ください。,22700,ファッション
L00864,【送料無料】ｺﾚｸｼｮﾝ 写真集 used🔥,&nbsp;usedな状態でお譲りします。お値段は19400 円になります。初回特典ですので気になる方はご検討ください。</b>,19400,ホビー
L04433,ヴィンテージ ジャケット 難あり,&nbsp;難ありな状態でお譲りします。お値段は19500yenになります。ヴィンテージですので気になる方はご検討ください。<br>,19500,ファッション
L01960,厚底 付属品あり ほぼ新品,ほぼ新品な状態でお譲りします。お値段は24400yenになります。レディースですので気になる方はご検討ください。,24400,ファッション
L04495,初版 付属品あり 傷あり,&nbsp;傷ありな状態でお譲りします。お値段は9700yenになります。全巻ですので気になる方はご検討ください。&amp;,9700,本・音楽
L00525,即決 冷蔵庫 傷あり,イヤホンです。傷あり。¥3100。リモコン付。,3100,家電
L03158,【最終値下げ】美品 ダンベル 美品,<br>シューズです。美品。¥5400。喫煙者なし。</b>,5400,スポーツ
L04473,【最終値下げ】取説付   プラモデル   美品,プラモデルです。美品。¥１９５００。１／１４４。,19500,ホビー
L03608,!!値下げしました!!メンズ デニム 傷あり,"&nbsp;コートです。傷あり。3,900円。レディース。<br>",3900,ファッション
L00723,◆匿名配送◆喫煙者なし ﾜﾝﾋﾟｰｽ ｕｓｅｄ🎁💯💯,"ｕｓｅｄな状態でお譲りします。お値段は２２,９００円になります。取説付ですので気になる方はご検討ください。",22900,ファッション
L00245,★即日発送★喫煙者なし まとめ売り 状態良好,&nbsp;状態良好な状態でお譲りします。お値段は¥15700になります。部活ですので気になる方はご検討ください。<br>,15700,スポーツ
L02182,省エネ 掃除機 傷あり,エアコンです。傷あり。26800yen。節電。,26800,家電
L01249,【送料無料】即決 ラケット 傷あり,&nbsp;ヨガマットです。傷あり。¥14500。即決。&amp;,14500,スポーツ
L00942,値下げ交渉可 写真集 used,usedな状態でお譲りします。お値段は14800yenになります。箱ありですので気になる方はご検討ください。,14800,ホビー
L02636,《まとめ買い歓迎》レディース   帽子   傷あり,ブーツです。傷あり。¥5100。ペットなし。,5100,ファッション
L00988,※返品不可自宅保管 ﾍﾞﾋﾞｰｶｰ ほぼ新品🔥🎁✨,<br>ほぼ新品な状態でお譲りします。お値段は33500yenになります。洗えるですので気になる方はご検討ください。<br>,33500,ベビー・キッズ
L01639,※返品不可未開封 ギター used,プラモデルです。used。23300yen。1/144。,23300,ホビー
L02524,【送料無料】美品 訳あり品 ほぼ新品,ほぼ新品な状態でお譲りします。お値段は¥21800になります。箱ありですので気になる方はご検討ください。,21800,ホビー
L01497,ＴＶ 空気清浄機 美品,エアコンです。美品。９７００ 円。静音。,9700,家電
L02701,未開封 ﾗｼﾞｺﾝ ｕｓｅｄ,"フィギュアです。ｕｓｅｄ。１２,１００円。美品。",12100,ホビー
L03050,メンズ デニム ほぼ新品⭐💯🔥,<b>スニーカーです。ほぼ新品。¥2900。箱あり。</b>,2900,ファッション
L00721,箱あり 一式 美品💯,美品な状態でお譲りします。お値段は4700yenになります。美品ですので気になる方はご検討ください。,4700,スポーツ
L00148,自宅保管 まとめ売り 美品⭐🔥,美品な状態でお譲りします。お値段は20100yenになります。トレーニングですので気になる方はご検討ください。,20100,スポーツ
L01164,★即日発送★値下げ交渉可 まとめ売り 美品💯,"美品な状態でお譲りします。お値段は9,100円になります。レディースですので気になる方はご検討ください。",9100,ファッション
L04652,メンズ バッグ ｕｓｅｄ,ｕｓｅｄな状態でお譲りします。お値段は¥６５００になります。レディースですので気になる方はご検討ください。,6500,ファッション
L03481,厚底 帽子 used🎁,"シャツです。used。28,500円。Mサイズ。",28500,ファッション
L01199,《まとめ買い歓迎》塗装済   一式   状態良好,"<br>状態良好な状態でお譲りします。お値段は30,800円になります。美品ですので気になる方はご検討ください。&amp;",30800,ホビー
L03850,厚底 ジャケット 美品,シューズです。美品。¥３４２００。ヴィンテージ。,34200,ファッション
L03622,★即日発送★インバーター   本体のみ   傷あり,"<br>傷ありな状態でお譲りします。お値段は23,900円になります。静音ですので気になる方はご検討ください。&amp;",23900,家電
L04636,※返品不可レディース スニーカー 傷あり🎁🔥,<br>傷ありな状態でお譲りします。お値段は¥１７００になります。ヴィンテージですので気になる方はご検討ください。<br>,1700,ファッション
L00081,【送料無料】美品 コート 状態良好,ブーツです。状態良好。¥4300。メンズ。,4300,ファッション
L04568,!!値下げしました!!安全基準適合 ベビー服 美品,<br>哺乳瓶です。美品。¥25600。新生児。</b>,25600,ベビー・キッズ
L00310,★即日発送★喫煙者なし ｼｭｰｽﾞ 難あり,"<br>難ありな状態でお譲りします。お値段は20,100円になります。Mサイズですので気になる方はご検討ください。<br>",20100,ファッション
L00099,Mサイズ   コート   ほぼ新品,スニーカーです。ほぼ新品。¥27000。レディース。,27000,ファッション
L01230,《まとめ買い歓迎》ﾍﾟｯﾄなし   写真集   used,トレカです。used。30900 円。ペットなし。,30900,ホビー
L04247,即決 電子レンジ 難あり,難ありな状態でお譲りします。お値段は¥11200になります。ペットなしですので気になる方はご検討ください。,11200,家電
L04686,《まとめ買い歓迎》美品 ｼｭｰｽﾞ 難あり,難ありな状態でお譲りします。お値段は1700 円になります。メンズですので気になる方はご検討ください。,1700,ファッション
L03723,動作確認済 詰め合わせ ほぼ新品,<br>ほぼ新品な状態でお譲りします。お値段は５１００ 円になります。静音ですので気になる方はご検討ください。<br>,5100,家電
L01825,★即日発送★初版 レコード 美品,<br>画集です。美品。¥23900。初版。&amp;,23900,本・音楽
L02216,軽量 中古品 ほぼ新品🔥✨✨,ほぼ新品な状態でお譲りします。お値段は¥36800になります。レディースですので気になる方はご検討ください。,36800,ファッション
L02533,【最終値下げ】1/144 詰め合わせ 美品,美品な状態でお譲りします。お値段は33200 円になります。即決ですので気になる方はご検討ください。,33200,ホビー
L03926,動作確認済 一式 ほぼ新品🔥🔥,<b>ほぼ新品な状態でお譲りします。お値段は¥14400になります。値下げ交渉可ですので気になる方はご検討ください。</b>,14400,ホビー
L00170,※返品不可軽量 パズル 状態良好,"トレカです。状態良好。３０,５００円。限定版。",30500,ホビー
L02120,※返品不可Ｍｻｲｽﾞ ｽﾆｰｶｰ 傷あり,"傷ありな状態でお譲りします。お値段は３２,４００円になります。メンズですので気になる方はご検討ください。",32400,ファッション
L01627,《まとめ買い歓迎》ヴィンテージ 帽子 難あり✨💯💯,<br>難ありな状態でお譲りします。お値段は6500yenになります。Mサイズですので気になる方はご検討ください。<br>,6500,ファッション
L01169,インバーター 掃除機 状態良好⭐🔥,"&nbsp;状態良好な状態でお譲りします。お値段は13,600円になります。自宅保管ですので気になる方はご検討ください。&amp;",13600,家電
L03577,トレーニング 自転車 used,シューズです。used。17700yen。自宅保管。,17700,スポーツ
L00929,《まとめ買い歓迎》省エネ   冷蔵庫   美品,"<br>美品な状態でお譲りします。お値段は３３,１００円になります。省エネですので気になる方はご検討ください。<br>",33100,家電
L01604,ペットなし シューズ 状態良好,<b>状態良好な状態でお譲りします。お値段は19500 円になります。厚底ですので気になる方はご検討ください。<br>,19500,ファッション
L04012,ﾍﾟｯﾄなし ｷﾞﾀｰ ほぼ新品,"ほぼ新品な状態でお譲りします。お値段は18,600円になります。塗装済ですので気になる方はご検討ください。",18600,ホビー
L00731,!!値下げしました!!メンズ   シャツ   状態良好,&nbsp;シャツです。状態良好。35000yen。取説付。</b>,35000,ファッション
L04410,全巻   ｽﾋﾟｰｶｰ   ほぼ新品,雑誌です。ほぼ新品。12300yen。廃盤。,12300,本・音楽
L03478,【送料無料】喫煙者なし 自転車 used,usedな状態でお譲りします。お値段は¥600になります。軽量ですので気になる方はご検討ください。,600,スポーツ
L02517,【最終値下げ】自宅保管 コート ほぼ新品⭐🔥,ほぼ新品な状態でお譲りします。お値段は¥８３００になります。Ｍサイズですので気になる方はご検討ください。,8300,ファッション
L02343,美品 訳あり品 状態良好,状態良好な状態でお譲りします。お値段は２３６００ 円になります。値下げ交渉可ですので気になる方はご検討ください。,23600,ファッション
L04009,【送料無料】1/144 まとめ売り 傷あり,傷ありな状態でお譲りします。お値段は9300yenになります。取説付ですので気になる方はご検討ください。,9300,ホビー
L04794,【送料無料】ﾚﾃﾞィｰｽ 一式 状態良好,"<br>状態良好な状態でお譲りします。お値段は２９,０００円になります。ヴィンテージですので気になる方はご検討ください。</b>",29000,ファッション
L02139,!!値下げしました!!省ｴﾈ   ｴｱｺﾝ   ほぼ新品,&nbsp;ほぼ新品な状態でお譲りします。お値段は8700 円になります。静音ですので気になる方はご検討ください。<br>,8700,家電
L01661,《まとめ買い歓迎》廃盤 写真集 used,"usedな状態でお譲りします。お値段は7,000円になります。サイン入りですので気になる方はご検討ください。",7000,本・音楽
L03784,屋外用 ﾗﾝﾆﾝｸﾞｼｭｰｽﾞ ほぼ新品,<b>ほぼ新品な状態でお譲りします。お値段は6200yenになります。即決ですので気になる方はご検討ください。</b>,6200,スポーツ
L02959,レディース 一式 美品,"美品な状態でお譲りします。お値段は23,600円になります。Mサイズですので気になる方はご検討ください。",23600,ファッション
L03276,美品 洗濯機 ほぼ新品,"<b>テレビです。ほぼ新品。3,000円。インバーター。</b>",3000,家電
L00672,《まとめ買い歓迎》静音   炊飯器   難あり,<b>掃除機です。難あり。¥19600。節電。</b>,19600,家電
L02446,※返品不可Mサイズ シューズ used,<b>ワンピースです。used。3500 円。箱あり。<br>,3500,ファッション
L02725,《まとめ買い歓迎》初回特典 画材 美品🔥🔥🎁,トレカです。美品。4400yen。コレクション。,4400,ホビー
L00371,◆匿名配送◆軽量 コート ほぼ新品,ほぼ新品な状態でお譲りします。お値段は¥１１９００になります。箱ありですので気になる方はご検討ください。,11900,ファッション
L02659,【送料無料】軽量 まとめ売り 傷あり,&nbsp;傷ありな状態でお譲りします。お値段は12500 円になります。新生児ですので気になる方はご検討ください。&amp;,12500,ベビー・キッズ
L04109,軽量 スピーカー 傷あり,ドライヤーです。傷あり。２２７００ｙｅｎ。動作確認済。,22700,家電
L04982,★即日発送★Mｻｲｽﾞ ｽﾆｰｶｰ 美品,美品な状態でお譲りします。お値段は26700 円になります。メンズですので気になる方はご検討ください。,26700,ファッション
L02731,◆匿名配送◆箱あり ジャンク品 難あり,難ありな状態でお譲りします。お値段は¥１４８００になります。取説付ですので気になる方はご検討ください。,14800,家電
L02136,!!値下げしました!!即決 ジャンク品 used,&nbsp;usedな状態でお譲りします。お値段は5200yenになります。部活ですので気になる方はご検討ください。<br>,5200,スポーツ
L03306,自宅保管 中古品 ほぼ新品🔥✨,<b>ほぼ新品な状態でお譲りします。お値段は¥14100になります。部活ですので気になる方はご検討ください。<br>,14100,スポーツ
L04458,【送料無料】レディース   中古品   美品🔥💯✨,"&nbsp;美品な状態でお譲りします。お値段は２９,５００円になります。ヴィンテージですので気になる方はご検討ください。<br>",29500,ファッション
L00020,★即日発送★省ｴﾈ ｴｱｺﾝ ほぼ新品⭐🔥,空気清浄機です。ほぼ新品。３３１００ｙｅｎ。節電。,33100,家電
L00528,◆匿名配送◆全巻   スピーカー   傷あり,雑誌です。傷あり。¥13800。自宅保管。,13800,本・音楽
L04053,【最終値下げ】Mｻｲｽﾞ ｺｰﾄ ほぼ新品,<br>シャツです。ほぼ新品。6300yen。レディース。<br>,6300,ファッション
L01667,!!値下げしました!!静音 空気清浄機 used,空気清浄機です。used。28800 円。節電。,28800,家電
L02063,《まとめ買い歓迎》値下げ交渉可 ﾊﾞｯｸﾞ 傷あり,"&nbsp;傷ありな状態でお譲りします。お値段は22,800円になります。メンズですので気になる方はご検討ください。<br>",22800,ファッション
L00885,【最終値下げ】未開封   トレカ   状態良好,パズルです。状態良好。17100yen。即決。,17100,ホビー
L03167,TV ﾃﾚﾋﾞ 難あり⭐🔥⭐,&nbsp;洗濯機です。難あり。¥13800。箱あり。</b>,13800,家電
L03907,◆匿名配送◆安全基準適合 抱っこ紐 美品⭐💯✨,ベビー服です。美品。18300 円。洗える。,18300,ベビー・キッズ
L03641,部活   ヨガマット   難あり,&nbsp;ヨガマットです。難あり。31500yen。自宅保管。<br>,31500,スポーツ
L04334,★即日発送★ｲﾝﾊﾞｰﾀｰ 洗濯機 used✨🔥⭐,"イヤホンです。used。13,000円。省エネ。",13000,家電
L00145,《まとめ買い歓迎》省エネ ドライヤー 難あり,"難ありな状態でお譲りします。お値段は17,400円になります。動作確認済ですので気になる方はご検討ください。",17400,家電
L01575,ペットなし 単行本 難あり,&nbsp;参考書です。難あり。3300 円。自宅保管。<br>,3300,本・音楽
L04125,Mサイズ   コート   傷あり,&nbsp;シューズです。傷あり。15700yen。メンズ。&amp;,15700,ファッション
L01637,全巻 レコード 美品,<b>単行本です。美品。¥39000。名盤。<br>,39000,本・音楽
L01798,◆匿名配送◆軽量 ﾊﾟｽﾞﾙ 傷あり,"プラモデルです。傷あり。１９,２００円。軽量。",19200,ホビー
L01312,◆匿名配送◆メンズ スニーカー used,&nbsp;コートです。used。25800 円。自宅保管。&amp;,25800,ファッション
L01320,喫煙者なし   テレビ   傷あり,"傷ありな状態でお譲りします。お値段は28,500円になります。TVですので気になる方はご検討ください。",28500,家電
L00947,《まとめ買い歓迎》コレクション ラジコン 美品,"美品な状態でお譲りします。お値段は１７,１００円になります。初回特典ですので気になる方はご検討ください。",17100,ホビー
L03985,ｻｲﾝ入り   参考書   状態良好✨✨⭐,<b>状態良好な状態でお譲りします。お値段は¥15100になります。美品ですので気になる方はご検討ください。</b>,15100,本・音楽
L01870,美品 おもちゃ ほぼ新品✨,"ほぼ新品な状態でお譲りします。お値段は３９,７００円になります。洗えるですので気になる方はご検討ください。",39700,ベビー・キッズ
L03841,ﾄﾚｰﾆﾝｸﾞ ｼｭｰｽﾞ 美品,シューズです。美品。800 円。美品。,800,スポーツ
L00598,◆匿名配送◆部活 中古品 美品,"美品な状態でお譲りします。お値段は27,600円になります。ペットなしですので気になる方はご検討ください。",27600,スポーツ
L04256,軽量 詰め合わせ ほぼ新品,"ほぼ新品な状態でお譲りします。お値段は15,700円になります。対象年齢3歳ですので気になる方はご検討ください。",15700,ベビー・キッズ
L02301,【送料無料】美品 ｼﾞｬｹｯﾄ ほぼ新品,&nbsp;ほぼ新品な状態でお譲りします。お値段は¥19900になります。Mサイズですので気になる方はご検討ください。</b>,19900,ファッション
L03999,【送料無料】箱あり 訳あり品 美品,&nbsp;美品な状態でお譲りします。お値段は¥29700になります。箱ありですので気になる方はご検討ください。&amp;,29700,家電
L01106,!!値下げしました!!即決 セット 傷あり🎁💯,<br>傷ありな状態でお譲りします。お値段は34800 円になります。1/144ですので気になる方はご検討ください。<br>,34800,ホビー
L04989,レディース セット used,<b>usedな状態でお譲りします。お値段は¥15400になります。メンズですので気になる方はご検討ください。</b>,15400,ファッション
L02048,【最終値下げ】即決 ジャンク品 状態良好,状態良好な状態でお譲りします。お値段は2800 円になります。名盤ですので気になる方はご検討ください。,2800,本・音楽
L04066,【送料無料】ﾍﾟｯﾄなし ﾗｹｯﾄ ほぼ新品,"<br>ウェアです。ほぼ新品。13,400円。軽量。&amp;",13400,スポーツ
L04096,TV 一式 状態良好,<br>状態良好な状態でお譲りします。お値段は15600yenになります。箱ありですので気になる方はご検討ください。</b>,15600,家電
L01712,ﾚﾃﾞィｰｽ ｺｰﾄ ほぼ新品,"ほぼ新品な状態でお譲りします。お値段は11,100円になります。ヴィンテージですので気になる方はご検討ください。",11100,ファッション
L03346,◆匿名配送◆屋外用 中古品 美品,美品な状態でお譲りします。お値段は¥22300になります。即決ですので気になる方はご検討ください。,22300,スポーツ
L03177,メンズ 本体のみ 美品,美品な状態でお譲りします。お値段は19400 円になります。Mサイズですので気になる方はご検討ください。,19400,ファッション
L00270,ﾍﾟｯﾄなし ｽﾋﾟｰｶｰ 傷あり,傷ありな状態でお譲りします。お値段は35700yenになります。値下げ交渉可ですので気になる方はご検討ください。,35700,家電
L00626,【送料無料】Mｻｲｽﾞ まとめ売り 難あり,"難ありな状態でお譲りします。お値段は14,300円になります。レディースですので気になる方はご検討ください。",14300,ファッション
L03624,取説付 掃除機 美品⭐✨,<b>美品な状態でお譲りします。お値段は１０８００ｙｅｎになります。動作確認済ですので気になる方はご検討ください。</b>,10800,家電
L03544,静音 電子レンジ 難あり,"<br>電子レンジです。難あり。12,900円。喫煙者なし。&amp;",12900,家電
L04379,ヴィﾝﾃｰｼﾞ ﾊﾞｯｸﾞ used,usedな状態でお譲りします。お値段は13900yenになります。喫煙者なしですので気になる方はご検討ください。,13900,ファッション
L02603,4K 空気清浄機 used,<br>usedな状態でお譲りします。お値段は39100yenになります。4Kですので気になる方はご検討ください。<br>,39100,家電
L00785,節電 まとめ売り 難あり,"難ありな状態でお譲りします。お値段は１７,０００円になります。静音ですので気になる方はご検討ください。",17000,家電
L03001,【最終値下げ】帯付き 詰め合わせ 傷あり✨,&nbsp;傷ありな状態でお譲りします。お値段は15100yenになります。初版ですので気になる方はご検討ください。&amp;,15100,本・音楽
L00531,※返品不可厚底 ｺｰﾄ ｕｓｅｄ,<br>ｕｓｅｄな状態でお譲りします。お値段は３７４００ｙｅｎになります。厚底ですので気になる方はご検討ください。&amp;,37400,ファッション
L03434,★即日発送★27cm ラケット ほぼ新品💯,&nbsp;ほぼ新品な状態でお譲りします。お値段は8900 円になります。軽量ですので気になる方はご検討ください。<br>,8900,スポーツ
L00862,Mサイズ コート ほぼ新品,バッグです。ほぼ新品。21000 円。厚底。,21000,ファッション
L01818,取説付 まとめ売り 難あり,"難ありな状態でお譲りします。お値段は7,400円になります。1/144ですので気になる方はご検討ください。",7400,ホビー
L04936,!!値下げしました!!厚底 コート 美品,&nbsp;美品な状態でお譲りします。お値段は38900yenになります。古着ですので気になる方はご検討ください。&amp;,38900,ファッション
L04576,【最終値下げ】軽量   パズル   美品,"画材です。美品。27,000円。未開封。",27000,ホビー
L00518,!!値下げしました!!メンズ 本体のみ 状態良好,&nbsp;状態良好な状態でお譲りします。お値段は¥２５０００になります。レディースですので気になる方はご検討ください。<br>,25000,ファッション
L00288,!!値下げしました!!ﾘﾓｺﾝ付 洗濯機 美品🎁,"<br>スピーカーです。美品。30,300円。静音。</b>",30300,家電
L04884,◆匿名配送◆自宅保管 帽子 ほぼ新品,"コートです。ほぼ新品。２０,１００円。レディース。",20100,ファッション
L02458,ペットなし 写真集 傷あり,"傷ありな状態でお譲りします。お値段は25,100円になります。美品ですので気になる方はご検討ください。",25100,ホビー
L03678,ﾍﾟｯﾄなし ﾊﾞｯｸﾞ 美品✨✨,バッグです。美品。27300yen。軽量。,27300,ファッション
L01032,箱あり ﾌﾟﾗﾓﾃﾞﾙ 難あり🎁✨🎁,<b>トレカです。難あり。32100 円。箱あり。<br>,32100,ホビー
L01774,【最終値下げ】ペットなし 本体のみ 傷あり🎁🔥🎁,傷ありな状態でお譲りします。お値段は11300 円になります。静音ですので気になる方はご検討ください。,11300,家電
L00107,箱あり 雑誌 傷あり,"<b>レコードです。傷あり。10,800円。帯付き。<br>",10800,本・音楽
L01315,《まとめ買い歓迎》即決 パズル 傷あり,パズルです。傷あり。９００ 円。コレクション。,900,ホビー
L02830,!!値下げしました!!廃盤 雑誌 状態良好⭐✨🎁,スピーカーです。状態良好。１１７００ｙｅｎ。帯付き。,11700,本・音楽
L02271,《まとめ買い歓迎》古着 ｼﾞｬｹｯﾄ 難あり,ジャケットです。難あり。２９５００ 円。ペットなし。,29500,ファッション
L00235,◆匿名配送◆古着 コート 美品,<br>スニーカーです。美品。10900yen。ペットなし。</b>,10900,ファッション
L03188,◆匿名配送◆節電   詰め合わせ   ｕｓｅｄ,"ｕｓｅｄな状態でお譲りします。お値段は１８,６００円になります。美品ですので気になる方はご検討ください。",18600,家電
L01807,Mサイズ   ブーツ   傷あり,傷ありな状態でお譲りします。お値段は¥15900になります。メンズですので気になる方はご検討ください。,15900,ファッション
L01030,自宅保管 付属品あり 状態良好,<b>状態良好な状態でお譲りします。お値段は２２２００ 円になります。ペットなしですので気になる方はご検討ください。</b>,22200,ホビー
L04841,【送料無料】取説付 ワンピース 美品,"<b>コートです。美品。39,500円。動作確認済。<br>",39500,ファッション
L03732,TV 掃除機 状態良好,"<b>状態良好な状態でお譲りします。お値段は25,300円になります。4Kですので気になる方はご検討ください。&amp;",25300,家電
L01587,【最終値下げ】美品 詰め合わせ 状態良好,状態良好な状態でお譲りします。お値段は¥13300になります。軽量ですので気になる方はご検討ください。,13300,ベビー・キッズ
L00806,静音 炊飯器 used🎁⭐✨,"テレビです。used。38,700円。4K。",38700,家電
L00188,!!値下げしました!!コレクション プラモデル 美品,美品な状態でお譲りします。お値段は¥1700になります。コレクションですので気になる方はご検討ください。,1700,ホビー
L03969,屋外用 ダンベル 傷あり,自転車です。傷あり。30100 円。硬式。,30100,スポーツ
L03631,【最終値下げ】未開封 ジャンク品 used,usedな状態でお譲りします。お値段は¥20100になります。未開封ですので気になる方はご検討ください。,20100,ホビー
L00050,4K スピーカー 難あり✨,"&nbsp;難ありな状態でお譲りします。お値段は14,000円になります。美品ですので気になる方はご検討ください。&amp;",14000,家電
L01031,※返品不可軽量 パズル 傷あり,&nbsp;傷ありな状態でお譲りします。お値段は38500yenになります。美品ですので気になる方はご検討ください。<br>,38500,ホビー
L00610,《まとめ買い歓迎》４Ｋ イヤホン 難あり,<br>電子レンジです。難あり。¥３８５００。ＴＶ。</b>,38500,家電
L02017,!!値下げしました!!節電 冷蔵庫 傷あり,スピーカーです。傷あり。¥２２８００。静音。,22800,家電
L00818,サイン入り ジャンク品 傷あり,<br>傷ありな状態でお譲りします。お値段は39800 円になります。美品ですので気になる方はご検討ください。&amp;,39800,本・音楽
L02958,【最終値下げ】動作確認済 まとめ売り 難あり,難ありな状態でお譲りします。お値段は31500yenになります。軽量ですので気になる方はご検討ください。,31500,ベビー・キッズ
L02052,《まとめ買い歓迎》ＴＶ 詰め合わせ ほぼ新品,&nbsp;ほぼ新品な状態でお譲りします。お値段は¥２６４００になります。箱ありですので気になる方はご検討ください。</b>,26400,家電
L01603,【最終値下げ】喫煙者なし 本体のみ 難あり,"<b>難ありな状態でお譲りします。お値段は9,400円になります。1/144ですので気になる方はご検討ください。</b>",9400,ホビー
L04448,軽量 トレカ used,ラジコンです。used。27600 円。1/144。,27600,ホビー
L04303,【最終値下げ】箱あり   まとめ売り   難あり,<br>難ありな状態でお譲りします。お値段は¥37200になります。部活ですので気になる方はご検討ください。</b>,37200,スポーツ
L01489,限定版 ｷﾞﾀｰ 難あり,難ありな状態でお譲りします。お値段は¥８６００になります。限定版ですので気になる方はご検討ください。,8600,ホビー
L01062,美品 スパイク used💯,usedな状態でお譲りします。お値段は¥37300になります。トレーニングですので気になる方はご検討ください。,37300,スポーツ
L02933,名盤 中古品 ほぼ新品🔥⭐💯,<b>ほぼ新品な状態でお譲りします。お値段は35000 円になります。サイン入りですので気になる方はご検討ください。&amp;,35000,本・音楽
L01022,!!値下げしました!!喫煙者なし 写真集 美品,美品な状態でお譲りします。お値段は¥32100になります。未開封ですので気になる方はご検討ください。,32100,ホビー
L01800,【最終値下げ】静音 空気清浄機 傷あり⭐💯🔥,<b>エアコンです。傷あり。24900yen。喫煙者なし。&amp;,24900,家電
L04395,即決 訳あり品 難あり,&nbsp;難ありな状態でお譲りします。お値段は９１００ｙｅｎになります。メンズですので気になる方はご検討ください。</b>,9100,ファッション
L04032,《まとめ買い歓迎》ｺﾚｸｼｮﾝ まとめ売り ｕｓｅｄ,<b>ｕｓｅｄな状態でお譲りします。お値段は７３００ 円になります。即決ですので気になる方はご検討ください。</b>,7300,ホビー
L01690,★即日発送★ペットなし 本体のみ 難あり,<b>難ありな状態でお譲りします。お値段は４９００ 円になります。１／１４４ですので気になる方はご検討ください。</b>,4900,ホビー
L04236,美品 トレカ ほぼ新品,<br>ほぼ新品な状態でお譲りします。お値段は17900yenになります。軽量ですので気になる方はご検討ください。</b>,17900,ホビー
L01068,動作確認済   ジャンク品   ほぼ新品,ほぼ新品な状態でお譲りします。お値段は700 円になります。動作確認済ですので気になる方はご検討ください。,700,ベビー・キッズ
L00569,１／１４４ 付属品あり 状態良好🔥⭐,"&nbsp;状態良好な状態でお譲りします。お値段は１１,３００円になります。自宅保管ですので気になる方はご検討ください。<br>",11300,ホビー
L02187,★即日発送★喫煙者なし 画材 ほぼ新品,ギターです。ほぼ新品。15000 円。1/144。,15000,ホビー
L01495,値下げ交渉可 写真集 美品💯🔥,スピーカーです。美品。29800yen。軽量。,29800,本・音楽
L01146,対象年齢3歳 おもちゃ 状態良好,ベビーカーです。状態良好。39400 円。洗える。,39400,ベビー・キッズ
L02229,ペットなし エアコン 美品,&nbsp;イヤホンです。美品。¥8800。4K。</b>,8800,家電
L00846,《まとめ買い歓迎》厚底 シューズ ほぼ新品,バッグです。ほぼ新品。¥17300。ヴィンテージ。,17300,ファッション
L03096,★即日発送★軽量 スピーカー 傷あり,"&nbsp;単行本です。傷あり。11,200円。初版。</b>",11200,本・音楽
L00135,即決 ヨガマット 美品,<br>ヨガマットです。美品。¥39300。屋外用。</b>,39300,スポーツ
L00986,全巻   楽譜   状態良好,画集です。状態良好。3600 円。初版。,3600,本・音楽
L02540,即決 中古品 難あり⭐💯🎁,"難ありな状態でお譲りします。お値段は24,500円になります。動作確認済ですので気になる方はご検討ください。",24500,ベビー・キッズ
L04945,サイン入り   ジャンク品   傷あり,傷ありな状態でお譲りします。お値段は33100 円になります。全巻ですので気になる方はご検討ください。,33100,本・音楽
L02430,塗装済   フィギュア   難あり,難ありな状態でお譲りします。お値段は¥17100になります。美品ですので気になる方はご検討ください。,17100,ホビー
L02839,★即日発送★帯付き 一式 美品💯,"美品な状態でお譲りします。お値段は2,100円になります。自宅保管ですので気になる方はご検討ください。",2100,本・音楽
L02669,厚底   デニム   美品✨🔥🔥,<br>美品な状態でお譲りします。お値段は¥8800になります。即決ですので気になる方はご検討ください。</b>,8800,ファッション
L04248,【送料無料】ヴィンテージ デニム ほぼ新品,ほぼ新品な状態でお譲りします。お値段は700円になります。ヴィンテージですので気になる方はご検討ください。,700,ファッション
L00505,メンズ   シャツ   状態良好,<b>状態良好な状態でお譲りします。お値段は¥31600になります。厚底ですので気になる方はご検討ください。</b>,31600,ファッション
L03560,TV 空気清浄機 難あり💯🔥✨,<b>エアコンです。難あり。¥16500。静音。&amp;,16500,家電
L00280,!!値下げしました!!ペットなし ドライヤー 難あり🎁✨🎁,"<br>難ありな状態でお譲りします。お値段は3,100円になります。静音ですので気になる方はご検討ください。&amp;",3100,家電
L01763,※返品不可4K テレビ 美品⭐✨✨,&nbsp;美品な状態でお譲りします。お値段は12600yenになります。4Kですので気になる方はご検討ください。&amp;,12600,家電
L04361,厚底 ｼﾞｬｹｯﾄ 美品✨🎁🔥,"バッグです。美品。28,800円。美品。",28800,ファッション
L01094,ペットなし 掃除機 難あり,<b>難ありな状態でお譲りします。お値段は¥19300になります。リモコン付ですので気になる方はご検討ください。<br>,19300,家電
L03568,◆匿名配送◆ﾘﾓｺﾝ付 付属品あり 状態良好🎁⭐,状態良好な状態でお譲りします。お値段は¥17800になります。TVですので気になる方はご検討ください。,17800,家電
L03792,ペットなし 一式 状態良好💯🔥,<br>状態良好な状態でお譲りします。お値段は37100 円になります。硬式ですので気になる方はご検討ください。<br>,37100,スポーツ
L03121,【最終値下げ】屋外用 ヨガマット ほぼ新品,"&nbsp;自転車です。ほぼ新品。31,100円。トレーニング。</b>",31100,スポーツ
L02287,◆匿名配送◆軽量 自転車 ほぼ新品🎁⭐,"ほぼ新品な状態でお譲りします。お値段は21,800円になります。トレーニングですので気になる方はご検討ください。",21800,スポーツ
L00005,２７ｃｍ   シューズ   状態良好🔥🔥,<b>状態良好な状態でお譲りします。お値段は８５００ 円になります。軽量ですので気になる方はご検討ください。</b>,8500,スポーツ
L03334,硬式 付属品あり used💯💯,usedな状態でお譲りします。お値段は2400yenになります。屋外用ですので気になる方はご検討ください。,2400,スポーツ
L02073,【送料無料】即決 画集 難あり,"難ありな状態でお譲りします。お値段は29,500円になります。サイン入りですので気になる方はご検討ください。",29500,本・音楽
L04854,!!値下げしました!!リモコン付 洗濯機 ｕｓｅｄ⭐,"&nbsp;電子レンジです。ｕｓｅｄ。５,８００円。インバーター。</b>",5800,家電
L00950,自宅保管 ダンベル 美品,<b>ダンベルです。美品。¥１３２００。自宅保管。</b>,13200,スポーツ
L00614,美品 まとめ売り 状態良好,状態良好な状態でお譲りします。お値段は¥34600になります。美品ですので気になる方はご検討ください。,34600,ホビー
L04134,塗装済 ｼﾞｬﾝｸ品 ほぼ新品✨,&nbsp;ほぼ新品な状態でお譲りします。お値段は¥23500になります。軽量ですので気になる方はご検討ください。<br>,23500,ホビー
L04784,値下げ交渉可 掃除機 美品🎁🔥,"<b>冷蔵庫です。美品。3,800円。即決。</b>",3800,家電
L01306,※返品不可リモコン付   スピーカー   難あり,<b>難ありな状態でお譲りします。お値段は２４９００ 円になります。省エネですので気になる方はご検討ください。</b>,24900,家電
L03567,メンズ ジャケット 状態良好⭐,<b>ブーツです。状態良好。21000 円。メンズ。<br>,21000,ファッション
L01750,《まとめ買い歓迎》美品 ｽﾊﾟｲｸ 美品,美品な状態でお譲りします。お値段は24300 円になります。軽量ですので気になる方はご検討ください。,24300,スポーツ
L03426,!!値下げしました!!箱あり 本体のみ 難あり,"難ありな状態でお譲りします。お値段は２１,９００円になります。新生児ですので気になる方はご検討ください。",21900,ベビー・キッズ
L02828,初回特典 ラジコン ｕｓｅｄ⭐⭐,&nbsp;ｕｓｅｄな状態でお譲りします。お値段は２５２００ｙｅｎになります。初回特典ですので気になる方はご検討ください。&amp;,25200,ホビー
L01338,!!値下げしました!!軽量 訳あり品 美品,美品な状態でお譲りします。お値段は38200yenになります。ペットなしですので気になる方はご検討ください。,38200,スポーツ
L01124,軽量   バッグ   傷あり💯⭐,<b>デニムです。傷あり。¥３７６００。ヴィンテージ。</b>,37600,ファッション
L00156,動作確認済 参考書 難あり,難ありな状態でお譲りします。お値段は33900 円になります。取説付ですので気になる方はご検討ください。,33900,本・音楽
L00317,厚底 帽子 傷あり,<b>傷ありな状態でお譲りします。お値段は8900yenになります。即決ですので気になる方はご検討ください。&amp;,8900,ファッション
L04314,◆匿名配送◆初版 写真集 傷あり,"雑誌です。傷あり。7,100円。取説付。",7100,本・音楽
L03114,自宅保管 訳あり品 難あり,"難ありな状態でお譲りします。お値段は10,200円になります。美品ですので気になる方はご検討ください。",10200,ホビー
L03141,塗装済 ジャンク品 used,<br>usedな状態でお譲りします。お値段は2700yenになります。コレクションですので気になる方はご検討ください。</b>,2700,ホビー
L03931,即決 空気清浄機 美品,美品な状態でお譲りします。お値段は5200yenになります。4Kですので気になる方はご検討ください。,5200,家電
L00831,即決 一式 難あり⭐💯,<br>難ありな状態でお譲りします。お値段は26500yenになります。取説付ですので気になる方はご検討ください。&amp;,26500,ホビー
L00661,《まとめ買い歓迎》箱あり 詰め合わせ 傷あり🔥🎁💯,傷ありな状態でお譲りします。お値段は¥25900になります。廃盤ですので気になる方はご検討ください。,25900,本・音楽
L04554,古着 ｽﾆｰｶｰ 難あり,<b>スニーカーです。難あり。17300 円。ペットなし。&amp;,17300,ファッション
L00176,◆匿名配送◆1/144 写真集 used,usedな状態でお譲りします。お値段は¥24700になります。1/144ですので気になる方はご検討ください。,24700,ホビー
L04818,★即日発送★取説付 シャツ 状態良好⭐✨,状態良好な状態でお譲りします。お値段は¥２７０００になります。Ｍサイズですので気になる方はご検討ください。,27000,ファッション
L01265,◆匿名配送◆２７ｃｍ ラケット 難あり,&nbsp;難ありな状態でお譲りします。お値段は４７００ｙｅｎになります。トレーニングですので気になる方はご検討ください。</b>,4700,スポーツ
L01048,古着   シャツ   傷あり,"<b>バッグです。傷あり。２９,７００円。古着。<br>",29700,ファッション
L01152,◆匿名配送◆1/144 セット 傷あり,"<b>傷ありな状態でお譲りします。お値段は10,900円になります。ペットなしですので気になる方はご検討ください。</b>",10900,ホビー
L02836,※返品不可古着   デニム   used,"&nbsp;usedな状態でお譲りします。お値段は17,300円になります。レディースですので気になる方はご検討ください。</b>",17300,ファッション
L04272,硬式   訳あり品   状態良好,状態良好な状態でお譲りします。お値段は12500yenになります。部活ですので気になる方はご検討ください。,12500,スポーツ
L04692,名盤 まとめ売り used,<b>usedな状態でお譲りします。お値段は¥12700になります。名盤ですので気になる方はご検討ください。<br>,12700,本・音楽
L04660,取説付   炊飯器   状態良好,エアコンです。状態良好。¥16700。インバーター。,16700,家電
L01888,廃盤 ジャンク品 状態良好,&nbsp;状態良好な状態でお譲りします。お値段は1100yenになります。名盤ですので気になる方はご検討ください。<br>,1100,本・音楽
L00201,4K エアコン used,<b>usedな状態でお譲りします。お値段は3400 円になります。節電ですので気になる方はご検討ください。<br>,3400,家電
L00098,屋外用 まとめ売り 美品,<br>美品な状態でお譲りします。お値段は¥１８００になります。屋外用ですので気になる方はご検討ください。<br>,1800,スポーツ
L02917,ＴＶ   洗濯機   ほぼ新品💯,&nbsp;電子レンジです。ほぼ新品。１５００ 円。節電。<br>,1500,家電
L03049,※返品不可即決 ﾍﾞﾋﾞｰ服 used⭐🎁,<br>usedな状態でお譲りします。お値段は¥18100になります。美品ですので気になる方はご検討ください。</b>,18100,ベビー・キッズ
L04501,自宅保管   ｽﾋﾟｰｶｰ   美品,美品な状態でお譲りします。お値段は16800yenになります。TVですので気になる方はご検討ください。,16800,家電
L04423,《まとめ買い歓迎》喫煙者なし   ｾｯﾄ   美品,<br>美品な状態でお譲りします。お値段は¥22600になります。レディースですので気になる方はご検討ください。<br>,22600,ファッション
L03956,【送料無料】軽量 ランニングシューズ 美品💯🎁,美品な状態でお譲りします。お値段は600 円になります。喫煙者なしですので気になる方はご検討ください。,600,スポーツ
L00036,《まとめ買い歓迎》動作確認済 詰め合わせ ほぼ新品⭐,&nbsp;ほぼ新品な状態でお譲りします。お値段は¥38400になります。喫煙者なしですので気になる方はご検討ください。&amp;,38400,家電
L02440,自宅保管 訳あり品 状態良好,状態良好な状態でお譲りします。お値段は３２８００ｙｅｎになります。リモコン付ですので気になる方はご検討ください。,32800,家電
L02175,※返品不可初回特典 パズル 美品,<b>美品な状態でお譲りします。お値段は¥14300になります。初回特典ですので気になる方はご検討ください。&amp;,14300,ホビー
L04892,★即日発送★節電   ドライヤー   難あり⭐🔥,難ありな状態でお譲りします。お値段は35800yenになります。インバーターですので気になる方はご検討ください。,35800,家電
L00103,《まとめ買い歓迎》節電   冷蔵庫   難あり,<b>難ありな状態でお譲りします。お値段は¥２１５００になります。ペットなしですので気になる方はご検討ください。</b>,21500,家電
L00748,《まとめ買い歓迎》省ｴﾈ 空気清浄機 状態良好,<b>洗濯機です。状態良好。２５００ 円。節電。&amp;,2500,家電
L02425,◆匿名配送◆美品 セット 傷あり,<b>傷ありな状態でお譲りします。お値段は¥400になります。部活ですので気になる方はご検討ください。</b>,400,スポーツ
L02269,!!値下げしました!!塗装済 ﾎﾞｰﾄﾞｹﾞｰﾑ 難あり,"ラジコンです。難あり。34,600円。ペットなし。",34600,ホビー
L02389,ヴィﾝﾃｰｼﾞ   ｼｬﾂ   傷あり🎁,シャツです。傷あり。¥16700。ヴィンテージ。,16700,ファッション
L00021,《まとめ買い歓迎》全巻   まとめ売り   used🔥,usedな状態でお譲りします。お値段は¥37900になります。喫煙者なしですので気になる方はご検討ください。,37900,本・音楽
L02982,!!値下げしました!!動作確認済 ワンピース 傷あり,スニーカーです。傷あり。2100 円。ヴィンテージ。,2100,ファッション
L01648,Ｍサイズ 中古品 美品,&nbsp;美品な状態でお譲りします。お値段は¥２１１００になります。自宅保管ですので気になる方はご検討ください。&amp;,21100,ファッション
L00445,美品   ｼﾞｬｹｯﾄ   難あり,難ありな状態でお譲りします。お値段は2200yenになります。ヴィンテージですので気になる方はご検討ください。,2200,ファッション
L00824,★即日発送★洗える 抱っこ紐 状態良好⭐,<br>状態良好な状態でお譲りします。お値段は１３３００ｙｅｎになります。ペットなしですので気になる方はご検討ください。<br>,13300,ベビー・キッズ
L00141,【最終値下げ】自宅保管   洗濯機   used,<b>usedな状態でお譲りします。お値段は4500yenになります。省エネですので気になる方はご検討ください。&amp;,4500,家電
L02861,【送料無料】取説付 ｽﾊﾟｲｸ 美品💯✨🔥,美品な状態でお譲りします。お値段は８１００ 円になります。屋外用ですので気になる方はご検討ください。,8100,スポーツ
L04419,!!値下げしました!!ペットなし 中古品 美品,"美品な状態でお譲りします。お値段は30,400円になります。名盤ですので気になる方はご検討ください。",30400,本・音楽
L01991,【送料無料】ヴィンテージ 帽子 ほぼ新品,帽子です。ほぼ新品。２８２００ 円。メンズ。,28200,ファッション
L04744,27cm   ﾗｹｯﾄ   傷あり,傷ありな状態でお譲りします。お値段は26900yenになります。部活ですので気になる方はご検討ください。,26900,スポーツ
L00811,《まとめ買い歓迎》自宅保管 トレカ 傷あり,"<br>トレカです。傷あり。22,500円。限定版。</b>",22500,ホビー
L01389,全巻 ｾｯﾄ 難あり,<b>難ありな状態でお譲りします。お値段は¥24300になります。動作確認済ですので気になる方はご検討ください。<br>,24300,本・音楽
L02219,《まとめ買い歓迎》美品 冷蔵庫 美品,&nbsp;炊飯器です。美品。13900 円。4K。</b>,13900,家電
L03284,部活 本体のみ 美品,美品な状態でお譲りします。お値段は２８５００ｙｅｎになります。トレーニングですので気になる方はご検討ください。,28500,スポーツ
L04802,《まとめ買い歓迎》値下げ交渉可 詰め合わせ 美品,美品な状態でお譲りします。お値段は２４４００ 円になります。節電ですので気になる方はご検討ください。,24400,家電
L04853,ﾚﾃﾞィｰｽ 訳あり品 傷あり✨⭐💯,<b>傷ありな状態でお譲りします。お値段は38500 円になります。メンズですので気になる方はご検討ください。</b>,38500,ファッション
L01015,★即日発送★4K 本体のみ 状態良好✨🎁⭐,<br>状態良好な状態でお譲りします。お値段は34100yenになります。4Kですので気になる方はご検討ください。</b>,34100,家電
L01524,美品   ｼﾞｬﾝｸ品   ほぼ新品,<br>ほぼ新品な状態でお譲りします。お値段は25700 円になります。箱ありですので気になる方はご検討ください。</b>,25700,ホビー
L03324,《まとめ買い歓迎》軽量 ラケット ｕｓｅｄ⭐⭐🎁,"&nbsp;ｕｓｅｄな状態でお譲りします。お値段は１８,６００円になります。軽量ですので気になる方はご検討ください。&amp;",18600,スポーツ
L01086,※返品不可安全基準適合 ﾍﾞﾋﾞｰｶｰ 難あり,&nbsp;チャイルドシートです。難あり。31600yen。自宅保管。&amp;,31600,ベビー・キッズ
L00120,レディース   ジャケット   used,"<br>シューズです。used。24,700円。レディース。<br>",24700,ファッション
L00881,インバーター 炊飯器 美品,美品な状態でお譲りします。お値段は29600yenになります。静音ですので気になる方はご検討ください。,29600,家電
L03822,塗装済 付属品あり 状態良好⭐💯,状態良好な状態でお譲りします。お値段は¥3700になります。未開封ですので気になる方はご検討ください。,3700,ホビー
L01883,!!値下げしました!!洗える 哺乳瓶 難あり,難ありな状態でお譲りします。お値段は¥5600になります。新生児ですので気になる方はご検討ください。,5600,ベビー・キッズ
L01686,★即日発送★未開封 ラジコン 傷あり🎁⭐🎁,&nbsp;傷ありな状態でお譲りします。お値段は20800yenになります。ペットなしですので気になる方はご検討ください。&amp;,20800,ホビー
L02319,★即日発送★軽量 まとめ売り 状態良好,"<b>状態良好な状態でお譲りします。お値段は33,600円になります。動作確認済ですので気になる方はご検討ください。&amp;",33600,家電
L01490,自宅保管   掃除機   傷あり⭐🎁,傷ありな状態でお譲りします。お値段は¥３２７００になります。値下げ交渉可ですので気になる方はご検討ください。,32700,家電
L00779,★即日発送★箱あり 洗濯機 傷あり,<b>冷蔵庫です。傷あり。17800 円。リモコン付。</b>,17800,家電
L03710,【最終値下げ】喫煙者なし 単行本 美品💯🎁💯,<br>スピーカーです。美品。36100yen。初版。&amp;,36100,本・音楽
L04337,※返品不可即決 詰め合わせ 傷あり,"傷ありな状態でお譲りします。お値段は16,700円になります。廃盤ですので気になる方はご検討ください。",16700,本・音楽
L00848,★即日発送★ペットなし まとめ売り 状態良好🎁💯✨,<b>状態良好な状態でお譲りします。お値段は18500 円になります。軽量ですので気になる方はご検討ください。</b>,18500,家電
L04298,4K   炊飯器   傷あり,傷ありな状態でお譲りします。お値段は¥25200になります。インバーターですので気になる方はご検討ください。,25200,家電
L00016,インバーター エアコン ほぼ新品⭐✨,"電子レンジです。ほぼ新品。26,300円。インバーター。",26300,家電
L04112,取説付 冷蔵庫 傷あり,傷ありな状態でお譲りします。お値段は¥38000になります。動作確認済ですので気になる方はご検討ください。,38000,家電
L00480,安全基準適合   ベビーカー   used✨⭐🔥,<br>絵本です。used。¥37900。新生児。<br>,37900,ベビー・キッズ
L02728,【最終値下げ】箱あり スパイク 状態良好,グローブです。状態良好。¥24000。トレーニング。,24000,スポーツ
L00712,※返品不可即決 中古品 used,usedな状態でお譲りします。お値段は19900 円になります。安全基準適合ですので気になる方はご検討ください。,19900,ベビー・キッズ
L00271,リモコン付   付属品あり   ほぼ新品🎁💯✨,ほぼ新品な状態でお譲りします。お値段は38200 円になります。インバーターですので気になる方はご検討ください。,38200,家電
L02234,!!値下げしました!!軽量   ｸﾞﾛｰﾌﾞ   ｕｓｅｄ🔥✨,自転車です。ｕｓｅｄ。２６７００ｙｅｎ。軽量。,26700,スポーツ
L02025,《まとめ買い歓迎》ヴィンテージ 付属品あり 美品✨,"<b>美品な状態でお譲りします。お値段は22,300円になります。軽量ですので気になる方はご検討ください。&amp;",22300,ファッション
L03652,!!値下げしました!!4K 中古品 美品,"美品な状態でお譲りします。お値段は3,300円になります。節電ですので気になる方はご検討ください。",3300,家電
L03338,★即日発送★ﾒﾝｽﾞ ｽﾆｰｶｰ used,"<br>usedな状態でお譲りします。お値段は32,200円になります。厚底ですので気になる方はご検討ください。<br>",32200,ファッション
L02989,《まとめ買い歓迎》省エネ 空気清浄機 傷あり⭐💯,"傷ありな状態でお譲りします。お値段は21,500円になります。TVですので気になる方はご検討ください。",21500,家電
L00022,【送料無料】箱あり 単行本 傷あり,"<br>傷ありな状態でお譲りします。お値段は21,200円になります。美品ですので気になる方はご検討ください。<br>",21200,本・音楽
L03006,硬式 シューズ 状態良好💯⭐⭐,<br>シューズです。状態良好。¥２０３００。硬式。</b>,20300,スポーツ
L01532,動作確認済 シャツ ほぼ新品,<b>ほぼ新品な状態でお譲りします。お値段は¥39000になります。ペットなしですので気になる方はご検討ください。&amp;,39000,ファッション
L02303,硬式 本体のみ 状態良好🔥⭐,"&nbsp;状態良好な状態でお譲りします。お値段は11,800円になります。動作確認済ですので気になる方はご検討ください。<br>",11800,スポーツ
L03992,部活 詰め合わせ used🎁🔥✨,&nbsp;usedな状態でお譲りします。お値段は29500 円になります。動作確認済ですので気になる方はご検討ください。<br>,29500,スポーツ
L01065,※返品不可軽量 ワンピース 美品,<br>デニムです。美品。25700 円。自宅保管。&amp;,25700,ファッション
L02693,美品 中古品 美品,"<b>美品な状態でお譲りします。お値段は３３,２００円になります。静音ですので気になる方はご検討ください。&amp;",33200,家電
L03667,ﾍﾟｯﾄなし まとめ売り 状態良好,"状態良好な状態でお譲りします。お値段は17,600円になります。取説付ですので気になる方はご検討ください。",17600,ホビー
L04117,即決 詰め合わせ 傷あり✨🎁✨,<b>傷ありな状態でお譲りします。お値段は35500 円になります。取説付ですので気になる方はご検討ください。</b>,35500,本・音楽
L03886,節電 本体のみ ほぼ新品,ほぼ新品な状態でお譲りします。お値段は¥38800になります。インバーターですので気になる方はご検討ください。,38800,家電
L04863,初回特典   中古品   難あり💯,難ありな状態でお譲りします。お値段は¥6500になります。限定版ですので気になる方はご検討ください。,6500,ホビー
L04002,【送料無料】箱あり   写真集   used⭐✨,<b>usedな状態でお譲りします。お値段は¥23100になります。即決ですので気になる方はご検討ください。&amp;,23100,本・音楽
L04615,【最終値下げ】新生児   抱っこ紐   used⭐⭐🎁,<br>usedな状態でお譲りします。お値段は¥26700になります。対象年齢3歳ですので気になる方はご検討ください。<br>,26700,ベビー・キッズ
L03749,古着   一式   美品,<br>美品な状態でお譲りします。お値段は¥18800になります。喫煙者なしですので気になる方はご検討ください。&amp;,18800,ファッション
L03539,《まとめ買い歓迎》塗装済 本体のみ ｕｓｅｄ,<br>ｕｓｅｄな状態でお譲りします。お値段は１７１００ 円になります。箱ありですので気になる方はご検討ください。</b>,17100,ホビー
L03733,未開封 トレカ 状態良好,画材です。状態良好。18200 円。値下げ交渉可。,18200,ホビー
L02399,レディース 中古品 傷あり,傷ありな状態でお譲りします。お値段は２４５００ｙｅｎになります。即決ですので気になる方はご検討ください。,24500,ファッション
L00959,◆匿名配送◆初回特典 フィギュア ｕｓｅｄ,ｕｓｅｄな状態でお譲りします。お値段は¥７５００になります。初回特典ですので気になる方はご検討ください。,7500,ホビー
L04978,初版 参考書 美品,"美品な状態でお譲りします。お値段は３,８００円になります。帯付きですので気になる方はご検討ください。",3800,本・音楽
L04606,２７ｃｍ 詰め合わせ ほぼ新品,"ほぼ新品な状態でお譲りします。お値段は３６,９００円になります。動作確認済ですので気になる方はご検討ください。",36900,スポーツ
L02544,【最終値下げ】ペットなし ラジコン 傷あり🎁🔥,"写真集です。傷あり。35,700円。自宅保管。",35700,ホビー
L00065,《まとめ買い歓迎》即決 画材 状態良好,写真集です。状態良好。¥23500。自宅保管。,23500,ホビー
L01035,【送料無料】屋外用 自転車 used,usedな状態でお譲りします。お値段は33800yenになります。27cmですので気になる方はご検討ください。,33800,スポーツ
L01311,【送料無料】箱あり セット ほぼ新品,"<b>ほぼ新品な状態でお譲りします。お値段は２,９００円になります。帯付きですので気になる方はご検討ください。</b>",2900,本・音楽
L00968,【最終値下げ】厚底 帽子 ほぼ新品🔥🎁🔥,"<br>ほぼ新品な状態でお譲りします。お値段は34,800円になります。メンズですので気になる方はご検討ください。&amp;",34800,ファッション
L01928,サイン入り 一式 ｕｓｅｄ,ｕｓｅｄな状態でお譲りします。お値段は２６００ 円になります。全巻ですので気になる方はご検討ください。,2600,本・音楽
L04310,ペットなし   空気清浄機   状態良好,<b>状態良好な状態でお譲りします。お値段は２１８００ 円になります。喫煙者なしですので気になる方はご検討ください。&amp;,21800,家電
L02075,★即日発送★リモコン付 炊飯器 傷あり,傷ありな状態でお譲りします。お値段は２０５００ 円になります。動作確認済ですので気になる方はご検討ください。,20500,家電
L02205,厚底   付属品あり   状態良好,&nbsp;状態良好な状態でお譲りします。お値段は9000 円になります。レディースですので気になる方はご検討ください。<br>,9000,ファッション
L01584,【最終値下げ】取説付 シューズ 傷あり,傷ありな状態でお譲りします。お値段は35300yenになります。軽量ですので気になる方はご検討ください。,35300,スポーツ
L01695,!!値下げしました!!古着   セット   状態良好🎁🎁,状態良好な状態でお譲りします。お値段は¥1000になります。ヴィンテージですので気になる方はご検討ください。,1000,ファッション
L03746,◆匿名配送◆廃盤 写真集 傷あり💯,<br>画集です。傷あり。37700 円。サイン入り。</b>,37700,本・音楽
L01537,※返品不可ヴィﾝﾃｰｼﾞ ｺｰﾄ used,"スニーカーです。used。21,900円。厚底。",21900,ファッション
L00717,【送料無料】省エネ まとめ売り used,usedな状態でお譲りします。お値段は15100yenになります。箱ありですので気になる方はご検討ください。,15100,家電
L04441,★即日発送★箱あり   ｾｯﾄ   used,<br>usedな状態でお譲りします。お値段は¥28400になります。厚底ですので気になる方はご検討ください。</b>,28400,ファッション
L01993,!!値下げしました!!1/144 パズル 状態良好,<b>状態良好な状態でお譲りします。お値段は¥12600になります。限定版ですので気になる方はご検討ください。</b>,12600,ホビー
L00936,美品 ジャケット ほぼ新品,<b>ほぼ新品な状態でお譲りします。お値段は22600yenになります。レディースですので気になる方はご検討ください。</b>,22600,ファッション
L01067,初回特典 写真集 状態良好,状態良好な状態でお譲りします。お値段は¥3500になります。自宅保管ですので気になる方はご検討ください。,3500,ホビー
L01845,◆匿名配送◆全巻 楽譜 ほぼ新品,"&nbsp;ほぼ新品な状態でお譲りします。お値段は12,100円になります。帯付きですので気になる方はご検討ください。</b>",12100,本・音楽
L02628,美品 空気清浄機 難あり,イヤホンです。難あり。６０００ｙｅｎ。美品。,6000,家電
L03098,取説付 ダンベル 美品,シューズです。美品。39200yen。箱あり。,39200,スポーツ
L04274,喫煙者なし ジャケット 傷あり🎁✨,<b>ワンピースです。傷あり。6700 円。ヴィンテージ。</b>,6700,ファッション
L00298,※返品不可未開封 フィギュア ほぼ新品,<b>画材です。ほぼ新品。20000 円。即決。<br>,20000,ホビー
L03155,ＴＶ ドライヤー ｕｓｅｄ,炊飯器です。ｕｓｅｄ。¥９５００。省エネ。,9500,家電
L00035,★即日発送★廃盤 雑誌 美品,"&nbsp;文庫本です。美品。17,500円。サイン入り。&amp;",17500,本・音楽
L03691,★即日発送★廃盤 一式 美品⭐✨🎁,美品な状態でお譲りします。お値段は34300yenになります。全巻ですので気になる方はご検討ください。,34300,本・音楽
L03686,古着 本体のみ 状態良好,状態良好な状態でお譲りします。お値段は¥15100になります。厚底ですので気になる方はご検討ください。,15100,ファッション
L00567,★即日発送★喫煙者なし 訳あり品 傷あり,"&nbsp;傷ありな状態でお譲りします。お値段は１７,３００円になります。即決ですので気になる方はご検討ください。</b>",17300,スポーツ
L03314,TV スピーカー 難あり,<b>洗濯機です。難あり。9500yen。節電。</b>,9500,家電
L00677,喫煙者なし ベビーカー 難あり,おもちゃです。難あり。1900yen。美品。,1900,ベビー・キッズ
L00285,◆匿名配送◆ヴィﾝﾃｰｼﾞ ｼｭｰｽﾞ 傷あり,傷ありな状態でお譲りします。お値段は34100 円になります。動作確認済ですので気になる方はご検討ください。,34100,ファッション
L02315,4K ｲﾔﾎﾝ 状態良好,&nbsp;電子レンジです。状態良好。¥5900。静音。</b>,5900,家電
L02236,!!値下げしました!!リモコン付 エアコン ほぼ新品,ほぼ新品な状態でお譲りします。お値段は38300yenになります。リモコン付ですので気になる方はご検討ください。,38300,家電
L04969,!!値下げしました!!リモコン付 イヤホン 美品,スピーカーです。美品。37900yen。TV。,37900,家電
L03855,ＴＶ   中古品   美品,美品な状態でお譲りします。お値段は１８６００ 円になります。インバーターですので気になる方はご検討ください。,18600,家電
L02660,!!値下げしました!!値下げ交渉可 ブーツ 美品,美品な状態でお譲りします。お値段は22100yenになります。メンズですので気になる方はご検討ください。,22100,ファッション
L04597,《まとめ買い歓迎》節電 ドライヤー 美品,<br>スピーカーです。美品。¥2800。インバーター。&amp;,2800,家電
L01727,TV 電子ﾚﾝｼﾞ 傷あり,"<br>冷蔵庫です。傷あり。26,100円。リモコン付。&amp;",26100,家電
L02759,【最終値下げ】取説付   詰め合わせ   状態良好,状態良好な状態でお譲りします。お値段は¥32000になります。未開封ですので気になる方はご検討ください。,32000,ホビー
L02504,帯付き 参考書 ｕｓｅｄ,<br>ｕｓｅｄな状態でお譲りします。お値段は¥７８００になります。全巻ですので気になる方はご検討ください。</b>,7800,本・音楽
L03614,帯付き 中古品 ほぼ新品,"<b>ほぼ新品な状態でお譲りします。お値段は38,300円になります。全巻ですので気になる方はご検討ください。<br>",38300,本・音楽
L04099,箱あり 単行本 傷あり💯✨💯,&nbsp;スピーカーです。傷あり。¥４００。初版。</b>,400,本・音楽
L01815,取説付 ジャケット 状態良好,スニーカーです。状態良好。¥28500。厚底。,28500,ファッション
L00319,《まとめ買い歓迎》4K エアコン 傷あり,<br>傷ありな状態でお譲りします。お値段は20600yenになります。ペットなしですので気になる方はご検討ください。&amp;,20600,家電
L04436,《まとめ買い歓迎》箱あり 訳あり品 used,"usedな状態でお譲りします。お値段は28,300円になります。即決ですので気になる方はご検討ください。",28300,スポーツ
L00452,※返品不可取説付 ｼｬﾂ 美品,ジャケットです。美品。８１００ｙｅｎ。古着。,8100,ファッション
L00925,硬式 詰め合わせ 美品,美品な状態でお譲りします。お値段は¥21900になります。箱ありですので気になる方はご検討ください。,21900,スポーツ
L04700,!!値下げしました!!喫煙者なし   一式   状態良好,状態良好な状態でお譲りします。お値段は¥13900になります。取説付ですので気になる方はご検討ください。,13900,家電
L02769,【送料無料】美品 ﾍﾞﾋﾞｰｶｰ ほぼ新品,"哺乳瓶です。ほぼ新品。25,700円。動作確認済。",25700,ベビー・キッズ
L00251,《まとめ買い歓迎》厚底   一式   used⭐💯🔥,usedな状態でお譲りします。お値段は23500yenになります。古着ですので気になる方はご検討ください。,23500,ファッション
L04870,箱あり レコード 難あり,"写真集です。難あり。9,900円。サイン入り。",9900,本・音楽
L03983,※返品不可限定版 フィギュア 難あり🔥,"<b>ラジコンです。難あり。22,500円。1/144。<br>",22500,ホビー
L04896,初回特典 トレカ ほぼ新品,&nbsp;パズルです。ほぼ新品。400yen。自宅保管。</b>,400,ホビー
L00139,即決 本体のみ 美品,美品な状態でお譲りします。お値段は11200 円になります。初版ですので気になる方はご検討ください。,11200,本・音楽
L03461,動作確認済 デニム 難あり,"&nbsp;難ありな状態でお譲りします。お値段は5,000円になります。軽量ですので気になる方はご検討ください。<br>",5000,ファッション
L01838,★即日発送★喫煙者なし 冷蔵庫 傷あり✨,<br>炊飯器です。傷あり。３３６００ 円。即決。&amp;,33600,家電
L03603,《まとめ買い歓迎》対象年齢3歳   ベビーカー   ほぼ新品,"<br>ほぼ新品な状態でお譲りします。お値段は14,200円になります。軽量ですので気になる方はご検討ください。<br>",14200,ベビー・キッズ
L00928,硬式 ｾｯﾄ 状態良好,&nbsp;状態良好な状態でお譲りします。お値段は33100yenになります。取説付ですので気になる方はご検討ください。&amp;,33100,スポーツ
L02818,★即日発送★部活 ウェア ほぼ新品,自転車です。ほぼ新品。31200 円。27cm。,31200,スポーツ
L02615,!!値下げしました!!厚底 付属品あり 難あり💯💯,&nbsp;難ありな状態でお譲りします。お値段は36700yenになります。レディースですので気になる方はご検討ください。<br>,36700,ファッション
L03630,省エネ エアコン 美品,"&nbsp;美品な状態でお譲りします。お値段は２３,５００円になります。ＴＶですので気になる方はご検討ください。&amp;",23500,家電
L02014,即決 デニム 状態良好,"&nbsp;状態良好な状態でお譲りします。お値段は３０,３００円になります。ヴィンテージですので気になる方はご検討ください。&amp;",30300,ファッション
L04342,【送料無料】取説付 中古品 難あり⭐✨⭐,<br>難ありな状態でお譲りします。お値段は17800yenになります。メンズですので気になる方はご検討ください。</b>,17800,ファッション
L01302,【最終値下げ】箱あり シューズ used⭐🎁,ワンピースです。used。¥1400。メンズ。,1400,ファッション
L00168,!!値下げしました!!ﾒﾝｽﾞ ｺｰﾄ 傷あり,"コートです。傷あり。10,900円。厚底。",10900,ファッション
L04394,部活 ヨガマット 難あり⭐🔥,"シューズです。難あり。17,300円。トレーニング。",17300,スポーツ
L02040,!!値下げしました!!TV 冷蔵庫 難あり,洗濯機です。難あり。¥14700。4K。,14700,家電
L02764,軽量   中古品   ほぼ新品,&nbsp;ほぼ新品な状態でお譲りします。お値段は１９３００ 円になります。インバーターですので気になる方はご検討ください。<br>,19300,家電
L00894,自宅保管 中古品 used,"<b>usedな状態でお譲りします。お値段は1,700円になります。美品ですので気になる方はご検討ください。<br>",1700,ホビー
L02587,◆匿名配送◆硬式 ランニングシューズ 美品,<b>スパイクです。美品。16700 円。即決。<br>,16700,スポーツ
L03994,値下げ交渉可 シューズ 難あり,ウェアです。難あり。¥７０００。屋外用。,7000,スポーツ
L02841,《まとめ買い歓迎》ｲﾝﾊﾞｰﾀｰ   付属品あり   used,usedな状態でお譲りします。お値段は¥5000になります。取説付ですので気になる方はご検討ください。,5000,家電
L03171,ｻｲﾝ入り 文庫本 ほぼ新品,文庫本です。ほぼ新品。21800yen。初版。,21800,本・音楽
L02635,【最終値下げ】ヴィンテージ   シャツ   ほぼ新品,<br>コートです。ほぼ新品。32600 円。レディース。</b>,32600,ファッション
L04981,自宅保管 スパイク 傷あり,"ダンベルです。傷あり。5,500円。軽量。",5500,スポーツ
L03665,《まとめ買い歓迎》ペットなし   訳あり品   状態良好,"<b>状態良好な状態でお譲りします。お値段は8,000円になります。初回特典ですので気になる方はご検討ください。&amp;",8000,ホビー
L04391,《まとめ買い歓迎》メンズ   シャツ   状態良好,"状態良好な状態でお譲りします。お値段は34,500円になります。動作確認済ですので気になる方はご検討ください。",34500,ファッション
L03022,4K 電子レンジ 美品,美品な状態でお譲りします。お値段は12900yenになります。値下げ交渉可ですので気になる方はご検討ください。,12900,家電
L01364,省ｴﾈ 洗濯機 ほぼ新品,&nbsp;ほぼ新品な状態でお譲りします。お値段は24700 円になります。インバーターですので気になる方はご検討ください。</b>,24700,家電
L03894,【最終値下げ】喫煙者なし ｼﾞｬﾝｸ品 難あり,<b>難ありな状態でお譲りします。お値段は１０３００ 円になります。取説付ですので気になる方はご検討ください。<br>,10300,ファッション
L03186,軽量 ヨガマット used✨,usedな状態でお譲りします。お値段は19300 円になります。トレーニングですので気になる方はご検討ください。,19300,スポーツ
L04011,名盤 中古品 難あり,難ありな状態でお譲りします。お値段は¥３５４００になります。帯付きですので気になる方はご検討ください。,35400,本・音楽
L01027,ﾒﾝｽﾞ 本体のみ 難あり⭐💯,難ありな状態でお譲りします。お値段は¥7900になります。レディースですので気になる方はご検討ください。,7900,ファッション
L02447,《まとめ買い歓迎》即決 掃除機 美品,"空気清浄機です。美品。29,800円。節電。",29800,家電
L02464,古着 ｼﾞｬｹｯﾄ 状態良好,&nbsp;状態良好な状態でお譲りします。お値段は15400yenになります。喫煙者なしですので気になる方はご検討ください。&amp;,15400,ファッション
L04952,★即日発送★古着 ジャンク品 状態良好,&nbsp;状態良好な状態でお譲りします。お値段は３９６００ｙｅｎになります。値下げ交渉可ですので気になる方はご検討ください。&amp;,39600,ファッション
L02843,【送料無料】軽量 ベビー服 美品,美品な状態でお譲りします。お値段は22500 円になります。軽量ですので気になる方はご検討ください。,22500,ベビー・キッズ
L03761,《まとめ買い歓迎》初版 画集 ほぼ新品,<b>画集です。ほぼ新品。¥18600。即決。<br>,18600,本・音楽
L02864,【送料無料】値下げ交渉可 ｼｭｰｽﾞ 傷あり💯⭐,シャツです。傷あり。７０００ 円。値下げ交渉可。,7000,ファッション
L01041,ｺﾚｸｼｮﾝ 中古品 難あり,難ありな状態でお譲りします。お値段は¥３７８００になります。軽量ですので気になる方はご検討ください。,37800,ホビー
L03814,!!値下げしました!!節電 中古品 傷あり,<b>傷ありな状態でお譲りします。お値段は¥32800になります。自宅保管ですので気になる方はご検討ください。</b>,32800,家電
L01794,喫煙者なし 本体のみ ほぼ新品,<br>ほぼ新品な状態でお譲りします。お値段は16400 円になります。コレクションですので気になる方はご検討ください。</b>,16400,ホビー
L03041,即決 洗濯機 ほぼ新品,電子レンジです。ほぼ新品。２９６００ 円。即決。,29600,家電
L02245,!!値下げしました!!動作確認済 雑誌 ほぼ新品,"&nbsp;雑誌です。ほぼ新品。13,700円。帯付き。</b>",13700,本・音楽
L00165,初回特典 パズル ｕｓｅｄ🔥,<b>ギターです。ｕｓｅｄ。３３７００ｙｅｎ。喫煙者なし。&amp;,33700,ホビー
L00017,初版 参考書 美品,スピーカーです。美品。28800yen。全巻。,28800,本・音楽
L00935,!!値下げしました!!喫煙者なし ｼｭｰｽﾞ 状態良好,シューズです。状態良好。¥31500。メンズ。,31500,ファッション
L03754,!!値下げしました!!帯付き 単行本 難あり,"&nbsp;スピーカーです。難あり。9,700円。廃盤。</b>",9700,本・音楽
L01985,《まとめ買い歓迎》自宅保管 ｸﾞﾛｰﾌﾞ 状態良好,&nbsp;状態良好な状態でお譲りします。お値段は¥33100になります。屋外用ですので気になる方はご検討ください。<br>,33100,スポーツ
L04461,【最終値下げ】軽量 ウェア 傷あり,傷ありな状態でお譲りします。お値段は34800yenになります。硬式ですので気になる方はご検討ください。,34800,スポーツ
L04937,★即日発送★箱あり   ヨガマット   状態良好🎁🔥⭐,<b>ランニングシューズです。状態良好。39800 円。軽量。</b>,39800,スポーツ
L01446,インバーター 中古品 難あり,難ありな状態でお譲りします。お値段は9900 円になります。4Kですので気になる方はご検討ください。,9900,家電
L01000,動作確認済   掃除機   難あり,<b>スピーカーです。難あり。21600 円。節電。</b>,21600,家電
L04646,トレーニング セット 状態良好,&nbsp;状態良好な状態でお譲りします。お値段は¥3500になります。値下げ交渉可ですので気になる方はご検討ください。&amp;,3500,スポーツ
L03368,【送料無料】限定版 写真集 傷あり,写真集です。傷あり。10000 円。動作確認済。,10000,ホビー
L00844,初回特典 一式 used,"usedな状態でお譲りします。お値段は1,800円になります。軽量ですので気になる方はご検討ください。",1800,ホビー
L00775,初回特典   ラジコン   傷あり,<b>傷ありな状態でお譲りします。お値段は７５００ｙｅｎになります。１／１４４ですので気になる方はご検討ください。</b>,7500,ホビー
L04417,★即日発送★喫煙者なし ｼﾞｬﾝｸ品 難あり,難ありな状態でお譲りします。お値段は¥1400になります。メンズですので気になる方はご検討ください。,1400,ファッション
L04516,初版 写真集 used,"usedな状態でお譲りします。お値段は18,600円になります。軽量ですので気になる方はご検討ください。",18600,本・音楽
L02559,トレーニング まとめ売り 状態良好,&nbsp;状態良好な状態でお譲りします。お値段は17100 円になります。軽量ですので気になる方はご検討ください。<br>,17100,スポーツ
L00617,【最終値下げ】省エネ 掃除機 傷あり,<br>傷ありな状態でお譲りします。お値段は¥34300になります。4Kですので気になる方はご検討ください。<br>,34300,家電
L03996,自宅保管   冷蔵庫   美品,"&nbsp;炊飯器です。美品。8,200円。TV。<br>",8200,家電
L01394,◆匿名配送◆値下げ交渉可 本体のみ used,<br>usedな状態でお譲りします。お値段は¥27900になります。美品ですので気になる方はご検討ください。</b>,27900,家電
L04730,!!値下げしました!!軽量   ｷﾞﾀｰ   難あり⭐,難ありな状態でお譲りします。お値段は5000 円になります。初回特典ですので気になる方はご検討ください。,5000,ホビー
L04902,★即日発送★リモコン付 冷蔵庫 ほぼ新品,ほぼ新品な状態でお譲りします。お値段は¥34000になります。静音ですので気になる方はご検討ください。,34000,家電
L02849,箱あり   訳あり品   美品🎁🎁⭐,"美品な状態でお譲りします。お値段は12,300円になります。トレーニングですので気になる方はご検討ください。",12300,スポーツ
L03507,安全基準適合   チャイルドシート   used,チャイルドシートです。used。20700yen。軽量。,20700,ベビー・キッズ
L04332,取説付 中古品 難あり,難ありな状態でお譲りします。お値段は13800yenになります。リモコン付ですので気になる方はご検討ください。,13800,家電
L00375,２７ｃｍ ウェア 難あり,難ありな状態でお譲りします。お値段は８８００ｙｅｎになります。硬式ですので気になる方はご検討ください。,8800,スポーツ
L03447,◆匿名配送◆初回特典 訳あり品 美品,美品な状態でお譲りします。お値段は35400yenになります。動作確認済ですので気になる方はご検討ください。,35400,ホビー
L03396,取説付 ﾄﾞﾗｲﾔｰ used,掃除機です。used。¥28000。箱あり。,28000,家電
L02626,★即日発送★値下げ交渉可 付属品あり 傷あり,傷ありな状態でお譲りします。お値段は¥11700になります。古着ですので気になる方はご検討ください。,11700,ファッション
L00520,ペットなし   バッグ   ほぼ新品🎁🎁💯,"<b>帽子です。ほぼ新品。20,900円。値下げ交渉可。<br>",20900,ファッション
L03533,自宅保管 スピーカー 難あり,難ありな状態でお譲りします。お値段は¥17300になります。インバーターですので気になる方はご検討ください。,17300,家電
L04558,古着 まとめ売り used⭐,usedな状態でお譲りします。お値段は36100 円になります。ヴィンテージですので気になる方はご検討ください。,36100,ファッション
L03937,古着 シャツ 状態良好,状態良好な状態でお譲りします。お値段は¥27200になります。レディースですので気になる方はご検討ください。,27200,ファッション
L03789,帯付き レコード 傷あり🎁🔥🎁,"傷ありな状態でお譲りします。お値段は6,400円になります。廃盤ですので気になる方はご検討ください。",6400,本・音楽
L02964,名盤 雑誌 難あり,レコードです。難あり。１４９００ｙｅｎ。廃盤。,14900,本・音楽
L00513,★即日発送★省エネ   洗濯機   傷あり🎁✨,傷ありな状態でお譲りします。お値段は２９４００ｙｅｎになります。４Ｋですので気になる方はご検討ください。,29400,家電
L00997,◆匿名配送◆トレーニング 自転車 美品,美品な状態でお譲りします。お値段は2700 円になります。トレーニングですので気になる方はご検討ください。,2700,スポーツ
L04750,《まとめ買い歓迎》ヴィンテージ 本体のみ 状態良好,状態良好な状態でお譲りします。お値段は３０７００ｙｅｎになります。厚底ですので気になる方はご検討ください。,30700,ファッション
L03390,《まとめ買い歓迎》インバーター 訳あり品 used,&nbsp;usedな状態でお譲りします。お値段は38700yenになります。リモコン付ですので気になる方はご検討ください。&amp;,38700,家電
L02712,リモコン付 セット ｕｓｅｄ,"<br>ｕｓｅｄな状態でお譲りします。お値段は１,４００円になります。ＴＶですので気になる方はご検討ください。&amp;",1400,家電
L04267,!!値下げしました!!喫煙者なし   パズル   used,&nbsp;usedな状態でお譲りします。お値段は¥3900になります。美品ですので気になる方はご検討ください。</b>,3900,ホビー
L01867,!!値下げしました!!４Ｋ   掃除機   傷あり✨,"&nbsp;傷ありな状態でお譲りします。お値段は４,７００円になります。省エネですので気になる方はご検討ください。<br>",4700,家電
L02079,※返品不可軽量 スパイク ほぼ新品,ダンベルです。ほぼ新品。２９００ 円。硬式。,2900,スポーツ
L01906,【最終値下げ】Ｍサイズ ジャケット ほぼ新品,"帽子です。ほぼ新品。３５,６００円。厚底。",35600,ファッション
L00183,《まとめ買い歓迎》初版 雑誌 難あり,"難ありな状態でお譲りします。お値段は８,０００円になります。名盤ですので気になる方はご検討ください。",8000,本・音楽
L01747,古着 セット 傷あり,傷ありな状態でお譲りします。お値段は300円になります。メンズですので気になる方はご検討ください。,300,ファッション
L00110,!!値下げしました!!未開封 フィギュア 難あり✨✨💯,<b>ラジコンです。難あり。¥20800。取説付。&amp;,20800,ホビー
L00607,部活 中古品 美品💯✨🎁,美品な状態でお譲りします。お値段は18800yenになります。トレーニングですので気になる方はご検討ください。,18800,スポーツ
L00897,未開封 まとめ売り 難あり🔥✨,難ありな状態でお譲りします。お値段は¥3100になります。1/144ですので気になる方はご検討ください。,3100,ホビー
L04911,◆匿名配送◆インバーター ドライヤー ほぼ新品,<b>スピーカーです。ほぼ新品。¥4900。軽量。</b>,4900,家電
L01652,《まとめ買い歓迎》軽量 本体のみ 美品,&nbsp;美品な状態でお譲りします。お値段は３９６００ 円になります。動作確認済ですので気になる方はご検討ください。<br>,39600,家電
L00588,4K 掃除機 状態良好,"電子レンジです。状態良好。38,300円。軽量。",38300,家電
L01617,【送料無料】軽量 詰め合わせ 傷あり,"傷ありな状態でお譲りします。お値段は1,700円になります。部活ですので気になる方はご検討ください。",1700,スポーツ
L02094,!!値下げしました!!静音   エアコン   used,ドライヤーです。used。19000 円。TV。,19000,家電
L03758,※返品不可初版   参考書   難あり,"&nbsp;雑誌です。難あり。13,400円。サイン入り。&amp;",13400,本・音楽
L02834,《まとめ買い歓迎》取説付 まとめ売り 状態良好,状態良好な状態でお譲りします。お値段は¥2800になります。トレーニングですので気になる方はご検討ください。,2800,スポーツ
L00576,【送料無料】Ｍサイズ 詰め合わせ ほぼ新品💯,ほぼ新品な状態でお譲りします。お値段は３４５００ｙｅｎになります。古着ですので気になる方はご検討ください。,34500,ファッション
L04736,動作確認済 詰め合わせ used,"usedな状態でお譲りします。お値段は3,000円になります。1/144ですので気になる方はご検討ください。",3000,ホビー
L04351,取説付 テレビ 難あり,ドライヤーです。難あり。３３４００ｙｅｎ。値下げ交渉可。,33400,家電
L03364,※返品不可軽量   セット   ほぼ新品,<br>ほぼ新品な状態でお譲りします。お値段は28000yenになります。即決ですので気になる方はご検討ください。<br>,28000,スポーツ
L04163,取説付   セット   難あり,"難ありな状態でお譲りします。お値段は5,400円になります。軽量ですので気になる方はご検討ください。",5400,スポーツ
L04148,★即日発送★屋外用 ﾗﾝﾆﾝｸﾞｼｭｰｽﾞ 状態良好⭐🎁,状態良好な状態でお譲りします。お値段は¥21500になります。硬式ですので気になる方はご検討ください。,21500,スポーツ
L03209,美品 ギター 難あり,難ありな状態でお譲りします。お値段は7900 円になります。動作確認済ですので気になる方はご検討ください。,7900,ホビー
L01432,※返品不可洗える 本体のみ 難あり🔥,難ありな状態でお譲りします。お値段は9200 円になります。新生児ですので気になる方はご検討ください。,9200,ベビー・キッズ
L03149,自宅保管 付属品あり 傷あり🎁💯🔥,&nbsp;傷ありな状態でお譲りします。お値段は21900 円になります。美品ですので気になる方はご検討ください。<br>,21900,家電
L03981,★即日発送★美品 ジャンク品 ほぼ新品,<b>ほぼ新品な状態でお譲りします。お値段は28700 円になります。ペットなしですので気になる方はご検討ください。&amp;,28700,ホビー
L02467,◆匿名配送◆軽量 ｽﾊﾟｲｸ 美品💯,"&nbsp;美品な状態でお譲りします。お値段は22,100円になります。動作確認済ですので気になる方はご検討ください。<br>",22100,スポーツ
L01179,コレクション ギター 状態良好🎁,"状態良好な状態でお譲りします。お値段は４,５００円になります。限定版ですので気になる方はご検討ください。",4500,ホビー
L00087,!!値下げしました!!喫煙者なし ｼﾞｬﾝｸ品 ほぼ新品💯⭐,"ほぼ新品な状態でお譲りします。お値段は20,500円になります。美品ですので気になる方はご検討ください。",20500,家電
L00401,◆匿名配送◆TV 電子レンジ used,<br>電子レンジです。used。¥39200。節電。&amp;,39200,家電
L04258,箱あり 付属品あり used,usedな状態でお譲りします。お値段は35000yenになります。節電ですので気になる方はご検討ください。,35000,家電
L00761,喫煙者なし ランニングシューズ used,usedな状態でお譲りします。お値段は¥29100になります。即決ですので気になる方はご検討ください。,29100,スポーツ
L03668,【最終値下げ】値下げ交渉可 デニム used,<br>usedな状態でお譲りします。お値段は31300 円になります。箱ありですので気になる方はご検討ください。&amp;,31300,ファッション
L04695,★即日発送★取説付 炊飯器 美品,<b>炊飯器です。美品。14800yen。節電。</b>,14800,家電
L03125,動作確認済   自転車   傷あり,ダンベルです。傷あり。１０２００ 円。ペットなし。,10200,スポーツ
L03030,★即日発送★喫煙者なし ｽﾊﾟｲｸ 傷あり,"傷ありな状態でお譲りします。お値段は7,900円になります。喫煙者なしですので気になる方はご検討ください。",7900,スポーツ
L04164,未開封 中古品 used,"usedな状態でお譲りします。お値段は18,900円になります。塗装済ですので気になる方はご検討ください。",18900,ホビー
L04069,Ｍサイズ ジャケット 難あり✨🔥✨,"ワンピースです。難あり。３３,４００円。厚底。",33400,ファッション
L04212,《まとめ買い歓迎》ﾒﾝｽﾞ   ﾜﾝﾋﾟｰｽ   美品,<br>バッグです。美品。¥23000。ヴィンテージ。<br>,23000,ファッション
L01624,Mｻｲｽﾞ 訳あり品 状態良好,"状態良好な状態でお譲りします。お値段は33,300円になります。取説付ですので気になる方はご検討ください。",33300,ファッション
L00138,《まとめ買い歓迎》古着 セット 状態良好✨⭐✨,状態良好な状態でお譲りします。お値段は¥20800になります。値下げ交渉可ですので気になる方はご検討ください。,20800,ファッション
L00192,◆匿名配送◆ＴＶ テレビ ほぼ新品,ほぼ新品な状態でお譲りします。お値段は３７３００ｙｅｎになります。インバーターですので気になる方はご検討ください。,37300,家電
L00496,【最終値下げ】サイン入り レコード 難あり,<b>楽譜です。難あり。25900yen。全巻。</b>,25900,本・音楽
L04225,《まとめ買い歓迎》省エネ 炊飯器 難あり💯🔥,"空気清浄機です。難あり。27,800円。ペットなし。",27800,家電
L03468,★即日発送★硬式 付属品あり used,&nbsp;usedな状態でお譲りします。お値段は20600yenになります。軽量ですので気になる方はご検討ください。</b>,20600,スポーツ
L01375,【最終値下げ】美品   レコード   難あり,<b>難ありな状態でお譲りします。お値段は１９７００ｙｅｎになります。ペットなしですので気になる方はご検討ください。&amp;,19700,本・音楽
L03536,【送料無料】ﾍﾟｯﾄなし まとめ売り 難あり💯🎁💯,難ありな状態でお譲りします。お値段は¥17500になります。メンズですので気になる方はご検討ください。,17500,ファッション
L00032,【最終値下げ】未開封   トレカ   used,パズルです。used。16700yen。1/144。,16700,ホビー
L04345,★即日発送★１／１４４ ｷﾞﾀｰ ｕｓｅｄ,<br>ｕｓｅｄな状態でお譲りします。お値段は１７７００ 円になります。限定版ですので気になる方はご検討ください。<br>,17700,ホビー
L04128,【最終値下げ】レディース 中古品 状態良好,状態良好な状態でお譲りします。お値段は¥34500になります。取説付ですので気になる方はご検討ください。,34500,ファッション
L01466,【最終値下げ】全巻 訳あり品 美品⭐🔥💯,&nbsp;美品な状態でお譲りします。お値段は１１０００ 円になります。軽量ですので気になる方はご検討ください。</b>,11000,本・音楽
L01802,《まとめ買い歓迎》箱あり 本体のみ 状態良好🎁🔥,"状態良好な状態でお譲りします。お値段は14,300円になります。静音ですので気になる方はご検討ください。",14300,家電
L03247,動作確認済 詰め合わせ 傷あり💯🔥⭐,&nbsp;傷ありな状態でお譲りします。お値段は２５１００ 円になります。塗装済ですので気になる方はご検討ください。&amp;,25100,ホビー
L02289,【送料無料】帯付き 参考書 美品✨✨🎁,&nbsp;楽譜です。美品。¥21600。帯付き。<br>,21600,本・音楽
L03788,レディース シャツ ほぼ新品⭐⭐🔥,&nbsp;ワンピースです。ほぼ新品。1400yen。厚底。&amp;,1400,ファッション
L04097,メンズ 訳あり品 美品🔥,"<br>美品な状態でお譲りします。お値段は１６,１００円になります。美品ですので気になる方はご検討ください。</b>",16100,ファッション
L04603,初版 ﾚｺｰﾄﾞ 難あり,難ありな状態でお譲りします。お値段は¥35000になります。全巻ですので気になる方はご検討ください。,35000,本・音楽
L03827,【送料無料】箱あり スピーカー used⭐🎁,usedな状態でお譲りします。お値段は26300 円になります。軽量ですので気になる方はご検討ください。,26300,本・音楽
L00079,美品 ギター 難あり,"<br>フィギュアです。難あり。12,600円。1/144。&amp;",12600,ホビー
L01271,※返品不可1/144 ラジコン ほぼ新品,"<br>ギターです。ほぼ新品。8,600円。軽量。<br>",8600,ホビー
L04711,★即日発送★トレーニング 訳あり品 ｕｓｅｄ✨✨🔥,<b>ｕｓｅｄな状態でお譲りします。お値段は１４３００ 円になります。軽量ですので気になる方はご検討ください。</b>,14300,スポーツ
L00092,Mｻｲｽﾞ   ﾜﾝﾋﾟｰｽ   used,"<b>ジャケットです。used。10,800円。レディース。</b>",10800,ファッション
L04539,4K テレビ 難あり,&nbsp;難ありな状態でお譲りします。お値段は6200 円になります。値下げ交渉可ですので気になる方はご検討ください。<br>,6200,家電
L00923,トレーニング   ダンベル   状態良好,"&nbsp;ダンベルです。状態良好。17,700円。トレーニング。</b>",17700,スポーツ
L04889,《まとめ買い歓迎》1/144 付属品あり 傷あり,<b>傷ありな状態でお譲りします。お値段は26700yenになります。喫煙者なしですので気になる方はご検討ください。<br>,26700,ホビー
L01751,ﾘﾓｺﾝ付 訳あり品 ほぼ新品,ほぼ新品な状態でお譲りします。お値段は36200yenになります。4Kですので気になる方はご検討ください。,36200,家電
L03135,取説付 スニーカー ほぼ新品✨🎁,<b>シューズです。ほぼ新品。28800 円。動作確認済。</b>,28800,ファッション
L00013,【送料無料】取説付 ベビーカー 難あり✨⭐⭐,<b>難ありな状態でお譲りします。お値段は¥20900になります。箱ありですので気になる方はご検討ください。</b>,20900,ベビー・キッズ
L00876,美品 帽子 美品,"<br>シューズです。美品。30,800円。Mサイズ。&amp;",30800,ファッション
L03238,【送料無料】27cm ｾｯﾄ 傷あり,傷ありな状態でお譲りします。お値段は¥38700になります。硬式ですので気になる方はご検討ください。,38700,スポーツ
L04476,【最終値下げ】4K 中古品 傷あり,&nbsp;傷ありな状態でお譲りします。お値段は27600 円になります。TVですので気になる方はご検討ください。<br>,27600,家電
L02785,◆匿名配送◆値下げ交渉可 付属品あり 難あり✨⭐⭐,"<br>難ありな状態でお譲りします。お値段は１８,３００円になります。省エネですので気になる方はご検討ください。&amp;",18300,家電
L02105,コレクション 中古品 難あり🎁,"<b>難ありな状態でお譲りします。お値段は２８,５００円になります。動作確認済ですので気になる方はご検討ください。&amp;",28500,ホビー
L02431,自宅保管 一式 傷あり,傷ありな状態でお譲りします。お値段は14200yenになります。レディースですので気になる方はご検討ください。,14200,ファッション
L01942,◆匿名配送◆ヴィﾝﾃｰｼﾞ 中古品 used🎁🔥,usedな状態でお譲りします。お値段は2700yenになります。自宅保管ですので気になる方はご検討ください。,2700,ファッション
L03127,!!値下げしました!!TV エアコン 美品,"美品な状態でお譲りします。お値段は31,700円になります。美品ですので気になる方はご検討ください。",31700,家電
L00782,箱あり   ﾖｶﾞﾏｯﾄ   美品,"シューズです。美品。25,000円。屋外用。",25000,スポーツ
L04765,ﾍﾟｯﾄなし ﾃﾞﾆﾑ 美品,"帽子です。美品。27,100円。ヴィンテージ。",27100,ファッション
L02572,【送料無料】即決 ギター 傷あり✨🔥🔥,<br>傷ありな状態でお譲りします。お値段は１２６００ｙｅｎになります。コレクションですので気になる方はご検討ください。<br>,12600,ホビー
L03014,【送料無料】ﾄﾚｰﾆﾝｸﾞ ﾖｶﾞﾏｯﾄ 状態良好,ダンベルです。状態良好。¥１０２００。２７ｃｍ。,10200,スポーツ
L00376,硬式 ジャンク品 美品🎁,"<b>美品な状態でお譲りします。お値段は4,300円になります。取説付ですので気になる方はご検討ください。</b>",4300,スポーツ
L04825,【最終値下げ】硬式 ｾｯﾄ 難あり,難ありな状態でお譲りします。お値段は38100yenになります。屋外用ですので気になる方はご検討ください。,38100,スポーツ
L00019,限定版 付属品あり 美品,"&nbsp;美品な状態でお譲りします。お値段は22,100円になります。塗装済ですので気になる方はご検討ください。&amp;",22100,ホビー
L02191,◆匿名配送◆動作確認済 写真集 難あり,楽譜です。難あり。¥29000。初版。,29000,本・音楽
L01090,ペットなし 自転車 傷あり,<br>ウェアです。傷あり。31800yen。硬式。</b>,31800,スポーツ
L01535,軽量   セット   美品,美品な状態でお譲りします。お値段は31300yenになります。箱ありですので気になる方はご検討ください。,31300,スポーツ
L01664,廃盤   ｼﾞｬﾝｸ品   used,<b>usedな状態でお譲りします。お値段は36900yenになります。全巻ですので気になる方はご検討ください。</b>,36900,本・音楽
L02266,部活 詰め合わせ 美品,&nbsp;美品な状態でお譲りします。お値段は7300yenになります。屋外用ですので気になる方はご検討ください。</b>,7300,スポーツ
L03253,部活   中古品   ほぼ新品,ほぼ新品な状態でお譲りします。お値段は34600 円になります。27cmですので気になる方はご検討ください。,34600,スポーツ
L00352,◆匿名配送◆厚底 付属品あり 傷あり,<br>傷ありな状態でお譲りします。お値段は28700yenになります。取説付ですので気になる方はご検討ください。</b>,28700,ファッション
L02560,※返品不可厚底 ジャンク品 美品,&nbsp;美品な状態でお譲りします。お値段は6200 円になります。取説付ですので気になる方はご検討ください。</b>,6200,ファッション
L01336,《まとめ買い歓迎》ｺﾚｸｼｮﾝ 本体のみ 美品,<b>美品な状態でお譲りします。お値段は¥1000になります。1/144ですので気になる方はご検討ください。<br>,1000,ホビー
L01034,◆匿名配送◆インバーター 炊飯器 ほぼ新品,&nbsp;ほぼ新品な状態でお譲りします。お値段は12200 円になります。即決ですので気になる方はご検討ください。&amp;,12200,家電
L01643,値下げ交渉可 詰め合わせ used,&nbsp;usedな状態でお譲りします。お値段は22900 円になります。初版ですので気になる方はご検討ください。<br>,22900,本・音楽
L04805,ｲﾝﾊﾞｰﾀｰ ｼﾞｬﾝｸ品 傷あり,傷ありな状態でお譲りします。お値段は¥22200になります。省エネですので気になる方はご検討ください。,22200,家電
L00882,ペットなし 付属品あり 美品🎁,"<b>美品な状態でお譲りします。お値段は15,400円になります。動作確認済ですので気になる方はご検討ください。&amp;",15400,ファッション
L00456,美品   掃除機   難あり💯,冷蔵庫です。難あり。37000 円。動作確認済。,37000,家電
L02478,ｺﾚｸｼｮﾝ 写真集 ほぼ新品,"&nbsp;ほぼ新品な状態でお譲りします。お値段は7,500円になります。塗装済ですので気になる方はご検討ください。</b>",7500,ホビー
L02334,箱あり 空気清浄機 難あり,難ありな状態でお譲りします。お値段は¥25400になります。喫煙者なしですので気になる方はご検討ください。,25400,家電
L01441,動作確認済 中古品 used,"usedな状態でお譲りします。お値段は29,800円になります。リモコン付ですので気になる方はご検討ください。",29800,家電
L04729,名盤 ジャンク品 美品,&nbsp;美品な状態でお譲りします。お値段は700円になります。帯付きですので気になる方はご検討ください。&amp;,700,本・音楽
L04352,帯付き 参考書 傷あり,傷ありな状態でお譲りします。お値段は1800 円になります。全巻ですので気になる方はご検討ください。,1800,本・音楽
L03302,《まとめ買い歓迎》ﾒﾝｽﾞ   ｼﾞｬﾝｸ品   傷あり✨✨🎁,<b>傷ありな状態でお譲りします。お値段は34900yenになります。古着ですので気になる方はご検討ください。<br>,34900,ファッション
L03189,メンズ   ジャケット   傷あり,<br>バッグです。傷あり。10700 円。即決。</b>,10700,ファッション
L03415,※返品不可箱あり 炊飯器 ほぼ新品🎁✨🎁,ほぼ新品な状態でお譲りします。お値段は¥9700になります。TVですので気になる方はご検討ください。,9700,家電
L01601,静音 ﾃﾚﾋﾞ 傷あり,傷ありな状態でお譲りします。お値段は25400 円になります。4Kですので気になる方はご検討ください。,25400,家電
L01646,◆匿名配送◆ヴィンテージ デニム 美品,<b>美品な状態でお譲りします。お値段は2900yenになります。ヴィンテージですので気になる方はご検討ください。</b>,2900,ファッション
L02867,【送料無料】硬式   訳あり品   ほぼ新品💯✨,<b>ほぼ新品な状態でお譲りします。お値段は¥２２１００になります。即決ですので気になる方はご検討ください。<br>,22100,スポーツ
L01488,ﾘﾓｺﾝ付   ﾃﾚﾋﾞ   美品💯,空気清浄機です。美品。35200yen。節電。,35200,家電
L01741,★即日発送★自宅保管   楽譜   ほぼ新品🎁,<br>単行本です。ほぼ新品。６５００ｙｅｎ。初版。</b>,6500,本・音楽
L02650,※返品不可Ｍサイズ 詰め合わせ 美品⭐💯⭐,美品な状態でお譲りします。お値段は１１６００ 円になります。値下げ交渉可ですので気になる方はご検討ください。,11600,ファッション
L00795,コレクション   画材   傷あり💯🔥,<b>画材です。傷あり。¥25500。塗装済。</b>,25500,ホビー
L04430,軽量   本体のみ   美品,美品な状態でお譲りします。お値段は¥13600になります。即決ですので気になる方はご検討ください。,13600,スポーツ
L04772,【最終値下げ】ヴィﾝﾃｰｼﾞ ｼﾞｬｹｯﾄ 状態良好🎁,<b>状態良好な状態でお譲りします。お値段は27300yenになります。ヴィンテージですので気になる方はご検討ください。</b>,27300,ファッション
L04087,初版 ジャンク品 ほぼ新品,&nbsp;ほぼ新品な状態でお譲りします。お値段は¥26100になります。帯付きですので気になる方はご検討ください。&amp;,26100,本・音楽
L03486,《まとめ買い歓迎》値下げ交渉可 ヨガマット ほぼ新品,<b>ほぼ新品な状態でお譲りします。お値段は1700 円になります。美品ですので気になる方はご検討ください。&amp;,1700,スポーツ
L01331,動作確認済 スピーカー 状態良好,"<b>状態良好な状態でお譲りします。お値段は1,800円になります。全巻ですので気になる方はご検討ください。&amp;",1800,本・音楽
L00799,箱あり 詰め合わせ 傷あり,"<b>傷ありな状態でお譲りします。お値段は11,900円になります。トレーニングですので気になる方はご検討ください。&amp;",11900,スポーツ
L04980,ペットなし ベビー服 used,"usedな状態でお譲りします。お値段は30,900円になります。安全基準適合ですので気になる方はご検討ください。",30900,ベビー・キッズ
L02276,未開封   フィギュア   used,"<br>ボードゲームです。used。2,700円。値下げ交渉可。&amp;",2700,ホビー
L02252,※返品不可レディース セット 難あり,"難ありな状態でお譲りします。お値段は１５,４００円になります。古着ですので気になる方はご検討ください。",15400,ファッション
L03516,取説付 一式 美品💯⭐💯,<br>美品な状態でお譲りします。お値段は¥17500になります。ペットなしですので気になる方はご検討ください。<br>,17500,ファッション
L01645,【送料無料】塗装済 一式 ほぼ新品💯💯,ほぼ新品な状態でお譲りします。お値段は¥33400になります。コレクションですので気になる方はご検討ください。,33400,ホビー
L04724,!!値下げしました!!喫煙者なし ﾊﾟｽﾞﾙ 傷あり,&nbsp;ラジコンです。傷あり。37000 円。値下げ交渉可。&amp;,37000,ホビー
L01402,【送料無料】限定版   画材   ほぼ新品✨✨🎁,"ラジコンです。ほぼ新品。１８,４００円。初回特典。",18400,ホビー
L00581,省エネ 付属品あり 状態良好,状態良好な状態でお譲りします。お値段は¥26500になります。静音ですので気になる方はご検討ください。,26500,家電
L01391,★即日発送★メンズ スニーカー 美品,&nbsp;帽子です。美品。２７８００ 円。ヴィンテージ。&amp;,27800,ファッション
L01210,◆匿名配送◆節電   炊飯器   美品,"空気清浄機です。美品。30,700円。省エネ。",30700,家電
L03407,対象年齢３歳 ベビー服 ｕｓｅｄ,ベビー服です。ｕｓｅｄ。¥２３９００。安全基準適合。,23900,ベビー・キッズ
L01397,《まとめ買い歓迎》対象年齢3歳 絵本 美品🎁,<b>ベビー服です。美品。9800 円。洗える。<br>,9800,ベビー・キッズ
L00700,【最終値下げ】箱あり   ドライヤー   ほぼ新品,ほぼ新品な状態でお譲りします。お値段は¥29200になります。リモコン付ですので気になる方はご検討ください。,29200,家電
L01395,箱あり ｷﾞﾀｰ 傷あり💯,傷ありな状態でお譲りします。お値段は¥２５７００になります。塗装済ですので気になる方はご検討ください。,25700,ホビー
L03696,★即日発送★初回特典 ﾄﾚｶ 傷あり,<b>プラモデルです。傷あり。15400yen。限定版。</b>,15400,ホビー
L00662,★即日発送★自宅保管 詰め合わせ 傷あり,&nbsp;傷ありな状態でお譲りします。お値段は10100 円になります。軽量ですので気になる方はご検討ください。</b>,10100,スポーツ
L00890,省エネ スピーカー ほぼ新品⭐,テレビです。ほぼ新品。22900yen。喫煙者なし。,22900,家電
L04879,美品 ドライヤー ほぼ新品🎁⭐💯,洗濯機です。ほぼ新品。6100yen。箱あり。,6100,家電
L01889,《まとめ買い歓迎》廃盤 楽譜 傷あり,雑誌です。傷あり。¥７５００。帯付き。,7500,本・音楽
L00477,※返品不可ヴィﾝﾃｰｼﾞ ｼｭｰｽﾞ 美品,<br>シャツです。美品。28000yen。メンズ。<br>,28000,ファッション
L00830,TV ﾄﾞﾗｲﾔｰ 傷あり⭐,冷蔵庫です。傷あり。¥25400。値下げ交渉可。,25400,家電
L00483,メンズ 詰め合わせ 状態良好,"&nbsp;状態良好な状態でお譲りします。お値段は35,100円になります。動作確認済ですので気になる方はご検討ください。&amp;",35100,ファッション
L03271,未開封 トレカ ほぼ新品,ほぼ新品な状態でお譲りします。お値段は¥３９４００になります。コレクションですので気になる方はご検討ください。,39400,ホビー
L02419,軽量 本体のみ used💯⭐✨,usedな状態でお譲りします。お値段は¥4900になります。廃盤ですので気になる方はご検討ください。,4900,本・音楽
L01180,厚底 訳あり品 状態良好,"状態良好な状態でお譲りします。お値段は24,500円になります。レディースですので気になる方はご検討ください。",24500,ファッション
L01346,★即日発送★軽量   本体のみ   美品,<b>美品な状態でお譲りします。お値段は３７７００ 円になります。節電ですので気になる方はご検討ください。&amp;,37700,家電
L02074,未開封 ギター 難あり,<b>ギターです。難あり。21400yen。1/144。</b>,21400,ホビー
L04754,美品 帽子 難あり✨💯,<br>難ありな状態でお譲りします。お値段は¥12900になります。Mサイズですので気になる方はご検討ください。</b>,12900,ファッション
L02893,値下げ交渉可   ラケット   傷あり🔥💯,<b>傷ありな状態でお譲りします。お値段は¥33900になります。値下げ交渉可ですので気になる方はご検討ください。</b>,33900,スポーツ
L02713,【最終値下げ】取説付 詰め合わせ 状態良好,"状態良好な状態でお譲りします。お値段は23,700円になります。静音ですので気になる方はご検討ください。",23700,家電
L03218,メンズ 詰め合わせ 状態良好,<b>状態良好な状態でお譲りします。お値段は¥22200になります。古着ですので気になる方はご検討ください。&amp;,22200,ファッション
L04445,★即日発送★喫煙者なし 詰め合わせ 美品,<br>美品な状態でお譲りします。お値段は¥37700になります。TVですので気になる方はご検討ください。<br>,37700,家電
L02949,!!値下げしました!!箱あり 付属品あり 傷あり✨,傷ありな状態でお譲りします。お値段は¥１３４００になります。ヴィンテージですので気になる方はご検討ください。,13400,ファッション
L02809,軽量   文庫本   美品,<b>文庫本です。美品。¥３８９００。初版。</b>,38900,本・音楽
L00149,※返品不可Mｻｲｽﾞ 付属品あり 傷あり,"傷ありな状態でお譲りします。お値段は3,800円になります。メンズですので気になる方はご検討ください。",3800,ファッション
L02463,TV 一式 傷あり💯🎁🎁,<b>傷ありな状態でお譲りします。お値段は¥32700になります。値下げ交渉可ですので気になる方はご検討ください。&amp;,32700,家電
L02601,◆匿名配送◆対象年齢3歳   哺乳瓶   状態良好💯💯🎁,"状態良好な状態でお譲りします。お値段は30,100円になります。軽量ですので気になる方はご検討ください。",30100,ベビー・キッズ
L03290,!!値下げしました!!喫煙者なし 帽子 状態良好,<br>状態良好な状態でお譲りします。お値段は¥2500になります。箱ありですので気になる方はご検討ください。</b>,2500,ファッション
L01109,ﾒﾝｽﾞ ｼｭｰｽﾞ used,<b>コートです。used。¥17700。ヴィンテージ。</b>,17700,ファッション
L00040,※返品不可値下げ交渉可 本体のみ 美品,"&nbsp;美品な状態でお譲りします。お値段は10,900円になります。4Kですので気になる方はご検討ください。</b>",10900,家電
L02495,【最終値下げ】動作確認済 詰め合わせ 難あり,難ありな状態でお譲りします。お値段は7800yenになります。TVですので気になる方はご検討ください。,7800,家電
L01964,値下げ交渉可 ラジコン 難あり✨✨,難ありな状態でお譲りします。お値段は¥8400になります。限定版ですので気になる方はご検討ください。,8400,ホビー
L00478,硬式 本体のみ 美品,美品な状態でお譲りします。お値段は14400yenになります。部活ですので気になる方はご検討ください。,14400,スポーツ
L04440,【最終値下げ】静音 付属品あり 傷あり,傷ありな状態でお譲りします。お値段は¥29900になります。省エネですので気になる方はご検討ください。,29900,家電
L00663,★即日発送★新生児 抱っこ紐 状態良好,"状態良好な状態でお譲りします。お値段は7,000円になります。対象年齢3歳ですので気になる方はご検討ください。",7000,ベビー・キッズ
L00226,◆匿名配送◆部活 自転車 used🎁🔥✨,usedな状態でお譲りします。お値段は2600 円になります。喫煙者なしですので気になる方はご検討ください。,2600,スポーツ
L00704,自宅保管 本体のみ 状態良好,<br>状態良好な状態でお譲りします。お値段は23700 円になります。サイン入りですので気になる方はご検討ください。<br>,23700,本・音楽
L00645,!!値下げしました!!ペットなし 掃除機 難あり,"冷蔵庫です。難あり。１８,７００円。自宅保管。",18700,家電
L00230,厚底 ｺｰﾄ ｕｓｅｄ,ｕｓｅｄな状態でお譲りします。お値段は２３９００ｙｅｎになります。古着ですので気になる方はご検討ください。,23900,ファッション
L02177,★即日発送★箱あり エアコン used,<b>usedな状態でお譲りします。お値段は24300yenになります。リモコン付ですので気になる方はご検討ください。<br>,24300,家電
L04960,塗装済 写真集 美品💯💯🔥,"&nbsp;美品な状態でお譲りします。お値段は14,400円になります。喫煙者なしですので気になる方はご検討ください。</b>",14400,ホビー
L02876,!!値下げしました!!省ｴﾈ ｴｱｺﾝ 状態良好🔥💯⭐,"<b>状態良好な状態でお譲りします。お値段は13,300円になります。TVですので気になる方はご検討ください。</b>",13300,家電
L01830,喫煙者なし ｼｭｰｽﾞ 美品,<br>シャツです。美品。¥16100。レディース。&amp;,16100,ファッション
L02850,◆匿名配送◆軽量 本体のみ ｕｓｅｄ,"<b>ｕｓｅｄな状態でお譲りします。お値段は１３,３００円になります。メンズですので気になる方はご検討ください。&amp;",13300,ファッション
L00047,★即日発送★レディース セット ほぼ新品,ほぼ新品な状態でお譲りします。お値段は¥29600になります。レディースですので気になる方はご検討ください。,29600,ファッション
L00504,動作確認済 ﾖｶﾞﾏｯﾄ 難あり,&nbsp;ヨガマットです。難あり。２０４００ｙｅｎ。２７ｃｍ。<br>,20400,スポーツ
L04687,ペットなし 参考書 難あり,&nbsp;楽譜です。難あり。１４５００ 円。ペットなし。&amp;,14500,本・音楽
L04166,喫煙者なし ジャケット 美品✨,<br>ジャケットです。美品。11600 円。Mサイズ。<br>,11600,ファッション
L02740,※返品不可自宅保管 訳あり品 美品,美品な状態でお譲りします。お値段は9600yenになります。全巻ですので気になる方はご検討ください。,9600,本・音楽
L00408,ﾄﾚｰﾆﾝｸﾞ 自転車 ｕｓｅｄ,&nbsp;ｕｓｅｄな状態でお譲りします。お値段は１８００ｙｅｎになります。屋外用ですので気になる方はご検討ください。<br>,1800,スポーツ
L01986,節電 ｽﾋﾟｰｶｰ 美品,空気清浄機です。美品。¥34400。TV。,34400,家電
L00164,!!値下げしました!!即決 一式 難あり✨,"<br>難ありな状態でお譲りします。お値段は２３,８００円になります。２７ｃｍですので気になる方はご検討ください。</b>",23800,スポーツ
L03862,★即日発送★喫煙者なし ｲﾔﾎﾝ 傷あり,<br>傷ありな状態でお譲りします。お値段は5000 円になります。4Kですので気になる方はご検討ください。</b>,5000,家電
L00024,美品 スピーカー ほぼ新品,"ほぼ新品な状態でお譲りします。お値段は35,500円になります。省エネですので気になる方はご検討ください。",35500,家電
L03116,コレクション   まとめ売り   used,<b>usedな状態でお譲りします。お値段は35000yenになります。限定版ですので気になる方はご検討ください。&amp;,35000,ホビー
L03688,レディース   シャツ   難あり,難ありな状態でお譲りします。お値段は¥27000になります。ペットなしですので気になる方はご検討ください。,27000,ファッション
L02022,軽量 本体のみ 美品,美品な状態でお譲りします。お値段は28600yenになります。初版ですので気になる方はご検討ください。,28600,本・音楽
L04127,《まとめ買い歓迎》取説付   パズル   傷あり,&nbsp;ラジコンです。傷あり。13300 円。未開封。</b>,13300,ホビー
L00069,コレクション 画材 ｕｓｅｄ,<b>ｕｓｅｄな状態でお譲りします。お値段は１４４００ｙｅｎになります。即決ですので気になる方はご検討ください。</b>,14400,ホビー
L04460,※返品不可屋外用 ｸﾞﾛｰﾌﾞ 美品,自転車です。美品。11100yen。27cm。,11100,スポーツ
L01863,★即日発送★ヴィンテージ 帽子 used,"<br>usedな状態でお譲りします。お値段は3,100円になります。厚底ですので気になる方はご検討ください。<br>",3100,ファッション
L03987,【最終値下げ】動作確認済 スピーカー ほぼ新品,"&nbsp;雑誌です。ほぼ新品。4,000円。全巻。<br>",4000,本・音楽
L03088,【送料無料】屋外用 自転車 状態良好,&nbsp;シューズです。状態良好。¥11600。動作確認済。&amp;,11600,スポーツ
L01044,２７ｃｍ   ヨガマット   傷あり✨✨,<b>ヨガマットです。傷あり。¥３２１００。屋外用。&amp;,32100,スポーツ
L03272,対象年齢3歳 付属品あり used,&nbsp;usedな状態でお譲りします。お値段は25600yenになります。軽量ですので気になる方はご検討ください。&amp;,25600,ベビー・キッズ
L00112,軽量 ﾖｶﾞﾏｯﾄ 難あり,難ありな状態でお譲りします。お値段は25900 円になります。軽量ですので気になる方はご検討ください。,25900,スポーツ
L02851,リモコン付 本体のみ 傷あり,&nbsp;傷ありな状態でお譲りします。お値段は11200yenになります。節電ですので気になる方はご検討ください。</b>,11200,家電
L03344,【最終値下げ】喫煙者なし 中古品 ほぼ新品🎁⭐,&nbsp;ほぼ新品な状態でお譲りします。お値段は15200 円になります。値下げ交渉可ですので気になる方はご検討ください。<br>,15200,ファッション
L02152,箱あり シャツ used,&nbsp;usedな状態でお譲りします。お値段は7900yenになります。即決ですので気になる方はご検討ください。<br>,7900,ファッション
L03236,【送料無料】１／１４４ 訳あり品 ほぼ新品,"ほぼ新品な状態でお譲りします。お値段は８,３００円になります。限定版ですので気になる方はご検討ください。",8300,ホビー
L03095,喫煙者なし 本体のみ ｕｓｅｄ,&nbsp;ｕｓｅｄな状態でお譲りします。お値段は¥３４８００になります。古着ですので気になる方はご検討ください。<br>,34800,ファッション
L03056,喫煙者なし セット used,usedな状態でお譲りします。お値段は33400yenになります。取説付ですので気になる方はご検討ください。,33400,ホビー
L00155,【最終値下げ】自宅保管 炊飯器 傷あり🔥,炊飯器です。傷あり。¥31700。TV。,31700,家電
L02137,※返品不可美品 掃除機 難あり,難ありな状態でお譲りします。お値段は3500 円になります。省エネですので気になる方はご検討ください。,3500,家電
L01415,《まとめ買い歓迎》初版 写真集 難あり,"スピーカーです。難あり。10,700円。帯付き。",10700,本・音楽
L01644,軽量 ラケット 状態良好,<b>状態良好な状態でお譲りします。お値段は8900 円になります。トレーニングですので気になる方はご検討ください。</b>,8900,スポーツ
L01924,軽量 スパイク used,"ウェアです。used。33,700円。屋外用。",33700,スポーツ
L03917,【送料無料】即決 電子レンジ ほぼ新品,"ほぼ新品な状態でお譲りします。お値段は31,000円になります。省エネですので気になる方はご検討ください。",31000,家電
L03432,即決   ﾌィｷﾞｭｱ   状態良好⭐✨,<br>プラモデルです。状態良好。１０８００ｙｅｎ。美品。</b>,10800,ホビー
L02068,【最終値下げ】美品 空気清浄機 状態良好,&nbsp;状態良好な状態でお譲りします。お値段は１８６００ｙｅｎになります。４Ｋですので気になる方はご検討ください。&amp;,18600,家電
L04054,節電 電子レンジ 傷あり,冷蔵庫です。傷あり。28100 円。4K。,28100,家電
L00660,限定版 フィギュア 美品🔥✨,美品な状態でお譲りします。お値段は13700yenになります。未開封ですので気になる方はご検討ください。,13700,ホビー
L03648,【最終値下げ】喫煙者なし 参考書 難あり,<br>難ありな状態でお譲りします。お値段は１５３００ｙｅｎになります。帯付きですので気になる方はご検討ください。<br>,15300,本・音楽
L02992,【最終値下げ】喫煙者なし   ｺｰﾄ   状態良好,コートです。状態良好。26400yen。Mサイズ。,26400,ファッション
L00591,★即日発送★取説付 洗濯機 ｕｓｅｄ,テレビです。ｕｓｅｄ。２７００ｙｅｎ。ＴＶ。,2700,家電
L02906,《まとめ買い歓迎》硬式 ダンベル ほぼ新品,ほぼ新品な状態でお譲りします。お値段は19600yenになります。部活ですので気になる方はご検討ください。,19600,スポーツ
L00686,喫煙者なし   空気清浄機   ほぼ新品,ほぼ新品な状態でお譲りします。お値段は１７０００ 円になります。静音ですので気になる方はご検討ください。,17000,家電
L04154,ﾍﾟｯﾄなし おもちゃ used,"&nbsp;おもちゃです。used。28,100円。安全基準適合。</b>",28100,ベビー・キッズ
L03106,《まとめ買い歓迎》自宅保管 スニーカー 難あり🔥,ジャケットです。難あり。３９１００ 円。古着。,39100,ファッション
L03220,★即日発送★ﾄﾚｰﾆﾝｸﾞ 本体のみ 状態良好,"<br>状態良好な状態でお譲りします。お値段は１８,６００円になります。軽量ですので気になる方はご検討ください。</b>",18600,スポーツ
L00001,屋外用 ヨガマット used,グローブです。used。¥24800。軽量。,24800,スポーツ
L04966,◆匿名配送◆厚底 詰め合わせ 傷あり,傷ありな状態でお譲りします。お値段は31900 円になります。ヴィンテージですので気になる方はご検討ください。,31900,ファッション
L01140,!!値下げしました!!トレーニング 付属品あり 状態良好,&nbsp;状態良好な状態でお譲りします。お値段は25000 円になります。27cmですので気になる方はご検討ください。<br>,25000,スポーツ
L02507,省ｴﾈ 付属品あり 傷あり,傷ありな状態でお譲りします。お値段は28700 円になります。静音ですので気になる方はご検討ください。,28700,家電
L01286,《まとめ買い歓迎》省エネ イヤホン 美品,美品な状態でお譲りします。お値段は¥24400になります。喫煙者なしですので気になる方はご検討ください。,24400,家電
L01431,!!値下げしました!!レディース デニム used⭐⭐🎁,<br>usedな状態でお譲りします。お値段は4900 円になります。古着ですので気になる方はご検討ください。</b>,4900,ファッション
L00481,《まとめ買い歓迎》安全基準適合   チャイルドシート   状態良好,<b>状態良好な状態でお譲りします。お値段は12300 円になります。新生児ですので気になる方はご検討ください。&amp;,12300,ベビー・キッズ
L04220,部活 ラケット 美品,"<br>美品な状態でお譲りします。お値段は35,400円になります。屋外用ですので気になる方はご検討ください。<br>",35400,スポーツ
L03562,動作確認済 詰め合わせ ほぼ新品,&nbsp;ほぼ新品な状態でお譲りします。お値段は11700yenになります。初回特典ですので気になる方はご検討ください。<br>,11700,ホビー
L00350,Mサイズ 訳あり品 used⭐🔥🔥,&nbsp;usedな状態でお譲りします。お値段は7400yenになります。古着ですので気になる方はご検討ください。<br>,7400,ファッション
L04055,洗える ベビーカー used,<b>ベビー服です。used。20000 円。ペットなし。<br>,20000,ベビー・キッズ
L04290,値下げ交渉可 ｼﾞｬｹｯﾄ used,"usedな状態でお譲りします。お値段は8,100円になります。美品ですので気になる方はご検討ください。",8100,ファッション
L01502,【送料無料】静音 ｴｱｺﾝ used,usedな状態でお譲りします。お値段は35400 円になります。美品ですので気になる方はご検討ください。,35400,家電
L01917,★即日発送★初回特典 本体のみ 難あり,"難ありな状態でお譲りします。お値段は２１,４００円になります。ペットなしですので気になる方はご検討ください。",21400,ホビー
L00048,リモコン付 テレビ ほぼ新品,<br>炊飯器です。ほぼ新品。34400yen。軽量。<br>,34400,家電
L01819,◆匿名配送◆省エネ テレビ ほぼ新品,エアコンです。ほぼ新品。23300 円。TV。,23300,家電
L02487,ｲﾝﾊﾞｰﾀｰ 電子ﾚﾝｼﾞ 美品,美品な状態でお譲りします。お値段は15700 円になります。動作確認済ですので気になる方はご検討ください。,15700,家電
L00710,TV 電子レンジ 傷あり,傷ありな状態でお譲りします。お値段は16000 円になります。軽量ですので気になる方はご検討ください。,16000,家電
L02332,軽量 ﾗｹｯﾄ ほぼ新品,自転車です。ほぼ新品。¥16500。値下げ交渉可。,16500,スポーツ
L04412,値下げ交渉可 ジャンク品 ほぼ新品,ほぼ新品な状態でお譲りします。お値段は16500 円になります。レディースですので気になる方はご検討ください。,16500,ファッション
L01330,即決 シューズ used,&nbsp;usedな状態でお譲りします。お値段は10400 円になります。部活ですので気になる方はご検討ください。<br>,10400,スポーツ
L00976,廃盤 まとめ売り 傷あり,&nbsp;傷ありな状態でお譲りします。お値段は39800yenになります。サイン入りですので気になる方はご検討ください。<br>,39800,本・音楽
L01001,サイン入り   訳あり品   状態良好,状態良好な状態でお譲りします。お値段は33000yenになります。軽量ですので気になる方はご検討ください。,33000,本・音楽
L03496,!!値下げしました!!ﾒﾝｽﾞ   訳あり品   難あり,"&nbsp;難ありな状態でお譲りします。お値段は32,600円になります。厚底ですので気になる方はご検討ください。&amp;",32600,ファッション
L04840,限定版 写真集 状態良好💯⭐💯,トレカです。状態良好。¥27400。1/144。,27400,ホビー
L04376,リモコン付 ドライヤー 美品,<br>冷蔵庫です。美品。¥20200。ペットなし。</b>,20200,家電
L02585,屋外用 グローブ 難あり,ラケットです。難あり。¥２１０００。硬式。,21000,スポーツ
L01461,軽量   本体のみ   ほぼ新品,ほぼ新品な状態でお譲りします。お値段は22700 円になります。値下げ交渉可ですので気になる方はご検討ください。,22700,ホビー
L02691,※返品不可節電 ドライヤー 美品,<br>美品な状態でお譲りします。お値段は20300 円になります。美品ですので気になる方はご検討ください。</b>,20300,家電
L04770,動作確認済 シャツ 難あり,ブーツです。難あり。１１１００ｙｅｎ。メンズ。,11100,ファッション
L01715,TV   ｴｱｺﾝ   傷あり💯✨,"<br>傷ありな状態でお譲りします。お値段は19,800円になります。インバーターですので気になる方はご検討ください。<br>",19800,家電
L03351,【送料無料】値下げ交渉可 本体のみ 美品,&nbsp;美品な状態でお譲りします。お値段は14800 円になります。自宅保管ですので気になる方はご検討ください。<br>,14800,ホビー
L00898,※返品不可箱あり   訳あり品   美品,美品な状態でお譲りします。お値段は13700yenになります。即決ですので気になる方はご検討ください。,13700,スポーツ
L04025,★即日発送★ﾒﾝｽﾞ ｼｭｰｽﾞ ｕｓｅｄ,ジャケットです。ｕｓｅｄ。¥１９９００。Ｍサイズ。,19900,ファッション
L01238,※返品不可１／１４４ 一式 ｕｓｅｄ,ｕｓｅｄな状態でお譲りします。お値段は¥１３６００になります。軽量ですので気になる方はご検討ください。,13600,ホビー
L02622,値下げ交渉可 自転車 美品,自転車です。美品。23400yen。ペットなし。,23400,スポーツ
L02990,喫煙者なし ジャンク品 美品,<br>美品な状態でお譲りします。お値段は27500 円になります。省エネですので気になる方はご検討ください。</b>,27500,家電
L04052,箱あり   写真集   used✨⭐✨,<br>フィギュアです。used。32100 円。コレクション。&amp;,32100,ホビー
L00896,【最終値下げ】サイン入り 訳あり品 ｕｓｅｄ🎁🎁,<br>ｕｓｅｄな状態でお譲りします。お値段は１９８００ｙｅｎになります。廃盤ですので気になる方はご検討ください。&amp;,19800,本・音楽
L04938,※返品不可自宅保管 文庫本 美品,"&nbsp;美品な状態でお譲りします。お値段は３０,０００円になります。名盤ですので気になる方はご検討ください。&amp;",30000,本・音楽
L04037,★即日発送★箱あり 付属品あり used,<br>usedな状態でお譲りします。お値段は16600yenになります。メンズですので気になる方はご検討ください。<br>,16600,ファッション
L04549,【最終値下げ】廃盤 画集 状態良好,"楽譜です。状態良好。21,100円。喫煙者なし。",21100,本・音楽
L00343,【最終値下げ】ﾒﾝｽﾞ まとめ売り 状態良好✨✨⭐,&nbsp;状態良好な状態でお譲りします。お値段は３２９００ｙｅｎになります。喫煙者なしですので気になる方はご検討ください。</b>,32900,ファッション
L01374,【最終値下げ】トレーニング 一式 状態良好🎁✨🎁,"<b>状態良好な状態でお譲りします。お値段は22,900円になります。軽量ですので気になる方はご検討ください。<br>",22900,スポーツ
L01899,★即日発送★限定版 中古品 ほぼ新品,<br>ほぼ新品な状態でお譲りします。お値段は¥4600になります。コレクションですので気になる方はご検討ください。</b>,4600,ホビー
L03692,【最終値下げ】4K   空気清浄機   難あり🎁💯,難ありな状態でお譲りします。お値段は15100 円になります。美品ですので気になる方はご検討ください。,15100,家電
L00405,※返品不可古着 ジャケット ほぼ新品,&nbsp;ほぼ新品な状態でお譲りします。お値段は29900 円になります。メンズですので気になる方はご検討ください。</b>,29900,ファッション
L03574,ﾒﾝｽﾞ ﾃﾞﾆﾑ ｕｓｅｄ✨🎁,ｕｓｅｄな状態でお譲りします。お値段は９４００ｙｅｎになります。厚底ですので気になる方はご検討ください。,9400,ファッション
L01547,!!値下げしました!!即決 洗濯機 美品,<br>炊飯器です。美品。¥9900。節電。</b>,9900,家電
L00264,★即日発送★値下げ交渉可 帽子 傷あり,"&nbsp;傷ありな状態でお譲りします。お値段は18,800円になります。古着ですので気になる方はご検討ください。<br>",18800,ファッション
L03369,ﾚﾃﾞィｰｽ 中古品 状態良好✨,"状態良好な状態でお譲りします。お値段は２１,８００円になります。ヴィンテージですので気になる方はご検討ください。",21800,ファッション
L04250,箱あり テレビ 難あり,難ありな状態でお譲りします。お値段は15800yenになります。喫煙者なしですので気になる方はご検討ください。,15800,家電
L01088,《まとめ買い歓迎》Ｍｻｲｽﾞ   ﾊﾞｯｸﾞ   ほぼ新品,"<b>スニーカーです。ほぼ新品。２８,８００円。厚底。</b>",28800,ファッション
L02076,【送料無料】古着 コート 傷あり,<b>傷ありな状態でお譲りします。お値段は¥29300になります。即決ですので気になる方はご検討ください。<br>,29300,ファッション
L02845,《まとめ買い歓迎》硬式 ｼﾞｬﾝｸ品 ほぼ新品🔥💯,ほぼ新品な状態でお譲りします。お値段は¥600になります。軽量ですので気になる方はご検討ください。,600,スポーツ
L02826,《まとめ買い歓迎》メンズ 訳あり品 used,<b>usedな状態でお譲りします。お値段は11000 円になります。自宅保管ですので気になる方はご検討ください。<br>,11000,ファッション
L02042,◆匿名配送◆軽量   ラケット   美品,<br>ダンベルです。美品。¥35500。トレーニング。&amp;,35500,スポーツ
L00455,!!値下げしました!!古着 ブーツ 状態良好🔥,状態良好な状態でお譲りします。お値段は36200yenになります。動作確認済ですので気になる方はご検討ください。,36200,ファッション
L03583,【送料無料】美品 パズル 難あり,&nbsp;トレカです。難あり。36800yen。ペットなし。&amp;,36800,ホビー
L03480,インバーター   エアコン   美品,"<br>美品な状態でお譲りします。お値段は１６,９００円になります。４Ｋですので気になる方はご検討ください。<br>",16900,家電
L02088,◆匿名配送◆自宅保管 中古品 状態良好,状態良好な状態でお譲りします。お値段は16300 円になります。動作確認済ですので気になる方はご検討ください。,16300,家電
L03054,省エネ 空気清浄機 難あり🔥,&nbsp;難ありな状態でお譲りします。お値段は¥33400になります。省エネですので気になる方はご検討ください。<br>,33400,家電
L01660,【送料無料】ペットなし シャツ ｕｓｅｄ⭐,ｕｓｅｄな状態でお譲りします。お値段は２４８００ 円になります。動作確認済ですので気になる方はご検討ください。,24800,ファッション
L04986,喫煙者なし 訳あり品 美品,<b>美品な状態でお譲りします。お値段は8100 円になります。古着ですので気になる方はご検討ください。</b>,8100,ファッション
L00961,屋外用 ランニングシューズ ほぼ新品,ランニングシューズです。ほぼ新品。９５００ｙｅｎ。軽量。,9500,スポーツ
L04914,★即日発送★TV 本体のみ 状態良好,状態良好な状態でお譲りします。お値段は25900yenになります。節電ですので気になる方はご検討ください。,25900,家電
L04604,※返品不可軽量 ﾁｬｲﾙﾄﾞｼｰﾄ ほぼ新品💯⭐💯,"ほぼ新品な状態でお譲りします。お値段は35,000円になります。美品ですので気になる方はご検討ください。",35000,ベビー・キッズ
L04459,値下げ交渉可 エアコン 傷あり,"&nbsp;傷ありな状態でお譲りします。お値段は27,100円になります。節電ですので気になる方はご検討ください。</b>",27100,家電
L03998,節電 テレビ 美品,美品な状態でお譲りします。お値段は２９８００ 円になります。値下げ交渉可ですので気になる方はご検討ください。,29800,家電
L03524,◆匿名配送◆部活 セット 傷あり,傷ありな状態でお譲りします。お値段は30000yenになります。屋外用ですので気になる方はご検討ください。,30000,スポーツ
L00085,部活 セット 美品,<b>美品な状態でお譲りします。お値段は29800 円になります。トレーニングですので気になる方はご検討ください。</b>,29800,スポーツ
L04766,取説付   セット   難あり,&nbsp;難ありな状態でお譲りします。お値段は¥34800になります。軽量ですので気になる方はご検討ください。&amp;,34800,家電
L00566,【送料無料】自宅保管 詰め合わせ 美品,美品な状態でお譲りします。お値段は２４１００ｙｅｎになります。ペットなしですので気になる方はご検討ください。,24100,ベビー・キッズ
L00554,屋外用 本体のみ 難あり⭐,難ありな状態でお譲りします。お値段は14700 円になります。値下げ交渉可ですので気になる方はご検討ください。,14700,スポーツ
L04319,※返品不可硬式 本体のみ used,usedな状態でお譲りします。お値段は23400 円になります。硬式ですので気になる方はご検討ください。,23400,スポーツ
L00837,◆匿名配送◆即決 セット 美品,&nbsp;美品な状態でお譲りします。お値段は３０１００ 円になります。動作確認済ですので気になる方はご検討ください。</b>,30100,スポーツ
L01679,ﾒﾝｽﾞ ｺｰﾄ 傷あり,バッグです。傷あり。3300yen。値下げ交渉可。,3300,ファッション
L02327,★即日発送★ﾍﾟｯﾄなし ﾊﾞｯｸﾞ ほぼ新品⭐⭐⭐,ほぼ新品な状態でお譲りします。お値段は16800yenになります。厚底ですので気になる方はご検討ください。,16800,ファッション
L01193,★即日発送★塗装済 トレカ ほぼ新品,ほぼ新品な状態でお譲りします。お値段は35100yenになります。未開封ですので気になる方はご検討ください。,35100,ホビー
L04517,自宅保管 一式 状態良好,<b>状態良好な状態でお譲りします。お値段は¥34900になります。静音ですので気になる方はご検討ください。&amp;,34900,家電
L03895,★即日発送★Ｍサイズ ブーツ 状態良好,"コートです。状態良好。３１,７００円。即決。",31700,ファッション
L01507,【最終値下げ】廃盤 楽譜 傷あり,"スピーカーです。傷あり。12,600円。帯付き。",12600,本・音楽
L04958,!!値下げしました!!27cm ヨガマット 難あり,難ありな状態でお譲りします。お値段は4100yenになります。喫煙者なしですので気になる方はご検討ください。,4100,スポーツ
L03572,【送料無料】Mサイズ ブーツ 傷あり,"&nbsp;傷ありな状態でお譲りします。お値段は27,000円になります。ヴィンテージですので気になる方はご検討ください。&amp;",27000,ファッション
L00673,動作確認済 スピーカー ほぼ新品🎁⭐💯,&nbsp;ほぼ新品な状態でお譲りします。お値段は24400yenになります。リモコン付ですので気になる方はご検討ください。&amp;,24400,家電
L04291,※返品不可取説付 ｽﾋﾟｰｶｰ 美品,&nbsp;美品な状態でお譲りします。お値段は¥22400になります。インバーターですので気になる方はご検討ください。</b>,22400,家電
L02690,【最終値下げ】軽量 自転車 難あり,&nbsp;難ありな状態でお譲りします。お値段は39000yenになります。屋外用ですので気になる方はご検討ください。<br>,39000,スポーツ
L02967,【送料無料】軽量 一式 美品🔥✨🎁,"美品な状態でお譲りします。お値段は19,700円になります。美品ですので気になる方はご検討ください。",19700,スポーツ
L01186,値下げ交渉可 帽子 傷あり,傷ありな状態でお譲りします。お値段は¥１１７００になります。値下げ交渉可ですので気になる方はご検討ください。,11700,ファッション
L02588,《まとめ買い歓迎》即決 ジャンク品 美品✨,<br>美品な状態でお譲りします。お値段は¥7300になります。TVですので気になる方はご検討ください。&amp;,7300,家電
L02793,【最終値下げ】喫煙者なし ｲﾔﾎﾝ 美品,ドライヤーです。美品。17900yen。省エネ。,17900,家電
L03025,※返品不可美品 まとめ売り ｕｓｅｄ,"ｕｓｅｄな状態でお譲りします。お値段は３６,３００円になります。対象年齢３歳ですので気になる方はご検討ください。",36300,ベビー・キッズ
L00508,★即日発送★美品 雑誌 状態良好✨,<b>状態良好な状態でお譲りします。お値段は¥800になります。全巻ですので気になる方はご検討ください。<br>,800,本・音楽
L04965,【送料無料】節電   本体のみ   ほぼ新品,ほぼ新品な状態でお譲りします。お値段は9700 円になります。動作確認済ですので気になる方はご検討ください。,9700,家電
L01545,軽量 グローブ 難あり,"難ありな状態でお譲りします。お値段は37,700円になります。トレーニングですので気になる方はご検討ください。",37700,スポーツ
L00829,自宅保管 詰め合わせ 状態良好🎁🔥,状態良好な状態でお譲りします。お値段は39000 円になります。部活ですので気になる方はご検討ください。,39000,スポーツ
L00399,!!値下げしました!!箱あり バッグ 状態良好,<b>デニムです。状態良好。26800yen。Mサイズ。&amp;,26800,ファッション
L04266,【最終値下げ】部活   グローブ   美品,<br>美品な状態でお譲りします。お値段は18400yenになります。部活ですので気になる方はご検討ください。&amp;,18400,スポーツ
L01292,!!値下げしました!!リモコン付 テレビ 状態良好,電子レンジです。状態良好。13700yen。動作確認済。,13700,家電
L02727,ヴィﾝﾃｰｼﾞ ｽﾆｰｶｰ used,"&nbsp;usedな状態でお譲りします。お値段は14,900円になります。ヴィンテージですので気になる方はご検討ください。<br>",14900,ファッション
L01423,!!値下げしました!!軽量   ﾀﾞﾝﾍﾞﾙ   used,"ウェアです。used。23,900円。即決。",23900,スポーツ
L03811,厚底 ジャケット ほぼ新品⭐✨🎁,ほぼ新品な状態でお譲りします。お値段は３９８００ｙｅｎになります。自宅保管ですので気になる方はご検討ください。,39800,ファッション
L04519,名盤 スピーカー 難あり✨🎁🔥,難ありな状態でお譲りします。お値段は¥１２６００になります。値下げ交渉可ですので気になる方はご検討ください。,12600,本・音楽
L03452,《まとめ買い歓迎》値下げ交渉可 ｼｬﾂ 傷あり🔥🔥🔥,傷ありな状態でお譲りします。お値段は¥23200になります。メンズですので気になる方はご検討ください。,23200,ファッション
L00575,Mｻｲｽﾞ 付属品あり 美品🎁⭐✨,&nbsp;美品な状態でお譲りします。お値段は¥34700になります。自宅保管ですので気になる方はご検討ください。<br>,34700,ファッション
L03947,※返品不可即決 自転車 ほぼ新品,自転車です。ほぼ新品。２４４００ 円。軽量。,24400,スポーツ
L01207,動作確認済 ｼﾞｬﾝｸ品 難あり✨🎁,"<b>難ありな状態でお譲りします。お値段は39,200円になります。廃盤ですので気になる方はご検討ください。<br>",39200,本・音楽
L01881,【最終値下げ】取説付 画材 状態良好🔥,<b>トレカです。状態良好。¥22200。自宅保管。<br>,22200,ホビー
L02855,《まとめ買い歓迎》取説付 詰め合わせ ほぼ新品,<br>ほぼ新品な状態でお譲りします。お値段は30600yenになります。静音ですので気になる方はご検討ください。</b>,30600,家電
L04611,軽量   付属品あり   難あり,"難ありな状態でお譲りします。お値段は１１,９００円になります。節電ですので気になる方はご検討ください。",11900,家電
L02352,!!値下げしました!!TV 空気清浄機 傷あり,"炊飯器です。傷あり。27,800円。節電。",27800,家電
L01456,【最終値下げ】取説付 コート 状態良好,&nbsp;状態良好な状態でお譲りします。お値段は¥15700になります。値下げ交渉可ですので気になる方はご検討ください。&amp;,15700,ファッション
L02111,※返品不可美品 ボードゲーム 美品✨✨✨,<br>美品な状態でお譲りします。お値段は¥6000になります。未開封ですので気になる方はご検討ください。<br>,6000,ホビー
L03500,リモコン付   掃除機   難あり,<br>難ありな状態でお譲りします。お値段は１１２００ｙｅｎになります。節電ですので気になる方はご検討ください。<br>,11200,家電
L02162,【送料無料】即決 一式 ほぼ新品,&nbsp;ほぼ新品な状態でお譲りします。お値段は15200yenになります。屋外用ですので気になる方はご検討ください。<br>,15200,スポーツ
L04601,※返品不可未開封 プラモデル 状態良好💯,"&nbsp;状態良好な状態でお譲りします。お値段は17,100円になります。取説付ですので気になる方はご検討ください。&amp;",17100,ホビー
L03216,★即日発送★ﾘﾓｺﾝ付 ｲﾔﾎﾝ 美品,空気清浄機です。美品。¥14800。リモコン付。,14800,家電
L03864,《まとめ買い歓迎》値下げ交渉可 デニム 状態良好,"状態良好な状態でお譲りします。お値段は1,700円になります。レディースですので気になる方はご検討ください。",1700,ファッション
L01213,◆匿名配送◆喫煙者なし 訳あり品 美品🔥✨⭐,"<b>美品な状態でお譲りします。お値段は２９,７００円になります。塗装済ですので気になる方はご検討ください。<br>",29700,ホビー
L01824,★即日発送★初回特典 ボードゲーム 傷あり✨✨🔥,<br>傷ありな状態でお譲りします。お値段は22800 円になります。箱ありですので気になる方はご検討ください。<br>,22800,ホビー
L04905,!!値下げしました!!安全基準適合 おもちゃ 状態良好,<b>チャイルドシートです。状態良好。３０８００ 円。値下げ交渉可。&amp;,30800,ベビー・キッズ
L01317,★即日発送★箱あり ｾｯﾄ 傷あり✨⭐🔥,傷ありな状態でお譲りします。お値段は3500 円になります。箱ありですので気になる方はご検討ください。,3500,ベビー・キッズ
L03448,◆匿名配送◆美品 冷蔵庫 傷あり💯,"傷ありな状態でお譲りします。お値段は31,400円になります。喫煙者なしですので気になる方はご検討ください。",31400,家電
L01927,27cm 自転車 傷あり🔥,<b>ダンベルです。傷あり。17700yen。硬式。<br>,17700,スポーツ
L02815,《まとめ買い歓迎》節電 エアコン used,<br>usedな状態でお譲りします。お値段は¥9700になります。4Kですので気になる方はご検討ください。&amp;,9700,家電
L04907,◆匿名配送◆取説付   トレカ   ほぼ新品⭐,プラモデルです。ほぼ新品。39400 円。初回特典。,39400,ホビー
L03949,★即日発送★値下げ交渉可 チャイルドシート 傷あり🎁✨✨,おもちゃです。傷あり。5100yen。安全基準適合。,5100,ベビー・キッズ
L00794,帯付き 文庫本 美品🎁🔥,&nbsp;単行本です。美品。２４００ｙｅｎ。廃盤。</b>,2400,本・音楽
L03825,箱あり   本体のみ   難あり,難ありな状態でお譲りします。お値段は4200 円になります。美品ですので気になる方はご検討ください。,4200,家電
L04883,27cm ヨガマット used,ラケットです。used。24400yen。軽量。,24400,スポーツ
L00109,【最終値下げ】箱あり 付属品あり 難あり💯🎁,<b>難ありな状態でお譲りします。お値段は３２３００ 円になります。静音ですので気になる方はご検討ください。<br>,32300,家電
L00068,リモコン付 まとめ売り 美品💯,美品な状態でお譲りします。お値段は¥23500になります。静音ですので気になる方はご検討ください。,23500,家電
L01307,屋外用 中古品 難あり,<br>難ありな状態でお譲りします。お値段は15400yenになります。美品ですので気になる方はご検討ください。&amp;,15400,スポーツ
L00191,◆匿名配送◆古着 ジャケット ほぼ新品,"&nbsp;ほぼ新品な状態でお譲りします。お値段は3,600円になります。古着ですので気になる方はご検討ください。&amp;",3600,ファッション
L01804,◆匿名配送◆塗装済 ﾗｼﾞｺﾝ 状態良好,&nbsp;状態良好な状態でお譲りします。お値段は28800 円になります。1/144ですので気になる方はご検討ください。<br>,28800,ホビー
L04643,◆匿名配送◆美品 ｳェｱ 傷あり💯,"<br>シューズです。傷あり。３５,７００円。２７ｃｍ。&amp;",35700,スポーツ
L04222,【送料無料】塗装済   セット   難あり💯,"&nbsp;難ありな状態でお譲りします。お値段は１０,３００円になります。塗装済ですので気になる方はご検討ください。</b>",10300,ホビー
L04188,硬式 シューズ 美品,"グローブです。美品。10,900円。屋外用。",10900,スポーツ
L04017,Ｍサイズ 一式 美品🔥,&nbsp;美品な状態でお譲りします。お値段は２４９００ 円になります。ヴィンテージですので気になる方はご検討ください。&amp;,24900,ファッション
L03593,!!値下げしました!!静音 ｲﾔﾎﾝ 美品🔥,<br>美品な状態でお譲りします。お値段は22900yenになります。自宅保管ですので気になる方はご検討ください。</b>,22900,家電
L01676,Mサイズ ワンピース 状態良好,帽子です。状態良好。29500 円。取説付。,29500,ファッション
L02980,軽量 シューズ 難あり,<b>スパイクです。難あり。¥15100。27cm。&amp;,15100,スポーツ
L03353,節電 ﾃﾚﾋﾞ 状態良好,&nbsp;電子レンジです。状態良好。¥２２０００。取説付。<br>,22000,家電
L00368,箱あり   シューズ   状態良好,<br>状態良好な状態でお譲りします。お値段は¥29300になります。27cmですので気になる方はご検討ください。</b>,29300,スポーツ
L01250,《まとめ買い歓迎》部活 ウェア ほぼ新品✨,ほぼ新品な状態でお譲りします。お値段は38300yenになります。取説付ですので気になる方はご検討ください。,38300,スポーツ
L01996,ﾚﾃﾞィｰｽ 訳あり品 used,usedな状態でお譲りします。お値段は¥7700になります。ヴィンテージですので気になる方はご検討ください。,7700,ファッション
L00666,Mサイズ   デニム   美品✨🎁,&nbsp;美品な状態でお譲りします。お値段は5200yenになります。厚底ですので気になる方はご検討ください。<br>,5200,ファッション
L03820,取説付 エアコン 傷あり💯✨🎁,傷ありな状態でお譲りします。お値段は21400 円になります。自宅保管ですので気になる方はご検討ください。,21400,家電
L04330,※返品不可27cm 一式 難あり,"<b>難ありな状態でお譲りします。お値段は15,500円になります。自宅保管ですので気になる方はご検討ください。</b>",15500,スポーツ
L02371,【送料無料】初版   雑誌   ｕｓｅｄ💯✨,レコードです。ｕｓｅｄ。１９５００ｙｅｎ。自宅保管。,19500,本・音楽
L02235,【最終値下げ】節電 ジャンク品 傷あり,傷ありな状態でお譲りします。お値段は¥20300になります。省エネですので気になる方はご検討ください。,20300,家電
L01216,インバーター 本体のみ 状態良好✨🔥🔥,&nbsp;状態良好な状態でお譲りします。お値段は３４１００ｙｅｎになります。インバーターですので気になる方はご検討ください。</b>,34100,家電
L03548,★即日発送★未開封   中古品   美品,美品な状態でお譲りします。お値段は15900yenになります。コレクションですので気になる方はご検討ください。,15900,ホビー
L00499,!!値下げしました!!硬式 訳あり品 美品,美品な状態でお譲りします。お値段は¥17900になります。箱ありですので気になる方はご検討ください。,17900,スポーツ
L03035,◆匿名配送◆リモコン付   洗濯機   状態良好🎁🎁,"<b>エアコンです。状態良好。21,000円。省エネ。<br>",21000,家電
L01352,【最終値下げ】動作確認済 詰め合わせ ほぼ新品💯✨,<b>ほぼ新品な状態でお譲りします。お値段は３２６００ｙｅｎになります。硬式ですので気になる方はご検討ください。&amp;,32600,スポーツ
L04827,TV ドライヤー 状態良好🔥💯,状態良好な状態でお譲りします。お値段は¥36000になります。箱ありですので気になる方はご検討ください。,36000,家電
L03693,名盤 詰め合わせ used,&nbsp;usedな状態でお譲りします。お値段は¥25100になります。帯付きですので気になる方はご検討ください。</b>,25100,本・音楽
L02835,★即日発送★リモコン付 冷蔵庫 美品,<b>冷蔵庫です。美品。10800yen。リモコン付。</b>,10800,家電
L00321,※返品不可美品 バッグ 傷あり💯🎁✨,&nbsp;傷ありな状態でお譲りします。お値段は21400yenになります。古着ですので気になる方はご検討ください。&amp;,21400,ファッション
L01939,【送料無料】部活 ﾗｹｯﾄ 状態良好🔥💯✨,"グローブです。状態良好。６,７００円。値下げ交渉可。",6700,スポーツ
L00387,ﾄﾚｰﾆﾝｸﾞ   一式   状態良好✨💯,"状態良好な状態でお譲りします。お値段は14,700円になります。屋外用ですので気になる方はご検討ください。",14700,スポーツ
L01409,※返品不可TV エアコン 傷あり,&nbsp;ドライヤーです。傷あり。12200yen。節電。<br>,12200,家電
L00582,◆匿名配送◆レディース バッグ 難あり🔥,&nbsp;難ありな状態でお譲りします。お値段は¥３２８００になります。Ｍサイズですので気になる方はご検討ください。</b>,32800,ファッション
L00751,◆匿名配送◆未開封 詰め合わせ 状態良好,状態良好な状態でお譲りします。お値段は¥27500になります。喫煙者なしですので気になる方はご検討ください。,27500,ホビー
L04115,【送料無料】省エネ 中古品 美品🎁✨,美品な状態でお譲りします。お値段は17100 円になります。美品ですので気になる方はご検討ください。,17100,家電
L03330,屋外用   ﾀﾞﾝﾍﾞﾙ   傷あり,シューズです。傷あり。２０００ｙｅｎ。硬式。,2000,スポーツ
L02501,《まとめ買い歓迎》美品 テレビ ほぼ新品,テレビです。ほぼ新品。24000 円。省エネ。,24000,家電
L03412,即決 シャツ 難あり,"<b>スニーカーです。難あり。１６,３００円。即決。&amp;",16300,ファッション
L00302,初版 詰め合わせ 状態良好,状態良好な状態でお譲りします。お値段は30300 円になります。ペットなしですので気になる方はご検討ください。,30300,本・音楽
L03605,美品 ﾄﾞﾗｲﾔｰ 美品💯🔥,美品な状態でお譲りします。お値段は¥1800になります。喫煙者なしですので気になる方はご検討ください。,1800,家電
L04399,!!値下げしました!!ペットなし ジャンク品 ほぼ新品🔥💯,ほぼ新品な状態でお譲りします。お値段は7400 円になります。取説付ですので気になる方はご検討ください。,7400,家電
L02634,屋外用 ｳェｱ 美品⭐,美品な状態でお譲りします。お値段は¥5400になります。即決ですので気になる方はご検討ください。,5400,スポーツ
L03321,★即日発送★27cm ｾｯﾄ 難あり,難ありな状態でお譲りします。お値段は15400yenになります。軽量ですので気になる方はご検討ください。,15400,スポーツ
L01064,!!値下げしました!!取説付 ｽﾆｰｶｰ 状態良好⭐✨🎁,ワンピースです。状態良好。¥20500。動作確認済。,20500,ファッション
L04920,◆匿名配送◆取説付 哺乳瓶 ｕｓｅｄ,"<br>ベビー服です。ｕｓｅｄ。１７,７００円。箱あり。</b>",17700,ベビー・キッズ
L01703,★即日発送★新生児 抱っこ紐 状態良好,抱っこ紐です。状態良好。38100yen。ペットなし。,38100,ベビー・キッズ
L02614,軽量 シャツ used💯,<b>usedな状態でお譲りします。お値段は37600yenになります。古着ですので気になる方はご検討ください。&amp;,37600,ファッション
L00852,!!値下げしました!!箱あり 掃除機 難あり,"難ありな状態でお譲りします。お値段は32,300円になります。即決ですので気になる方はご検討ください。",32300,家電
L00709,取説付 訳あり品 美品,美品な状態でお譲りします。お値段は¥10600になります。自宅保管ですので気になる方はご検討ください。,10600,本・音楽
L00809,★即日発送★安全基準適合 絵本 美品,<br>絵本です。美品。¥12700。安全基準適合。<br>,12700,ベビー・キッズ
L00722,※返品不可廃盤 写真集 状態良好,状態良好な状態でお譲りします。お値段は２１９００ｙｅｎになります。廃盤ですので気になる方はご検討ください。,21900,本・音楽
L00265,!!値下げしました!!軽量   訳あり品   ほぼ新品,<br>ほぼ新品な状態でお譲りします。お値段は¥３７１００になります。部活ですので気になる方はご検討ください。&amp;,37100,スポーツ
L03872,《まとめ買い歓迎》Mｻｲｽﾞ ｼｬﾂ 難あり,&nbsp;デニムです。難あり。12900yen。即決。</b>,12900,ファッション
L01975,ヴィンテージ バッグ 傷あり,"ブーツです。傷あり。３２,９００円。レディース。",32900,ファッション
L01947,軽量   ヨガマット   状態良好🎁🔥✨,<b>自転車です。状態良好。12300 円。27cm。</b>,12300,スポーツ
L03300,◆匿名配送◆美品 詰め合わせ 傷あり⭐🎁🔥,傷ありな状態でお譲りします。お値段は¥１５２００になります。未開封ですので気になる方はご検討ください。,15200,ホビー
L04283,【送料無料】未開封 トレカ used⭐✨,<b>フィギュアです。used。¥39600。限定版。&amp;,39600,ホビー
L02630,!!値下げしました!!インバーター 炊飯器 used,掃除機です。used。¥31300。リモコン付。,31300,家電
L00162,初版 画集 美品,<b>美品な状態でお譲りします。お値段は３１３００ 円になります。名盤ですので気になる方はご検討ください。</b>,31300,本・音楽
L00699,◆匿名配送◆即決 セット used,"<b>usedな状態でお譲りします。お値段は19,000円になります。動作確認済ですので気になる方はご検討ください。&amp;",19000,スポーツ
L00293,箱あり   中古品   美品,&nbsp;美品な状態でお譲りします。お値段は15500 円になります。名盤ですので気になる方はご検討ください。<br>,15500,本・音楽
L02942,◆匿名配送◆ｻｲﾝ入り   楽譜   美品,参考書です。美品。¥38000。軽量。,38000,本・音楽
L03902,※返品不可取説付   中古品   ほぼ新品🎁✨🎁,ほぼ新品な状態でお譲りします。お値段は14000 円になります。取説付ですので気になる方はご検討ください。,14000,ファッション
L03203,◆匿名配送◆喫煙者なし   絵本   傷あり✨🎁🔥,傷ありな状態でお譲りします。お値段は１８４００ｙｅｎになります。箱ありですので気になる方はご検討ください。,18400,ベビー・キッズ
L01538,《まとめ買い歓迎》軽量 ｼｭｰｽﾞ 傷あり💯,"傷ありな状態でお譲りします。お値段は11,100円になります。自宅保管ですので気になる方はご検討ください。",11100,スポーツ
L02223,《まとめ買い歓迎》4K 炊飯器 ほぼ新品,ほぼ新品な状態でお譲りします。お値段は¥29400になります。TVですので気になる方はご検討ください。,29400,家電
L00486,全巻 ジャンク品 ほぼ新品🔥,&nbsp;ほぼ新品な状態でお譲りします。お値段は27900 円になります。箱ありですので気になる方はご検討ください。&amp;,27900,本・音楽
L01296,【送料無料】ペットなし まとめ売り 状態良好✨✨,"<b>状態良好な状態でお譲りします。お値段は16,500円になります。メンズですので気になる方はご検討ください。</b>",16500,ファッション
L00977,《まとめ買い歓迎》動作確認済   帽子   難あり💯⭐,シューズです。難あり。17500yen。喫煙者なし。,17500,ファッション
L00416,ｲﾝﾊﾞｰﾀｰ 冷蔵庫 難あり✨✨🔥,難ありな状態でお譲りします。お値段は¥21100になります。即決ですので気になる方はご検討ください。,21100,家電
L02888,◆匿名配送◆省エネ 炊飯器 ほぼ新品,&nbsp;ほぼ新品な状態でお譲りします。お値段は19700 円になります。節電ですので気になる方はご検討ください。<br>,19700,家電
L04199,《まとめ買い歓迎》美品   単行本   状態良好💯🔥,<br>状態良好な状態でお譲りします。お値段は11300 円になります。全巻ですので気になる方はご検討ください。&amp;,11300,本・音楽
L03483,【最終値下げ】塗装済 訳あり品 状態良好,状態良好な状態でお譲りします。お値段は9600yenになります。美品ですので気になる方はご検討ください。,9600,ホビー
L02576,【送料無料】対象年齢３歳 ベビー服 ｕｓｅｄ,&nbsp;ベビーカーです。ｕｓｅｄ。１５０００ｙｅｎ。取説付。&amp;,15000,ベビー・キッズ
L03514,《まとめ買い歓迎》Mサイズ 詰め合わせ 美品,"<br>美品な状態でお譲りします。お値段は29,300円になります。ヴィンテージですので気になる方はご検討ください。<br>",29300,ファッション
L03906,★即日発送★サイン入り まとめ売り 状態良好,<b>状態良好な状態でお譲りします。お値段は２６９００ｙｅｎになります。喫煙者なしですので気になる方はご検討ください。<br>,26900,本・音楽
L02413,!!値下げしました!!リモコン付   訳あり品   used✨,<b>usedな状態でお譲りします。お値段は21200yenになります。自宅保管ですので気になる方はご検討ください。<br>,21200,家電
L04676,軽量 抱っこ紐 状態良好✨✨,状態良好な状態でお譲りします。お値段は26400 円になります。洗えるですので気になる方はご検討ください。,26400,ベビー・キッズ
L00559,インバーター 電子レンジ 美品,&nbsp;スピーカーです。美品。30000yen。静音。&amp;,30000,家電
L00128,◆匿名配送◆ペットなし 本体のみ 傷あり,<br>傷ありな状態でお譲りします。お値段は１９００ｙｅｎになります。取説付ですので気になる方はご検討ください。<br>,1900,家電
L03360,!!値下げしました!!厚底 ｼﾞｬﾝｸ品 ほぼ新品,ほぼ新品な状態でお譲りします。お値段は¥２１６００になります。Ｍサイズですので気になる方はご検討ください。,21600,ファッション
L04991,値下げ交渉可 掃除機 難あり🎁,ドライヤーです。難あり。2000yen。TV。,2000,家電
L01561,軽量 ブーツ used🎁,"usedな状態でお譲りします。お値段は15,400円になります。Mサイズですので気になる方はご検討ください。",15400,ファッション
L00382,!!値下げしました!!ｺﾚｸｼｮﾝ ｷﾞﾀｰ ほぼ新品⭐🎁✨,写真集です。ほぼ新品。3900 円。1/144。,3900,ホビー
L03553,帯付き 楽譜 美品💯⭐,&nbsp;美品な状態でお譲りします。お値段は4200 円になります。自宅保管ですので気になる方はご検討ください。&amp;,4200,本・音楽
L01318,《まとめ買い歓迎》美品 ﾊﾟｽﾞﾙ 美品,"<b>ラジコンです。美品。２７,２００円。値下げ交渉可。</b>",27200,ホビー
L04048,静音 まとめ売り 難あり,難ありな状態でお譲りします。お値段は1500yenになります。省エネですので気になる方はご検討ください。,1500,家電
L02930,!!値下げしました!!屋外用 ラケット 状態良好,&nbsp;ウェアです。状態良好。¥2400。屋外用。&amp;,2400,スポーツ
L01521,◆匿名配送◆静音 訳あり品 傷あり,<br>傷ありな状態でお譲りします。お値段は21700 円になります。静音ですので気になる方はご検討ください。&amp;,21700,家電
L04131,箱あり 本体のみ 美品,美品な状態でお譲りします。お値段は6000yenになります。安全基準適合ですので気になる方はご検討ください。,6000,ベビー・キッズ
L03075,新生児 訳あり品 難あり🔥💯,&nbsp;難ありな状態でお譲りします。お値段は15000yenになります。対象年齢3歳ですので気になる方はご検討ください。</b>,15000,ベビー・キッズ
L04949,《まとめ買い歓迎》静音   スピーカー   used,洗濯機です。used。900 円。ペットなし。,900,家電
L01957,リモコン付 掃除機 美品✨✨✨,美品な状態でお譲りします。お値段は¥36200になります。4Kですので気になる方はご検討ください。,36200,家電
L01248,厚底   ブーツ   ほぼ新品🎁🔥✨,"<br>コートです。ほぼ新品。1,300円。軽量。&amp;",1300,ファッション
L02176,!!値下げしました!!軽量 ジャケット ほぼ新品,ほぼ新品な状態でお譲りします。お値段は6500yenになります。Mサイズですので気になる方はご検討ください。,6500,ファッション
L00418,自宅保管 シャツ 傷あり,&nbsp;シューズです。傷あり。27900 円。ペットなし。</b>,27900,ファッション
L00954,名盤 写真集 状態良好,&nbsp;状態良好な状態でお譲りします。お値段は¥14700になります。全巻ですので気になる方はご検討ください。&amp;,14700,本・音楽
L02421,◆匿名配送◆1/144 ラジコン 傷あり💯,傷ありな状態でお譲りします。お値段は5100yenになります。限定版ですので気になる方はご検討ください。,5100,ホビー
L03726,★即日発送★硬式 訳あり品 状態良好,<b>状態良好な状態でお譲りします。お値段は１８６００ 円になります。トレーニングですので気になる方はご検討ください。&amp;,18600,スポーツ
L00956,★即日発送★限定版 ﾎﾞｰﾄﾞｹﾞｰﾑ 傷あり,写真集です。傷あり。14500 円。ペットなし。,14500,ホビー
L01813,美品 本体のみ 美品,<b>美品な状態でお譲りします。お値段は¥18400になります。帯付きですので気になる方はご検討ください。<br>,18400,本・音楽
L03070,★即日発送★動作確認済 セット 傷あり,<b>傷ありな状態でお譲りします。お値段は6600 円になります。安全基準適合ですので気になる方はご検討ください。&amp;,6600,ベビー・キッズ
L00965,節電   ﾃﾚﾋﾞ   状態良好,テレビです。状態良好。18900 円。美品。,18900,家電
L01649,◆匿名配送◆限定版 付属品あり 難あり,難ありな状態でお譲りします。お値段は36100 円になります。美品ですので気になる方はご検討ください。,36100,ホビー
L00420,即決 チャイルドシート 美品,<b>おもちゃです。美品。6700 円。美品。</b>,6700,ベビー・キッズ
L03570,取説付 ｺｰﾄ used,デニムです。used。¥37100。ヴィンテージ。,37100,ファッション
L01408,省エネ   一式   傷あり💯,"傷ありな状態でお譲りします。お値段は24,600円になります。美品ですので気になる方はご検討ください。",24600,家電
L04904,取説付   セット   難あり,難ありな状態でお譲りします。お値段は11600yenになります。軽量ですので気になる方はご検討ください。,11600,スポーツ
L02407,《まとめ買い歓迎》値下げ交渉可   炊飯器   状態良好,状態良好な状態でお譲りします。お値段は２４１００ｙｅｎになります。省エネですので気になる方はご検討ください。,24100,家電
L03133,※返品不可ﾘﾓｺﾝ付 訳あり品 美品,"&nbsp;美品な状態でお譲りします。お値段は19,500円になります。インバーターですので気になる方はご検討ください。</b>",19500,家電
L02607,◆匿名配送◆古着 デニム 美品,コートです。美品。６６００ 円。喫煙者なし。,6600,ファッション
L04506,ヴィンテージ   スニーカー   状態良好,ワンピースです。状態良好。¥25200。Mサイズ。,25200,ファッション
L03003,ｲﾝﾊﾞｰﾀｰ 詰め合わせ ほぼ新品,ほぼ新品な状態でお譲りします。お値段は6700yenになります。省エネですので気になる方はご検討ください。,6700,家電
L04424,【送料無料】屋外用 ｼﾞｬﾝｸ品 傷あり,<br>傷ありな状態でお譲りします。お値段は21100yenになります。トレーニングですので気になる方はご検討ください。<br>,21100,スポーツ
L01119,4K ドライヤー 美品,"&nbsp;イヤホンです。美品。27,100円。省エネ。&amp;",27100,家電
L04295,★即日発送★美品 ｺｰﾄ used,&nbsp;シャツです。used。¥3300。即決。</b>,3300,ファッション
L01628,【最終値下げ】塗装済 セット ｕｓｅｄ🔥,ｕｓｅｄな状態でお譲りします。お値段は４９００ 円になります。塗装済ですので気になる方はご検討ください。,4900,ホビー
L01657,27cm ﾀﾞﾝﾍﾞﾙ used,<b>usedな状態でお譲りします。お値段は10800 円になります。即決ですので気になる方はご検討ください。</b>,10800,スポーツ
L03705,未開封 ｼﾞｬﾝｸ品 ほぼ新品,&nbsp;ほぼ新品な状態でお譲りします。お値段は30500 円になります。未開封ですので気になる方はご検討ください。&amp;,30500,ホビー
L02865,部活 自転車 ほぼ新品,<br>ほぼ新品な状態でお譲りします。お値段は30800yenになります。動作確認済ですので気になる方はご検討ください。<br>,30800,スポーツ
L03736,【最終値下げ】動作確認済 詰め合わせ 美品,美品な状態でお譲りします。お値段は¥37200になります。箱ありですので気になる方はご検討ください。,37200,ホビー
L04168,【最終値下げ】ｲﾝﾊﾞｰﾀｰ 冷蔵庫 傷あり,"&nbsp;傷ありな状態でお譲りします。お値段は26,400円になります。リモコン付ですので気になる方はご検討ください。</b>",26400,家電
L00462,箱あり ランニングシューズ 状態良好🎁💯🔥,&nbsp;状態良好な状態でお譲りします。お値段は8900yenになります。トレーニングですので気になる方はご検討ください。</b>,8900,スポーツ
L02784,※返品不可厚底 セット 傷あり,傷ありな状態でお譲りします。お値段は38800 円になります。メンズですので気になる方はご検討ください。,38800,ファッション
L01926,レディース   シューズ   状態良好,<b>状態良好な状態でお譲りします。お値段は¥18400になります。メンズですので気になる方はご検討ください。</b>,18400,ファッション
L02913,喫煙者なし   訳あり品   難あり,<br>難ありな状態でお譲りします。お値段は29100yenになります。コレクションですので気になる方はご検討ください。&amp;,29100,ホビー
L00764,【送料無料】硬式 ヨガマット 傷あり🎁⭐,ヨガマットです。傷あり。4100yen。ペットなし。,4100,スポーツ
L03883,※返品不可レディース スニーカー 難あり,コートです。難あり。４８００ｙｅｎ。レディース。,4800,ファッション
L01689,◆匿名配送◆動作確認済 ドライヤー 美品,"<b>イヤホンです。美品。17,000円。省エネ。</b>",17000,家電
L02426,部活 訳あり品 used,usedな状態でお譲りします。お値段は¥4600になります。軽量ですので気になる方はご検討ください。,4600,スポーツ
L01304,軽量 一式 美品,"&nbsp;美品な状態でお譲りします。お値段は21,400円になります。取説付ですので気になる方はご検討ください。<br>",21400,ファッション
L03005,値下げ交渉可 ｾｯﾄ 美品,"美品な状態でお譲りします。お値段は３１,８００円になります。硬式ですので気になる方はご検討ください。",31800,スポーツ
L03099,【最終値下げ】４Ｋ 中古品 ｕｓｅｄ,"&nbsp;ｕｓｅｄな状態でお譲りします。お値段は３９,２００円になります。ペットなしですので気になる方はご検討ください。&amp;",39200,家電
L03260,◆匿名配送◆インバーター   中古品   美品,美品な状態でお譲りします。お値段は29500yenになります。省エネですので気になる方はご検討ください。,29500,家電
L03117,Ｍサイズ 本体のみ ｕｓｅｄ,ｕｓｅｄな状態でお譲りします。お値段は３２１００ 円になります。レディースですので気になる方はご検討ください。,32100,ファッション
L01669,硬式 ﾗﾝﾆﾝｸﾞｼｭｰｽﾞ 難あり,<b>難ありな状態でお譲りします。お値段は24600yenになります。屋外用ですので気になる方はご検討ください。</b>,24600,スポーツ
L04562,【送料無料】1/144   ｾｯﾄ   ほぼ新品,ほぼ新品な状態でお譲りします。お値段は39300 円になります。美品ですので気になる方はご検討ください。,39300,ホビー
L04533,箱あり ｽﾊﾟｲｸ 傷あり,<br>ウェアです。傷あり。¥2900。軽量。<br>,2900,スポーツ
L00281,《まとめ買い歓迎》安全基準適合 一式 傷あり🔥🔥🔥,傷ありな状態でお譲りします。お値段は22800 円になります。新生児ですので気になる方はご検討ください。,22800,ベビー・キッズ
L02165,【最終値下げ】ﾍﾟｯﾄなし   画材   難あり,難ありな状態でお譲りします。お値段は２９７００ 円になります。コレクションですので気になる方はご検討ください。,29700,ホビー
L03494,※返品不可名盤 セット ほぼ新品,ほぼ新品な状態でお譲りします。お値段は36700 円になります。名盤ですので気になる方はご検討ください。,36700,本・音楽
L01417,※返品不可1/144 ﾎﾞｰﾄﾞｹﾞｰﾑ 難あり⭐💯,フィギュアです。難あり。¥21700。限定版。,21700,ホビー
L03034,《まとめ買い歓迎》静音 一式 ｕｓｅｄ,ｕｓｅｄな状態でお譲りします。お値段は１９７００ｙｅｎになります。リモコン付ですので気になる方はご検討ください。,19700,家電
L01121,【送料無料】ﾚﾃﾞィｰｽ 一式 状態良好,状態良好な状態でお譲りします。お値段は¥13800になります。メンズですので気になる方はご検討ください。,13800,ファッション
L00466,!!値下げしました!!Ｍサイズ ブーツ 美品,美品な状態でお譲りします。お値段は３５４００ 円になります。取説付ですので気になる方はご検討ください。,35400,ファッション
L00262,★即日発送★美品 セット ほぼ新品,ほぼ新品な状態でお譲りします。お値段は３２７００ｙｅｎになります。値下げ交渉可ですので気になる方はご検討ください。,32700,ベビー・キッズ
L04426,廃盤 本体のみ used,usedな状態でお譲りします。お値段は5800yenになります。即決ですので気になる方はご検討ください。,5800,本・音楽
L00261,即決 ｽﾊﾟｲｸ 傷あり⭐,<br>傷ありな状態でお譲りします。お値段は¥３８６００になります。ペットなしですので気になる方はご検討ください。</b>,38600,スポーツ
L04844,★即日発送★自宅保管 ボードゲーム ｕｓｅｄ⭐✨🔥,<b>画材です。ｕｓｅｄ。１９４００ 円。１／１４４。&amp;,19400,ホビー
L02454,※返品不可ﾍﾟｯﾄなし ｺｰﾄ 傷あり,<b>傷ありな状態でお譲りします。お値段は¥2900になります。ヴィンテージですので気になる方はご検討ください。</b>,2900,ファッション
L02697,リモコン付 一式 used,usedな状態でお譲りします。お値段は36400 円になります。美品ですので気になる方はご検討ください。,36400,家電
L03779,【送料無料】初回特典   本体のみ   used🎁💯,<b>usedな状態でお譲りします。お値段は¥900になります。限定版ですので気になる方はご検討ください。&amp;,900,ホビー
L04737,◆匿名配送◆硬式   自転車   傷あり,傷ありな状態でお譲りします。お値段は10300 円になります。部活ですので気になる方はご検討ください。,10300,スポーツ
L01054,!!値下げしました!!TV   電子ﾚﾝｼﾞ   難あり,難ありな状態でお譲りします。お値段は7900yenになります。省エネですので気になる方はご検討ください。,7900,家電
L02457,全巻 参考書 難あり,<b>難ありな状態でお譲りします。お値段は7700 円になります。箱ありですので気になる方はご検討ください。&amp;,7700,本・音楽
L00786,ペットなし イヤホン 傷あり✨🎁,傷ありな状態でお譲りします。お値段は30300 円になります。美品ですので気になる方はご検討ください。,30300,家電
L01476,屋外用 自転車 美品🔥,ヨガマットです。美品。２７７００ｙｅｎ。軽量。,27700,スポーツ
L01004,◆匿名配送◆箱あり 詰め合わせ 状態良好💯💯🎁,<br>状態良好な状態でお譲りします。お値段は18100 円になります。取説付ですので気になる方はご検討ください。&amp;,18100,家電
L03311,ＴＶ 空気清浄機 美品,<b>美品な状態でお譲りします。お値段は２０４００ 円になります。節電ですので気になる方はご検討ください。<br>,20400,家電
L00655,4K ジャンク品 傷あり💯💯,&nbsp;傷ありな状態でお譲りします。お値段は¥21600になります。静音ですので気になる方はご検討ください。</b>,21600,家電
L00412,動作確認済 ブーツ ほぼ新品⭐✨⭐,<br>ほぼ新品な状態でお譲りします。お値段は22400yenになります。喫煙者なしですので気になる方はご検討ください。<br>,22400,ファッション
L00351,!!値下げしました!!美品   訳あり品   ほぼ新品,&nbsp;ほぼ新品な状態でお譲りします。お値段は20400yenになります。喫煙者なしですので気になる方はご検討ください。</b>,20400,家電
L04187,ﾚﾃﾞィｰｽ   まとめ売り   used,usedな状態でお譲りします。お値段は¥28000になります。箱ありですので気になる方はご検討ください。,28000,ファッション
L01350,【送料無料】値下げ交渉可 シューズ ほぼ新品,ほぼ新品な状態でお譲りします。お値段は２３８００ 円になります。ペットなしですので気になる方はご検討ください。,23800,ファッション
L01862,!!値下げしました!!ﾄﾚｰﾆﾝｸﾞ ｾｯﾄ ｕｓｅｄ,ｕｓｅｄな状態でお譲りします。お値段は¥４２００になります。軽量ですので気になる方はご検討ください。,4200,スポーツ
L00670,軽量 ラケット 美品,<br>美品な状態でお譲りします。お値段は¥２３１００になります。取説付ですので気になる方はご検討ください。&amp;,23100,スポーツ
L00739,４Ｋ テレビ 状態良好🎁💯,空気清浄機です。状態良好。３３１００ 円。ＴＶ。,33100,家電
L00234,限定版 ジャンク品 ｕｓｅｄ🔥,"<b>ｕｓｅｄな状態でお譲りします。お値段は１８,３００円になります。コレクションですので気になる方はご検討ください。&amp;",18300,ホビー
L04599,【送料無料】帯付き 本体のみ 状態良好🎁🔥,状態良好な状態でお譲りします。お値段は２８８００ｙｅｎになります。値下げ交渉可ですので気になる方はご検討ください。,28800,本・音楽
L02986,!!値下げしました!!即決 プラモデル 難あり,ボードゲームです。難あり。¥18300。塗装済。,18300,ホビー
L04837,【送料無料】廃盤 セット 傷あり,"<b>傷ありな状態でお譲りします。お値段は34,700円になります。美品ですので気になる方はご検討ください。&amp;",34700,本・音楽
L00346,硬式 シューズ 難あり🔥✨,難ありな状態でお譲りします。お値段は28100yenになります。27cmですので気になる方はご検討ください。,28100,スポーツ
L01045,未開封   ギター   ほぼ新品,<br>ほぼ新品な状態でお譲りします。お値段は¥27700になります。未開封ですので気になる方はご検討ください。</b>,27700,ホビー
L03266,【送料無料】帯付き まとめ売り 状態良好✨,"状態良好な状態でお譲りします。お値段は34,400円になります。動作確認済ですので気になる方はご検討ください。",34400,本・音楽
L03834,4K 中古品 used,<b>usedな状態でお譲りします。お値段は13800yenになります。自宅保管ですので気になる方はご検討ください。<br>,13800,家電
L01075,ﾍﾟｯﾄなし 一式 used,"usedな状態でお譲りします。お値段は34,000円になります。ペットなしですので気になる方はご検討ください。",34000,ファッション
L00253,自宅保管 テレビ ほぼ新品,テレビです。ほぼ新品。8600 円。節電。,8600,家電
L02873,《まとめ買い歓迎》レディース ブーツ 傷あり⭐,スニーカーです。傷あり。¥28600。レディース。,28600,ファッション
L03644,【送料無料】ﾍﾟｯﾄなし 付属品あり 傷あり🔥💯🎁,傷ありな状態でお譲りします。お値段は25800yenになります。初版ですので気になる方はご検討ください。,25800,本・音楽
L00037,◆匿名配送◆軽量 ｾｯﾄ used,"usedな状態でお譲りします。お値段は14,400円になります。取説付ですので気になる方はご検討ください。",14400,ファッション
L01046,★即日発送★軽量 スパイク ほぼ新品,"ほぼ新品な状態でお譲りします。お値段は23,100円になります。箱ありですので気になる方はご検討ください。",23100,スポーツ
L02860,【最終値下げ】節電 洗濯機 ほぼ新品⭐✨✨,エアコンです。ほぼ新品。23600yen。即決。,23600,家電
L04149,【送料無料】ﾍﾟｯﾄなし ｽﾋﾟｰｶｰ 美品🔥,"&nbsp;掃除機です。美品。3,100円。リモコン付。&amp;",3100,家電
L01203,コレクション 詰め合わせ ｕｓｅｄ,"<b>ｕｓｅｄな状態でお譲りします。お値段は２９,１００円になります。未開封ですので気になる方はご検討ください。&amp;",29100,ホビー
L02024,全巻 文庫本 ほぼ新品,ほぼ新品な状態でお譲りします。お値段は¥５６００になります。初版ですので気になる方はご検討ください。,5600,本・音楽
L03616,★即日発送★未開封   中古品   ほぼ新品,ほぼ新品な状態でお譲りします。お値段は¥4900になります。塗装済ですので気になる方はご検討ください。,4900,ホビー
L01810,即決 ランニングシューズ 難あり,"<b>ダンベルです。難あり。39,800円。部活。&amp;",39800,スポーツ
L02832,厚底 シャツ 美品🎁🎁,<br>美品な状態でお譲りします。お値段は28200 円になります。即決ですので気になる方はご検討ください。&amp;,28200,ファッション
L01859,【最終値下げ】ペットなし バッグ used,"usedな状態でお譲りします。お値段は10,800円になります。ヴィンテージですので気になる方はご検討ください。",10800,ファッション
L00383,27cm ﾗｹｯﾄ 状態良好,状態良好な状態でお譲りします。お値段は¥10400になります。美品ですので気になる方はご検討ください。,10400,スポーツ
L00630,サイン入り 詰め合わせ 美品🎁🔥💯,<br>美品な状態でお譲りします。お値段は35500yenになります。帯付きですので気になる方はご検討ください。&amp;,35500,本・音楽
L00463,4K テレビ used,&nbsp;イヤホンです。used。¥31000。省エネ。</b>,31000,家電
L00787,【最終値下げ】取説付 パズル used💯🎁✨,"写真集です。used。20,300円。限定版。",20300,ホビー
L02947,【最終値下げ】美品   コート   ｕｓｅｄ,ブーツです。ｕｓｅｄ。１１９００ 円。Ｍサイズ。,11900,ファッション
L01196,インバーター ジャンク品 傷あり✨🎁,"<b>傷ありな状態でお譲りします。お値段は3,800円になります。節電ですので気になる方はご検討ください。<br>",3800,家電
L01149,軽量 単行本 状態良好,状態良好な状態でお譲りします。お値段は¥13700になります。箱ありですので気になる方はご検討ください。,13700,本・音楽
L03285,《まとめ買い歓迎》軽量 抱っこ紐 傷あり,&nbsp;おもちゃです。傷あり。¥３３７００。取説付。&amp;,33700,ベビー・キッズ
L01076,動作確認済 ワンピース 難あり,難ありな状態でお譲りします。お値段は¥31300になります。即決ですので気になる方はご検討ください。,31300,ファッション
L02237,《まとめ買い歓迎》美品 セット 難あり,難ありな状態でお譲りします。お値段は31700 円になります。箱ありですので気になる方はご検討ください。,31700,ベビー・キッズ
L03200,【送料無料】取説付 スピーカー 難あり🔥💯⭐,冷蔵庫です。難あり。¥23000。省エネ。,23000,家電
L02114,【最終値下げ】厚底 帽子 状態良好,<b>シャツです。状態良好。4000 円。取説付。<br>,4000,ファッション
L04446,対象年齢3歳 ﾍﾞﾋﾞｰｶｰ 傷あり,哺乳瓶です。傷あり。¥6200。洗える。,6200,ベビー・キッズ
L02530,【送料無料】塗装済 ラジコン used,<br>usedな状態でお譲りします。お値段は4900yenになります。未開封ですので気になる方はご検討ください。&amp;,4900,ホビー
L00186,美品 シューズ 状態良好🎁,コートです。状態良好。38600yen。メンズ。,38600,ファッション
L01506,【最終値下げ】取説付 ｾｯﾄ ほぼ新品🎁✨,"ほぼ新品な状態でお譲りします。お値段は９,５００円になります。トレーニングですので気になる方はご検討ください。",9500,スポーツ
L03869,美品 ギター 傷あり🎁🎁,"傷ありな状態でお譲りします。お値段は１９,１００円になります。自宅保管ですので気になる方はご検討ください。",19100,ホビー
L04669,《まとめ買い歓迎》初版   参考書   ほぼ新品,<b>ほぼ新品な状態でお譲りします。お値段は¥7600になります。サイン入りですので気になる方はご検討ください。<br>,7600,本・音楽
L01089,!!値下げしました!!喫煙者なし ｾｯﾄ 状態良好,状態良好な状態でお譲りします。お値段は¥22600になります。4Kですので気になる方はご検討ください。,22600,家電
L02321,名盤 文庫本 used,usedな状態でお譲りします。お値段は2700 円になります。名盤ですので気になる方はご検討ください。,2700,本・音楽
L00725,対象年齢3歳 絵本 ほぼ新品,哺乳瓶です。ほぼ新品。30700 円。喫煙者なし。,30700,ベビー・キッズ
L00580,!!値下げしました!!１／１４４ ﾌィｷﾞｭｱ 傷あり,傷ありな状態でお譲りします。お値段は１３００ 円になります。限定版ですので気になる方はご検討ください。,1300,ホビー
L02734,【最終値下げ】古着 デニム ほぼ新品,<br>デニムです。ほぼ新品。１６８００ 円。値下げ交渉可。</b>,16800,ファッション
L00536,《まとめ買い歓迎》美品 帽子 難あり🎁⭐,シャツです。難あり。7200 円。厚底。,7200,ファッション
L03932,TV 電子レンジ 状態良好,炊飯器です。状態良好。¥11100。美品。,11100,家電
L04223,美品 中古品 状態良好⭐⭐🔥,<br>状態良好な状態でお譲りします。お値段は30100yenになります。節電ですので気になる方はご検討ください。&amp;,30100,家電
L01858,《まとめ買い歓迎》サイン入り 雑誌 ｕｓｅｄ,"ｕｓｅｄな状態でお譲りします。お値段は３０,２００円になります。喫煙者なしですので気になる方はご検討ください。",30200,本・音楽
L03727,【送料無料】ペットなし 空気清浄機 状態良好,テレビです。状態良好。17700yen。4K。,17700,家電
L03202,!!値下げしました!!静音 掃除機 難あり🎁,難ありな状態でお譲りします。お値段は20200yenになります。TVですので気になる方はご検討ください。,20200,家電
L04512,軽量   訳あり品   状態良好,状態良好な状態でお譲りします。お値段は¥34300になります。軽量ですので気になる方はご検討ください。,34300,ホビー
L02286,自宅保管 イヤホン 難あり💯,<br>難ありな状態でお譲りします。お値段は３０１００ 円になります。省エネですので気になる方はご検討ください。<br>,30100,家電
L03759,値下げ交渉可   写真集   難あり,"&nbsp;難ありな状態でお譲りします。お値段は19,600円になります。初回特典ですので気になる方はご検討ください。<br>",19600,ホビー
L04064,【送料無料】取説付 一式 ほぼ新品,&nbsp;ほぼ新品な状態でお譲りします。お値段は25700yenになります。節電ですので気になる方はご検討ください。<br>,25700,家電
L03725,美品 付属品あり 美品,&nbsp;美品な状態でお譲りします。お値段は19200yenになります。軽量ですので気になる方はご検討ください。&amp;,19200,ベビー・キッズ
L00208,★即日発送★静音   訳あり品   難あり,<b>難ありな状態でお譲りします。お値段は35700yenになります。リモコン付ですので気になる方はご検討ください。&amp;,35700,家電
L02385,静音 掃除機 ほぼ新品,エアコンです。ほぼ新品。¥３３９００。４Ｋ。,33900,家電
L02117,ヴィﾝﾃｰｼﾞ 一式 状態良好🔥,<b>状態良好な状態でお譲りします。お値段は¥9400になります。厚底ですので気になる方はご検討ください。</b>,9400,ファッション
L02931,!!値下げしました!!即決 訳あり品 難あり,難ありな状態でお譲りします。お値段は4400 円になります。軽量ですので気になる方はご検討ください。,4400,ホビー
L04876,★即日発送★塗装済 付属品あり 美品✨,美品な状態でお譲りします。お値段は３１１００ 円になります。１／１４４ですので気になる方はご検討ください。,31100,ホビー
L01548,部活 シューズ 状態良好🔥✨,<br>状態良好な状態でお譲りします。お値段は6500 円になります。軽量ですので気になる方はご検討ください。</b>,6500,スポーツ
L01226,サイン入り 楽譜 美品,"画集です。美品。30,400円。即決。",30400,本・音楽
L03471,◆匿名配送◆値下げ交渉可 写真集 難あり⭐,&nbsp;ボードゲームです。難あり。28200 円。箱あり。<br>,28200,ホビー
L04206,ﾚﾃﾞィｰｽ ｼﾞｬﾝｸ品 美品🎁,美品な状態でお譲りします。お値段は３５０００ 円になります。レディースですので気になる方はご検討ください。,35000,ファッション
L04803,省ｴﾈ ﾃﾚﾋﾞ 傷あり,洗濯機です。傷あり。¥26200。インバーター。,26200,家電
L02847,◆匿名配送◆洗える ﾍﾞﾋﾞｰｶｰ used,"&nbsp;抱っこ紐です。used。31,700円。新生児。<br>",31700,ベビー・キッズ
L04269,未開封 トレカ used,"写真集です。used。29,500円。初回特典。",29500,ホビー
L00707,※返品不可ヴィンテージ スニーカー 状態良好,状態良好な状態でお譲りします。お値段は16800yenになります。レディースですので気になる方はご検討ください。,16800,ファッション
L02496,★即日発送★節電 付属品あり ほぼ新品✨,&nbsp;ほぼ新品な状態でお譲りします。お値段は¥33700になります。TVですので気になる方はご検討ください。</b>,33700,家電
L03237,ｺﾚｸｼｮﾝ ﾎﾞｰﾄﾞｹﾞｰﾑ ｕｓｅｄ,ｕｓｅｄな状態でお譲りします。お値段は¥１１１００になります。ペットなしですので気になる方はご検討ください。,11100,ホビー
L04346,《まとめ買い歓迎》レディース シューズ ほぼ新品,&nbsp;ブーツです。ほぼ新品。¥25600。ヴィンテージ。<br>,25600,ファッション
L03190,◆匿名配送◆厚底   ジャンク品   ほぼ新品🎁💯🎁,"ほぼ新品な状態でお譲りします。お値段は9,300円になります。Mサイズですので気になる方はご検討ください。",9300,ファッション
L03198,動作確認済 ﾌﾞｰﾂ 傷あり,<br>傷ありな状態でお譲りします。お値段は38600yenになります。古着ですので気になる方はご検討ください。&amp;,38600,ファッション
L00951,ﾍﾟｯﾄなし   ｼﾞｬﾝｸ品   美品,美品な状態でお譲りします。お値段は34400 円になります。ペットなしですので気になる方はご検討ください。,34400,スポーツ
L02903,★即日発送★古着 帽子 傷あり,"<b>傷ありな状態でお譲りします。お値段は39,500円になります。レディースですので気になる方はご検討ください。<br>",39500,ファッション
L00056,※返品不可初回特典   フィギュア   美品🎁✨⭐,ギターです。美品。27300 円。塗装済。,27300,ホビー
L03978,※返品不可コレクション プラモデル 状態良好🔥🔥⭐,&nbsp;状態良好な状態でお譲りします。お値段は21700 円になります。コレクションですので気になる方はご検討ください。</b>,21700,ホビー
L04649,※返品不可軽量 訳あり品 難あり,<br>難ありな状態でお譲りします。お値段は300円になります。軽量ですので気になる方はご検討ください。<br>,300,家電
L01358,◆匿名配送◆部活 ﾗﾝﾆﾝｸﾞｼｭｰｽﾞ ほぼ新品,"<b>ほぼ新品な状態でお譲りします。お値段は2,900円になります。硬式ですので気になる方はご検討ください。&amp;",2900,スポーツ
L04502,自宅保管 ボードゲーム 傷あり,フィギュアです。傷あり。¥4700。1/144。,4700,ホビー
L02262,《まとめ買い歓迎》硬式 まとめ売り 状態良好,"<br>状態良好な状態でお譲りします。お値段は１３,６００円になります。軽量ですので気になる方はご検討ください。&amp;",13600,スポーツ
L04457,【送料無料】値下げ交渉可 単行本 美品✨,<br>単行本です。美品。２９３００ｙｅｎ。美品。&amp;,29300,本・音楽
L03441,27cm   スパイク   状態良好,自転車です。状態良好。27100 円。軽量。,27100,スポーツ
L00774,部活 詰め合わせ 状態良好,"状態良好な状態でお譲りします。お値段は13,200円になります。トレーニングですので気になる方はご検討ください。",13200,スポーツ
L01606,硬式 ジャンク品 美品,<br>美品な状態でお譲りします。お値段は¥17700になります。ペットなしですので気になる方はご検討ください。&amp;,17700,スポーツ
L00608,値下げ交渉可   詰め合わせ   used,usedな状態でお譲りします。お値段は¥31700になります。軽量ですので気になる方はご検討ください。,31700,スポーツ
L01259,!!値下げしました!!軽量 まとめ売り 傷あり,<br>傷ありな状態でお譲りします。お値段は11900 円になります。27cmですので気になる方はご検討ください。&amp;,11900,スポーツ
L02565,ﾍﾟｯﾄなし ﾄﾞﾗｲﾔｰ 傷あり,&nbsp;エアコンです。傷あり。¥２９８００。インバーター。</b>,29800,家電
L03234,【送料無料】全巻 参考書 難あり💯⭐🎁,"難ありな状態でお譲りします。お値段は26,300円になります。帯付きですので気になる方はご検討ください。",26300,本・音楽
L04001,※返品不可全巻 参考書 ｕｓｅｄ,ｕｓｅｄな状態でお譲りします。お値段は２４５００ 円になります。廃盤ですので気になる方はご検討ください。,24500,本・音楽
L01569,即決 トレカ ほぼ新品,ほぼ新品な状態でお譲りします。お値段は26300yenになります。塗装済ですので気になる方はご検討ください。,26300,ホビー
L03687,名盤 雑誌 状態良好,状態良好な状態でお譲りします。お値段は3500yenになります。初版ですので気になる方はご検討ください。,3500,本・音楽
L02744,《まとめ買い歓迎》初版 本体のみ ほぼ新品,ほぼ新品な状態でお譲りします。お値段は38900 円になります。自宅保管ですので気になる方はご検討ください。,38900,本・音楽
L04569,部活 ヨガマット 傷あり,"ダンベルです。傷あり。３５,０００円。軽量。",35000,スポーツ
L01571,!!値下げしました!!軽量 絵本 状態良好🎁✨,<br>ベビー服です。状態良好。29500 円。軽量。</b>,29500,ベビー・キッズ
L03470,塗装済 ｾｯﾄ 状態良好✨🎁💯,"&nbsp;状態良好な状態でお譲りします。お値段は23,500円になります。即決ですので気になる方はご検討ください。<br>",23500,ホビー
L00521,【送料無料】メンズ ジャケット 状態良好✨,<br>帽子です。状態良好。10700 円。軽量。</b>,10700,ファッション
L00708,【送料無料】コレクション フィギュア 傷あり⭐,パズルです。傷あり。38300yen。軽量。,38300,ホビー
L02041,自宅保管 スピーカー ほぼ新品,文庫本です。ほぼ新品。8000 円。全巻。,8000,本・音楽
L04999,名盤 文庫本 ほぼ新品💯,&nbsp;単行本です。ほぼ新品。24000 円。喫煙者なし。<br>,24000,本・音楽
L04631,軽量 ラケット 状態良好,"自転車です。状態良好。3,600円。硬式。",3600,スポーツ
L02437,厚底 ワンピース 難あり,<br>難ありな状態でお譲りします。お値段は2800yenになります。Mサイズですので気になる方はご検討ください。</b>,2800,ファッション
L02922,《まとめ買い歓迎》ペットなし   詰め合わせ   美品,美品な状態でお譲りします。お値段は37800 円になります。喫煙者なしですので気になる方はご検討ください。,37800,スポーツ
L02627,ﾍﾟｯﾄなし ｳェｱ ほぼ新品🎁,<b>ランニングシューズです。ほぼ新品。３２３００ｙｅｎ。硬式。<br>,32300,スポーツ
L04285,ヴィﾝﾃｰｼﾞ ｼﾞｬﾝｸ品 難あり,"難ありな状態でお譲りします。お値段は25,800円になります。メンズですので気になる方はご検討ください。",25800,ファッション
L00353,軽量   ジャケット   傷あり,傷ありな状態でお譲りします。お値段は¥10900になります。美品ですので気になる方はご検討ください。,10900,ファッション
L01749,★即日発送★値下げ交渉可   単行本   美品,"レコードです。美品。８,１００円。箱あり。",8100,本・音楽
L04759,◆匿名配送◆厚底 ｾｯﾄ ほぼ新品,"ほぼ新品な状態でお譲りします。お値段は１９,５００円になります。自宅保管ですので気になる方はご検討ください。",19500,ファッション
L01832,◆匿名配送◆塗装済 詰め合わせ 美品,<b>美品な状態でお譲りします。お値段は¥19600になります。塗装済ですので気になる方はご検討ください。</b>,19600,ホビー
L04113,ﾍﾟｯﾄなし ﾗﾝﾆﾝｸﾞｼｭｰｽﾞ 傷あり,&nbsp;ウェアです。傷あり。9800 円。軽量。&amp;,9800,スポーツ
L02345,《まとめ買い歓迎》安全基準適合   訳あり品   ほぼ新品🎁,"ほぼ新品な状態でお譲りします。お値段は７,８００円になります。洗えるですので気になる方はご検討ください。",7800,ベビー・キッズ
L04756,即決   ｽﾋﾟｰｶｰ   状態良好🎁,"状態良好な状態でお譲りします。お値段は１５,３００円になります。初版ですので気になる方はご検討ください。",15300,本・音楽
L02489,★即日発送★喫煙者なし 一式 used,usedな状態でお譲りします。お値段は¥21100になります。取説付ですので気になる方はご検討ください。,21100,家電
L02811,限定版 ﾄﾚｶ ｕｓｅｄ,<b>ｕｓｅｄな状態でお譲りします。お値段は¥３９６００になります。ペットなしですので気になる方はご検討ください。</b>,39600,ホビー
L04320,★即日発送★値下げ交渉可 詰め合わせ 状態良好⭐,<br>状態良好な状態でお譲りします。お値段は8500yenになります。硬式ですので気になる方はご検討ください。&amp;,8500,スポーツ
L03474,【送料無料】27cm 一式 状態良好,<b>状態良好な状態でお譲りします。お値段は18500yenになります。部活ですので気になる方はご検討ください。</b>,18500,スポーツ
L00336,【最終値下げ】軽量 スパイク 傷あり,傷ありな状態でお譲りします。お値段は25200yenになります。軽量ですので気になる方はご検討ください。,25200,スポーツ
L04091,【送料無料】値下げ交渉可 ラケット ほぼ新品⭐💯✨,ほぼ新品な状態でお譲りします。お値段は¥1800になります。動作確認済ですので気になる方はご検討ください。,1800,スポーツ
L03492,メンズ スニーカー 傷あり,コートです。傷あり。35700yen。古着。,35700,ファッション
L04024,軽量 ｾｯﾄ used,usedな状態でお譲りします。お値段は¥3100になります。対象年齢3歳ですので気になる方はご検討ください。,3100,ベビー・キッズ
L04702,【最終値下げ】塗装済 詰め合わせ 美品,"<br>美品な状態でお譲りします。お値段は23,000円になります。初回特典ですので気になる方はご検討ください。<br>",23000,ホビー
L04387,ﾚﾃﾞィｰｽ ｽﾆｰｶｰ 難あり⭐⭐⭐,<b>コートです。難あり。3800yen。厚底。&amp;,3800,ファッション
L01816,!!値下げしました!!ﾍﾟｯﾄなし まとめ売り 状態良好,<b>状態良好な状態でお譲りします。お値段は¥３３３００になります。１／１４４ですので気になる方はご検討ください。</b>,33300,ホビー
L00529,※返品不可喫煙者なし 帽子 ｕｓｅｄ,<b>ｕｓｅｄな状態でお譲りします。お値段は４４００ｙｅｎになります。軽量ですので気になる方はご検討ください。</b>,4400,ファッション
L03546,メンズ 帽子 ほぼ新品✨🎁⭐,&nbsp;バッグです。ほぼ新品。¥３７９００。レディース。&amp;,37900,ファッション
L04922,４Ｋ 冷蔵庫 ｕｓｅｄ,ｕｓｅｄな状態でお譲りします。お値段は１５０００ 円になります。値下げ交渉可ですので気になる方はご検討ください。,15000,家電
L01205,値下げ交渉可 ﾃﾚﾋﾞ 難あり,<b>冷蔵庫です。難あり。¥１９８００。値下げ交渉可。</b>,19800,家電
L00983,リモコン付   掃除機   難あり,難ありな状態でお譲りします。お値段は¥７４００になります。軽量ですので気になる方はご検討ください。,7400,家電
L01356,◆匿名配送◆美品 ジャンク品 used,<br>usedな状態でお譲りします。お値段は¥7800になります。リモコン付ですので気になる方はご検討ください。&amp;,7800,家電
L01638,取説付 ﾃﾚﾋﾞ 美品,美品な状態でお譲りします。お値段は¥900になります。美品ですので気になる方はご検討ください。,900,家電
L01737,※返品不可箱あり おもちゃ 難あり,<b>絵本です。難あり。3000 円。軽量。<br>,3000,ベビー・キッズ
L02358,◆匿名配送◆動作確認済   ランニングシューズ   難あり,難ありな状態でお譲りします。お値段は18000yenになります。トレーニングですので気になる方はご検討ください。,18000,スポーツ
L03829,箱あり 一式 used🎁✨,usedな状態でお譲りします。お値段は¥32700になります。静音ですので気になる方はご検討ください。,32700,家電
L02915,◆匿名配送◆インバーター 空気清浄機 難あり,<b>ドライヤーです。難あり。3800 円。取説付。<br>,3800,家電
L00969,※返品不可27cm ｸﾞﾛｰﾌﾞ 難あり🎁⭐💯,難ありな状態でお譲りします。お値段は34200yenになります。トレーニングですので気になる方はご検討ください。,34200,スポーツ
L01188,即決   洗濯機   ほぼ新品,ほぼ新品な状態でお譲りします。お値段は18800yenになります。箱ありですので気になる方はご検討ください。,18800,家電
L03451,コレクション プラモデル used,"usedな状態でお譲りします。お値段は26,300円になります。初回特典ですので気になる方はご検討ください。",26300,ホビー
L04943,※返品不可１／１４４ 写真集 傷あり,<br>写真集です。傷あり。¥２９６００。塗装済。&amp;,29600,ホビー
L03772,★即日発送★自宅保管 訳あり品 傷あり,&nbsp;傷ありな状態でお譲りします。お値段は¥17500になります。コレクションですので気になる方はご検討ください。<br>,17500,ホビー
L04326,27cm まとめ売り used,"<b>usedな状態でお譲りします。お値段は9,800円になります。トレーニングですので気になる方はご検討ください。</b>",9800,スポーツ
L00320,ペットなし セット ほぼ新品,ほぼ新品な状態でお譲りします。お値段は¥9600になります。静音ですので気になる方はご検討ください。,9600,家電
L00324,※返品不可レディース   セット   状態良好,"&nbsp;状態良好な状態でお譲りします。お値段は１０,９００円になります。ヴィンテージですので気になる方はご検討ください。&amp;",10900,ファッション
L02685,【最終値下げ】静音 冷蔵庫 ほぼ新品,イヤホンです。ほぼ新品。10400 円。箱あり。,10400,家電
L01498,《まとめ買い歓迎》トレーニング ヨガマット 難あり⭐🎁,難ありな状態でお譲りします。お値段は¥31400になります。軽量ですので気になる方はご検討ください。,31400,スポーツ
L00527,動作確認済   ﾖｶﾞﾏｯﾄ   傷あり,"<b>シューズです。傷あり。27,700円。硬式。</b>",27700,スポーツ
L00692,※返品不可ペットなし   ボードゲーム   傷あり,傷ありな状態でお譲りします。お値段は¥３９８００になります。即決ですので気になる方はご検討ください。,39800,ホビー
L04357,【最終値下げ】動作確認済 ﾄﾚｶ ほぼ新品,&nbsp;プラモデルです。ほぼ新品。34200 円。自宅保管。&amp;,34200,ホビー
L02159,※返品不可値下げ交渉可 セット 傷あり,<br>傷ありな状態でお譲りします。お値段は¥22500になります。部活ですので気になる方はご検討ください。&amp;,22500,スポーツ
L01245,【送料無料】TV   洗濯機   ほぼ新品,"ほぼ新品な状態でお譲りします。お値段は15,800円になります。省エネですので気になる方はご検討ください。",15800,家電
L01534,《まとめ買い歓迎》ｺﾚｸｼｮﾝ 画材 難あり,トレカです。難あり。¥6000。軽量。,6000,ホビー
L01615,◆匿名配送◆美品   ブーツ   ｕｓｅｄ,ｕｓｅｄな状態でお譲りします。お値段は１８９００ｙｅｎになります。レディースですので気になる方はご検討ください。,18900,ファッション
L00243,★即日発送★メンズ ブーツ 状態良好🎁🎁⭐,"状態良好な状態でお譲りします。お値段は８,４００円になります。ペットなしですので気になる方はご検討ください。",8400,ファッション
L01913,◆匿名配送◆箱あり   ﾍﾞﾋﾞｰｶｰ   used,<br>おもちゃです。used。22100 円。安全基準適合。<br>,22100,ベビー・キッズ
L01768,即決 ブーツ ほぼ新品,スニーカーです。ほぼ新品。３０５００ｙｅｎ。メンズ。,30500,ファッション
L01684,27cm 詰め合わせ used,&nbsp;usedな状態でお譲りします。お値段は¥23500になります。硬式ですので気になる方はご検討ください。</b>,23500,スポーツ
L00514,箱あり ﾍﾞﾋﾞｰ服 ほぼ新品,&nbsp;哺乳瓶です。ほぼ新品。１４４００ｙｅｎ。対象年齢３歳。<br>,14400,ベビー・キッズ
L04799,【送料無料】動作確認済   画材   ほぼ新品,ほぼ新品な状態でお譲りします。お値段は¥16900になります。コレクションですので気になる方はご検討ください。,16900,ホビー
L03433,部活 ランニングシューズ used,ヨガマットです。used。15800 円。部活。,15800,スポーツ
L01478,厚底 まとめ売り 美品🎁,"美品な状態でお譲りします。お値段は19,500円になります。レディースですので気になる方はご検討ください。",19500,ファッション
L03660,リモコン付 エアコン ほぼ新品,ほぼ新品な状態でお譲りします。お値段は¥11100になります。TVですので気になる方はご検討ください。,11100,家電
L00814,※返品不可省エネ エアコン 美品,&nbsp;美品な状態でお譲りします。お値段は１９５００ｙｅｎになります。静音ですので気になる方はご検討ください。</b>,19500,家電
L02218,!!値下げしました!!名盤 付属品あり 美品,美品な状態でお譲りします。お値段は3900yenになります。値下げ交渉可ですので気になる方はご検討ください。,3900,本・音楽
L01536,厚底 帽子 美品,美品な状態でお譲りします。お値段は26600yenになります。レディースですので気になる方はご検討ください。,26600,ファッション
L03395,4K   スピーカー   美品,"&nbsp;炊飯器です。美品。31,100円。静音。<br>",31100,家電
L02584,軽量 ｲﾔﾎﾝ used,"&nbsp;冷蔵庫です。used。13,500円。美品。</b>",13500,家電
L03092,【最終値下げ】塗装済 中古品 難あり,難ありな状態でお譲りします。お値段は28400yenになります。コレクションですので気になる方はご検討ください。,28400,ホビー
L02377,初回特典 ﾌﾟﾗﾓﾃﾞﾙ 傷あり,傷ありな状態でお譲りします。お値段は20200 円になります。ペットなしですので気になる方はご検討ください。,20200,ホビー
L02508,即決 ベビーカー 状態良好,状態良好な状態でお譲りします。お値段は２０７００ 円になります。新生児ですので気になる方はご検討ください。,20700,ベビー・キッズ
L01474,未開封 ﾄﾚｶ 傷あり,"写真集です。傷あり。39,400円。限定版。",39400,ホビー
L02972,即決 付属品あり used,usedな状態でお譲りします。お値段は14000 円になります。初版ですので気になる方はご検討ください。,14000,本・音楽
L03094,◆匿名配送◆インバーター   冷蔵庫   難あり,難ありな状態でお譲りします。お値段は１０２００ 円になります。美品ですので気になる方はご検討ください。,10200,家電
L04835,※返品不可限定版 一式 美品,美品な状態でお譲りします。お値段は7900 円になります。初回特典ですので気になる方はご検討ください。,7900,ホビー
L00266,名盤   文庫本   ほぼ新品⭐🔥,<b>写真集です。ほぼ新品。5700 円。名盤。&amp;,5700,本・音楽
L04596,◆匿名配送◆初回特典   ギター   難あり,&nbsp;難ありな状態でお譲りします。お値段は１３２００ 円になります。ペットなしですので気になる方はご検討ください。<br>,13200,ホビー
L01857,◆匿名配送◆インバーター 電子レンジ 傷あり,<b>傷ありな状態でお譲りします。お値段は¥26600になります。インバーターですので気になる方はご検討ください。&amp;,26600,家電
L01209,リモコン付 詰め合わせ 状態良好,状態良好な状態でお譲りします。お値段は¥32800になります。静音ですので気になる方はご検討ください。,32800,家電
L01095,【最終値下げ】値下げ交渉可 ﾃﾚﾋﾞ 美品⭐🎁,美品な状態でお譲りします。お値段は8500yenになります。静音ですので気になる方はご検討ください。,8500,家電
L03565,動作確認済 参考書 難あり,参考書です。難あり。¥33300。取説付。,33300,本・音楽
L01795,即決   中古品   used⭐🎁🎁,usedな状態でお譲りします。お値段は¥14300になります。節電ですので気になる方はご検討ください。,14300,家電
L03633,★即日発送★自宅保管 まとめ売り 状態良好,状態良好な状態でお譲りします。お値段は16700 円になります。サイン入りですので気になる方はご検討ください。,16700,本・音楽
L02786,即決 哺乳瓶 美品,"チャイルドシートです。美品。8,900円。取説付。",8900,ベビー・キッズ
L03063,《まとめ買い歓迎》塗装済 画材 used⭐💯,usedな状態でお譲りします。お値段は5400 円になります。初回特典ですので気になる方はご検討ください。,5400,ホビー
L00530,!!値下げしました!!箱あり 付属品あり 状態良好,状態良好な状態でお譲りします。お値段は¥500になります。厚底ですので気になる方はご検討ください。,500,ファッション
L00453,【最終値下げ】節電 ﾄﾞﾗｲﾔｰ 美品,<br>イヤホンです。美品。1800 円。軽量。<br>,1800,家電
L00937,◆匿名配送◆27cm ランニングシューズ ほぼ新品,シューズです。ほぼ新品。¥11800。軽量。,11800,スポーツ
L01229,《まとめ買い歓迎》リモコン付 スピーカー 傷あり,"傷ありな状態でお譲りします。お値段は10,800円になります。軽量ですので気になる方はご検討ください。",10800,家電
L04722,美品 ﾊﾟｽﾞﾙ 難あり,難ありな状態でお譲りします。お値段は25500yenになります。限定版ですので気になる方はご検討ください。,25500,ホビー
L02767,◆匿名配送◆喫煙者なし   ウェア   美品,"美品な状態でお譲りします。お値段は2,600円になります。喫煙者なしですので気になる方はご検討ください。",2600,スポーツ
L02160,ヴィンテージ ジャンク品 傷あり🔥,"傷ありな状態でお譲りします。お値段は27,300円になります。自宅保管ですので気になる方はご検討ください。",27300,ファッション
L03157,※返品不可喫煙者なし 電子レンジ 美品,&nbsp;美品な状態でお譲りします。お値段は15100yenになります。節電ですので気になる方はご検討ください。<br>,15100,家電
L03296,【送料無料】初回特典 ボードゲーム 傷あり⭐⭐🎁,ギターです。傷あり。27700yen。未開封。,27700,ホビー
L00194,静音 本体のみ 状態良好,状態良好な状態でお譲りします。お値段は33900yenになります。軽量ですので気になる方はご検討ください。,33900,家電
L04563,※返品不可トレーニング セット used💯🎁⭐,"<b>usedな状態でお譲りします。お値段は19,600円になります。トレーニングですので気になる方はご検討ください。<br>",19600,スポーツ
L04658,美品 ｳェｱ 難あり,&nbsp;ダンベルです。難あり。¥１０００。硬式。<br>,1000,スポーツ
L04928,【最終値下げ】限定版 ﾗｼﾞｺﾝ 美品⭐⭐🎁,美品な状態でお譲りします。お値段は12400 円になります。箱ありですので気になる方はご検討ください。,12400,ホビー
L01570,箱あり   付属品あり   傷あり🔥⭐💯,傷ありな状態でお譲りします。お値段は¥1400になります。インバーターですので気になる方はご検討ください。,1400,家電
L02545,《まとめ買い歓迎》厚底   ワンピース   ｕｓｅｄ,<b>ｕｓｅｄな状態でお譲りします。お値段は３０１００ｙｅｎになります。ヴィンテージですので気になる方はご検討ください。</b>,30100,ファッション
L02264,硬式 詰め合わせ 美品,&nbsp;美品な状態でお譲りします。お値段は6800 円になります。喫煙者なしですので気になる方はご検討ください。&amp;,6800,スポーツ
L02093,ｻｲﾝ入り まとめ売り 傷あり✨🔥💯,傷ありな状態でお譲りします。お値段は¥３０７００になります。値下げ交渉可ですので気になる方はご検討ください。,30700,本・音楽
L02402,全巻 単行本 美品,<b>美品な状態でお譲りします。お値段は21000yenになります。帯付きですので気になる方はご検討ください。</b>,21000,本・音楽
L02657,即決 ｺｰﾄ ｕｓｅｄ🔥💯,"<b>ｕｓｅｄな状態でお譲りします。お値段は３６,９００円になります。レディースですので気になる方はご検討ください。<br>",36900,ファッション
L03921,リモコン付   イヤホン   状態良好🔥🔥💯,状態良好な状態でお譲りします。お値段は１４４００ｙｅｎになります。ＴＶですので気になる方はご検討ください。,14400,家電
L01785,【送料無料】TV テレビ 傷あり,傷ありな状態でお譲りします。お値段は30000 円になります。軽量ですので気になる方はご検討ください。,30000,家電
L00108,安全基準適合 哺乳瓶 美品,<b>絵本です。美品。¥１９９００。新生児。&amp;,19900,ベビー・キッズ
L02799,レディース セット 傷あり⭐,傷ありな状態でお譲りします。お値段は¥800になります。レディースですので気になる方はご検討ください。,800,ファッション
L03927,※返品不可ｺﾚｸｼｮﾝ 本体のみ ほぼ新品,<b>ほぼ新品な状態でお譲りします。お値段は13900 円になります。軽量ですので気になる方はご検討ください。</b>,13900,ホビー
L00493,動作確認済 訳あり品 美品,美品な状態でお譲りします。お値段は34000 円になります。軽量ですので気になる方はご検討ください。,34000,ホビー
L04447,《まとめ買い歓迎》安全基準適合 中古品 ほぼ新品,"<br>ほぼ新品な状態でお譲りします。お値段は22,200円になります。動作確認済ですので気になる方はご検討ください。<br>",22200,ベビー・キッズ
L02145,《まとめ買い歓迎》古着 ジャンク品 ほぼ新品,ほぼ新品な状態でお譲りします。お値段は¥15600になります。箱ありですので気になる方はご検討ください。,15600,ファッション
L04813,【送料無料】Ｍサイズ 帽子 ｕｓｅｄ,ｕｓｅｄな状態でお譲りします。お値段は５００ｙｅｎになります。レディースですので気になる方はご検討ください。,500,ファッション
L00210,箱あり   チャイルドシート   used,usedな状態でお譲りします。お値段は¥28500になります。洗えるですので気になる方はご検討ください。,28500,ベビー・キッズ
L04704,古着 コート 傷あり,"傷ありな状態でお譲りします。お値段は5,200円になります。厚底ですので気になる方はご検討ください。",5200,ファッション
L00440,自宅保管 画集 美品💯✨,"&nbsp;美品な状態でお譲りします。お値段は32,600円になります。箱ありですので気になる方はご検討ください。&amp;",32600,本・音楽
L02892,【送料無料】コレクション ジャンク品 美品,美品な状態でお譲りします。お値段は¥2000になります。限定版ですので気になる方はご検討ください。,2000,ホビー
L01301,!!値下げしました!!自宅保管 付属品あり used,"usedな状態でお譲りします。お値段は29,400円になります。喫煙者なしですので気になる方はご検討ください。",29400,ファッション
L00615,!!値下げしました!!ＴＶ 本体のみ 難あり,<br>難ありな状態でお譲りします。お値段は３８０００ｙｅｎになります。静音ですので気になる方はご検討ください。</b>,38000,家電
L03988,※返品不可帯付き 雑誌 難あり,<b>雑誌です。難あり。15900yen。初版。&amp;,15900,本・音楽
L01393,厚底 ブーツ 難あり🎁,ジャケットです。難あり。¥7400。Mサイズ。,7400,ファッション
L01918,※返品不可初回特典 ラジコン 美品💯,画材です。美品。6100 円。コレクション。,6100,ホビー
L01295,美品 グローブ 美品,"ラケットです。美品。13,800円。箱あり。",13800,スポーツ
L01208,箱あり 訳あり品 美品🎁💯,<br>美品な状態でお譲りします。お値段は24100 円になります。箱ありですので気になる方はご検討ください。&amp;,24100,家電
L04857,美品 イヤホン ほぼ新品,掃除機です。ほぼ新品。¥29200。美品。,29200,家電
L02470,全巻 文庫本 美品⭐,<b>美品な状態でお譲りします。お値段は¥３８７００になります。初版ですので気になる方はご検討ください。</b>,38700,本・音楽
L03871,初回特典   訳あり品   難あり⭐,難ありな状態でお譲りします。お値段は21600 円になります。取説付ですので気になる方はご検討ください。,21600,ホビー
L04557,【送料無料】屋外用 ｽﾊﾟｲｸ 美品,"ヨガマットです。美品。４,３００円。トレーニング。",4300,スポーツ
L03463,《まとめ買い歓迎》塗装済 一式 美品,<b>美品な状態でお譲りします。お値段は２０７００ｙｅｎになります。限定版ですので気になる方はご検討ください。&amp;,20700,ホビー
L03123,《まとめ買い歓迎》取説付   炊飯器   傷あり⭐⭐,<br>傷ありな状態でお譲りします。お値段は２３７００ 円になります。インバーターですので気になる方はご検討ください。<br>,23700,家電
L01059,TV   イヤホン   難あり,"&nbsp;ドライヤーです。難あり。27,200円。静音。</b>",27200,家電
L02211,【送料無料】省エネ   電子レンジ   難あり,"難ありな状態でお譲りします。お値段は7,900円になります。TVですので気になる方はご検討ください。",7900,家電
L03675,厚底 ｼｭｰｽﾞ 傷あり💯🎁,&nbsp;バッグです。傷あり。5700 円。動作確認済。</b>,5700,ファッション
L01366,★即日発送★新生児 おもちゃ 傷あり,"&nbsp;チャイルドシートです。傷あり。16,400円。美品。<br>",16400,ベビー・キッズ
L02333,ﾒﾝｽﾞ ﾜﾝﾋﾟｰｽ ｕｓｅｄ,&nbsp;ｕｓｅｄな状態でお譲りします。お値段は４７００ 円になります。箱ありですので気になる方はご検討ください。</b>,4700,ファッション
L01299,《まとめ買い歓迎》即決 洗濯機 used✨🎁,"冷蔵庫です。used。29,500円。省エネ。",29500,家電
L04782,厚底 帽子 傷あり,傷ありな状態でお譲りします。お値段は21600 円になります。ヴィンテージですので気になる方はご検討ください。,21600,ファッション
L03197,【送料無料】インバーター 洗濯機 ほぼ新品,ほぼ新品な状態でお譲りします。お値段は¥37200になります。4Kですので気になる方はご検討ください。,37200,家電
L04496,※返品不可27cm   まとめ売り   ほぼ新品,<b>ほぼ新品な状態でお譲りします。お値段は¥37000になります。硬式ですので気になる方はご検討ください。</b>,37000,スポーツ
L02966,【最終値下げ】静音   冷蔵庫   難あり✨⭐🎁,"掃除機です。難あり。5,600円。TV。",5600,家電
L00323,1/144 ﾗｼﾞｺﾝ 難あり,"写真集です。難あり。7,300円。取説付。",7300,ホビー
L00154,◆匿名配送◆TV 冷蔵庫 難あり,<br>炊飯器です。難あり。28200 円。静音。<br>,28200,家電
L02868,リモコン付   ドライヤー   ほぼ新品,"<b>ほぼ新品な状態でお譲りします。お値段は31,700円になります。省エネですので気になる方はご検討ください。&amp;",31700,家電
L01963,《まとめ買い歓迎》１／１４４ セット 傷あり,<b>傷ありな状態でお譲りします。お値段は３８００ｙｅｎになります。塗装済ですので気になる方はご検討ください。<br>,3800,ホビー
L02928,厚底 一式 used,&nbsp;usedな状態でお譲りします。お値段は¥3900になります。美品ですので気になる方はご検討ください。&amp;,3900,ファッション
L03469,【送料無料】喫煙者なし セット 難あり,難ありな状態でお譲りします。お値段は3800yenになります。値下げ交渉可ですので気になる方はご検討ください。,3800,家電
L01275,◆匿名配送◆取説付   ﾗｼﾞｺﾝ   used,画材です。used。10700 円。自宅保管。,10700,ホビー
L04797,★即日発送★取説付   ウェア   ほぼ新品,<br>シューズです。ほぼ新品。30300yen。硬式。</b>,30300,スポーツ
L02882,美品 セット 難あり🔥🎁,&nbsp;難ありな状態でお譲りします。お値段は38700yenになります。喫煙者なしですので気になる方はご検討ください。<br>,38700,ホビー
L02331,メンズ バッグ 傷あり,<b>傷ありな状態でお譲りします。お値段は２２２００ 円になります。喫煙者なしですので気になる方はご検討ください。</b>,22200,ファッション
L02306,自宅保管 ｾｯﾄ 状態良好,"<br>状態良好な状態でお譲りします。お値段は1,100円になります。塗装済ですので気になる方はご検討ください。</b>",1100,ホビー
L03944,【最終値下げ】即決 文庫本 美品,&nbsp;美品な状態でお譲りします。お値段は2600yenになります。箱ありですので気になる方はご検討ください。<br>,2600,本・音楽
L04070,節電 本体のみ ほぼ新品💯,ほぼ新品な状態でお譲りします。お値段は１２６００ 円になります。節電ですので気になる方はご検討ください。,12600,家電
L04466,◆匿名配送◆軽量 ｾｯﾄ ほぼ新品,"ほぼ新品な状態でお譲りします。お値段は27,100円になります。リモコン付ですので気になる方はご検討ください。",27100,家電
L04714,◆匿名配送◆箱あり 画集 used✨🎁,写真集です。used。¥36100。全巻。,36100,本・音楽
L04868,【最終値下げ】27cm 本体のみ ほぼ新品,ほぼ新品な状態でお譲りします。お値段は¥3000になります。硬式ですので気になる方はご検討ください。,3000,スポーツ
L00392,【最終値下げ】初回特典 本体のみ 難あり,難ありな状態でお譲りします。お値段は25800yenになります。初回特典ですので気になる方はご検討ください。,25800,ホビー
L00330,インバーター 訳あり品 難あり,難ありな状態でお譲りします。お値段は¥36900になります。省エネですので気になる方はご検討ください。,36900,家電
L01253,◆匿名配送◆安全基準適合 絵本 傷あり,抱っこ紐です。傷あり。¥10000。安全基準適合。,10000,ベビー・キッズ
L00215,《まとめ買い歓迎》値下げ交渉可 中古品 傷あり,傷ありな状態でお譲りします。お値段は34400yenになります。レディースですので気になる方はご検討ください。,34400,ファッション
L01129,【最終値下げ】27cm ラケット used✨,<b>usedな状態でお譲りします。お値段は30600yenになります。軽量ですので気になる方はご検討ください。<br>,30600,スポーツ
L02001,レディース シューズ ほぼ新品,デニムです。ほぼ新品。27100yen。レディース。,27100,ファッション
L03519,※返品不可取説付 洗濯機 状態良好✨,電子レンジです。状態良好。32100 円。インバーター。,32100,家電
L01835,箱あり まとめ売り used,usedな状態でお譲りします。お値段は20900yenになります。トレーニングですので気になる方はご検討ください。,20900,スポーツ
L02129,ﾍﾟｯﾄなし   ｼﾞｬﾝｸ品   傷あり,傷ありな状態でお譲りします。お値段は30300 円になります。レディースですので気になる方はご検討ください。,30300,ファッション
L01594,インバーター   本体のみ   ほぼ新品,&nbsp;ほぼ新品な状態でお譲りします。お値段は¥３９２００になります。４Ｋですので気になる方はご検討ください。</b>,39200,家電
L02254,《まとめ買い歓迎》未開封 付属品あり 難あり🎁💯,難ありな状態でお譲りします。お値段は¥8900になります。値下げ交渉可ですので気になる方はご検討ください。,8900,ホビー
L00435,27cm セット 傷あり🎁🔥,傷ありな状態でお譲りします。お値段は38000yenになります。トレーニングですので気になる方はご検討ください。,38000,スポーツ
L02661,《まとめ買い歓迎》ペットなし 詰め合わせ 美品,美品な状態でお譲りします。お値段は２４７００ｙｅｎになります。静音ですので気になる方はご検討ください。,24700,家電
L00214,即決 冷蔵庫 傷あり⭐✨✨,エアコンです。傷あり。¥7000。値下げ交渉可。,7000,家電
L02379,【送料無料】限定版 ﾎﾞｰﾄﾞｹﾞｰﾑ 美品✨,トレカです。美品。19800 円。喫煙者なし。,19800,ホビー
L02360,即決 テレビ ほぼ新品,"テレビです。ほぼ新品。２１,４００円。動作確認済。",21400,家電
L02337,塗装済 画材 傷あり,ラジコンです。傷あり。19300 円。自宅保管。,19300,ホビー
L00651,※返品不可喫煙者なし ドライヤー 傷あり,&nbsp;傷ありな状態でお譲りします。お値段は¥11600になります。節電ですので気になる方はご検討ください。<br>,11600,家電
L04056,帯付き レコード ほぼ新品,&nbsp;雑誌です。ほぼ新品。¥2100。初版。</b>,2100,本・音楽
L02456,軽量 帽子 ほぼ新品,<br>ほぼ新品な状態でお譲りします。お値段は１４９００ｙｅｎになります。Ｍサイズですので気になる方はご検討ください。</b>,14900,ファッション
L02646,◆匿名配送◆自宅保管 ｼﾞｬｹｯﾄ 状態良好,"<b>状態良好な状態でお譲りします。お値段は２０,３００円になります。古着ですので気になる方はご検討ください。<br>",20300,ファッション
L03511,節電 ジャンク品 傷あり,"<b>傷ありな状態でお譲りします。お値段は３６,２００円になります。４Ｋですので気になる方はご検討ください。<br>",36200,家電
L02292,Mサイズ   ジャケット   ほぼ新品🔥,ほぼ新品な状態でお譲りします。お値段は17900 円になります。厚底ですので気になる方はご検討ください。,17900,ファッション
L00402,※返品不可喫煙者なし 抱っこ紐 美品,美品な状態でお譲りします。お値段は¥33800になります。喫煙者なしですので気になる方はご検討ください。,33800,ベビー・キッズ
L04490,Mｻｲｽﾞ まとめ売り ほぼ新品,ほぼ新品な状態でお譲りします。お値段は28300yenになります。軽量ですので気になる方はご検討ください。,28300,ファッション
L00414,※返品不可初回特典   本体のみ   used,usedな状態でお譲りします。お値段は¥19800になります。限定版ですので気になる方はご検討ください。,19800,ホビー
L03282,ﾍﾟｯﾄなし ﾜﾝﾋﾟｰｽ ほぼ新品,"シャツです。ほぼ新品。２,９００円。レディース。",2900,ファッション
L02265,TV テレビ used,usedな状態でお譲りします。お値段は28000 円になります。節電ですので気になる方はご検討ください。,28000,家電
L02438,即決 本体のみ 状態良好,"状態良好な状態でお譲りします。お値段は4,400円になります。27cmですので気になる方はご検討ください。",4400,スポーツ
L02590,!!値下げしました!!4K ドライヤー used,炊飯器です。used。21900 円。喫煙者なし。,21900,家電
L02651,※返品不可ﾍﾟｯﾄなし ｼｬﾂ 難あり,難ありな状態でお譲りします。お値段は¥5300になります。古着ですので気になる方はご検討ください。,5300,ファッション
L01120,!!値下げしました!!自宅保管 本体のみ 傷あり,傷ありな状態でお譲りします。お値段は26800yenになります。古着ですので気になる方はご検討ください。,26800,ファッション
L04845,!!値下げしました!!省エネ   掃除機   傷あり⭐🔥,傷ありな状態でお譲りします。お値段は¥8100になります。節電ですので気になる方はご検討ください。,8100,家電
L04380,美品 ｲﾔﾎﾝ used🔥,テレビです。used。¥5600。4K。,5600,家電
L03812,《まとめ買い歓迎》塗装済   パズル   ほぼ新品,&nbsp;フィギュアです。ほぼ新品。11200 円。コレクション。&amp;,11200,ホビー
L03261,硬式 一式 ｕｓｅｄ,"<br>ｕｓｅｄな状態でお譲りします。お値段は２９,４００円になります。２７ｃｍですので気になる方はご検討ください。&amp;",29400,スポーツ
L02330,【最終値下げ】美品 ﾊﾟｽﾞﾙ 状態良好⭐✨🎁,"<b>状態良好な状態でお譲りします。お値段は23,700円になります。軽量ですので気になる方はご検討ください。&amp;",23700,ホビー
L02471,初回特典 ギター 難あり,"難ありな状態でお譲りします。お値段は３８,５００円になります。取説付ですので気になる方はご検討ください。",38500,ホビー
L02288,!!値下げしました!!取説付 ﾄﾞﾗｲﾔｰ ｕｓｅｄ💯🔥,<b>ｕｓｅｄな状態でお譲りします。お値段は１８７００ｙｅｎになります。リモコン付ですので気になる方はご検討ください。&amp;,18700,家電
L04644,塗装済   写真集   難あり,写真集です。難あり。３８３００ 円。コレクション。,38300,ホビー
L03936,★即日発送★名盤 参考書 状態良好,"<b>写真集です。状態良好。37,400円。喫煙者なし。&amp;",37400,本・音楽
L02556,★即日発送★省エネ 冷蔵庫 美品,<br>エアコンです。美品。20100 円。TV。<br>,20100,家電
L04657,★即日発送★軽量 まとめ売り 美品🔥🎁,&nbsp;美品な状態でお譲りします。お値段は14100 円になります。軽量ですので気になる方はご検討ください。&amp;,14100,ベビー・キッズ
L03122,★即日発送★ﾒﾝｽﾞ ｼｬﾂ 傷あり,傷ありな状態でお譲りします。お値段は¥１９６００になります。メンズですので気になる方はご検討ください。,19600,ファッション
L03078,★即日発送★値下げ交渉可   詰め合わせ   ほぼ新品✨,<b>ほぼ新品な状態でお譲りします。お値段は¥10200になります。硬式ですので気になる方はご検討ください。&amp;,10200,スポーツ
L01486,Mｻｲｽﾞ ｽﾆｰｶｰ 美品,<br>デニムです。美品。¥14000。厚底。<br>,14000,ファッション
L01739,美品 本体のみ ｕｓｅｄ🎁⭐🎁,ｕｓｅｄな状態でお譲りします。お値段は５９００ｙｅｎになります。１／１４４ですので気になる方はご検討ください。,5900,ホビー
L02640,※返品不可美品 一式 美品,"美品な状態でお譲りします。お値段は２５,６００円になります。軽量ですので気になる方はご検討ください。",25600,ホビー
L00458,!!値下げしました!!限定版   まとめ売り   難あり,難ありな状態でお譲りします。お値段は¥11700になります。コレクションですので気になる方はご検討ください。,11700,ホビー
L03607,【最終値下げ】省エネ 付属品あり 美品,<br>美品な状態でお譲りします。お値段は¥16600になります。箱ありですので気になる方はご検討ください。&amp;,16600,家電
L00219,動作確認済 ｼｬﾂ 状態良好,"<b>状態良好な状態でお譲りします。お値段は22,300円になります。レディースですので気になる方はご検討ください。</b>",22300,ファッション
L00874,初版   本体のみ   美品,<b>美品な状態でお譲りします。お値段は¥11600になります。サイン入りですので気になる方はご検討ください。</b>,11600,本・音楽
L00160,ＴＶ 空気清浄機 状態良好,&nbsp;電子レンジです。状態良好。３５９００ 円。動作確認済。</b>,35900,家電
L03805,動作確認済 イヤホン 難あり,&nbsp;難ありな状態でお譲りします。お値段は2200 円になります。取説付ですので気になる方はご検討ください。</b>,2200,家電
L02612,◆匿名配送◆サイン入り 一式 ほぼ新品✨,"ほぼ新品な状態でお譲りします。お値段は6,800円になります。ペットなしですので気になる方はご検討ください。",6800,本・音楽
L00364,!!値下げしました!!箱あり まとめ売り 難あり,難ありな状態でお譲りします。お値段は31500yenになります。トレーニングですので気になる方はご検討ください。,31500,スポーツ
L03717,取説付 ギター ほぼ新品,"&nbsp;パズルです。ほぼ新品。12,700円。美品。<br>",12700,ホビー
L02450,★即日発送★ヴィンテージ ワンピース 傷あり💯🔥🎁,傷ありな状態でお譲りします。お値段は1700 円になります。取説付ですので気になる方はご検討ください。,1700,ファッション
L04232,厚底 ｾｯﾄ used,usedな状態でお譲りします。お値段は¥35900になります。厚底ですので気になる方はご検討ください。,35900,ファッション
L03027,◆匿名配送◆静音   テレビ   傷あり💯🎁🎁,"<b>エアコンです。傷あり。34,900円。箱あり。</b>",34900,家電
L03154,★即日発送★ヴィﾝﾃｰｼﾞ   ｺｰﾄ   ｕｓｅｄ,<b>ｕｓｅｄな状態でお譲りします。お値段は２４７００ｙｅｎになります。レディースですので気になる方はご検討ください。&amp;,24700,ファッション
L02974,!!値下げしました!!節電 洗濯機 難あり🎁🎁,冷蔵庫です。難あり。3200yen。節電。,3200,家電
L01897,【送料無料】省ｴﾈ 炊飯器 難あり,<b>難ありな状態でお譲りします。お値段は３５７００ｙｅｎになります。ＴＶですので気になる方はご検討ください。</b>,35700,家電
L04288,【送料無料】動作確認済 ﾄﾞﾗｲﾔｰ 傷あり,<b>傷ありな状態でお譲りします。お値段は¥28600になります。節電ですので気になる方はご検討ください。</b>,28600,家電
L01777,《まとめ買い歓迎》帯付き 訳あり品 used,usedな状態でお譲りします。お値段は¥39400になります。サイン入りですので気になる方はご検討ください。,39400,本・音楽
L02675,◆匿名配送◆動作確認済   ギター   状態良好,ボードゲームです。状態良好。11300yen。値下げ交渉可。,11300,ホビー
L01258,取説付 パズル 傷あり✨✨💯,<b>ラジコンです。傷あり。11500 円。箱あり。&amp;,11500,ホビー
L02386,!!値下げしました!!Ｍｻｲｽﾞ まとめ売り 状態良好⭐,"状態良好な状態でお譲りします。お値段は２９,６００円になります。古着ですので気になる方はご検討ください。",29600,ファッション
L02670,即決 ブーツ 状態良好🎁💯,"<br>状態良好な状態でお譲りします。お値段は9,700円になります。自宅保管ですので気になる方はご検討ください。</b>",9700,ファッション
L02649,廃盤 参考書 ｕｓｅｄ,"雑誌です。ｕｓｅｄ。７,８００円。箱あり。",7800,本・音楽
L00284,動作確認済   バッグ   傷あり💯⭐🔥,&nbsp;ブーツです。傷あり。３９００ 円。美品。</b>,3900,ファッション
L04696,!!値下げしました!!部活   本体のみ   状態良好,状態良好な状態でお譲りします。お値段は¥１０１００になります。硬式ですので気になる方はご検討ください。,10100,スポーツ
L04728,※返品不可値下げ交渉可 写真集 傷あり,"&nbsp;画集です。傷あり。15,900円。取説付。</b>",15900,本・音楽
L04739,!!値下げしました!!1/144   プラモデル   used,パズルです。used。35400yen。1/144。,35400,ホビー
L00113,トレーニング ラケット ほぼ新品,&nbsp;ほぼ新品な状態でお譲りします。お値段は32500yenになります。部活ですので気になる方はご検討ください。</b>,32500,スポーツ
L04153,未開封 中古品 難あり,"&nbsp;難ありな状態でお譲りします。お値段は５,９００円になります。喫煙者なしですので気になる方はご検討ください。<br>",5900,ホビー
L00216,屋外用 付属品あり ほぼ新品,ほぼ新品な状態でお譲りします。お値段は15600 円になります。ペットなしですので気になる方はご検討ください。,15600,スポーツ
L03439,美品 ブーツ 難あり🔥⭐,<br>難ありな状態でお譲りします。お値段は22300yenになります。軽量ですので気になる方はご検討ください。</b>,22300,ファッション
L01700,《まとめ買い歓迎》4K ジャンク品 状態良好,"状態良好な状態でお譲りします。お値段は37,000円になります。リモコン付ですので気になる方はご検討ください。",37000,家電
L00106,★即日発送★美品 スピーカー 傷あり,"<br>傷ありな状態でお譲りします。お値段は３６,８００円になります。美品ですので気になる方はご検討ください。<br>",36800,家電
L03909,!!値下げしました!!即決   参考書   状態良好,文庫本です。状態良好。27700yen。帯付き。,27700,本・音楽
L03294,古着 帽子 状態良好,<br>状態良好な状態でお譲りします。お値段は400円になります。古着ですので気になる方はご検討ください。</b>,400,ファッション
L00579,静音 洗濯機 状態良好,"洗濯機です。状態良好。１５,０００円。ＴＶ。",15000,家電
L03796,【最終値下げ】ペットなし パズル 傷あり✨✨,画材です。傷あり。２８００ 円。値下げ交渉可。,2800,ホビー
L03813,《まとめ買い歓迎》箱あり   一式   ｕｓｅｄ,"ｕｓｅｄな状態でお譲りします。お値段は２４,４００円になります。値下げ交渉可ですので気になる方はご検討ください。",24400,家電
L01611,【最終値下げ】即決   スニーカー   used,"シューズです。used。4,600円。古着。",4600,ファッション
L04561,リモコン付   一式   傷あり,<br>傷ありな状態でお譲りします。お値段は¥4300になります。美品ですので気になる方はご検討ください。&amp;,4300,家電
L01143,《まとめ買い歓迎》軽量 ｼﾞｬﾝｸ品 状態良好,状態良好な状態でお譲りします。お値段は15800yenになります。限定版ですので気になる方はご検討ください。,15800,ホビー
L01127,即決 付属品あり 美品,&nbsp;美品な状態でお譲りします。お値段は¥39700になります。即決ですので気になる方はご検討ください。&amp;,39700,家電
L03091,ＴＶ 中古品 ほぼ新品💯🎁,ほぼ新品な状態でお譲りします。お値段は２４７００ｙｅｎになります。４Ｋですので気になる方はご検討ください。,24700,家電
L00386,即決 ｾｯﾄ 状態良好,"状態良好な状態でお譲りします。お値段は15,900円になります。初版ですので気になる方はご検討ください。",15900,本・音楽
L01125,未開封 ﾎﾞｰﾄﾞｹﾞｰﾑ 難あり⭐💯💯,写真集です。難あり。¥5500。未開封。,5500,ホビー
L01231,洗える 哺乳瓶 傷あり,<b>チャイルドシートです。傷あり。1500yen。対象年齢3歳。<br>,1500,ベビー・キッズ
L03559,《まとめ買い歓迎》4K 空気清浄機 傷あり,"傷ありな状態でお譲りします。お値段は36,000円になります。省エネですので気になる方はご検討ください。",36000,家電
L03663,軽量   ベビー服   ｕｓｅｄ,ベビーカーです。ｕｓｅｄ。７２００ｙｅｎ。喫煙者なし。,7200,ベビー・キッズ
L01458,【最終値下げ】厚底 ﾃﾞﾆﾑ 難あり,"難ありな状態でお譲りします。お値段は２６,４００円になります。ヴィンテージですので気になる方はご検討ください。",26400,ファッション
L00077,【最終値下げ】取説付 コート 美品🔥🔥,バッグです。美品。¥６１００。箱あり。,6100,ファッション
L04555,古着 訳あり品 傷あり,"傷ありな状態でお譲りします。お値段は9,100円になります。厚底ですので気になる方はご検討ください。",9100,ファッション
L01241,【送料無料】即決 電子ﾚﾝｼﾞ 難あり,難ありな状態でお譲りします。お値段は¥6200になります。静音ですので気になる方はご検討ください。,6200,家電
L00220,◆匿名配送◆レディース ジャケット 状態良好💯,ブーツです。状態良好。¥22600。美品。,22600,ファッション
L02736,!!値下げしました!!自宅保管 イヤホン ほぼ新品✨,炊飯器です。ほぼ新品。¥31000。省エネ。,31000,家電
L01759,即決 スニーカー 傷あり,"傷ありな状態でお譲りします。お値段は35,900円になります。ヴィンテージですので気になる方はご検討ください。",35900,ファッション
L04191,※返品不可TV 空気清浄機 ほぼ新品,"&nbsp;ほぼ新品な状態でお譲りします。お値段は18,600円になります。美品ですので気になる方はご検討ください。&amp;",18600,家電
L01255,◆匿名配送◆即決 ドライヤー 美品💯🎁,美品な状態でお譲りします。お値段は¥14600になります。静音ですので気になる方はご検討ください。,14600,家電
L03911,Mサイズ シャツ ほぼ新品✨🎁,"&nbsp;ほぼ新品な状態でお譲りします。お値段は29,400円になります。自宅保管ですので気になる方はご検討ください。<br>",29400,ファッション
L00301,限定版   セット   used⭐✨,&nbsp;usedな状態でお譲りします。お値段は25200 円になります。箱ありですので気になる方はご検討ください。<br>,25200,ホビー
L04171,軽量 中古品 状態良好,"<br>状態良好な状態でお譲りします。お値段は23,200円になります。自宅保管ですので気になる方はご検討ください。&amp;",23200,ファッション
L02773,※返品不可美品   ボードゲーム   傷あり,"プラモデルです。傷あり。35,200円。ペットなし。",35200,ホビー
L04398,部活 グローブ ｕｓｅｄ,&nbsp;ｕｓｅｄな状態でお譲りします。お値段は¥１５６００になります。美品ですので気になる方はご検討ください。<br>,15600,スポーツ
L03520,自宅保管   プラモデル   状態良好✨🔥,"<b>ボードゲームです。状態良好。39,600円。未開封。&amp;",39600,ホビー
L01508,省エネ テレビ used,"炊飯器です。used。33,200円。節電。",33200,家電
L01162,★即日発送★メンズ コート 難あり,<b>難ありな状態でお譲りします。お値段は11400yenになります。厚底ですので気になる方はご検討ください。&amp;,11400,ファッション
L02384,節電   ﾃﾚﾋﾞ   ほぼ新品,"<b>ほぼ新品な状態でお譲りします。お値段は5,700円になります。インバーターですので気になる方はご検討ください。<br>",5700,家電
L04602,※返品不可箱あり デニム ほぼ新品,"ほぼ新品な状態でお譲りします。お値段は21,200円になります。古着ですので気になる方はご検討ください。",21200,ファッション
L03044,ﾄﾚｰﾆﾝｸﾞ 訳あり品 ほぼ新品💯,ほぼ新品な状態でお譲りします。お値段は¥21500になります。箱ありですので気になる方はご検討ください。,21500,スポーツ
L00683,古着 スニーカー used,"&nbsp;スニーカーです。used。38,700円。値下げ交渉可。</b>",38700,ファッション
L02070,動作確認済 ダンベル 状態良好✨🔥✨,"<br>状態良好な状態でお譲りします。お値段は26,200円になります。美品ですので気になる方はご検討ください。&amp;",26200,スポーツ
L04746,《まとめ買い歓迎》美品 洗濯機 ほぼ新品,スピーカーです。ほぼ新品。25000yen。4K。,25000,家電
L04573,安全基準適合 抱っこ紐 難あり🎁🔥🔥,<br>難ありな状態でお譲りします。お値段は¥２４８００になります。対象年齢３歳ですので気になる方はご検討ください。</b>,24800,ベビー・キッズ
L00363,27cm   まとめ売り   ほぼ新品,ほぼ新品な状態でお譲りします。お値段は16200yenになります。箱ありですので気になる方はご検討ください。,16200,スポーツ
L00217,【送料無料】即決   電子レンジ   ｕｓｅｄ,<br>ｕｓｅｄな状態でお譲りします。お値段は¥３２４００になります。ＴＶですので気になる方はご検討ください。&amp;,32400,家電
L02248,※返品不可自宅保管 スピーカー 傷あり🔥🔥,傷ありな状態でお譲りします。お値段は9200 円になります。取説付ですので気になる方はご検討ください。,9200,家電
L04509,【最終値下げ】ﾄﾚｰﾆﾝｸﾞ 中古品 状態良好,&nbsp;状態良好な状態でお譲りします。お値段は7500 円になります。ペットなしですので気になる方はご検討ください。<br>,7500,スポーツ
L03143,★即日発送★初回特典 パズル ほぼ新品,ほぼ新品な状態でお譲りします。お値段は¥39100になります。美品ですので気になる方はご検討ください。,39100,ホビー
L04026,【最終値下げ】塗装済   フィギュア   ほぼ新品💯,<br>ラジコンです。ほぼ新品。18500 円。未開封。<br>,18500,ホビー
L01392,《まとめ買い歓迎》Mサイズ 中古品 状態良好,状態良好な状態でお譲りします。お値段は12200yenになります。値下げ交渉可ですので気になる方はご検討ください。,12200,ファッション
L03595,※返品不可節電 炊飯器 傷あり🔥,&nbsp;傷ありな状態でお譲りします。お値段は¥2800になります。節電ですので気になる方はご検討ください。</b>,2800,家電
L04710,【送料無料】ペットなし トレカ 美品,"美品な状態でお譲りします。お値段は36,300円になります。塗装済ですので気になる方はご検討ください。",36300,ホビー
L02346,4K 電子レンジ 難あり✨💯🔥,難ありな状態でお譲りします。お値段は16800yenになります。軽量ですので気になる方はご検討ください。,16800,家電
L01808,4K イヤホン 美品,炊飯器です。美品。¥27600。リモコン付。,27600,家電
L00233,!!値下げしました!!初回特典 フィギュア 美品✨🎁,写真集です。美品。１２０００ｙｅｎ。初回特典。,12000,ホビー
L00741,★即日発送★軽量   付属品あり   難あり,<br>難ありな状態でお譲りします。お値段は28400yenになります。限定版ですので気になる方はご検討ください。</b>,28400,ホビー
L00553,※返品不可厚底 ジャンク品 難あり,難ありな状態でお譲りします。お値段は¥10600になります。厚底ですので気になる方はご検討ください。,10600,ファッション
L01433,【送料無料】限定版 パズル ほぼ新品,<b>ほぼ新品な状態でお譲りします。お値段は¥2700になります。コレクションですので気になる方はご検討ください。<br>,2700,ホビー
L02711,※返品不可自宅保管 ｽﾋﾟｰｶｰ 状態良好🔥💯🎁,"<b>スピーカーです。状態良好。23,300円。値下げ交渉可。&amp;",23300,家電
L04547,ｻｲﾝ入り 画集 ほぼ新品,"雑誌です。ほぼ新品。23,000円。初版。",23000,本・音楽
L04355,《まとめ買い歓迎》箱あり スニーカー ほぼ新品⭐🔥,"ほぼ新品な状態でお譲りします。お値段は１２,７００円になります。ヴィンテージですので気になる方はご検討ください。",12700,ファッション
L04259,自宅保管 画集 状態良好,状態良好な状態でお譲りします。お値段は27900yenになります。初版ですので気になる方はご検討ください。,27900,本・音楽
L02583,自宅保管 バッグ ほぼ新品,<br>シャツです。ほぼ新品。13300yen。即決。</b>,13300,ファッション
L00621,【送料無料】自宅保管 ウェア 美品⭐⭐💯,<br>ヨガマットです。美品。¥３５１００。屋外用。</b>,35100,スポーツ
L02846,!!値下げしました!!インバーター 訳あり品 美品,<br>美品な状態でお譲りします。お値段は22000yenになります。静音ですので気になる方はご検討ください。<br>,22000,家電
L02382,◆匿名配送◆動作確認済 テレビ 難あり,イヤホンです。難あり。1100 円。TV。,1100,家電
L02416,《まとめ買い歓迎》厚底 セット used,"usedな状態でお譲りします。お値段は18,700円になります。厚底ですので気になる方はご検討ください。",18700,ファッション
L02531,《まとめ買い歓迎》全巻   訳あり品   美品,"&nbsp;美品な状態でお譲りします。お値段は９,１００円になります。廃盤ですので気になる方はご検討ください。&amp;",9100,本・音楽
L02726,４Ｋ 冷蔵庫 傷あり,"&nbsp;空気清浄機です。傷あり。２７,１００円。節電。</b>",27100,家電
L02230,値下げ交渉可 冷蔵庫 ｕｓｅｄ🎁🔥💯,ｕｓｅｄな状態でお譲りします。お値段は１７２００ 円になります。静音ですので気になる方はご検討ください。,17200,家電
L02172,★即日発送★全巻 楽譜 used✨✨🔥,usedな状態でお譲りします。お値段は¥6400になります。ペットなしですので気になる方はご検討ください。,6400,本・音楽
L03741,◆匿名配送◆箱あり   訳あり品   状態良好,<b>状態良好な状態でお譲りします。お値段は３５２００ 円になります。ＴＶですので気になる方はご検討ください。<br>,35200,家電
L03069,自宅保管 掃除機 難あり,&nbsp;テレビです。難あり。¥１４００。取説付。<br>,1400,家電
L03015,《まとめ買い歓迎》動作確認済 デニム 美品,<b>ワンピースです。美品。16200yen。Mサイズ。</b>,16200,ファッション
L01767,《まとめ買い歓迎》動作確認済 詰め合わせ 難あり🎁💯⭐,"難ありな状態でお譲りします。お値段は32,600円になります。硬式ですので気になる方はご検討ください。",32600,スポーツ
L04205,《まとめ買い歓迎》省ｴﾈ   ｲﾔﾎﾝ   傷あり,"&nbsp;傷ありな状態でお譲りします。お値段は31,100円になります。美品ですので気になる方はご検討ください。&amp;",31100,家電
L01630,◆匿名配送◆ﾍﾟｯﾄなし ﾗﾝﾆﾝｸﾞｼｭｰｽﾞ 美品,ランニングシューズです。美品。¥１２８００。動作確認済。,12800,スポーツ
L03102,喫煙者なし   シューズ   美品⭐,<br>シャツです。美品。32900yen。ヴィンテージ。<br>,32900,ファッション
L01399,★即日発送★軽量 ｽﾊﾟｲｸ ほぼ新品,ほぼ新品な状態でお譲りします。お値段は¥３９１００になります。２７ｃｍですので気になる方はご検討ください。,39100,スポーツ
L01254,※返品不可取説付 シューズ 美品,美品な状態でお譲りします。お値段は3900 円になります。ヴィンテージですので気になる方はご検討ください。,3900,ファッション
L01236,省エネ 空気清浄機 傷あり,"&nbsp;傷ありな状態でお譲りします。お値段は17,600円になります。自宅保管ですので気になる方はご検討ください。<br>",17600,家電
L04946,!!値下げしました!!ｲﾝﾊﾞｰﾀｰ 冷蔵庫 美品💯🔥💯,<b>美品な状態でお譲りします。お値段は１５５００ 円になります。静音ですので気になる方はご検討ください。</b>,15500,家電
L00900,ペットなし 本体のみ 傷あり,傷ありな状態でお譲りします。お値段は34000yenになります。古着ですので気になる方はご検討ください。,34000,ファッション
L01894,【送料無料】動作確認済 単行本 状態良好,<br>写真集です。状態良好。¥10500。喫煙者なし。&amp;,10500,本・音楽
L01283,《まとめ買い歓迎》Mｻｲｽﾞ 詰め合わせ 傷あり,<b>傷ありな状態でお譲りします。お値段は¥39200になります。Mサイズですので気になる方はご検討ください。&amp;,39200,ファッション
L01310,【送料無料】軽量 コート 美品,"&nbsp;美品な状態でお譲りします。お値段は２０,４００円になります。即決ですので気になる方はご検討ください。<br>",20400,ファッション
L03297,★即日発送★自宅保管 シューズ 美品,美品な状態でお譲りします。お値段は7500yenになります。軽量ですので気になる方はご検討ください。,7500,スポーツ
L00688,!!値下げしました!!未開封 画材 傷あり,"<br>フィギュアです。傷あり。16,500円。塗装済。<br>",16500,ホビー
L01992,【送料無料】動作確認済 スパイク ｕｓｅｄ,ウェアです。ｕｓｅｄ。３５０００ 円。軽量。,35000,スポーツ
L01543,ﾍﾟｯﾄなし 帽子 美品,"美品な状態でお譲りします。お値段は20,500円になります。即決ですので気になる方はご検討ください。",20500,ファッション
L01262,◆匿名配送◆厚底 ﾃﾞﾆﾑ 美品,美品な状態でお譲りします。お値段は3700yenになります。メンズですので気になる方はご検討ください。,3700,ファッション
L03011,部活 ｼｭｰｽﾞ 美品,"<br>美品な状態でお譲りします。お値段は38,900円になります。取説付ですので気になる方はご検討ください。<br>",38900,スポーツ
L02957,ペットなし 文庫本 状態良好,<b>状態良好な状態でお譲りします。お値段は35700yenになります。箱ありですので気になる方はご検討ください。<br>,35700,本・音楽
L03793,軽量 哺乳瓶 ほぼ新品,<b>ベビー服です。ほぼ新品。２２１００ｙｅｎ。取説付。<br>,22100,ベビー・キッズ
L04653,【送料無料】ペットなし 抱っこ紐 難あり,&nbsp;絵本です。難あり。18200yen。軽量。</b>,18200,ベビー・キッズ
L04919,《まとめ買い歓迎》節電 炊飯器 状態良好🔥🔥⭐,<b>洗濯機です。状態良好。¥6500。リモコン付。&amp;,6500,家電
L02801,動作確認済 電子レンジ 状態良好💯🔥💯,<br>イヤホンです。状態良好。¥１５７００。取説付。&amp;,15700,家電
L02455,《まとめ買い歓迎》取説付 まとめ売り 状態良好,状態良好な状態でお譲りします。お値段は10600 円になります。喫煙者なしですので気になる方はご検討ください。,10600,家電
L01882,!!値下げしました!!部活 付属品あり used,"&nbsp;usedな状態でお譲りします。お値段は13,700円になります。美品ですので気になる方はご検討ください。&amp;",13700,スポーツ
L01585,★即日発送★即決 ﾃﾚﾋﾞ 美品🎁💯,スピーカーです。美品。38800yen。喫煙者なし。,38800,家電
L03214,《まとめ買い歓迎》美品 自転車 ほぼ新品,スパイクです。ほぼ新品。27800yen。値下げ交渉可。,27800,スポーツ
L04434,《まとめ買い歓迎》値下げ交渉可 ｲﾔﾎﾝ ｕｓｅｄ,"炊飯器です。ｕｓｅｄ。３８,０００円。取説付。",38000,家電
L01151,◆匿名配送◆未開封 ﾗｼﾞｺﾝ 難あり,写真集です。難あり。14800 円。軽量。,14800,ホビー
L00254,※返品不可軽量 自転車 難あり,ダンベルです。難あり。¥２５０００。部活。,25000,スポーツ
L02086,インバーター 洗濯機 傷あり,洗濯機です。傷あり。9500 円。リモコン付。,9500,家電
L00933,※返品不可軽量 冷蔵庫 ｕｓｅｄ,電子レンジです。ｕｓｅｄ。９４００ 円。動作確認済。,9400,家電
L00548,全巻   詰め合わせ   used,usedな状態でお譲りします。お値段は¥21300になります。自宅保管ですので気になる方はご検討ください。,21300,本・音楽
L03946,◆匿名配送◆４Ｋ   テレビ   ほぼ新品,&nbsp;ほぼ新品な状態でお譲りします。お値段は５５００ 円になります。軽量ですので気になる方はご検討ください。</b>,5500,家電
L03877,◆匿名配送◆部活   自転車   傷あり,&nbsp;ヨガマットです。傷あり。¥39100。箱あり。&amp;,39100,スポーツ
L02010,!!値下げしました!!即決 ｾｯﾄ 難あり💯⭐,<b>難ありな状態でお譲りします。お値段は¥16000になります。値下げ交渉可ですので気になる方はご検討ください。<br>,16000,家電
L01557,塗装済   ﾎﾞｰﾄﾞｹﾞｰﾑ   ほぼ新品💯🔥,<b>ギターです。ほぼ新品。34300 円。喫煙者なし。<br>,34300,ホビー
L01680,★即日発送★Mサイズ 中古品 傷あり,<b>傷ありな状態でお譲りします。お値段は35200 円になります。即決ですので気になる方はご検討ください。&amp;,35200,ファッション
L01783,静音 訳あり品 状態良好,<br>状態良好な状態でお譲りします。お値段は¥１３３００になります。４Ｋですので気になる方はご検討ください。&amp;,13300,家電
L01925,★即日発送★初回特典 トレカ ｕｓｅｄ,<b>ｕｓｅｄな状態でお譲りします。お値段は５７００ 円になります。初回特典ですので気になる方はご検討ください。</b>,5700,ホビー
L01616,部活 付属品あり 美品,美品な状態でお譲りします。お値段は¥3700になります。ペットなしですので気になる方はご検討ください。,3700,スポーツ
L04959,【送料無料】軽量   本体のみ   傷あり,"<br>傷ありな状態でお譲りします。お値段は１４,０００円になります。ペットなしですので気になる方はご検討ください。</b>",14000,スポーツ
L04715,【最終値下げ】厚底 ブーツ ほぼ新品,帽子です。ほぼ新品。700 円。メンズ。,700,ファッション
L03502,値下げ交渉可   セット   難あり,難ありな状態でお譲りします。お値段は¥10000になります。4Kですので気になる方はご検討ください。,10000,家電
L02304,《まとめ買い歓迎》箱あり   一式   used💯🎁,"usedな状態でお譲りします。お値段は15,800円になります。インバーターですので気になる方はご検討ください。",15800,家電
L04349,【最終値下げ】ヴィンテージ   セット   難あり🔥⭐,<br>難ありな状態でお譲りします。お値段は１８５００ 円になります。Ｍサイズですので気になる方はご検討ください。</b>,18500,ファッション
L02761,※返品不可箱あり 電子レンジ 状態良好✨,<br>電子レンジです。状態良好。17300 円。4K。<br>,17300,家電
L02436,4K 炊飯器 美品🔥💯,<br>イヤホンです。美品。¥14300。省エネ。<br>,14300,家電
L03831,値下げ交渉可 詰め合わせ 美品,<br>美品な状態でお譲りします。お値段は29900yenになります。軽量ですので気になる方はご検討ください。<br>,29900,本・音楽
L01772,★即日発送★自宅保管 写真集 used,文庫本です。used。¥25200。名盤。,25200,本・音楽
L01197,Mサイズ バッグ 状態良好,状態良好な状態でお譲りします。お値段は¥9000になります。ペットなしですので気になる方はご検討ください。,9000,ファッション
L02435,【送料無料】廃盤 単行本 used,usedな状態でお譲りします。お値段は¥15300になります。名盤ですので気になる方はご検討ください。,15300,本・音楽
L01082,TV ドライヤー used,エアコンです。used。¥37700。インバーター。,37700,家電
L01682,!!値下げしました!!ペットなし テレビ 難あり⭐,"<br>空気清浄機です。難あり。24,900円。静音。<br>",24900,家電
L02899,!!値下げしました!!1/144   ラジコン   難あり,"<b>難ありな状態でお譲りします。お値段は25,000円になります。動作確認済ですので気になる方はご検討ください。&amp;",25000,ホビー
L02988,!!値下げしました!!軽量   フィギュア   美品,"<b>美品な状態でお譲りします。お値段は２４,２００円になります。限定版ですので気になる方はご検討ください。</b>",24200,ホビー
L04081,【送料無料】新生児   抱っこ紐   ほぼ新品,&nbsp;チャイルドシートです。ほぼ新品。¥28000。喫煙者なし。</b>,28000,ベビー・キッズ
L01201,ヴィンテージ まとめ売り 美品🎁🎁,<br>美品な状態でお譲りします。お値段は1500yenになります。レディースですので気になる方はご検討ください。</b>,1500,ファッション
L01387,◆匿名配送◆取説付 ﾖｶﾞﾏｯﾄ ほぼ新品💯,"<br>ほぼ新品な状態でお譲りします。お値段は２２,４００円になります。軽量ですので気になる方はご検討ください。<br>",22400,スポーツ
L04296,美品 ジャンク品 ほぼ新品,ほぼ新品な状態でお譲りします。お値段は30700 円になります。帯付きですので気になる方はご検討ください。,30700,本・音楽
L02189,リモコン付 ジャンク品 美品,美品な状態でお譲りします。お値段は6000yenになります。インバーターですので気になる方はご検討ください。,6000,家電
L02209,※返品不可ヴィンテージ 帽子 状態良好,バッグです。状態良好。３５７００ 円。古着。,35700,ファッション
L00494,★即日発送★サイン入り 参考書 美品,"&nbsp;美品な状態でお譲りします。お値段は21,700円になります。軽量ですので気になる方はご検討ください。&amp;",21700,本・音楽
L02923,※返品不可TV 炊飯器 used🔥⭐,<b>usedな状態でお譲りします。お値段は18500yenになります。箱ありですので気になる方はご検討ください。<br>,18500,家電
L00257,!!値下げしました!!ﾍﾟｯﾄなし   ｺｰﾄ   傷あり⭐💯,&nbsp;シャツです。傷あり。17300yen。ヴィンテージ。&amp;,17300,ファッション
L02776,ペットなし ブーツ ほぼ新品,ほぼ新品な状態でお譲りします。お値段は¥１５００になります。厚底ですので気になる方はご検討ください。,1500,ファッション
L00822,軽量 掃除機 状態良好💯,電子レンジです。状態良好。34600yen。インバーター。,34600,家電
L04146,【最終値下げ】TV   洗濯機   ほぼ新品,ほぼ新品な状態でお譲りします。お値段は33800yenになります。4Kですので気になる方はご検討ください。,33800,家電
L03863,即決 ドライヤー 傷あり,"スピーカーです。傷あり。１７,０００円。静音。",17000,家電
L02541,初版 雑誌 状態良好,状態良好な状態でお譲りします。お値段は５２００ｙｅｎになります。全巻ですので気になる方はご検討ください。,5200,本・音楽
L02537,ﾄﾚｰﾆﾝｸﾞ ﾀﾞﾝﾍﾞﾙ 傷あり,&nbsp;傷ありな状態でお譲りします。お値段は¥11800になります。27cmですので気になる方はご検討ください。&amp;,11800,スポーツ
L01525,※返品不可ペットなし ワンピース used,スニーカーです。used。3800 円。Mサイズ。,3800,ファッション
L02459,1/144 ﾌィｷﾞｭｱ used🔥💯,"&nbsp;ギターです。used。25,000円。初回特典。&amp;",25000,ホビー
L00583,!!値下げしました!!部活 シューズ 状態良好✨🎁,<b>状態良好な状態でお譲りします。お値段は29100 円になります。軽量ですので気になる方はご検討ください。<br>,29100,スポーツ
L01063,インバーター まとめ売り 傷あり,"傷ありな状態でお譲りします。お値段は11,300円になります。省エネですので気になる方はご検討ください。",11300,家電
L04852,屋外用 ﾖｶﾞﾏｯﾄ ほぼ新品,<br>ほぼ新品な状態でお譲りします。お値段は23300 円になります。部活ですので気になる方はご検討ください。</b>,23300,スポーツ
L02078,◆匿名配送◆取説付 炊飯器 難あり💯✨🔥,難ありな状態でお譲りします。お値段は9000yenになります。動作確認済ですので気になる方はご検討ください。,9000,家電
L00163,【最終値下げ】インバーター 中古品 used,<br>usedな状態でお譲りします。お値段は32500yenになります。4Kですので気になる方はご検討ください。</b>,32500,家電
L02692,限定版 まとめ売り used🎁,&nbsp;usedな状態でお譲りします。お値段は8100yenになります。限定版ですので気になる方はご検討ください。</b>,8100,ホビー
L01116,★即日発送★ｲﾝﾊﾞｰﾀｰ   空気清浄機   傷あり,&nbsp;傷ありな状態でお譲りします。お値段は¥２５０００になります。静音ですので気になる方はご検討ください。</b>,25000,家電
L01514,インバーター   洗濯機   傷あり,"<br>イヤホンです。傷あり。13,600円。即決。&amp;",13600,家電
L00152,ﾒﾝｽﾞ ｼｭｰｽﾞ 傷あり,帽子です。傷あり。¥21900。厚底。,21900,ファッション
L03322,!!値下げしました!!即決   ｼﾞｬﾝｸ品   傷あり💯,傷ありな状態でお譲りします。お値段は１６９００ 円になります。Ｍサイズですので気になる方はご検討ください。,16900,ファッション
L03462,《まとめ買い歓迎》限定版 ラジコン 難あり,ボードゲームです。難あり。13100yen。ペットなし。,13100,ホビー
L02752,Mサイズ 詰め合わせ used,usedな状態でお譲りします。お値段は¥24500になります。軽量ですので気になる方はご検討ください。,24500,ファッション
L04886,部活 セット ｕｓｅｄ⭐✨,ｕｓｅｄな状態でお譲りします。お値段は６３００ｙｅｎになります。美品ですので気になる方はご検討ください。,6300,スポーツ
L03591,!!値下げしました!!静音 エアコン 美品,"エアコンです。美品。３６,１００円。節電。",36100,家電
L04559,コレクション プラモデル used,<b>パズルです。used。¥6900。ペットなし。<br>,6900,ホビー
L00291,名盤 本体のみ ほぼ新品,ほぼ新品な状態でお譲りします。お値段は27600yenになります。初版ですので気になる方はご検討ください。,27600,本・音楽
L02808,◆匿名配送◆喫煙者なし ｼﾞｬﾝｸ品 傷あり✨⭐🔥,"<br>傷ありな状態でお譲りします。お値段は1,900円になります。ヴィンテージですので気になる方はご検討ください。</b>",1900,ファッション
L01220,!!値下げしました!!取説付 写真集 状態良好,状態良好な状態でお譲りします。お値段は16700 円になります。自宅保管ですので気になる方はご検討ください。,16700,ホビー
L03009,《まとめ買い歓迎》廃盤 まとめ売り used,&nbsp;usedな状態でお譲りします。お値段は30000 円になります。値下げ交渉可ですので気になる方はご検討ください。&amp;,30000,本・音楽
L03169,【最終値下げ】箱あり ｽﾋﾟｰｶｰ 状態良好,状態良好な状態でお譲りします。お値段は¥13600になります。TVですので気になる方はご検討ください。,13600,家電
L02364,新生児 ベビーカー 難あり,難ありな状態でお譲りします。お値段は16600yenになります。対象年齢3歳ですので気になる方はご検討ください。,16600,ベビー・キッズ
L02373,★即日発送★喫煙者なし 写真集 美品,"&nbsp;美品な状態でお譲りします。お値段は3,500円になります。全巻ですので気になる方はご検討ください。</b>",3500,本・音楽
L04409,静音 冷蔵庫 ほぼ新品,炊飯器です。ほぼ新品。３８３００ 円。インバーター。,38300,家電
L04623,《まとめ買い歓迎》帯付き ｽﾋﾟｰｶｰ 難あり💯🔥,&nbsp;難ありな状態でお譲りします。お値段は¥2800になります。自宅保管ですので気になる方はご検討ください。</b>,2800,本・音楽
L04865,メンズ ワンピース 美品,ブーツです。美品。¥36100。軽量。,36100,ファッション
L02200,喫煙者なし ヨガマット 傷あり✨,"&nbsp;傷ありな状態でお譲りします。お値段は35,800円になります。27cmですので気になる方はご検討ください。</b>",35800,スポーツ
L01748,インバーター   ドライヤー   美品⭐🎁🔥,"&nbsp;美品な状態でお譲りします。お値段は34,600円になります。リモコン付ですので気になる方はご検討ください。</b>",34600,家電
L04216,静音 ｽﾋﾟｰｶｰ 美品🎁🔥⭐,美品な状態でお譲りします。お値段は１９０００ 円になります。即決ですので気になる方はご検討ください。,19000,家電
L04834,即決 ｼﾞｬﾝｸ品 ほぼ新品,ほぼ新品な状態でお譲りします。お値段は¥２１００になります。取説付ですので気になる方はご検討ください。,2100,ホビー
L03965,１／１４４ まとめ売り 美品,<b>美品な状態でお譲りします。お値段は¥３２１００になります。塗装済ですので気になる方はご検討ください。</b>,32100,ホビー
L00391,ＴＶ 洗濯機 難あり,テレビです。難あり。１２９００ｙｅｎ。自宅保管。,12900,家電
L02084,【送料無料】省エネ 炊飯器 傷あり,傷ありな状態でお譲りします。お値段は36600yenになります。リモコン付ですので気になる方はご検討ください。,36600,家電
L00296,美品 まとめ売り 傷あり,"&nbsp;傷ありな状態でお譲りします。お値段は3,300円になります。レディースですので気になる方はご検討ください。</b>",3300,ファッション
L03206,※返品不可27cm 本体のみ 傷あり🔥🎁⭐,傷ありな状態でお譲りします。お値段は23000yenになります。喫煙者なしですので気になる方はご検討ください。,23000,スポーツ
L01098,廃盤 文庫本 美品,美品な状態でお譲りします。お値段は22300yenになります。廃盤ですので気になる方はご検討ください。,22300,本・音楽
L00730,※返品不可古着 シューズ 美品🎁🔥,"&nbsp;シューズです。美品。9,200円。厚底。<br>",9200,ファッション
L04133,全巻 レコード 美品,単行本です。美品。¥19700。取説付。,19700,本・音楽
L00051,◆匿名配送◆省エネ 洗濯機 傷あり,&nbsp;傷ありな状態でお譲りします。お値段は¥23000になります。美品ですので気になる方はご検討ください。</b>,23000,家電
L00771,インバーター ジャンク品 傷あり,"傷ありな状態でお譲りします。お値段は25,400円になります。ペットなしですので気になる方はご検討ください。",25400,家電
L01361,自宅保管 参考書 美品,雑誌です。美品。13400 円。初版。,13400,本・音楽
L02465,◆匿名配送◆動作確認済 ボードゲーム 傷あり,&nbsp;ラジコンです。傷あり。１７６００ｙｅｎ。未開封。&amp;,17600,ホビー
L02687,自宅保管 ｺｰﾄ 難あり🔥,難ありな状態でお譲りします。お値段は25200 円になります。レディースですので気になる方はご検討ください。,25200,ファッション
L03038,【最終値下げ】ペットなし ワンピース 傷あり🔥,<br>シャツです。傷あり。11000 円。即決。</b>,11000,ファッション
L00171,《まとめ買い歓迎》塗装済 ﾊﾟｽﾞﾙ 傷あり💯,ラジコンです。傷あり。¥6700。初回特典。,6700,ホビー
L02812,!!値下げしました!!古着 詰め合わせ 難あり,"<br>難ありな状態でお譲りします。お値段は39,600円になります。即決ですので気になる方はご検討ください。&amp;",39600,ファッション
L00290,!!値下げしました!!軽量 コート 状態良好💯🎁,状態良好な状態でお譲りします。お値段は18700yenになります。古着ですので気になる方はご検討ください。,18700,ファッション
L01934,Ｍサイズ シャツ 傷あり✨🔥⭐,&nbsp;デニムです。傷あり。¥７３００。レディース。</b>,7300,ファッション
L02647,《まとめ買い歓迎》省エネ   空気清浄機   傷あり,<b>ドライヤーです。傷あり。¥３９９００。静音。&amp;,39900,家電
L03707,【送料無料】取説付 絵本 used,"usedな状態でお譲りします。お値段は31,700円になります。箱ありですので気になる方はご検討ください。",31700,ベビー・キッズ
L03636,◆匿名配送◆喫煙者なし ｾｯﾄ 美品,美品な状態でお譲りします。お値段は１８５００ 円になります。箱ありですので気になる方はご検討ください。,18500,ファッション
L02535,インバーター 炊飯器 美品,"テレビです。美品。12,600円。インバーター。",12600,家電
L03740,【最終値下げ】コレクション   付属品あり   美品,美品な状態でお譲りします。お値段は15700yenになります。軽量ですので気になる方はご検討ください。,15700,ホビー
L04067,硬式   自転車   ほぼ新品,"ほぼ新品な状態でお譲りします。お値段は20,100円になります。箱ありですので気になる方はご検討ください。",20100,スポーツ
L01541,!!値下げしました!!ﾘﾓｺﾝ付 訳あり品 状態良好🔥🔥,"状態良好な状態でお譲りします。お値段は8,900円になります。静音ですので気になる方はご検討ください。",8900,家電
L00023,全巻 文庫本 used,<br>usedな状態でお譲りします。お値段は33000 円になります。廃盤ですので気になる方はご検討ください。<br>,33000,本・音楽
L04924,【最終値下げ】取説付 コート used,シャツです。used。36600 円。ペットなし。,36600,ファッション
L04268,【送料無料】値下げ交渉可 ベビー服 状態良好,"状態良好な状態でお譲りします。お値段は14,600円になります。箱ありですので気になる方はご検討ください。",14600,ベビー・キッズ
L02546,全巻 画集 美品,"文庫本です。美品。28,800円。サイン入り。",28800,本・音楽
L00436,★即日発送★ペットなし 訳あり品 状態良好,<b>状態良好な状態でお譲りします。お値段は7600yenになります。部活ですので気になる方はご検討ください。</b>,7600,スポーツ
L01066,★即日発送★ﾚﾃﾞィｰｽ 付属品あり 状態良好🔥🔥,状態良好な状態でお譲りします。お値段は¥13200になります。ペットなしですので気になる方はご検討ください。,13200,ファッション
L04856,即決 洗濯機 美品,"美品な状態でお譲りします。お値段は１９,５００円になります。インバーターですので気になる方はご検討ください。",19500,家電
L02011,【最終値下げ】新生児   哺乳瓶   状態良好🔥,"ベビーカーです。状態良好。27,500円。即決。",27500,ベビー・キッズ
L01367,※返品不可廃盤 スピーカー 傷あり,<br>傷ありな状態でお譲りします。お値段は32900 円になります。廃盤ですので気になる方はご検討ください。&amp;,32900,本・音楽
L00827,初回特典 本体のみ ｕｓｅｄ,"ｕｓｅｄな状態でお譲りします。お値段は２０,６００円になります。コレクションですので気になる方はご検討ください。",20600,ホビー
L00438,★即日発送★部活 ランニングシューズ 状態良好,<br>シューズです。状態良好。２２９００ 円。トレーニング。&amp;,22900,スポーツ
L01244,静音   一式   used💯🔥✨,usedな状態でお譲りします。お値段は22300 円になります。インバーターですので気になる方はご検討ください。,22300,家電
L00859,!!値下げしました!!対象年齢3歳 ベビーカー 難あり,難ありな状態でお譲りします。お値段は22800 円になります。ペットなしですので気になる方はご検討ください。,22800,ベビー・キッズ
L02284,古着 訳あり品 難あり,難ありな状態でお譲りします。お値段は29900 円になります。自宅保管ですので気になる方はご検討ください。,29900,ファッション
L04542,※返品不可サイン入り 参考書 難あり,文庫本です。難あり。¥12500。値下げ交渉可。,12500,本・音楽
L02448,メンズ ジャケット used🔥,"usedな状態でお譲りします。お値段は13,300円になります。厚底ですので気になる方はご検討ください。",13300,ファッション
L02852,!!値下げしました!!トレーニング ヨガマット 難あり,ヨガマットです。難あり。27600yen。取説付。,27600,スポーツ
L02887,★即日発送★古着 ｼｬﾂ ほぼ新品,&nbsp;ほぼ新品な状態でお譲りします。お値段は¥38200になります。自宅保管ですので気になる方はご検討ください。<br>,38200,ファッション
L00500,◆匿名配送◆全巻 ｽﾋﾟｰｶｰ 美品💯✨,"美品な状態でお譲りします。お値段は11,300円になります。名盤ですので気になる方はご検討ください。",11300,本・音楽
L04049,◆匿名配送◆美品 自転車 美品,"<b>ランニングシューズです。美品。１３,１００円。屋外用。&amp;",13100,スポーツ
L04933,◆匿名配送◆対象年齢3歳 まとめ売り 傷あり,"<b>傷ありな状態でお譲りします。お値段は7,700円になります。洗えるですので気になる方はご検討ください。&amp;",7700,ベビー・キッズ
L03228,!!値下げしました!!箱あり 付属品あり 傷あり,"傷ありな状態でお譲りします。お値段は2,500円になります。即決ですので気になる方はご検討ください。",2500,ファッション
L00966,【最終値下げ】動作確認済 画材 美品💯✨,<b>美品な状態でお譲りします。お値段は33600yenになります。ペットなしですので気になる方はご検討ください。&amp;,33600,ホビー
L00544,部活 中古品 状態良好,状態良好な状態でお譲りします。お値段は8000 円になります。27cmですので気になる方はご検討ください。,8000,スポーツ
L02174,◆匿名配送◆厚底 付属品あり 状態良好,状態良好な状態でお譲りします。お値段は15300yenになります。古着ですので気になる方はご検討ください。,15300,ファッション
L00473,美品 ジャンク品 状態良好,状態良好な状態でお譲りします。お値段は34400yenになります。ヴィンテージですので気になる方はご検討ください。,34400,ファッション
L01530,【送料無料】軽量 本体のみ 難あり,難ありな状態でお譲りします。お値段は¥36700になります。部活ですので気になる方はご検討ください。,36700,スポーツ
L03638,◆匿名配送◆ペットなし レコード ほぼ新品,楽譜です。ほぼ新品。¥23000。サイン入り。,23000,本・音楽
L03868,屋外用 ヨガマット used✨🎁,ヨガマットです。used。¥15200。硬式。,15200,スポーツ
L03954,厚底 シューズ 状態良好🔥✨🎁,状態良好な状態でお譲りします。お値段は２１４００ｙｅｎになります。ヴィンテージですので気になる方はご検討ください。,21400,ファッション
L03146,【最終値下げ】サイン入り   参考書   美品,"写真集です。美品。19,000円。美品。",19000,本・音楽
L01840,【送料無料】全巻 文庫本 used🔥,&nbsp;usedな状態でお譲りします。お値段は19500yenになります。美品ですので気になる方はご検討ください。<br>,19500,本・音楽
L00755,【送料無料】安全基準適合 おもちゃ 傷あり,絵本です。傷あり。５００円。安全基準適合。,500,ベビー・キッズ
L04331,古着 デニム 傷あり,帽子です。傷あり。¥23200。ヴィンテージ。,23200,ファッション
L02592,【送料無料】動作確認済 まとめ売り ほぼ新品,ほぼ新品な状態でお譲りします。お値段は400円になります。箱ありですので気になる方はご検討ください。,400,ホビー
L03361,自宅保管 付属品あり used,usedな状態でお譲りします。お値段は19800yenになります。メンズですので気になる方はご検討ください。,19800,ファッション
L01386,レディース コート used,<b>ワンピースです。used。¥13100。古着。</b>,13100,ファッション
L01607,《まとめ買い歓迎》自宅保管 レコード 傷あり,"<br>傷ありな状態でお譲りします。お値段は１０,７００円になります。名盤ですので気になる方はご検討ください。</b>",10700,本・音楽
L01282,ｺﾚｸｼｮﾝ 写真集 難あり,"難ありな状態でお譲りします。お値段は5,500円になります。軽量ですので気になる方はご検討ください。",5500,ホビー
L02679,※返品不可レディース バッグ 状態良好⭐,"<br>状態良好な状態でお譲りします。お値段は13,100円になります。美品ですので気になる方はご検討ください。&amp;",13100,ファッション
L01267,動作確認済 空気清浄機 ｕｓｅｄ,<b>スピーカーです。ｕｓｅｄ。１９９００ｙｅｎ。４Ｋ。&amp;,19900,家電
L01464,ﾄﾚｰﾆﾝｸﾞ ﾗﾝﾆﾝｸﾞｼｭｰｽﾞ 傷あり✨💯,&nbsp;傷ありな状態でお譲りします。お値段は¥37500になります。硬式ですので気になる方はご検討ください。&amp;,37500,スポーツ
L03245,4K   炊飯器   ほぼ新品,<br>ほぼ新品な状態でお譲りします。お値段は7500 円になります。箱ありですので気になる方はご検討ください。&amp;,7500,家電
L02329,箱あり ｽﾋﾟｰｶｰ 傷あり,"<br>傷ありな状態でお譲りします。お値段は1,100円になります。節電ですので気になる方はご検討ください。<br>",1100,家電
L04431,硬式 ｸﾞﾛｰﾌﾞ 傷あり🔥,傷ありな状態でお譲りします。お値段は28400 円になります。硬式ですので気になる方はご検討ください。,28400,スポーツ
L02393,★即日発送★喫煙者なし まとめ売り 美品,"<b>美品な状態でお譲りします。お値段は２０,１００円になります。軽量ですので気になる方はご検討ください。<br>",20100,スポーツ
L04855,ｻｲﾝ入り 参考書 傷あり⭐,"楽譜です。傷あり。18,900円。名盤。",18900,本・音楽
L01778,★即日発送★美品 コート ほぼ新品,<br>ほぼ新品な状態でお譲りします。お値段は¥19500になります。箱ありですので気になる方はご検討ください。&amp;,19500,ファッション
L04913,★即日発送★節電 掃除機 美品,&nbsp;炊飯器です。美品。32700yen。静音。&amp;,32700,家電
L04953,★即日発送★軽量 中古品 美品,美品な状態でお譲りします。お値段は¥25800になります。動作確認済ですので気になる方はご検討ください。,25800,家電
L01360,※返品不可TV 訳あり品 ほぼ新品⭐,ほぼ新品な状態でお譲りします。お値段は20800yenになります。4Kですので気になる方はご検討ください。,20800,家電
L03639,【最終値下げ】喫煙者なし ｽﾋﾟｰｶｰ ほぼ新品🔥🎁,"ほぼ新品な状態でお譲りします。お値段は３６,５００円になります。喫煙者なしですので気になる方はご検討ください。",36500,本・音楽
L02038,※返品不可箱あり バッグ ほぼ新品🔥💯,帽子です。ほぼ新品。16700yen。レディース。,16700,ファッション
L02605,【送料無料】4K 洗濯機 美品,&nbsp;美品な状態でお譲りします。お値段は10000yenになります。TVですので気になる方はご検討ください。</b>,10000,家電
L02101,★即日発送★値下げ交渉可 電子レンジ ｕｓｅｄ,"洗濯機です。ｕｓｅｄ。１８,０００円。ＴＶ。",18000,家電
L03381,全巻   一式   傷あり🎁,<b>傷ありな状態でお譲りします。お値段は32600yenになります。全巻ですので気になる方はご検討ください。<br>,32600,本・音楽
L04077,静音 セット 状態良好,<b>状態良好な状態でお譲りします。お値段は29800 円になります。リモコン付ですので気になる方はご検討ください。</b>,29800,家電
L03884,トレーニング   自転車   美品,ウェアです。美品。4600 円。トレーニング。,4600,スポーツ
L00808,美品 ﾌﾞｰﾂ 傷あり,&nbsp;傷ありな状態でお譲りします。お値段は28600yenになります。美品ですので気になる方はご検討ください。&amp;,28600,ファッション
L04721,【最終値下げ】軽量 ジャンク品 ほぼ新品,ほぼ新品な状態でお譲りします。お値段は4100 円になります。対象年齢3歳ですので気になる方はご検討ください。,4100,ベビー・キッズ
L03945,★即日発送★帯付き まとめ売り ほぼ新品,ほぼ新品な状態でお譲りします。お値段は¥１７２００になります。廃盤ですので気になる方はご検討ください。,17200,本・音楽
L02932,◆匿名配送◆２７ｃｍ   グローブ   傷あり💯,&nbsp;傷ありな状態でお譲りします。お値段は¥３４７００になります。美品ですので気になる方はご検討ください。<br>,34700,スポーツ
L01544,TV   中古品   美品,"美品な状態でお譲りします。お値段は10,000円になります。静音ですので気になる方はご検討ください。",10000,家電
L00372,1/144 ｾｯﾄ 傷あり,<b>傷ありな状態でお譲りします。お値段は11400 円になります。コレクションですので気になる方はご検討ください。</b>,11400,ホビー
L03738,27cm 一式 used,&nbsp;usedな状態でお譲りします。お値段は800yenになります。値下げ交渉可ですので気になる方はご検討ください。</b>,800,スポーツ
L01028,《まとめ買い歓迎》古着   バッグ   ｕｓｅｄ,シューズです。ｕｓｅｄ。３８０００ 円。Ｍサイズ。,38000,ファッション
L01061,自宅保管 中古品 美品🔥,美品な状態でお譲りします。お値段は12700 円になります。メンズですので気になる方はご検討ください。,12700,ファッション
L02206,!!値下げしました!!取説付 ウェア ほぼ新品,グローブです。ほぼ新品。29700yen。屋外用。,29700,スポーツ
L00246,【送料無料】喫煙者なし 訳あり品 難あり,難ありな状態でお譲りします。お値段は13500yenになります。27cmですので気になる方はご検討ください。,13500,スポーツ
L02061,★即日発送★厚底   ブーツ   状態良好,<br>状態良好な状態でお譲りします。お値段は¥32800になります。値下げ交渉可ですので気になる方はご検討ください。</b>,32800,ファッション
L01696,値下げ交渉可   本体のみ   傷あり⭐🔥,傷ありな状態でお譲りします。お値段は4800 円になります。ペットなしですので気になる方はご検討ください。,4800,ファッション
L02046,★即日発送★リモコン付   炊飯器   傷あり,"傷ありな状態でお譲りします。お値段は9,200円になります。美品ですので気になる方はご検討ください。",9200,家電
L04406,◆匿名配送◆ﾒﾝｽﾞ ｺｰﾄ ほぼ新品,ジャケットです。ほぼ新品。¥３２５００。取説付。,32500,ファッション
L03164,★即日発送★メンズ 一式 難あり⭐⭐,<br>難ありな状態でお譲りします。お値段は38600yenになります。即決ですので気になる方はご検討ください。<br>,38600,ファッション
L03416,【送料無料】TV   詰め合わせ   傷あり,<br>傷ありな状態でお譲りします。お値段は24800 円になります。美品ですので気になる方はご検討ください。<br>,24800,家電
L01631,★即日発送★部活 まとめ売り 傷あり,傷ありな状態でお譲りします。お値段は６１００ｙｅｎになります。部活ですので気になる方はご検討ください。,6100,スポーツ
L03281,【最終値下げ】自宅保管 まとめ売り used,usedな状態でお譲りします。お値段は¥29700になります。厚底ですので気になる方はご検討ください。,29700,ファッション
L01447,《まとめ買い歓迎》サイン入り 参考書 状態良好,参考書です。状態良好。¥17000。取説付。,17000,本・音楽
L00800,限定版 訳あり品 難あり💯,難ありな状態でお譲りします。お値段は30900yenになります。コレクションですので気になる方はご検討ください。,30900,ホビー
L01817,レディース ブーツ 傷あり,コートです。傷あり。¥18600。箱あり。,18600,ファッション
L01056,27cm ｸﾞﾛｰﾌﾞ used,&nbsp;usedな状態でお譲りします。お値段は¥31200になります。自宅保管ですので気になる方はご検討ください。<br>,31200,スポーツ
L03588,◆匿名配送◆名盤 セット 傷あり,傷ありな状態でお譲りします。お値段は¥39800になります。帯付きですので気になる方はご検討ください。,39800,本・音楽
L04685,値下げ交渉可 ギター ほぼ新品,"ほぼ新品な状態でお譲りします。お値段は３４,８００円になります。コレクションですので気になる方はご検討ください。",34800,ホビー
L01770,TV 炊飯器 状態良好,スピーカーです。状態良好。¥25200。動作確認済。,25200,家電
L03615,自宅保管 自転車 美品,スパイクです。美品。7600 円。ペットなし。,7600,スポーツ
L03802,省ｴﾈ ｴｱｺﾝ ほぼ新品,"<b>ほぼ新品な状態でお譲りします。お値段は35,000円になります。インバーターですので気になる方はご検討ください。</b>",35000,家電
L04080,【送料無料】対象年齢３歳 絵本 ほぼ新品🎁,ほぼ新品な状態でお譲りします。お値段は２６６００ｙｅｎになります。新生児ですので気になる方はご検討ください。,26600,ベビー・キッズ
L01877,★即日発送★自宅保管 洗濯機 美品,"<b>美品な状態でお譲りします。お値段は２２,７００円になります。値下げ交渉可ですので気になる方はご検討ください。&amp;",22700,家電
L01775,値下げ交渉可 中古品 傷あり💯⭐,&nbsp;傷ありな状態でお譲りします。お値段は26300yenになります。箱ありですので気になる方はご検討ください。<br>,26300,家電
L01404,!!値下げしました!!屋外用 ヨガマット 状態良好,<b>状態良好な状態でお譲りします。お値段は16200 円になります。ペットなしですので気になる方はご検討ください。</b>,16200,スポーツ
L02985,!!値下げしました!!軽量 ダンベル 難あり🔥,<br>難ありな状態でお譲りします。お値段は¥31400になります。トレーニングですので気になる方はご検討ください。</b>,31400,スポーツ
L02394,!!値下げしました!!4K   まとめ売り   ほぼ新品,"ほぼ新品な状態でお譲りします。お値段は12,100円になります。静音ですので気になる方はご検討ください。",12100,家電
L02372,◆匿名配送◆値下げ交渉可 本体のみ 状態良好⭐⭐,"状態良好な状態でお譲りします。お値段は29,500円になります。取説付ですので気になる方はご検討ください。",29500,家電
L02238,トレーニング シューズ ほぼ新品,ラケットです。ほぼ新品。¥34800。屋外用。,34800,スポーツ
L04673,硬式 グローブ 難あり,&nbsp;ラケットです。難あり。13400yen。トレーニング。&amp;,13400,スポーツ
L00555,※返品不可喫煙者なし スピーカー 難あり,"写真集です。難あり。13,800円。取説付。",13800,本・音楽
L01720,!!値下げしました!!リモコン付 テレビ 傷あり,ドライヤーです。傷あり。¥36500。リモコン付。,36500,家電
L03662,限定版 写真集 傷あり,画材です。傷あり。23400yen。初回特典。,23400,ホビー
L00417,★即日発送★箱あり ｼｬﾂ 美品💯✨🔥,ワンピースです。美品。¥35800。メンズ。,35800,ファッション
L03867,古着 コート 状態良好⭐⭐,状態良好な状態でお譲りします。お値段は400 円になります。軽量ですので気になる方はご検討ください。,400,ファッション
L01764,《まとめ買い歓迎》ヴィンテージ スニーカー 傷あり⭐,&nbsp;傷ありな状態でお譲りします。お値段は¥8700になります。値下げ交渉可ですので気になる方はご検討ください。<br>,8700,ファッション
L02251,★即日発送★静音 空気清浄機 傷あり,傷ありな状態でお譲りします。お値段は¥7400になります。省エネですので気になる方はご検討ください。,7400,家電
L04934,★即日発送★レディース   まとめ売り   ほぼ新品,<br>ほぼ新品な状態でお譲りします。お値段は19800 円になります。メンズですので気になる方はご検討ください。<br>,19800,ファッション
L04783,※返品不可即決   付属品あり   難あり✨🔥,<br>難ありな状態でお譲りします。お値段は10200yenになります。古着ですので気になる方はご検討ください。&amp;,10200,ファッション
L04364,【最終値下げ】軽量 詰め合わせ ほぼ新品✨,ほぼ新品な状態でお譲りします。お値段は39500yenになります。ペットなしですので気になる方はご検討ください。,39500,スポーツ
L04454,値下げ交渉可 中古品 美品,美品な状態でお譲りします。お値段は¥34800になります。リモコン付ですので気になる方はご検討ください。,34800,家電
L03847,【送料無料】値下げ交渉可 ブーツ used💯,usedな状態でお譲りします。お値段は28200 円になります。メンズですので気になる方はご検討ください。,28200,ファッション
L01081,値下げ交渉可 ボードゲーム 難あり,"&nbsp;画材です。難あり。3,800円。自宅保管。<br>",3800,ホビー
L04671,取説付   一式   美品🎁💯💯,美品な状態でお譲りします。お値段は３１２００ｙｅｎになります。厚底ですので気になる方はご検討ください。,31200,ファッション
L00523,節電   訳あり品   美品,美品な状態でお譲りします。お値段は１４９００ｙｅｎになります。動作確認済ですので気になる方はご検討ください。,14900,家電
L02089,◆匿名配送◆即決 スパイク 傷あり,グローブです。傷あり。５９００ｙｅｎ。部活。,5900,スポーツ
L03254,軽量 スピーカー 状態良好✨💯🎁,&nbsp;炊飯器です。状態良好。26500 円。インバーター。</b>,26500,家電
L03491,節電   スピーカー   used,&nbsp;usedな状態でお譲りします。お値段は13400 円になります。節電ですので気になる方はご検討ください。</b>,13400,家電
L00315,◆匿名配送◆厚底 付属品あり 状態良好🔥,<br>状態良好な状態でお譲りします。お値段は27900yenになります。美品ですので気になる方はご検討ください。&amp;,27900,ファッション
L00783,【最終値下げ】箱あり 掃除機 状態良好⭐🔥,&nbsp;ドライヤーです。状態良好。６７００ 円。リモコン付。&amp;,6700,家電
L03370,★即日発送★ヴィンテージ 一式 傷あり,&nbsp;傷ありな状態でお譲りします。お値段は３９３００ 円になります。メンズですので気になる方はご検討ください。</b>,39300,ファッション
L00832,◆匿名配送◆箱あり   ｺｰﾄ   難あり,難ありな状態でお譲りします。お値段は¥34100になります。値下げ交渉可ですので気になる方はご検討ください。,34100,ファッション
L01492,塗装済 トレカ ほぼ新品,ギターです。ほぼ新品。¥12100。未開封。,12100,ホビー
L04979,【最終値下げ】対象年齢3歳   まとめ売り   難あり,<br>難ありな状態でお譲りします。お値段は18700yenになります。新生児ですので気になる方はご検討ください。</b>,18700,ベビー・キッズ
L03896,★即日発送★自宅保管   ブーツ   ほぼ新品,&nbsp;ほぼ新品な状態でお譲りします。お値段は¥３８０００になります。古着ですので気になる方はご検討ください。&amp;,38000,ファッション
L04785,★即日発送★美品 一式 ｕｓｅｄ,"ｕｓｅｄな状態でお譲りします。お値段は１７,５００円になります。喫煙者なしですので気になる方はご検討ください。",17500,ホビー
L00357,◆匿名配送◆美品 ダンベル 美品,<br>美品な状態でお譲りします。お値段は１４２００ｙｅｎになります。トレーニングですので気になる方はご検討ください。&amp;,14200,スポーツ
L01848,動作確認済 ｼｭｰｽﾞ used,"&nbsp;ブーツです。used。31,100円。古着。&amp;",31100,ファッション
L00594,【最終値下げ】喫煙者なし まとめ売り 難あり,難ありな状態でお譲りします。お値段は13100 円になります。軽量ですので気になる方はご検討ください。,13100,家電
L02054,◆匿名配送◆ペットなし 電子レンジ 傷あり,<b>エアコンです。傷あり。38900yen。即決。&amp;,38900,家電
L03918,自宅保管 ウェア used,<b>グローブです。used。¥7000。27cm。</b>,7000,スポーツ
L00101,★即日発送★値下げ交渉可 エアコン 状態良好🔥⭐,&nbsp;状態良好な状態でお譲りします。お値段は¥23700になります。4Kですので気になる方はご検討ください。<br>,23700,家電
L04777,取説付   一式   難あり,難ありな状態でお譲りします。お値段は7900 円になります。静音ですので気になる方はご検討ください。,7900,家電
L00847,塗装済 ギター used✨,&nbsp;ラジコンです。used。37500 円。ペットなし。</b>,37500,ホビー
L01272,喫煙者なし   付属品あり   ほぼ新品,"ほぼ新品な状態でお譲りします。お値段は35,700円になります。27cmですので気になる方はご検討ください。",35700,スポーツ
L01752,値下げ交渉可 本体のみ ほぼ新品,<b>ほぼ新品な状態でお譲りします。お値段は31100 円になります。Mサイズですので気になる方はご検討ください。<br>,31100,ファッション
L01277,《まとめ買い歓迎》箱あり ジャケット ほぼ新品,ほぼ新品な状態でお譲りします。お値段は¥24400になります。軽量ですので気になる方はご検討ください。,24400,ファッション
L01325,◆匿名配送◆ﾘﾓｺﾝ付 冷蔵庫 傷あり,<b>傷ありな状態でお譲りします。お値段は¥29600になります。動作確認済ですので気になる方はご検討ください。&amp;,29600,家電
L03477,【送料無料】取説付 ｺｰﾄ ほぼ新品,ほぼ新品な状態でお譲りします。お値段は9100yenになります。古着ですので気になる方はご検討ください。,9100,ファッション
L02568,【送料無料】箱あり デニム 状態良好,&nbsp;状態良好な状態でお譲りします。お値段は¥17900になります。厚底ですので気になる方はご検討ください。<br>,17900,ファッション
L04034,【送料無料】ﾘﾓｺﾝ付 詰め合わせ ほぼ新品🔥🎁🔥,"ほぼ新品な状態でお譲りします。お値段は30,000円になります。値下げ交渉可ですので気になる方はご検討ください。",30000,家電
L03320,動作確認済   参考書   状態良好,状態良好な状態でお譲りします。お値段は¥２１００になります。値下げ交渉可ですので気になる方はご検討ください。,2100,本・音楽
L02889,※返品不可省エネ 空気清浄機 ほぼ新品,ほぼ新品な状態でお譲りします。お値段は25200yenになります。軽量ですので気になる方はご検討ください。,25200,家電
L01979,静音 ﾄﾞﾗｲﾔｰ ｕｓｅｄ,"<b>ｕｓｅｄな状態でお譲りします。お値段は２８,５００円になります。インバーターですので気になる方はご検討ください。</b>",28500,家電
L00763,【送料無料】帯付き 写真集 状態良好,<br>状態良好な状態でお譲りします。お値段は7400yenになります。箱ありですので気になる方はご検討ください。</b>,7400,本・音楽
L00447,自宅保管 ラケット 状態良好🎁⭐💯,<br>状態良好な状態でお譲りします。お値段は¥9200になります。部活ですので気になる方はご検討ください。</b>,9200,スポーツ
L00911,省ｴﾈ 電子ﾚﾝｼﾞ 状態良好,<br>状態良好な状態でお譲りします。お値段は38400 円になります。ペットなしですので気になる方はご検討ください。</b>,38400,家電
L00507,【最終値下げ】屋外用 グローブ 美品⭐🔥,ヨガマットです。美品。¥23700。屋外用。,23700,スポーツ
L00227,未開封 パズル 状態良好⭐💯,"フィギュアです。状態良好。４,２００円。未開封。",4200,ホビー
L03227,◆匿名配送◆軽量 訳あり品 難あり,"難ありな状態でお譲りします。お値段は2,100円になります。未開封ですので気になる方はご検討ください。",2100,ホビー
L00941,値下げ交渉可 まとめ売り 美品,美品な状態でお譲りします。お値段は2300 円になります。メンズですので気になる方はご検討ください。,2300,ファッション
L02763,節電 セット ほぼ新品,ほぼ新品な状態でお譲りします。お値段は31100yenになります。値下げ交渉可ですので気になる方はご検討ください。,31100,家電
L03340,リモコン付   冷蔵庫   used,エアコンです。used。15400 円。4K。,15400,家電
L00189,値下げ交渉可   ｼｬﾂ   美品✨,<br>ワンピースです。美品。25600 円。厚底。<br>,25600,ファッション
L04084,軽量 ヨガマット 難あり,"<br>難ありな状態でお譲りします。お値段は36,100円になります。トレーニングですので気になる方はご検討ください。<br>",36100,スポーツ
L00638,箱あり   ワンピース   傷あり,<b>傷ありな状態でお譲りします。お値段は22500 円になります。喫煙者なしですので気になる方はご検討ください。<br>,22500,ファッション
L04224,軽量 冷蔵庫 状態良好,&nbsp;ドライヤーです。状態良好。１０２００ｙｅｎ。ＴＶ。<br>,10200,家電
L00121,【送料無料】動作確認済 一式 ほぼ新品,"<b>ほぼ新品な状態でお譲りします。お値段は３３,７００円になります。静音ですので気になる方はご検討ください。&amp;",33700,家電
L01285,!!値下げしました!!廃盤 スピーカー 美品💯✨,"<br>雑誌です。美品。24,200円。名盤。</b>",24200,本・音楽
L03305,レディース 帽子 難あり,ジャケットです。難あり。¥37700。値下げ交渉可。,37700,ファッション
L04985,【送料無料】省エネ 空気清浄機 難あり⭐🔥,難ありな状態でお譲りします。お値段は¥１７４００になります。値下げ交渉可ですので気になる方はご検討ください。,17400,家電
L00231,★即日発送★トレーニング   ダンベル   ｕｓｅｄ,ｕｓｅｄな状態でお譲りします。お値段は¥４３００になります。部活ですので気になる方はご検討ください。,4300,スポーツ
L04738,箱あり ジャケット 美品🔥,美品な状態でお譲りします。お値段は11900yenになります。動作確認済ですので気になる方はご検討ください。,11900,ファッション
L00211,【送料無料】1/144 ｼﾞｬﾝｸ品 美品🔥🎁🎁,美品な状態でお譲りします。お値段は26300yenになります。1/144ですので気になる方はご検討ください。,26300,ホビー
L02173,インバーター   詰め合わせ   難あり⭐🎁✨,"難ありな状態でお譲りします。お値段は25,500円になります。リモコン付ですので気になる方はご検討ください。",25500,家電
L01294,《まとめ買い歓迎》値下げ交渉可 文庫本 used,文庫本です。used。¥26800。動作確認済。,26800,本・音楽
L00360,◆匿名配送◆名盤 本体のみ 美品⭐,美品な状態でお譲りします。お値段は29400yenになります。喫煙者なしですので気になる方はご検討ください。,29400,本・音楽
L02536,厚底 ジャンク品 ｕｓｅｄ,<br>ｕｓｅｄな状態でお譲りします。お値段は３１５００ｙｅｎになります。ヴィンテージですので気になる方はご検討ください。<br>,31500,ファッション
L03398,ペットなし   エアコン   ほぼ新品,<b>ほぼ新品な状態でお譲りします。お値段は8200yenになります。4Kですので気になる方はご検討ください。</b>,8200,家電
L04564,4K   イヤホン   ほぼ新品✨,<b>ほぼ新品な状態でお譲りします。お値段は16700 円になります。省エネですので気になる方はご検討ください。<br>,16700,家電
L01914,喫煙者なし 写真集 難あり,画材です。難あり。10500 円。自宅保管。,10500,ホビー
L01494,Ｍｻｲｽﾞ ﾌﾞｰﾂ ほぼ新品,<br>ほぼ新品な状態でお譲りします。お値段は３８７００ｙｅｎになります。古着ですので気になる方はご検討ください。&amp;,38700,ファッション
L03007,動作確認済 一式 ほぼ新品,<b>ほぼ新品な状態でお譲りします。お値段は７５００ｙｅｎになります。値下げ交渉可ですので気になる方はご検討ください。</b>,7500,家電
L03951,初版 詰め合わせ 美品,<b>美品な状態でお譲りします。お値段は¥１３７００になります。取説付ですので気になる方はご検討ください。</b>,13700,本・音楽
L03418,【最終値下げ】箱あり 付属品あり 傷あり,<br>傷ありな状態でお譲りします。お値段は¥28300になります。帯付きですので気になる方はご検討ください。&amp;,28300,本・音楽
L01908,★即日発送★塗装済 中古品 used,usedな状態でお譲りします。お値段は16800 円になります。ペットなしですので気になる方はご検討ください。,16800,ホビー
L00011,【最終値下げ】初回特典 画材 傷あり🎁⭐,写真集です。傷あり。¥３２３００。塗装済。,32300,ホビー
L03067,軽量 ラケット 難あり,"<br>ヨガマットです。難あり。35,800円。即決。<br>",35800,スポーツ
L03409,※返品不可即決 訳あり品 used,<b>usedな状態でお譲りします。お値段は¥5300になります。動作確認済ですので気になる方はご検討ください。&amp;,5300,家電
L00884,◆匿名配送◆硬式 ダンベル used,&nbsp;usedな状態でお譲りします。お値段は8500yenになります。屋外用ですので気になる方はご検討ください。<br>,8500,スポーツ
L00887,軽量   チャイルドシート   used,哺乳瓶です。used。¥39900。値下げ交渉可。,39900,ベビー・キッズ
L04823,《まとめ買い歓迎》取説付 ジャンク品 美品,&nbsp;美品な状態でお譲りします。お値段は９６００ 円になります。ＴＶですので気になる方はご検討ください。<br>,9600,家電
L04072,軽量 抱っこ紐 傷あり,哺乳瓶です。傷あり。7900yen。安全基準適合。,7900,ベビー・キッズ
L00856,自宅保管   掃除機   難あり,難ありな状態でお譲りします。お値段は１０４００ｙｅｎになります。リモコン付ですので気になる方はご検討ください。,10400,家電
L01989,ＴＶ 冷蔵庫 美品🔥,ドライヤーです。美品。５００ 円。静音。,500,家電
L00877,◆匿名配送◆軽量 ジャンク品 美品,美品な状態でお譲りします。お値段は¥１６１００になります。廃盤ですので気になる方はご検討ください。,16100,本・音楽
L02886,【送料無料】節電   空気清浄機   傷あり,傷ありな状態でお譲りします。お値段は6700yenになります。箱ありですので気になる方はご検討ください。,6700,家電
L04753,静音   空気清浄機   状態良好,イヤホンです。状態良好。¥３４２００。美品。,34200,家電
L04668,初回特典 まとめ売り 美品,"美品な状態でお譲りします。お値段は13,800円になります。ペットなしですので気になる方はご検討ください。",13800,ホビー
L03166,※返品不可値下げ交渉可 ボードゲーム 傷あり🔥,<br>傷ありな状態でお譲りします。お値段は¥1700になります。値下げ交渉可ですので気になる方はご検討ください。</b>,1700,ホビー
L03071,部活 訳あり品 状態良好,状態良好な状態でお譲りします。お値段は¥１５２００になります。硬式ですので気になる方はご検討ください。,15200,スポーツ
L01473,★即日発送★屋外用 ジャンク品 ほぼ新品,<b>ほぼ新品な状態でお譲りします。お値段は２１８００ｙｅｎになります。トレーニングですので気になる方はご検討ください。</b>,21800,スポーツ
L00404,古着 デニム 状態良好,コートです。状態良好。¥16600。軽量。,16600,ファッション
L04286,動作確認済 詰め合わせ 傷あり,<b>傷ありな状態でお譲りします。お値段は8200yenになります。厚底ですので気になる方はご検討ください。</b>,8200,ファッション
L01345,取説付 ランニングシューズ 傷あり,傷ありな状態でお譲りします。お値段は１８００ｙｅｎになります。取説付ですので気になる方はご検討ください。,1800,スポーツ
L04861,喫煙者なし   空気清浄機   used🎁,電子レンジです。used。9000 円。喫煙者なし。,9000,家電
L02133,◆匿名配送◆ｲﾝﾊﾞｰﾀｰ 空気清浄機 状態良好⭐💯🎁,&nbsp;状態良好な状態でお譲りします。お値段は２４１００ｙｅｎになります。節電ですので気になる方はご検討ください。&amp;,24100,家電
L01851,【最終値下げ】静音 ドライヤー 傷あり✨✨,"傷ありな状態でお譲りします。お値段は26,900円になります。TVですので気になる方はご検討ください。",26900,家電
L02707,【最終値下げ】ペットなし   エアコン   美品,"炊飯器です。美品。１３,７００円。ＴＶ。",13700,家電
L00958,【最終値下げ】省エネ まとめ売り 難あり,<br>難ありな状態でお譲りします。お値段は¥700になります。美品ですので気になる方はご検討ください。&amp;,700,家電
L00143,自宅保管 中古品 難あり,&nbsp;難ありな状態でお譲りします。お値段は28500 円になります。静音ですので気になる方はご検討ください。<br>,28500,家電
L01711,喫煙者なし ドライヤー ほぼ新品🔥,<br>ほぼ新品な状態でお譲りします。お値段は¥34400になります。インバーターですので気になる方はご検討ください。&amp;,34400,家電
L02810,古着 ﾜﾝﾋﾟｰｽ 状態良好,デニムです。状態良好。19900 円。美品。,19900,ファッション
L02604,箱あり 冷蔵庫 難あり,難ありな状態でお譲りします。お値段は１４０００ 円になります。インバーターですので気になる方はご検討ください。,14000,家電
L04177,即決 抱っこ紐 ほぼ新品,<b>哺乳瓶です。ほぼ新品。4400 円。対象年齢3歳。<br>,4400,ベビー・キッズ
L04727,塗装済 画材 used,<br>usedな状態でお譲りします。お値段は500 円になります。初回特典ですので気になる方はご検討ください。</b>,500,ホビー
L04094,塗装済 ﾊﾟｽﾞﾙ ｕｓｅｄ,<br>ｕｓｅｄな状態でお譲りします。お値段は３３９００ 円になります。１／１４４ですので気になる方はご検討ください。</b>,33900,ホビー
L03517,Mサイズ シューズ 状態良好,&nbsp;デニムです。状態良好。24500yen。自宅保管。</b>,24500,ファッション
L03016,コレクション 画材 難あり,"トレカです。難あり。１８,３００円。塗装済。",18300,ホビー
L02220,★即日発送★動作確認済 まとめ売り ほぼ新品🎁🔥🔥,ほぼ新品な状態でお譲りします。お値段は３１４００ｙｅｎになります。値下げ交渉可ですので気になる方はご検討ください。,31400,家電
L02582,【送料無料】初回特典   詰め合わせ   難あり,"<b>難ありな状態でお譲りします。お値段は27,800円になります。箱ありですので気になる方はご検討ください。&amp;",27800,ホビー
L04071,【送料無料】美品 パズル 傷あり,ラジコンです。傷あり。800円。美品。,800,ホビー
L01204,レディース ブーツ 難あり,&nbsp;難ありな状態でお譲りします。お値段は16000yenになります。ヴィンテージですので気になる方はご検討ください。<br>,16000,ファッション
L02268,※返品不可ペットなし   コート   傷あり,<b>コートです。傷あり。３７２００ｙｅｎ。Ｍサイズ。</b>,37200,ファッション
L03204,《まとめ買い歓迎》即決 中古品 状態良好,状態良好な状態でお譲りします。お値段は２９９００ 円になります。ペットなしですので気になる方はご検討ください。,29900,ファッション
L00767,取説付 スピーカー 難あり,"難ありな状態でお譲りします。お値段は17,800円になります。取説付ですので気になる方はご検討ください。",17800,家電
L03176,【送料無料】軽量 中古品 ほぼ新品,ほぼ新品な状態でお譲りします。お値段は２４００ 円になります。新生児ですので気になる方はご検討ください。,2400,ベビー・キッズ
L01016,取説付 ﾌィｷﾞｭｱ 美品,"プラモデルです。美品。25,400円。美品。",25400,ホビー
L04789,★即日発送★サイン入り スピーカー ｕｓｅｄ,文庫本です。ｕｓｅｄ。３２７００ｙｅｎ。初版。,32700,本・音楽
L03479,!!値下げしました!!軽量 デニム used💯⭐,"&nbsp;ワンピースです。used。38,600円。厚底。<br>",38600,ファッション
L02643,【最終値下げ】対象年齢３歳   チャイルドシート   美品🔥⭐⭐,美品な状態でお譲りします。お値段は２１４００ｙｅｎになります。安全基準適合ですので気になる方はご検討ください。,21400,ベビー・キッズ
L00943,【送料無料】箱あり   テレビ   美品,洗濯機です。美品。27800 円。箱あり。,27800,家電
L01539,《まとめ買い歓迎》ペットなし ドライヤー 美品,美品な状態でお譲りします。お値段は28400 円になります。軽量ですので気になる方はご検討ください。,28400,家電
L01977,※返品不可インバーター   空気清浄機   難あり🎁🔥,難ありな状態でお譲りします。お値段は¥35200になります。省エネですので気になる方はご検討ください。,35200,家電
L02908,《まとめ買い歓迎》名盤   ジャンク品   状態良好,&nbsp;状態良好な状態でお譲りします。お値段は14000yenになります。全巻ですので気になる方はご検討ください。<br>,14000,本・音楽
L04708,即決   ｲﾔﾎﾝ   傷あり,"<br>電子レンジです。傷あり。23,800円。省エネ。<br>",23800,家電
L02249,塗装済 ラジコン 難あり,"難ありな状態でお譲りします。お値段は14,900円になります。未開封ですので気になる方はご検討ください。",14900,ホビー
L04196,動作確認済 シューズ ｕｓｅｄ,ｕｓｅｄな状態でお譲りします。お値段は４８００ 円になります。Ｍサイズですので気になる方はご検討ください。,4800,ファッション
L00425,※返品不可箱あり   帽子   ほぼ新品💯✨💯,帽子です。ほぼ新品。¥17900。ヴィンテージ。,17900,ファッション
L01418,※返品不可インバーター 訳あり品 ｕｓｅｄ,"&nbsp;ｕｓｅｄな状態でお譲りします。お値段は３９,８００円になります。リモコン付ですので気になる方はご検討ください。<br>",39800,家電
L03571,ｲﾝﾊﾞｰﾀｰ   ﾃﾚﾋﾞ   状態良好🎁🔥💯,状態良好な状態でお譲りします。お値段は19000 円になります。美品ですので気になる方はご検討ください。,19000,家電
L04931,★即日発送★ペットなし 炊飯器 状態良好🎁⭐💯,状態良好な状態でお譲りします。お値段は22100 円になります。4Kですので気になる方はご検討ください。,22100,家電
L03563,◆匿名配送◆自宅保管 本体のみ ほぼ新品🎁,<b>ほぼ新品な状態でお譲りします。お値段は３３７００ｙｅｎになります。美品ですので気になる方はご検討ください。</b>,33700,ベビー・キッズ
L02760,◆匿名配送◆動作確認済 ワンピース 難あり,"難ありな状態でお譲りします。お値段は36,600円になります。ヴィンテージですので気になる方はご検討ください。",36600,ファッション
L00097,即決   ランニングシューズ   ほぼ新品,"ほぼ新品な状態でお譲りします。お値段は16,000円になります。軽量ですので気になる方はご検討ください。",16000,スポーツ
L01614,節電 ドライヤー ほぼ新品,"ほぼ新品な状態でお譲りします。お値段は15,800円になります。節電ですので気になる方はご検討ください。",15800,家電
L02494,【最終値下げ】ヴィンテージ バッグ 美品,スニーカーです。美品。21500 円。自宅保管。,21500,ファッション
L03013,《まとめ買い歓迎》取説付 ｼｭｰｽﾞ 状態良好,帽子です。状態良好。24600yen。自宅保管。,24600,ファッション
L02128,【最終値下げ】塗装済   ラジコン   状態良好,&nbsp;画材です。状態良好。29300yen。限定版。&amp;,29300,ホビー
L04405,ﾍﾟｯﾄなし ﾌﾟﾗﾓﾃﾞﾙ 美品🔥💯✨,<b>写真集です。美品。¥３７６００。美品。&amp;,37600,ホビー
L02150,!!値下げしました!!喫煙者なし 一式 傷あり,傷ありな状態でお譲りします。お値段は10400 円になります。硬式ですので気になる方はご検討ください。,10400,スポーツ
L02055,対象年齢3歳 抱っこ紐 難あり,難ありな状態でお譲りします。お値段は¥3000になります。安全基準適合ですので気になる方はご検討ください。,3000,ベビー・キッズ
L04748,喫煙者なし 付属品あり used💯💯💯,usedな状態でお譲りします。お値段は¥25100になります。全巻ですので気になる方はご検討ください。,25100,本・音楽
L00863,節電 中古品 ほぼ新品,ほぼ新品な状態でお譲りします。お値段は28800yenになります。インバーターですので気になる方はご検討ください。,28800,家電
L02790,《まとめ買い歓迎》軽量 ﾊﾟｽﾞﾙ 難あり,難ありな状態でお譲りします。お値段は¥20200になります。1/144ですので気になる方はご検討ください。,20200,ホビー
L03304,!!値下げしました!!自宅保管   ジャンク品   美品✨⭐🎁,美品な状態でお譲りします。お値段は21100yenになります。インバーターですので気になる方はご検討ください。,21100,家電
L01663,【最終値下げ】動作確認済 ジャンク品 状態良好🔥🎁💯,"<b>状態良好な状態でお譲りします。お値段は３９,７００円になります。限定版ですので気になる方はご検討ください。</b>",39700,ホビー
L00102,◆匿名配送◆軽量   ﾀﾞﾝﾍﾞﾙ   難あり,<b>難ありな状態でお譲りします。お値段は２０１００ 円になります。トレーニングですので気になる方はご検討ください。&amp;,20100,スポーツ
L00768,◆匿名配送◆即決 ｼｬﾂ ほぼ新品💯,<br>スニーカーです。ほぼ新品。¥２６３００。即決。<br>,26300,ファッション
L00348,箱あり コート 美品🎁✨✨,シューズです。美品。２１８００ｙｅｎ。Ｍサイズ。,21800,ファッション
L00178,《まとめ買い歓迎》ペットなし 訳あり品 美品💯,美品な状態でお譲りします。お値段は400yenになります。喫煙者なしですので気になる方はご検討ください。,400,家電
L02310,4K ジャンク品 難あり,<b>難ありな状態でお譲りします。お値段は¥12100になります。ペットなしですので気になる方はご検討ください。&amp;,12100,家電
L01058,!!値下げしました!!全巻 セット 状態良好,状態良好な状態でお譲りします。お値段は28100yenになります。美品ですので気になる方はご検討ください。,28100,本・音楽
L00609,軽量 ｷﾞﾀｰ used,usedな状態でお譲りします。お値段は39300 円になります。自宅保管ですので気になる方はご検討ください。,39300,ホビー
L00229,4K セット 美品,美品な状態でお譲りします。お値段は4200 円になります。喫煙者なしですので気になる方はご検討ください。,4200,家電
L02250,【送料無料】自宅保管 付属品あり 難あり,&nbsp;難ありな状態でお譲りします。お値段は11000 円になります。動作確認済ですので気になる方はご検討ください。</b>,11000,ホビー
L02787,【最終値下げ】値下げ交渉可 一式 ほぼ新品,&nbsp;ほぼ新品な状態でお譲りします。お値段は25600yenになります。喫煙者なしですので気になる方はご検討ください。<br>,25600,ベビー・キッズ
L02813,【送料無料】レディース セット 傷あり🔥🔥,傷ありな状態でお譲りします。お値段は4900 円になります。ペットなしですので気になる方はご検討ください。,4900,ファッション
L00388,２７ｃｍ ﾖｶﾞﾏｯﾄ 難あり,<br>難ありな状態でお譲りします。お値段は¥１０１００になります。２７ｃｍですので気になる方はご検討ください。&amp;,10100,スポーツ
L03341,※返品不可未開封   中古品   ほぼ新品,ほぼ新品な状態でお譲りします。お値段は19900 円になります。初回特典ですので気になる方はご検討ください。,19900,ホビー
L00534,【送料無料】節電 ｽﾋﾟｰｶｰ 状態良好,<br>状態良好な状態でお譲りします。お値段は¥３７７００になります。インバーターですので気になる方はご検討ください。<br>,37700,家電
L02929,ﾍﾟｯﾄなし ﾗﾝﾆﾝｸﾞｼｭｰｽﾞ 美品💯🎁✨,<br>美品な状態でお譲りします。お値段は37500 円になります。トレーニングですので気になる方はご検討ください。</b>,37500,スポーツ
L01922,即決   ﾍﾞﾋﾞｰｶｰ   ほぼ新品,<b>ほぼ新品な状態でお譲りします。お値段は20300yenになります。新生児ですので気になる方はご検討ください。<br>,20300,ベビー・キッズ
L02869,省エネ 空気清浄機 傷あり,"スピーカーです。傷あり。28,900円。省エネ。",28900,家電
L02738,塗装済 ﾗｼﾞｺﾝ 傷あり,パズルです。傷あり。5200 円。未開封。,5200,ホビー
L00789,!!値下げしました!!塗装済 セット 状態良好,状態良好な状態でお譲りします。お値段は32500yenになります。塗装済ですので気になる方はご検討ください。,32500,ホビー
L00487,《まとめ買い歓迎》ﾍﾟｯﾄなし 単行本 傷あり,<br>楽譜です。傷あり。¥8300。軽量。</b>,8300,本・音楽
L00637,古着   帽子   used,usedな状態でお譲りします。お値段は31500 円になります。喫煙者なしですので気になる方はご検討ください。,31500,ファッション
L01017,【最終値下げ】美品 シャツ ほぼ新品,"&nbsp;ほぼ新品な状態でお譲りします。お値段は39,600円になります。箱ありですので気になる方はご検討ください。</b>",39600,ファッション
L03132,★即日発送★自宅保管 単行本 美品,&nbsp;写真集です。美品。¥23600。ペットなし。<br>,23600,本・音楽
L00611,喫煙者なし 本体のみ ほぼ新品✨⭐,<b>ほぼ新品な状態でお譲りします。お値段は39800yenになります。箱ありですので気になる方はご検討ください。<br>,39800,ベビー・キッズ
L03453,【送料無料】取説付 付属品あり 傷あり🔥🎁,"&nbsp;傷ありな状態でお譲りします。お値段は１７,９００円になります。即決ですので気になる方はご検討ください。<br>",17900,本・音楽
L00546,【最終値下げ】厚底 シューズ ｕｓｅｄ,<b>ｕｓｅｄな状態でお譲りします。お値段は１００００ 円になります。レディースですので気になる方はご検討ください。<br>,10000,ファッション
L00568,【最終値下げ】値下げ交渉可 付属品あり 傷あり🎁🎁⭐,<br>傷ありな状態でお譲りします。お値段は¥３７７００になります。ペットなしですので気になる方はご検討ください。&amp;,37700,ファッション
L01114,トレーニング グローブ used,ヨガマットです。used。7500 円。部活。,7500,スポーツ
L02477,【送料無料】軽量 シャツ 美品,帽子です。美品。¥24200。ペットなし。,24200,ファッション
L01228,美品   本体のみ   状態良好,状態良好な状態でお譲りします。お値段は14400yenになります。自宅保管ですので気になる方はご検討ください。,14400,本・音楽
L03173,◆匿名配送◆コレクション ボードゲーム used,usedな状態でお譲りします。お値段は¥34900になります。コレクションですので気になる方はご検討ください。,34900,ホビー
L01738,★即日発送★静音   スピーカー   状態良好✨🎁,空気清浄機です。状態良好。25700yen。美品。,25700,家電
L04996,節電 訳あり品 難あり,<br>難ありな状態でお譲りします。お値段は¥34500になります。インバーターですので気になる方はご検討ください。&amp;,34500,家電
L02484,《まとめ買い歓迎》コレクション   訳あり品   ｕｓｅｄ⭐💯⭐,"<br>ｕｓｅｄな状態でお譲りします。お値段は５,７００円になります。自宅保管ですので気になる方はご検討ください。<br>",5700,ホビー
L01850,トレーニング ヨガマット 傷あり,<b>自転車です。傷あり。３２６００ｙｅｎ。トレーニング。&amp;,32600,スポーツ
L00906,★即日発送★喫煙者なし ワンピース 傷あり,傷ありな状態でお譲りします。お値段は12900 円になります。ヴィンテージですので気になる方はご検討ください。,12900,ファッション
L01632,ペットなし ヨガマット used✨🔥,"<b>ラケットです。used。4,000円。27cm。&amp;",4000,スポーツ
L00931,部活   ヨガマット   美品,美品な状態でお譲りします。お値段は4300yenになります。美品ですので気になる方はご検討ください。,4300,スポーツ
L03835,軽量 詰め合わせ 美品,"美品な状態でお譲りします。お値段は37,600円になります。塗装済ですので気になる方はご検討ください。",37600,ホビー
L02392,即決 レコード 傷あり,&nbsp;傷ありな状態でお譲りします。お値段は¥35900になります。初版ですので気になる方はご検討ください。</b>,35900,本・音楽
L02756,古着 ﾊﾞｯｸﾞ used,usedな状態でお譲りします。お値段は19400yenになります。自宅保管ですので気になる方はご検討ください。,19400,ファッション
L03783,廃盤 画集 ｕｓｅｄ,&nbsp;レコードです。ｕｓｅｄ。¥１４００。サイン入り。</b>,1400,本・音楽
L03391,【最終値下げ】廃盤   ｼﾞｬﾝｸ品   難あり,難ありな状態でお譲りします。お値段は30500yenになります。喫煙者なしですので気になる方はご検討ください。,30500,本・音楽
L03704,即決 ｳェｱ ほぼ新品,<b>グローブです。ほぼ新品。13700 円。トレーニング。<br>,13700,スポーツ
L03262,◆匿名配送◆メンズ 付属品あり ほぼ新品,ほぼ新品な状態でお譲りします。お値段は¥3500になります。ヴィンテージですので気になる方はご検討ください。,3500,ファッション
L03185,※返品不可取説付 画材 ほぼ新品,フィギュアです。ほぼ新品。５００ｙｅｎ。コレクション。,500,ホビー
L04184,動作確認済 デニム used,"<b>usedな状態でお譲りします。お値段は8,900円になります。レディースですので気になる方はご検討ください。&amp;",8900,ファッション
L04751,省エネ セット 美品,&nbsp;美品な状態でお譲りします。お値段は¥22000になります。値下げ交渉可ですので気になる方はご検討ください。&amp;,22000,家電
L03664,◆匿名配送◆ﾍﾟｯﾄなし 訳あり品 傷あり🎁,<br>傷ありな状態でお譲りします。お値段は8500yenになります。軽量ですので気になる方はご検討ください。<br>,8500,ホビー
L01092,箱あり ﾃﾞﾆﾑ used,"&nbsp;帽子です。used。5,500円。古着。&amp;",5500,ファッション
L00857,★即日発送★喫煙者なし まとめ売り ほぼ新品💯🔥⭐,"<b>ほぼ新品な状態でお譲りします。お値段は1,200円になります。箱ありですので気になる方はご検討ください。</b>",1200,ファッション
L02215,27cm グローブ used⭐,<br>usedな状態でお譲りします。お値段は21200yenになります。部活ですので気になる方はご検討ください。</b>,21200,スポーツ
L04747,《まとめ買い歓迎》取説付   ジャンク品   美品,"美品な状態でお譲りします。お値段は３,４００円になります。箱ありですので気になる方はご検討ください。",3400,本・音楽
L00129,ヴィンテージ   ジャケット   難あり,難ありな状態でお譲りします。お値段は17400yenになります。メンズですので気になる方はご検討ください。,17400,ファッション
L04780,インバーター 詰め合わせ ほぼ新品,"<br>ほぼ新品な状態でお譲りします。お値段は35,900円になります。喫煙者なしですので気になる方はご検討ください。</b>",35900,家電
L03531,ﾍﾟｯﾄなし ｾｯﾄ 難あり,&nbsp;難ありな状態でお譲りします。お値段は36800 円になります。喫煙者なしですので気になる方はご検討ください。<br>,36800,家電
L04788,【送料無料】美品 訳あり品 難あり,難ありな状態でお譲りします。お値段は6700yenになります。古着ですので気になる方はご検討ください。,6700,ファッション
L03240,!!値下げしました!!自宅保管 画材 美品,美品な状態でお譲りします。お値段は23900yenになります。動作確認済ですので気になる方はご検討ください。,23900,ホビー
L04463,★即日発送★厚底 訳あり品 傷あり,傷ありな状態でお譲りします。お値段は¥１０２００になります。即決ですので気になる方はご検討ください。,10200,ファッション
L01987,1/144 中古品 状態良好💯💯,"&nbsp;状態良好な状態でお譲りします。お値段は18,600円になります。1/144ですので気になる方はご検討ください。<br>",18600,ホビー
L03773,!!値下げしました!!TV 冷蔵庫 美品,スピーカーです。美品。21800yen。4K。,21800,家電
L03604,インバーター   一式   難あり,難ありな状態でお譲りします。お値段は24300 円になります。値下げ交渉可ですので気になる方はご検討ください。,24300,家電
L03420,1/144 付属品あり 美品💯✨🎁,&nbsp;美品な状態でお譲りします。お値段は29400yenになります。美品ですので気になる方はご検討ください。</b>,29400,ホビー
L00578,◆匿名配送◆ＴＶ ｼﾞｬﾝｸ品 ほぼ新品,&nbsp;ほぼ新品な状態でお譲りします。お値段は１５５００ 円になります。節電ですので気になる方はご検討ください。</b>,15500,家電
L01728,◆匿名配送◆ＴＶ 洗濯機 ほぼ新品,ほぼ新品な状態でお譲りします。お値段は３００００ 円になります。節電ですので気になる方はご検討ください。,30000,家電
L02270,動作確認済 トレカ used✨,プラモデルです。used。¥2700。箱あり。,2700,ホビー
L03269,★即日発送★メンズ バッグ 美品,美品な状態でお譲りします。お値段は¥36900になります。Mサイズですので気になる方はご検討ください。,36900,ファッション
L04249,◆匿名配送◆限定版 トレカ 美品,パズルです。美品。34600 円。初回特典。,34600,ホビー
L01145,【送料無料】動作確認済 付属品あり 美品,美品な状態でお譲りします。お値段は¥21000になります。名盤ですので気になる方はご検討ください。,21000,本・音楽
L00940,!!値下げしました!!箱あり セット ほぼ新品,&nbsp;ほぼ新品な状態でお譲りします。お値段は１７０００ｙｅｎになります。節電ですので気になる方はご検討ください。</b>,17000,家電
L00406,軽量 ヨガマット 傷あり,シューズです。傷あり。18000 円。即決。,18000,スポーツ
L01376,《まとめ買い歓迎》Ｍサイズ   シャツ   難あり,&nbsp;シューズです。難あり。¥１９９００。厚底。&amp;,19900,ファッション
L04031,!!値下げしました!!１／１４４ プラモデル 美品,"パズルです。美品。１０,７００円。１／１４４。",10700,ホビー
L02044,名盤   セット   美品,<br>美品な状態でお譲りします。お値段は３５４００ｙｅｎになります。初版ですので気になる方はご検討ください。<br>,35400,本・音楽
L03573,即決 シューズ 状態良好,<br>スパイクです。状態良好。¥30700。軽量。<br>,30700,スポーツ
L03655,即決 ｼｬﾂ 難あり⭐✨✨,"シャツです。難あり。34,300円。古着。",34300,ファッション
L03465,★即日発送★古着 本体のみ 難あり,<b>難ありな状態でお譲りします。お値段は９２００ｙｅｎになります。ヴィンテージですので気になる方はご検討ください。&amp;,9200,ファッション
L00316,軽量 ジャンク品 ほぼ新品,&nbsp;ほぼ新品な状態でお譲りします。お値段は¥２１２００になります。４Ｋですので気になる方はご検討ください。&amp;,21200,家電
L02060,省エネ 中古品 美品🔥,&nbsp;美品な状態でお譲りします。お値段は１０８００ｙｅｎになります。節電ですので気になる方はご検討ください。&amp;,10800,家電
L00055,【最終値下げ】部活   自転車   状態良好,"&nbsp;状態良好な状態でお譲りします。お値段は39,400円になります。27cmですので気になる方はご検討ください。<br>",39400,スポーツ
L03249,【送料無料】廃盤 レコード 美品,<br>参考書です。美品。14200yen。箱あり。</b>,14200,本・音楽
L01113,【送料無料】即決 本体のみ ほぼ新品💯🎁💯,ほぼ新品な状態でお譲りします。お値段は12100yenになります。値下げ交渉可ですので気になる方はご検討ください。,12100,ファッション
L03584,ﾍﾟｯﾄなし   一式   傷あり💯,"<br>傷ありな状態でお譲りします。お値段は２９,３００円になります。ペットなしですので気になる方はご検討ください。<br>",29300,ホビー
L04810,動作確認済 文庫本 used🎁💯,&nbsp;usedな状態でお譲りします。お値段は¥11500になります。全巻ですので気になる方はご検討ください。</b>,11500,本・音楽
L04449,1/144 写真集 難あり🎁✨,"難ありな状態でお譲りします。お値段は21,200円になります。限定版ですので気になる方はご検討ください。",21200,ホビー
L00999,厚底 ジャケット ｕｓｅｄ,スニーカーです。ｕｓｅｄ。１４００ｙｅｎ。ヴィンテージ。,1400,ファッション
L03589,!!値下げしました!!コレクション 画材 状態良好,<br>状態良好な状態でお譲りします。お値段は11100 円になります。軽量ですので気になる方はご検討ください。<br>,11100,ホビー
L02486,インバーター 洗濯機 難あり,&nbsp;冷蔵庫です。難あり。１２５００ 円。即決。<br>,12500,家電
L00685,!!値下げしました!!古着 ｼｬﾂ 美品🔥,バッグです。美品。¥38800。値下げ交渉可。,38800,ファッション
L01268,※返品不可新生児 おもちゃ 状態良好,ベビー服です。状態良好。¥13900。箱あり。,13900,ベビー・キッズ
L03219,部活   一式   美品,美品な状態でお譲りします。お値段は¥11300になります。屋外用ですので気になる方はご検討ください。,11300,スポーツ
L01773,【送料無料】初版 画集 美品,美品な状態でお譲りします。お値段は2100yenになります。帯付きですので気になる方はご検討ください。,2100,本・音楽
L00592,美品   中古品   used,usedな状態でお譲りします。お値段は10400yenになります。ペットなしですので気になる方はご検討ください。,10400,ファッション
L00714,【最終値下げ】4K ドライヤー ほぼ新品⭐,<br>スピーカーです。ほぼ新品。15800yen。リモコン付。&amp;,15800,家電
L03653,※返品不可静音   テレビ   難あり,難ありな状態でお譲りします。お値段は13700 円になります。省エネですので気になる方はご検討ください。,13700,家電
L00509,リモコン付 テレビ 傷あり🔥,<br>電子レンジです。傷あり。1600yen。4K。<br>,1600,家電
L03161,節電 ドライヤー 状態良好🔥⭐⭐,<br>状態良好な状態でお譲りします。お値段は6700yenになります。喫煙者なしですので気になる方はご検討ください。&amp;,6700,家電
L00821,!!値下げしました!!ヴィンテージ   デニム   状態良好,状態良好な状態でお譲りします。お値段は36600 円になります。Mサイズですので気になる方はご検討ください。,36600,ファッション
L03012,※返品不可古着 シャツ ほぼ新品,"<br>ほぼ新品な状態でお譲りします。お値段は24,300円になります。厚底ですので気になる方はご検討ください。<br>",24300,ファッション
L00682,《まとめ買い歓迎》節電 本体のみ 状態良好,状態良好な状態でお譲りします。お値段は15800 円になります。ペットなしですので気になる方はご検討ください。,15800,家電
L01087,節電 エアコン 美品,美品な状態でお譲りします。お値段は１８９００ｙｅｎになります。インバーターですので気になる方はご検討ください。,18900,家電
L00816,《まとめ買い歓迎》静音 訳あり品 状態良好💯✨⭐,状態良好な状態でお譲りします。お値段は39700yenになります。静音ですので気になる方はご検討ください。,39700,家電
L00629,《まとめ買い歓迎》喫煙者なし   ｼﾞｬｹｯﾄ   傷あり🎁,傷ありな状態でお譲りします。お値段は¥２２２００になります。美品ですので気になる方はご検討ください。,22200,ファッション
L04044,!!値下げしました!!4K スピーカー used,usedな状態でお譲りします。お値段は27700 円になります。リモコン付ですので気になる方はご検討ください。,27700,家電
L02656,★即日発送★軽量   抱っこ紐   ほぼ新品🎁,"ほぼ新品な状態でお譲りします。お値段は37,500円になります。ペットなしですので気になる方はご検討ください。",37500,ベビー・キッズ
L00932,【送料無料】美品 ｼｭｰｽﾞ ｕｓｅｄ,&nbsp;ラケットです。ｕｓｅｄ。１３６００ 円。ペットなし。<br>,13600,スポーツ
L02608,《まとめ買い歓迎》リモコン付 掃除機 難あり,"洗濯機です。難あり。31,100円。インバーター。",31100,家電
L04514,洗える   訳あり品   傷あり💯💯⭐,傷ありな状態でお譲りします。お値段は36800 円になります。軽量ですので気になる方はご検討ください。,36800,ベビー・キッズ
L03419,名盤   訳あり品   ほぼ新品⭐,<br>ほぼ新品な状態でお譲りします。お値段は30800 円になります。動作確認済ですので気になる方はご検討ください。<br>,30800,本・音楽
L00118,※返品不可美品 スニーカー 傷あり,シャツです。傷あり。25200yen。古着。,25200,ファッション
L02295,★即日発送★ペットなし ギター used🔥,"usedな状態でお譲りします。お値段は11,700円になります。ペットなしですので気になる方はご検討ください。",11700,ホビー
L03090,箱あり   ｼﾞｬﾝｸ品   状態良好,"状態良好な状態でお譲りします。お値段は1,700円になります。リモコン付ですので気になる方はご検討ください。",1700,家電
L03162,《まとめ買い歓迎》軽量 哺乳瓶 ほぼ新品,ほぼ新品な状態でお譲りします。お値段は¥２３３００になります。値下げ交渉可ですので気になる方はご検討ください。,23300,ベビー・キッズ
L00502,古着 帽子 used✨,&nbsp;バッグです。used。22100yen。古着。</b>,22100,ファッション
L01893,未開封 詰め合わせ used,usedな状態でお譲りします。お値段は29100yenになります。塗装済ですので気になる方はご検討ください。,29100,ホビー
L00304,静音 まとめ売り 美品,美品な状態でお譲りします。お値段は¥7500になります。TVですので気になる方はご検討ください。,7500,家電
L03632,【最終値下げ】４Ｋ まとめ売り 傷あり,傷ありな状態でお譲りします。お値段は４７００ｙｅｎになります。ＴＶですので気になる方はご検討ください。,4700,家電
L04916,安全基準適合   チャイルドシート   傷あり,<b>傷ありな状態でお譲りします。お値段は¥9100になります。安全基準適合ですので気になる方はご検討ください。</b>,9100,ベビー・キッズ
L03033,初回特典 詰め合わせ 傷あり,傷ありな状態でお譲りします。お値段は３７３００ 円になります。コレクションですので気になる方はご検討ください。,37300,ホビー
L02562,◆匿名配送◆塗装済 ラジコン used🎁🎁✨,"<b>ラジコンです。used。25,500円。コレクション。</b>",25500,ホビー
L03308,【最終値下げ】軽量 デニム 傷あり,<br>傷ありな状態でお譲りします。お値段は¥13600になります。即決ですので気になる方はご検討ください。<br>,13600,ファッション
L01852,自宅保管 スパイク 難あり💯🎁,難ありな状態でお譲りします。お値段は¥21700になります。屋外用ですので気になる方はご検討ください。,21700,スポーツ
L03970,取説付 デニム 状態良好,ワンピースです。状態良好。２７４００ 円。即決。,27400,ファッション
L02522,【送料無料】自宅保管 空気清浄機 傷あり,スピーカーです。傷あり。４６００ｙｅｎ。省エネ。,4600,家電
L00479,《まとめ買い歓迎》美品 掃除機 傷あり🎁⭐,傷ありな状態でお譲りします。お値段は1900yenになります。即決ですので気になる方はご検討ください。,1900,家電
L01980,★即日発送★軽量 ラケット ほぼ新品🎁✨✨,"<br>ほぼ新品な状態でお譲りします。お値段は29,800円になります。取説付ですので気になる方はご検討ください。</b>",29800,スポーツ
L03975,★即日発送★軽量 ｼﾞｬｹｯﾄ 状態良好,状態良好な状態でお譲りします。お値段は¥13900になります。厚底ですので気になる方はご検討ください。,13900,ファッション
L04429,《まとめ買い歓迎》箱あり   詰め合わせ   難あり,<br>難ありな状態でお譲りします。お値段は２９００ｙｅｎになります。自宅保管ですので気になる方はご検討ください。<br>,2900,本・音楽
L00654,★即日発送★Ｍｻｲｽﾞ 本体のみ 難あり🎁🎁,難ありな状態でお譲りします。お値段は¥２８６００になります。レディースですので気になる方はご検討ください。,28600,ファッション
L04276,レディース 一式 難あり,難ありな状態でお譲りします。お値段は¥36400になります。取説付ですので気になる方はご検討ください。,36400,ファッション
L03922,◆匿名配送◆厚底   帽子   ほぼ新品🔥,"<b>デニムです。ほぼ新品。7,200円。値下げ交渉可。&amp;",7200,ファッション
L04665,名盤 スピーカー 難あり,難ありな状態でお譲りします。お値段は34300 円になります。ペットなしですので気になる方はご検討ください。,34300,本・音楽
L00584,※返品不可動作確認済 一式 ほぼ新品💯,&nbsp;ほぼ新品な状態でお譲りします。お値段は¥22400になります。軽量ですので気になる方はご検討ください。<br>,22400,家電
L03160,◆匿名配送◆4K   本体のみ   美品💯,<br>美品な状態でお譲りします。お値段は38700 円になります。節電ですので気になる方はご検討ください。<br>,38700,家電
L03482,ヴィンテージ スニーカー 美品,<br>シューズです。美品。11100 円。古着。&amp;,11100,ファッション
L04279,※返品不可インバーター   ジャンク品   傷あり,"傷ありな状態でお譲りします。お値段は3,100円になります。インバーターですので気になる方はご検討ください。",3100,家電
L00491,【最終値下げ】即決 詰め合わせ used,<br>usedな状態でお譲りします。お値段は¥19600になります。限定版ですので気になる方はご検討ください。&amp;,19600,ホビー
L04238,美品 本体のみ 傷あり,<b>傷ありな状態でお譲りします。お値段は21700 円になります。レディースですので気になる方はご検討ください。&amp;,21700,ファッション
L02294,◆匿名配送◆節電 詰め合わせ 傷あり,傷ありな状態でお譲りします。お値段は22800 円になります。TVですので気になる方はご検討ください。,22800,家電
L03028,※返品不可4K   中古品   傷あり✨💯🎁,傷ありな状態でお譲りします。お値段は¥31400になります。喫煙者なしですので気になる方はご検討ください。,31400,家電
L02130,《まとめ買い歓迎》省エネ   冷蔵庫   美品,<br>テレビです。美品。33200 円。省エネ。</b>,33200,家電
L02388,名盤 レコード 美品,美品な状態でお譲りします。お値段は¥18900になります。喫煙者なしですので気になる方はご検討ください。,18900,本・音楽
L03384,箱あり ドライヤー 状態良好🎁🔥🎁,状態良好な状態でお譲りします。お値段は¥800になります。即決ですので気になる方はご検討ください。,800,家電
L01202,※返品不可インバーター スピーカー 難あり🔥✨,"<b>難ありな状態でお譲りします。お値段は8,400円になります。TVですので気になる方はご検討ください。&amp;",8400,家電
L03079,【送料無料】省ｴﾈ 掃除機 美品,<b>ドライヤーです。美品。¥18700。節電。<br>,18700,家電
L00991,軽量 ワンピース 状態良好,状態良好な状態でお譲りします。お値段は¥7700になります。ヴィンテージですので気になる方はご検討ください。,7700,ファッション
L01822,省エネ エアコン 難あり,炊飯器です。難あり。１１２００ｙｅｎ。省エネ。,11200,家電
L02069,!!値下げしました!!即決   トレカ   傷あり🔥⭐💯,&nbsp;傷ありな状態でお譲りします。お値段は35100 円になります。値下げ交渉可ですので気になる方はご検討ください。&amp;,35100,ホビー
L03625,インバーター テレビ used,usedな状態でお譲りします。お値段は33600 円になります。自宅保管ですので気になる方はご検討ください。,33600,家電
L03919,トレーニング 自転車 ｕｓｅｄ,<br>グローブです。ｕｓｅｄ。６７００ｙｅｎ。値下げ交渉可。<br>,6700,スポーツ
L02483,安全基準適合 ﾁｬｲﾙﾄﾞｼｰﾄ 傷あり,傷ありな状態でお譲りします。お値段は9100yenになります。取説付ですので気になる方はご検討ください。,9100,ベビー・キッズ
L04627,《まとめ買い歓迎》リモコン付 冷蔵庫 used,ドライヤーです。used。5600yen。TV。,5600,家電
L02451,★即日発送★即決 抱っこ紐 状態良好💯,<b>抱っこ紐です。状態良好。11300 円。動作確認済。<br>,11300,ベビー・キッズ
L04503,!!値下げしました!!トレーニング 詰め合わせ used,usedな状態でお譲りします。お値段は¥33000になります。ペットなしですので気になる方はご検討ください。,33000,スポーツ
L04793,TV テレビ used,&nbsp;usedな状態でお譲りします。お値段は36500 円になります。静音ですので気になる方はご検討ください。&amp;,36500,家電
L01264,《まとめ買い歓迎》対象年齢3歳 抱っこ紐 used,usedな状態でお譲りします。お値段は37700 円になります。新生児ですので気になる方はご検討ください。,37700,ベビー・キッズ
L02293,動作確認済 写真集 傷あり,<br>傷ありな状態でお譲りします。お値段は17500yenになります。限定版ですので気になる方はご検討ください。&amp;,17500,ホビー
L00184,省エネ 空気清浄機 難あり,&nbsp;洗濯機です。難あり。¥７２００。自宅保管。&amp;,7200,家電
L02021,Mサイズ スニーカー 美品✨✨,"美品な状態でお譲りします。お値段は4,800円になります。レディースですので気になる方はご検討ください。",4800,ファッション
L03246,取説付 詰め合わせ 状態良好,"<br>状態良好な状態でお譲りします。お値段は２１,０００円になります。即決ですので気になる方はご検討ください。</b>",21000,家電
L02910,◆匿名配送◆喫煙者なし 付属品あり 状態良好,状態良好な状態でお譲りします。お値段は¥８０００になります。動作確認済ですので気になる方はご検討ください。,8000,ファッション
L04229,※返品不可初回特典 詰め合わせ 美品⭐,美品な状態でお譲りします。お値段は24800yenになります。美品ですので気になる方はご検討ください。,24800,ホビー
L04240,◆匿名配送◆未開封   ボードゲーム   難あり,"難ありな状態でお譲りします。お値段は34,900円になります。限定版ですので気になる方はご検討ください。",34900,ホビー
L04354,動作確認済 付属品あり used🔥,"usedな状態でお譲りします。お値段は8,100円になります。4Kですので気になる方はご検討ください。",8100,家電
L00137,《まとめ買い歓迎》動作確認済   フィギュア   ほぼ新品⭐💯🔥,"<br>ほぼ新品な状態でお譲りします。お値段は11,100円になります。コレクションですので気になる方はご検討ください。</b>",11100,ホビー
L03083,【送料無料】部活 ウェア 難あり⭐🎁,<b>難ありな状態でお譲りします。お値段は34800yenになります。軽量ですので気になる方はご検討ください。&amp;,34800,スポーツ
L03445,《まとめ買い歓迎》動作確認済 シューズ 美品,美品な状態でお譲りします。お値段は¥９０００になります。メンズですので気になる方はご検討ください。,9000,ファッション
L01522,古着 ﾜﾝﾋﾟｰｽ 傷あり,ワンピースです。傷あり。¥29400。メンズ。,29400,ファッション
L01450,美品 ﾁｬｲﾙﾄﾞｼｰﾄ 傷あり,ベビー服です。傷あり。24000 円。美品。,24000,ベビー・キッズ
L02667,【送料無料】喫煙者なし まとめ売り 難あり,難ありな状態でお譲りします。お値段は21100yenになります。Mサイズですので気になる方はご検討ください。,21100,ファッション
L02979,27cm   ｾｯﾄ   used,"&nbsp;usedな状態でお譲りします。お値段は12,300円になります。取説付ですので気になる方はご検討ください。<br>",12300,スポーツ
L03163,帯付き 写真集 ほぼ新品🔥,ほぼ新品な状態でお譲りします。お値段は23800 円になります。軽量ですので気になる方はご検討ください。,23800,本・音楽
L03700,ペットなし 訳あり品 難あり,難ありな状態でお譲りします。お値段は39100 円になります。帯付きですので気になる方はご検討ください。,39100,本・音楽
L00597,!!値下げしました!!取説付 画集 難あり,"<br>難ありな状態でお譲りします。お値段は28,100円になります。初版ですので気になる方はご検討ください。</b>",28100,本・音楽
L01396,ペットなし   スピーカー   状態良好,"洗濯機です。状態良好。１,０００円。４Ｋ。",1000,家電
L03498,◆匿名配送◆Mサイズ シャツ used,<br>ブーツです。used。15400yen。値下げ交渉可。</b>,15400,ファッション
L04915,★即日発送★ｻｲﾝ入り ｾｯﾄ 美品,<br>美品な状態でお譲りします。お値段は2200yenになります。喫煙者なしですので気になる方はご検討ください。&amp;,2200,本・音楽
L03694,即決 ﾜﾝﾋﾟｰｽ ほぼ新品,"ほぼ新品な状態でお譲りします。お値段は8,600円になります。厚底ですので気になる方はご検討ください。",8600,ファッション
L03380,硬式 ラケット 傷あり,自転車です。傷あり。33700yen。即決。,33700,スポーツ
L00025,自宅保管 本体のみ 傷あり,傷ありな状態でお譲りします。お値段は7400yenになります。部活ですので気になる方はご検討ください。,7400,スポーツ
L01293,!!値下げしました!!４Ｋ   洗濯機   難あり,"<br>掃除機です。難あり。３７,８００円。ＴＶ。&amp;",37800,家電
L02775,《まとめ買い歓迎》新生児 絵本 used,<b>抱っこ紐です。used。33700 円。対象年齢3歳。</b>,33700,ベビー・キッズ
L02222,◆匿名配送◆値下げ交渉可 付属品あり 美品,美品な状態でお譲りします。お値段は35300 円になります。取説付ですので気になる方はご検討ください。,35300,家電
L03337,軽量 本体のみ 難あり,難ありな状態でお譲りします。お値段は14300 円になります。取説付ですので気になる方はご検討ください。,14300,家電
L00596,動作確認済 シューズ 美品,<b>バッグです。美品。24300 円。厚底。</b>,24300,ファッション
L02762,ＴＶ   ﾃﾚﾋﾞ   ほぼ新品,イヤホンです。ほぼ新品。８７００ 円。喫煙者なし。,8700,家電
L00028,★即日発送★即決   一式   ほぼ新品,ほぼ新品な状態でお譲りします。お値段は¥１０５００になります。未開封ですので気になる方はご検討ください。,10500,ホビー
L03504,リモコン付   エアコン   美品,イヤホンです。美品。¥36200。省エネ。,36200,家電
L01006,Ｍｻｲｽﾞ ｼｭｰｽﾞ 難あり,"難ありな状態でお譲りします。お値段は１２,５００円になります。ヴィンテージですので気になる方はご検討ください。",12500,ファッション
L00012,【送料無料】限定版 画材 難あり,"難ありな状態でお譲りします。お値段は28,300円になります。自宅保管ですので気になる方はご検討ください。",28300,ホビー
L00993,★即日発送★Mｻｲｽﾞ   ｼﾞｬｹｯﾄ   状態良好,コートです。状態良好。¥32800。軽量。,32800,ファッション
L01465,厚底 セット 傷あり,傷ありな状態でお譲りします。お値段は¥27500になります。Mサイズですので気になる方はご検討ください。,27500,ファッション
L00193,厚底 バッグ 美品,ジャケットです。美品。¥３６２００。軽量。,36200,ファッション
L03720,!!値下げしました!!軽量 付属品あり 傷あり,傷ありな状態でお譲りします。お値段は11400 円になります。値下げ交渉可ですので気になる方はご検討ください。,11400,ファッション
L03521,【送料無料】動作確認済   ｼｬﾂ   ｕｓｅｄ,"<b>ｕｓｅｄな状態でお譲りします。お値段は１６,９００円になります。Ｍサイズですので気になる方はご検討ください。&amp;",16900,ファッション
L04350,◆匿名配送◆４Ｋ 電子ﾚﾝｼﾞ ｕｓｅｄ🎁🎁,"ドライヤーです。ｕｓｅｄ。１３,２００円。省エネ。",13200,家電
L04977,【最終値下げ】リモコン付   ドライヤー   状態良好🔥,冷蔵庫です。状態良好。¥２２０００。リモコン付。,22000,家電
L00669,新生児 抱っこ紐 難あり,"難ありな状態でお譲りします。お値段は38,100円になります。即決ですので気になる方はご検討ください。",38100,ベビー・キッズ
L02091,喫煙者なし 本体のみ used🔥,&nbsp;usedな状態でお譲りします。お値段は¥7400になります。メンズですので気になる方はご検討ください。<br>,7400,ファッション
L04523,静音 炊飯器 難あり,難ありな状態でお譲りします。お値段は27500yenになります。美品ですので気になる方はご検討ください。,27500,家電
L02885,※返品不可箱あり ブーツ 美品,美品な状態でお譲りします。お値段は８９００ｙｅｎになります。喫煙者なしですので気になる方はご検討ください。,8900,ファッション
L03444,【送料無料】美品 訳あり品 状態良好,状態良好な状態でお譲りします。お値段は23600 円になります。自宅保管ですので気になる方はご検討ください。,23600,家電
L03876,動作確認済 訳あり品 美品✨🔥,<br>美品な状態でお譲りします。お値段は2400 円になります。コレクションですので気になる方はご検討ください。</b>,2400,ホビー
L00939,【最終値下げ】軽量   シャツ   ほぼ新品✨,"&nbsp;バッグです。ほぼ新品。30,500円。Mサイズ。</b>",30500,ファッション
L00434,喫煙者なし エアコン used,usedな状態でお譲りします。お値段は¥8300になります。軽量ですので気になる方はご検討ください。,8300,家電
L02838,限定版   パズル   ほぼ新品,"<b>写真集です。ほぼ新品。10,000円。値下げ交渉可。<br>",10000,ホビー
L01147,トレーニング   スパイク   used,usedな状態でお譲りします。お値段は35100yenになります。値下げ交渉可ですので気になる方はご検討ください。,35100,スポーツ
L04313,レディース   ブーツ   状態良好,状態良好な状態でお譲りします。お値段は37300 円になります。箱ありですので気になる方はご検討ください。,37300,ファッション
L04590,【最終値下げ】Mサイズ シャツ 難あり,ワンピースです。難あり。¥14500。ヴィンテージ。,14500,ファッション
L03955,★即日発送★レディース セット 状態良好,状態良好な状態でお譲りします。お値段は4500yenになります。レディースですので気になる方はご検討ください。,4500,ファッション
L01122,軽量 単行本 難あり⭐💯✨,"単行本です。難あり。３０,６００円。全巻。",30600,本・音楽
L00175,★即日発送★厚底 付属品あり 傷あり,傷ありな状態でお譲りします。お値段は24300yenになります。Mサイズですので気になる方はご検討ください。,24300,ファッション
L03837,!!値下げしました!!即決   ウェア   傷あり,ヨガマットです。傷あり。11300yen。トレーニング。,11300,スポーツ
L01990,※返品不可即決 一式 傷あり✨🔥,<br>傷ありな状態でお譲りします。お値段は¥３７３００になります。レディースですので気になる方はご検討ください。<br>,37300,ファッション
L04443,《まとめ買い歓迎》美品 中古品 ほぼ新品🎁,ほぼ新品な状態でお譲りします。お値段は12300yenになります。インバーターですので気になる方はご検討ください。,12300,家電
L01235,値下げ交渉可 訳あり品 傷あり✨,傷ありな状態でお譲りします。お値段は19700yenになります。古着ですので気になる方はご検討ください。,19700,ファッション
L03925,★即日発送★取説付 セット used✨,usedな状態でお譲りします。お値段は3900 円になります。Mサイズですので気になる方はご検討ください。,3900,ファッション
L02138,《まとめ買い歓迎》静音 スピーカー ほぼ新品,<b>ほぼ新品な状態でお譲りします。お値段は¥17600になります。即決ですので気になる方はご検討ください。</b>,17600,家電
L01579,洗える 絵本 傷あり⭐⭐💯,"ベビー服です。傷あり。2,200円。軽量。",2200,ベビー・キッズ
L01518,◆匿名配送◆ｻｲﾝ入り 楽譜 傷あり,<br>スピーカーです。傷あり。27900yen。廃盤。&amp;,27900,本・音楽
L02589,【最終値下げ】古着 ジャンク品 難あり💯🔥💯,<br>難ありな状態でお譲りします。お値段は31900yenになります。レディースですので気になる方はご検討ください。</b>,31900,ファッション
L02814,ヴィンテージ ジャケット 難あり✨💯🎁,ワンピースです。難あり。29000 円。ヴィンテージ。,29000,ファッション
L01328,Ｍサイズ   ワンピース   難あり,"帽子です。難あり。１８,５００円。レディース。",18500,ファッション
L01123,Ｍｻｲｽﾞ   ﾊﾞｯｸﾞ   難あり🎁💯,<br>シャツです。難あり。¥７８００。メンズ。<br>,7800,ファッション
L04492,!!値下げしました!!ペットなし デニム 状態良好✨💯,状態良好な状態でお譲りします。お値段は9800yenになります。レディースですので気になる方はご検討ください。,9800,ファッション
L02274,!!値下げしました!!美品 ブーツ ｕｓｅｄ,<br>ｕｓｅｄな状態でお譲りします。お値段は２０５００ｙｅｎになります。動作確認済ですので気になる方はご検討ください。</b>,20500,ファッション
L02142,全巻 画集 状態良好,<br>状態良好な状態でお譲りします。お値段は¥5600になります。名盤ですので気になる方はご検討ください。<br>,5600,本・音楽
L03744,《まとめ買い歓迎》4K まとめ売り ほぼ新品🎁,ほぼ新品な状態でお譲りします。お値段は29600yenになります。インバーターですので気になる方はご検討ください。,29600,家電
L00602,【最終値下げ】喫煙者なし 文庫本 傷あり💯,"傷ありな状態でお譲りします。お値段は13,200円になります。全巻ですので気になる方はご検討ください。",13200,本・音楽
L03136,!!値下げしました!!サイン入り セット 難あり,難ありな状態でお譲りします。お値段は11000 円になります。廃盤ですので気になる方はご検討ください。,11000,本・音楽
L02092,《まとめ買い歓迎》ペットなし コート used,"コートです。used。35,800円。ヴィンテージ。",35800,ファッション
L02551,★即日発送★Mサイズ 詰め合わせ 難あり,難ありな状態でお譲りします。お値段は11700yenになります。喫煙者なしですので気になる方はご検討ください。,11700,ファッション
L04955,限定版 本体のみ ほぼ新品,ほぼ新品な状態でお譲りします。お値段は4700 円になります。限定版ですので気になる方はご検討ください。,4700,ホビー
L02190,初回特典 ﾌﾟﾗﾓﾃﾞﾙ 難あり,難ありな状態でお譲りします。お値段は500円になります。即決ですので気になる方はご検討ください。,500,ホビー
L04486,【最終値下げ】自宅保管 フィギュア 美品,"&nbsp;ギターです。美品。1,500円。軽量。&amp;",1500,ホビー
L04132,★即日発送★喫煙者なし 詰め合わせ 状態良好🔥🔥✨,<br>状態良好な状態でお譲りします。お値段は９８００ 円になります。値下げ交渉可ですので気になる方はご検討ください。</b>,9800,ホビー
L00395,【送料無料】ﾍﾟｯﾄなし   掃除機   used,"usedな状態でお譲りします。お値段は8,800円になります。取説付ですので気になる方はご検討ください。",8800,家電
L01872,《まとめ買い歓迎》即決 ｼﾞｬｹｯﾄ 難あり⭐,難ありな状態でお譲りします。お値段は6500 円になります。Mサイズですので気になる方はご検討ください。,6500,ファッション
L02510,静音 ﾄﾞﾗｲﾔｰ 美品✨,美品な状態でお譲りします。お値段は¥34200になります。インバーターですので気になる方はご検討ください。,34200,家電
L02100,※返品不可27cm   ｸﾞﾛｰﾌﾞ   used,シューズです。used。29000 円。美品。,29000,スポーツ
L01610,《まとめ買い歓迎》自宅保管 抱っこ紐 used✨,usedな状態でお譲りします。お値段は18000 円になります。軽量ですので気になる方はご検討ください。,18000,ベビー・キッズ
L01967,ﾘﾓｺﾝ付 ﾃﾚﾋﾞ 状態良好🔥🔥,イヤホンです。状態良好。１４５００ 円。ペットなし。,14500,家電
L02532,※返品不可動作確認済 詰め合わせ 美品✨⭐,美品な状態でお譲りします。お値段は１９００ｙｅｎになります。取説付ですので気になる方はご検討ください。,1900,ファッション
L04706,※返品不可ペットなし   中古品   ｕｓｅｄ,"ｕｓｅｄな状態でお譲りします。お値段は２１,７００円になります。値下げ交渉可ですので気になる方はご検討ください。",21700,ベビー・キッズ
L01033,箱あり 雑誌 傷あり💯⭐,傷ありな状態でお譲りします。お値段は25500yenになります。美品ですので気になる方はご検討ください。,25500,本・音楽
L02874,【送料無料】値下げ交渉可 シューズ 難あり,コートです。難あり。16900 円。取説付。,16900,ファッション
L01994,安全基準適合   哺乳瓶   難あり,"<b>難ありな状態でお譲りします。お値段は35,300円になります。ペットなしですので気になる方はご検討ください。<br>",35300,ベビー・キッズ
L03270,【最終値下げ】厚底   まとめ売り   状態良好,状態良好な状態でお譲りします。お値段は７２００ 円になります。軽量ですので気になる方はご検討ください。,7200,ファッション
L03718,《まとめ買い歓迎》未開封 詰め合わせ 傷あり,&nbsp;傷ありな状態でお譲りします。お値段は¥14300になります。箱ありですので気になる方はご検討ください。&amp;,14300,ホビー
L03654,動作確認済 ラジコン 難あり,"難ありな状態でお譲りします。お値段は9,800円になります。1/144ですので気になる方はご検討ください。",9800,ホビー
L03898,◆匿名配送◆27cm まとめ売り 傷あり,&nbsp;傷ありな状態でお譲りします。お値段は¥7000になります。美品ですので気になる方はご検討ください。&amp;,7000,スポーツ
L02354,初回特典   画材   ほぼ新品,フィギュアです。ほぼ新品。１１００ｙｅｎ。値下げ交渉可。,1100,ホビー
L02043,レディース シャツ 傷あり🎁,傷ありな状態でお譲りします。お値段は¥１６７００になります。自宅保管ですので気になる方はご検討ください。,16700,ファッション
L04221,【送料無料】古着 ｽﾆｰｶｰ 難あり✨✨,"コートです。難あり。21,700円。メンズ。",21700,ファッション
L02161,静音 テレビ ほぼ新品,ほぼ新品な状態でお譲りします。お値段は６７００ｙｅｎになります。箱ありですので気になる方はご検討ください。,6700,家電
L01351,★即日発送★名盤 楽譜 傷あり✨🎁,レコードです。傷あり。22100 円。自宅保管。,22100,本・音楽
L01901,※返品不可取説付 ベビー服 ｕｓｅｄ,<b>ｕｓｅｄな状態でお譲りします。お値段は¥１３７００になります。軽量ですので気になる方はご検討ください。</b>,13700,ベビー・キッズ
L01219,即決 一式 傷あり,傷ありな状態でお譲りします。お値段は22700yenになります。サイン入りですので気になる方はご検討ください。,22700,本・音楽
L03323,値下げ交渉可 ｺｰﾄ 状態良好,<b>シューズです。状態良好。27200yen。レディース。<br>,27200,ファッション
L02196,値下げ交渉可 詰め合わせ ｕｓｅｄ⭐✨🔥,"<br>ｕｓｅｄな状態でお譲りします。お値段は２２,２００円になります。自宅保管ですので気になる方はご検討ください。&amp;",22200,本・音楽
L02439,《まとめ買い歓迎》ﾚﾃﾞィｰｽ ｺｰﾄ 傷あり💯,<b>スニーカーです。傷あり。35800yen。厚底。<br>,35800,ファッション
L01843,!!値下げしました!!軽量 哺乳瓶 ｕｓｅｄ,ベビー服です。ｕｓｅｄ。¥１１４００。対象年齢３歳。,11400,ベビー・キッズ
L00972,※返品不可帯付き 文庫本 難あり,難ありな状態でお譲りします。お値段は39800yenになります。名盤ですので気になる方はご検討ください。,39800,本・音楽
L02625,取説付 冷蔵庫 美品,<b>テレビです。美品。¥4400。軽量。</b>,4400,家電
L01753,◆匿名配送◆1/144 まとめ売り 状態良好,状態良好な状態でお譲りします。お値段は¥24300になります。限定版ですので気になる方はご検討ください。,24300,ホビー
L00971,ヴィンテージ ジャンク品 状態良好,<b>状態良好な状態でお譲りします。お値段は32300yenになります。古着ですので気になる方はご検討ください。</b>,32300,ファッション
L00506,１／１４４   ラジコン   ほぼ新品,ボードゲームです。ほぼ新品。２２５００ 円。値下げ交渉可。,22500,ホビー
L02302,【最終値下げ】自宅保管 ｲﾔﾎﾝ 傷あり✨⭐,"<b>傷ありな状態でお譲りします。お値段は7,500円になります。TVですので気になる方はご検討ください。</b>",7500,家電
L00054,※返品不可硬式 ラケット ｕｓｅｄ,&nbsp;ｕｓｅｄな状態でお譲りします。お値段は３３６００ｙｅｎになります。硬式ですので気になる方はご検討ください。<br>,33600,スポーツ
L02499,取説付 ブーツ 難あり,"<br>難ありな状態でお譲りします。お値段は１７,８００円になります。ヴィンテージですので気になる方はご検討ください。<br>",17800,ファッション
L04151,※返品不可値下げ交渉可 バッグ ほぼ新品🎁,デニムです。ほぼ新品。３７８００ｙｅｎ。値下げ交渉可。,37800,ファッション
L00199,軽量 詰め合わせ 状態良好,<br>状態良好な状態でお譲りします。お値段は9200yenになります。初回特典ですので気になる方はご検討ください。<br>,9200,ホビー
L04821,未開封 一式 ほぼ新品,ほぼ新品な状態でお譲りします。お値段は¥34900になります。未開封ですので気になる方はご検討ください。,34900,ホビー
L03587,【送料無料】名盤   セット   状態良好,"<br>状態良好な状態でお譲りします。お値段は39,700円になります。サイン入りですので気になる方はご検討ください。</b>",39700,本・音楽
L04213,自宅保管 まとめ売り 美品,美品な状態でお譲りします。お値段は2800yenになります。即決ですので気になる方はご検討ください。,2800,ファッション
L00396,限定版 ｾｯﾄ 傷あり,<b>傷ありな状態でお譲りします。お値段は22400 円になります。喫煙者なしですので気になる方はご検討ください。<br>,22400,ホビー
L01443,!!値下げしました!!名盤 スピーカー 美品,<b>単行本です。美品。¥10100。名盤。</b>,10100,本・音楽
L02665,【送料無料】コレクション ラジコン 難あり,"難ありな状態でお譲りします。お値段は2,600円になります。動作確認済ですので気になる方はご検討ください。",2600,ホビー
L03388,トレーニング シューズ 難あり🔥🎁🔥,<br>スパイクです。難あり。¥１９２００。トレーニング。<br>,19200,スポーツ
L01468,◆匿名配送◆美品 ｽﾊﾟｲｸ ｕｓｅｄ,ラケットです。ｕｓｅｄ。２４５００ｙｅｎ。ペットなし。,24500,スポーツ
L03543,軽量 写真集 状態良好🎁,<br>状態良好な状態でお譲りします。お値段は15600yenになります。コレクションですので気になる方はご検討ください。</b>,15600,ホビー
L00804,即決 セット 傷あり💯,傷ありな状態でお譲りします。お値段は２１２００ｙｅｎになります。コレクションですので気になる方はご検討ください。,21200,ホビー
L00311,※返品不可限定版 ｼﾞｬﾝｸ品 難あり,"<br>難ありな状態でお譲りします。お値段は11,200円になります。未開封ですので気になる方はご検討ください。&amp;",11200,ホビー
L01400,【送料無料】安全基準適合 絵本 難あり,<br>ベビー服です。難あり。¥36900。軽量。&amp;,36900,ベビー・キッズ
L03893,◆匿名配送◆未開封   付属品あり   used,&nbsp;usedな状態でお譲りします。お値段は¥16600になります。値下げ交渉可ですので気になる方はご検討ください。</b>,16600,ホビー
L01971,!!値下げしました!!Mｻｲｽﾞ ｼﾞｬｹｯﾄ used💯✨,シューズです。used。¥16800。メンズ。,16800,ファッション
L04421,喫煙者なし スニーカー 美品,美品な状態でお譲りします。お値段は2200yenになります。メンズですので気になる方はご検討ください。,2200,ファッション
L00904,ペットなし おもちゃ 難あり💯⭐🔥,<br>難ありな状態でお譲りします。お値段は19200yenになります。軽量ですので気になる方はご検討ください。<br>,19200,ベビー・キッズ
L04275,◆匿名配送◆未開封 ラジコン used💯,&nbsp;usedな状態でお譲りします。お値段は16300yenになります。未開封ですので気になる方はご検討ください。</b>,16300,ホビー
L00166,《まとめ買い歓迎》即決 ﾎﾞｰﾄﾞｹﾞｰﾑ used,&nbsp;ボードゲームです。used。11900yen。動作確認済。</b>,11900,ホビー
L03950,【最終値下げ】初版 単行本 状態良好💯🔥,文庫本です。状態良好。21400 円。ペットなし。,21400,本・音楽
L03372,!!値下げしました!!メンズ シューズ 状態良好🎁,ジャケットです。状態良好。¥35800。メンズ。,35800,ファッション
L01956,※返品不可動作確認済 本体のみ 美品,美品な状態でお譲りします。お値段は３５３００ｙｅｎになります。取説付ですので気になる方はご検討ください。,35300,ベビー・キッズ
L02193,27cm スパイク 傷あり,<br>ダンベルです。傷あり。9900yen。値下げ交渉可。<br>,9900,スポーツ
L01596,即決 冷蔵庫 used💯,<b>usedな状態でお譲りします。お値段は22900yenになります。自宅保管ですので気になる方はご検討ください。&amp;,22900,家電
L00678,箱あり 炊飯器 美品,美品な状態でお譲りします。お値段は21900 円になります。省エネですので気になる方はご検討ください。,21900,家電
L00803,ﾚﾃﾞィｰｽ 本体のみ 傷あり,&nbsp;傷ありな状態でお譲りします。お値段は16100 円になります。メンズですので気になる方はご検討ください。<br>,16100,ファッション
L02586,!!値下げしました!!取説付 レコード 状態良好,状態良好な状態でお譲りします。お値段は１０９００ｙｅｎになります。値下げ交渉可ですので気になる方はご検討ください。,10900,本・音楽
L01449,【最終値下げ】取説付 付属品あり 傷あり,"傷ありな状態でお譲りします。お値段は31,600円になります。古着ですので気になる方はご検討ください。",31600,ファッション
L03530,◆匿名配送◆箱あり ﾀﾞﾝﾍﾞﾙ ほぼ新品,ほぼ新品な状態でお譲りします。お値段は¥13900になります。自宅保管ですので気になる方はご検討ください。,13900,スポーツ
L00987,箱あり ｾｯﾄ used💯🎁,<b>usedな状態でお譲りします。お値段は¥600になります。取説付ですので気になる方はご検討ください。</b>,600,家電
L00276,◆匿名配送◆対象年齢3歳 ﾁｬｲﾙﾄﾞｼｰﾄ 状態良好,状態良好な状態でお譲りします。お値段は¥28600になります。即決ですので気になる方はご検討ください。,28600,ベビー・キッズ
L00082,◆匿名配送◆喫煙者なし 冷蔵庫 美品,掃除機です。美品。¥29900。TV。,29900,家電
L03023,《まとめ買い歓迎》自宅保管 ﾜﾝﾋﾟｰｽ used💯⭐,"&nbsp;バッグです。used。14,200円。動作確認済。<br>",14200,ファッション
L04850,★即日発送★メンズ ブーツ ほぼ新品,&nbsp;シューズです。ほぼ新品。¥28600。メンズ。</b>,28600,ファッション
L00519,TV 空気清浄機 ほぼ新品💯,<b>ほぼ新品な状態でお譲りします。お値段は10700 円になります。リモコン付ですので気になる方はご検討ください。<br>,10700,家電
L04786,Mｻｲｽﾞ 詰め合わせ 状態良好⭐🔥,<br>状態良好な状態でお譲りします。お値段は¥1100になります。古着ですので気になる方はご検討ください。</b>,1100,ファッション
L04006,★即日発送★リモコン付   付属品あり   ほぼ新品,"ほぼ新品な状態でお譲りします。お値段は11,200円になります。美品ですので気になる方はご検討ください。",11200,家電
L02143,◆匿名配送◆省エネ 空気清浄機 難あり,&nbsp;イヤホンです。難あり。¥2800。TV。<br>,2800,家電
L02948,【最終値下げ】喫煙者なし   テレビ   難あり✨,"<b>電子レンジです。難あり。24,700円。軽量。&amp;",24700,家電
L02719,自宅保管 シューズ 傷あり,<br>傷ありな状態でお譲りします。お値段は29400yenになります。即決ですので気になる方はご検討ください。&amp;,29400,ファッション
L01622,★即日発送★1/144 パズル 状態良好,<br>ギターです。状態良好。¥30200。未開封。&amp;,30200,ホビー
L01214,★即日発送★取説付   洗濯機   傷あり⭐💯,傷ありな状態でお譲りします。お値段は7600 円になります。自宅保管ですので気になる方はご検討ください。,7600,家電
L00398,TV ｲﾔﾎﾝ ほぼ新品,洗濯機です。ほぼ新品。10400yen。リモコン付。,10400,家電
L03646,箱あり 付属品あり 状態良好🔥💯,"状態良好な状態でお譲りします。お値段は5,900円になります。レディースですので気になる方はご検討ください。",5900,ファッション
L04762,※返品不可値下げ交渉可 写真集 ｕｓｅｄ⭐💯,"単行本です。ｕｓｅｄ。４,９００円。名盤。",4900,本・音楽
L03798,!!値下げしました!!ペットなし 付属品あり 傷あり⭐🎁🎁,傷ありな状態でお譲りします。お値段は9000 円になります。取説付ですので気になる方はご検討ください。,9000,ホビー
L03428,箱あり 洗濯機 傷あり,傷ありな状態でお譲りします。お値段は6600yenになります。美品ですので気になる方はご検討ください。,6600,家電
L03637,取説付 詰め合わせ 状態良好,状態良好な状態でお譲りします。お値段は3700 円になります。初版ですので気になる方はご検討ください。,3700,本・音楽
L04610,名盤 セット 美品,"美品な状態でお譲りします。お値段は39,600円になります。全巻ですので気になる方はご検討ください。",39600,本・音楽
L03765,メンズ シャツ 美品,美品な状態でお譲りします。お値段は9400yenになります。レディースですので気になる方はご検討ください。,9400,ファッション
L00204,【送料無料】喫煙者なし   ブーツ   傷あり💯⭐,<b>傷ありな状態でお譲りします。お値段は¥13300になります。厚底ですので気になる方はご検討ください。<br>,13300,ファッション
L04360,【最終値下げ】コレクション 画材 used,トレカです。used。¥4400。塗装済。,4400,ホビー
L04060,美品 ﾄﾞﾗｲﾔｰ ほぼ新品,<b>ほぼ新品な状態でお譲りします。お値段は¥5700になります。インバーターですので気になる方はご検討ください。<br>,5700,家電
L02299,《まとめ買い歓迎》動作確認済 セット 傷あり,"<b>傷ありな状態でお譲りします。お値段は19,000円になります。喫煙者なしですので気になる方はご検討ください。&amp;",19000,ファッション
L02096,※返品不可軽量 ベビーカー ｕｓｅｄ,ｕｓｅｄな状態でお譲りします。お値段は¥３１９００になります。対象年齢３歳ですので気になる方はご検討ください。,31900,ベビー・キッズ
L00058,Mサイズ   デニム   used,usedな状態でお譲りします。お値段は38900 円になります。古着ですので気になる方はご検討ください。,38900,ファッション
L04278,初版 単行本 傷あり,<br>参考書です。傷あり。37900 円。軽量。</b>,37900,本・音楽
L00815,【送料無料】未開封 写真集 難あり,&nbsp;難ありな状態でお譲りします。お値段は13600 円になります。塗装済ですので気になる方はご検討ください。</b>,13600,ホビー
L01911,◆匿名配送◆値下げ交渉可 セット 傷あり🎁⭐🎁,傷ありな状態でお譲りします。お値段は11500yenになります。自宅保管ですので気になる方はご検討ください。,11500,ファッション
L02340,【送料無料】値下げ交渉可 ｴｱｺﾝ ｕｓｅｄ,<b>炊飯器です。ｕｓｅｄ。１８３００ｙｅｎ。インバーター。<br>,18300,家電
L01605,自宅保管 付属品あり 難あり,難ありな状態でお譲りします。お値段は¥37800になります。動作確認済ですので気になる方はご検討ください。,37800,スポーツ
L04241,全巻 雑誌 傷あり,スピーカーです。傷あり。2900yen。廃盤。,2900,本・音楽
L01381,★即日発送★ヴィﾝﾃｰｼﾞ   詰め合わせ   美品,"<br>美品な状態でお譲りします。お値段は3,900円になります。即決ですので気になる方はご検討ください。</b>",3900,ファッション
L04403,【送料無料】軽量   レコード   状態良好💯🔥💯,<br>雑誌です。状態良好。¥２９４００。名盤。</b>,29400,本・音楽
L00362,《まとめ買い歓迎》インバーター エアコン 状態良好💯⭐,状態良好な状態でお譲りします。お値段は¥37400になります。4Kですので気になる方はご検討ください。,37400,家電
L04333,初回特典 パズル 状態良好,"&nbsp;画材です。状態良好。12,800円。塗装済。<br>",12800,ホビー
L02362,【最終値下げ】箱あり   シューズ   状態良好🔥🎁,状態良好な状態でお譲りします。お値段は¥11500になります。部活ですので気になる方はご検討ください。,11500,スポーツ
L04537,トレーニング セット used,&nbsp;usedな状態でお譲りします。お値段は21900 円になります。部活ですので気になる方はご検討ください。</b>,21900,スポーツ
L01675,ペットなし 冷蔵庫 難あり,難ありな状態でお譲りします。お値段は37600yenになります。省エネですので気になる方はご検討ください。,37600,家電
L00471,!!値下げしました!!自宅保管 ｼｭｰｽﾞ ほぼ新品,"ほぼ新品な状態でお譲りします。お値段は３９,１００円になります。部活ですので気になる方はご検討ください。",39100,スポーツ
L02940,【送料無料】箱あり 本体のみ ほぼ新品✨,ほぼ新品な状態でお譲りします。お値段は¥9200になります。箱ありですので気になる方はご検討ください。,9200,ホビー
L02894,《まとめ買い歓迎》屋外用 まとめ売り 状態良好⭐✨⭐,<b>状態良好な状態でお譲りします。お値段は¥３２０００になります。軽量ですので気になる方はご検討ください。</b>,32000,スポーツ
L00071,ペットなし ドライヤー ｕｓｅｄ,<b>炊飯器です。ｕｓｅｄ。１２９００ 円。節電。</b>,12900,家電
L04043,ヴィンテージ シューズ 難あり🎁🔥,ワンピースです。難あり。6100yen。ヴィンテージ。,6100,ファッション
L02404,【最終値下げ】厚底 訳あり品 状態良好,状態良好な状態でお譲りします。お値段は２４１００ 円になります。厚底ですので気になる方はご検討ください。,24100,ファッション
L03714,ペットなし 中古品 ｕｓｅｄ,"ｕｓｅｄな状態でお譲りします。お値段は２,４００円になります。値下げ交渉可ですので気になる方はご検討ください。",2400,スポーツ
L01501,美品   シューズ   ほぼ新品,コートです。ほぼ新品。¥39600。喫煙者なし。,39600,ファッション
L04390,◆匿名配送◆ペットなし   詰め合わせ   ｕｓｅｄ,ｕｓｅｄな状態でお譲りします。お値段は３６５００ 円になります。即決ですので気になる方はご検討ください。,36500,スポーツ
L02519,自宅保管 画材 状態良好,プラモデルです。状態良好。35100yen。1/144。,35100,ホビー
L01951,レディース コート ほぼ新品⭐,ほぼ新品な状態でお譲りします。お値段は11500yenになります。ペットなしですので気になる方はご検討ください。,11500,ファッション
L01895,《まとめ買い歓迎》インバーター エアコン 難あり💯🔥,<br>エアコンです。難あり。22000yen。即決。</b>,22000,家電
L03594,【送料無料】古着 中古品 used,usedな状態でお譲りします。お値段は¥6600になります。ペットなしですので気になる方はご検討ください。,6600,ファッション
L00697,!!値下げしました!!4K 詰め合わせ 難あり,"難ありな状態でお譲りします。お値段は6,800円になります。静音ですので気になる方はご検討ください。",6800,家電
L00314,ペットなし 付属品あり 傷あり,傷ありな状態でお譲りします。お値段は¥１００００になります。２７ｃｍですので気になる方はご検討ください。,10000,スポーツ
L04439,美品 シャツ 状態良好,<br>状態良好な状態でお譲りします。お値段は¥35200になります。喫煙者なしですので気になる方はご検討ください。&amp;,35200,ファッション
L03930,ペットなし   本体のみ   ほぼ新品,"&nbsp;ほぼ新品な状態でお譲りします。お値段は６,４００円になります。１／１４４ですので気になる方はご検討ください。&amp;",6400,ホビー
L03801,箱あり   洗濯機   ほぼ新品,"<b>空気清浄機です。ほぼ新品。２９,３００円。動作確認済。</b>",29300,家電
L04235,★即日発送★値下げ交渉可 ｾｯﾄ 難あり,"難ありな状態でお譲りします。お値段は２８,２００円になります。レディースですので気になる方はご検討ください。",28200,ファッション
L01168,【送料無料】洗える   本体のみ   美品,美品な状態でお譲りします。お値段は９００ｙｅｎになります。取説付ですので気になる方はご検討ください。,900,ベビー・キッズ
L03513,動作確認済 中古品 ｕｓｅｄ,ｕｓｅｄな状態でお譲りします。お値段は３７２００ 円になります。節電ですので気になる方はご検討ください。,37200,家電
L00114,【最終値下げ】軽量 ｷﾞﾀｰ 難あり🔥💯,トレカです。難あり。11400yen。塗装済。,11400,ホビー
L02151,未開封 プラモデル 状態良好,"<br>パズルです。状態良好。11,300円。箱あり。<br>",11300,ホビー
L02518,即決 プラモデル 状態良好,<br>ボードゲームです。状態良好。30800 円。即決。<br>,30800,ホビー
L03986,【最終値下げ】4K 掃除機 難あり⭐,難ありな状態でお譲りします。お値段は32000 円になります。即決ですので気になる方はご検討ください。,32000,家電
L04253,!!値下げしました!!メンズ 帽子 状態良好,<b>バッグです。状態良好。¥20200。レディース。<br>,20200,ファッション
L03806,※返品不可１／１４４ 写真集 美品,<br>美品な状態でお譲りします。お値段は３３７００ 円になります。ペットなしですので気になる方はご検討ください。</b>,33700,ホビー
L03464,Mサイズ ブーツ 美品,"ブーツです。美品。32,900円。美品。",32900,ファッション
L00667,値下げ交渉可 フィギュア 難あり,&nbsp;難ありな状態でお譲りします。お値段は33000 円になります。美品ですので気になる方はご検討ください。</b>,33000,ホビー
L01246,軽量 プラモデル used,<br>usedな状態でお譲りします。お値段は37600yenになります。コレクションですので気になる方はご検討ください。</b>,37600,ホビー
L00378,軽量 絵本 難あり⭐✨✨,&nbsp;ベビー服です。難あり。２００００ 円。新生児。&amp;,20000,ベビー・キッズ
L03438,【最終値下げ】箱あり   セット   ほぼ新品🎁⭐,&nbsp;ほぼ新品な状態でお譲りします。お値段は¥11000になります。レディースですので気になる方はご検討ください。&amp;,11000,ファッション
L02118,節電 ｴｱｺﾝ 状態良好💯🎁✨,&nbsp;状態良好な状態でお譲りします。お値段は４１００ｙｅｎになります。取説付ですので気になる方はご検討ください。</b>,4100,家電
L04698,【最終値下げ】取説付   シャツ   ｕｓｅｄ,<br>ｕｓｅｄな状態でお譲りします。お値段は¥３１０００になります。厚底ですので気になる方はご検討ください。</b>,31000,ファッション
L01097,《まとめ買い歓迎》インバーター   中古品   美品💯,"美品な状態でお譲りします。お値段は18,400円になります。省エネですので気になる方はご検討ください。",18400,家電
L02898,部活 スパイク ほぼ新品,スパイクです。ほぼ新品。８１００ｙｅｎ。軽量。,8100,スポーツ
L04062,《まとめ買い歓迎》取説付 掃除機 難あり💯🔥🔥,難ありな状態でお譲りします。お値段は10400yenになります。節電ですので気になる方はご検討ください。,10400,家電
L04678,※返品不可取説付 雑誌 傷あり,&nbsp;文庫本です。傷あり。１６８００ 円。帯付き。</b>,16800,本・音楽
L04662,【最終値下げ】メンズ ジャケット ほぼ新品,"&nbsp;シャツです。ほぼ新品。18,400円。軽量。</b>",18400,ファッション
L04042,★即日発送★レディース ワンピース 難あり,難ありな状態でお譲りします。お値段は19100 円になります。自宅保管ですので気になる方はご検討ください。,19100,ファッション
L02573,◆匿名配送◆初回特典 まとめ売り used,usedな状態でお譲りします。お値段は4600yenになります。値下げ交渉可ですので気になる方はご検討ください。,4600,ホビー
L04255,サイン入り 写真集 状態良好✨✨,状態良好な状態でお譲りします。お値段は35300yenになります。全巻ですので気になる方はご検討ください。,35300,本・音楽
L04664,厚底 本体のみ ほぼ新品🎁💯⭐,"ほぼ新品な状態でお譲りします。お値段は8,300円になります。ヴィンテージですので気になる方はご検討ください。",8300,ファッション
L00711,【最終値下げ】自宅保管 洗濯機 ほぼ新品✨,&nbsp;ほぼ新品な状態でお譲りします。お値段は28100 円になります。値下げ交渉可ですので気になる方はご検討ください。</b>,28100,家電
L02157,《まとめ買い歓迎》美品 コート 状態良好,シャツです。状態良好。21600 円。ヴィンテージ。,21600,ファッション
L01860,!!値下げしました!!省エネ   一式   美品,&nbsp;美品な状態でお譲りします。お値段は¥4100になります。即決ですので気になる方はご検討ください。&amp;,4100,家電
L02708,※返品不可値下げ交渉可 ｼｭｰｽﾞ 難あり,"難ありな状態でお譲りします。お値段は14,700円になります。軽量ですので気になる方はご検討ください。",14700,ファッション
L00984,★即日発送★古着 ｼｬﾂ 傷あり✨🔥,"シャツです。傷あり。32,400円。ヴィンテージ。",32400,ファッション
L02405,箱あり 詰め合わせ used⭐✨🔥,usedな状態でお譲りします。お値段は¥18000になります。ペットなしですので気になる方はご検討ください。,18000,ファッション
L03760,◆匿名配送◆ヴィンテージ   デニム   傷あり,&nbsp;バッグです。傷あり。¥22400。喫煙者なし。&amp;,22400,ファッション
L00658,《まとめ買い歓迎》軽量 付属品あり 難あり,<br>難ありな状態でお譲りします。お値段は8000 円になります。硬式ですので気になる方はご検討ください。</b>,8000,スポーツ
L03537,帯付き 雑誌 used✨🔥,"&nbsp;usedな状態でお譲りします。お値段は12,400円になります。値下げ交渉可ですので気になる方はご検討ください。<br>",12400,本・音楽
L03422,【最終値下げ】限定版 トレカ 難あり,"プラモデルです。難あり。39,500円。軽量。",39500,ホビー
L01290,【送料無料】節電 スピーカー 傷あり,テレビです。傷あり。¥１４８００。喫煙者なし。,14800,家電
L02098,【送料無料】名盤   楽譜   ほぼ新品,ほぼ新品な状態でお譲りします。お値段は1600yenになります。動作確認済ですので気になる方はご検討ください。,1600,本・音楽
L00318,未開封   ギター   傷あり,<b>パズルです。傷あり。5800 円。即決。<br>,5800,ホビー
L03359,【送料無料】帯付き ｾｯﾄ 状態良好🎁,状態良好な状態でお譲りします。お値段は37400yenになります。サイン入りですので気になる方はご検討ください。,37400,本・音楽
L00339,!!値下げしました!!27cm ﾗｹｯﾄ 傷あり,&nbsp;ウェアです。傷あり。7400yen。硬式。&amp;,7400,スポーツ
L02278,箱あり 一式 used,usedな状態でお譲りします。お値段は¥35400になります。ヴィンテージですので気になる方はご検討ください。,35400,ファッション
L02380,硬式 自転車 状態良好🎁,ランニングシューズです。状態良好。4000 円。喫煙者なし。,4000,スポーツ
L02481,◆匿名配送◆1/144 パズル 難あり🔥,プラモデルです。難あり。4700yen。取説付。,4700,ホビー
L03647,《まとめ買い歓迎》インバーター 洗濯機 美品,<br>洗濯機です。美品。¥２１７００。静音。&amp;,21700,家電
L03387,★即日発送★軽量 ラジコン 状態良好,&nbsp;状態良好な状態でお譲りします。お値段は８００ 円になります。コレクションですので気になる方はご検討ください。</b>,800,ホビー
L02168,!!値下げしました!!喫煙者なし ｼｬﾂ 状態良好🔥🎁,<b>状態良好な状態でお譲りします。お値段は12900yenになります。レディースですので気になる方はご検討ください。</b>,12900,ファッション
L03857,ヴィンテージ 帽子 used,&nbsp;usedな状態でお譲りします。お値段は4200 円になります。Mサイズですので気になる方はご検討ください。</b>,4200,ファッション
L02550,【最終値下げ】喫煙者なし コート 状態良好⭐,"<b>ブーツです。状態良好。2,400円。値下げ交渉可。<br>",2400,ファッション
L03450,静音   一式   状態良好⭐💯🔥,"状態良好な状態でお譲りします。お値段は5,400円になります。箱ありですので気になる方はご検討ください。",5400,家電
L00076,リモコン付 空気清浄機 美品,イヤホンです。美品。１７５００ｙｅｎ。取説付。,17500,家電
L04609,27cm 詰め合わせ used⭐✨⭐,<b>usedな状態でお譲りします。お値段は35600yenになります。部活ですので気になる方はご検討ください。</b>,35600,スポーツ
L00182,取説付 楽譜 傷あり,楽譜です。傷あり。13300 円。サイン入り。,13300,本・音楽
L04126,値下げ交渉可   プラモデル   難あり,"写真集です。難あり。1,700円。初回特典。",1700,ホビー
L00577,※返品不可サイン入り 文庫本 used,"<br>レコードです。used。6,700円。初版。</b>",6700,本・音楽
L02554,◆匿名配送◆美品 単行本 ｕｓｅｄ💯⭐🔥,&nbsp;ｕｓｅｄな状態でお譲りします。お値段は７０００ 円になります。名盤ですので気になる方はご検討ください。<br>,7000,本・音楽
L03208,値下げ交渉可 スパイク 傷あり💯🎁⭐,スパイクです。傷あり。31600 円。自宅保管。,31600,スポーツ
L01958,動作確認済 ラジコン 難あり🎁🎁⭐,難ありな状態でお譲りします。お値段は¥30600になります。即決ですので気になる方はご検討ください。,30600,ホビー
L00839,ペットなし ワンピース 傷あり,コートです。傷あり。2800yen。厚底。,2800,ファッション
L00736,【送料無料】値下げ交渉可 ギター 傷あり⭐🔥,傷ありな状態でお譲りします。お値段は10900 円になります。動作確認済ですので気になる方はご検討ください。,10900,ホビー
L01613,★即日発送★喫煙者なし ラケット ほぼ新品,シューズです。ほぼ新品。27700 円。硬式。,27700,スポーツ
L03635,動作確認済   ｾｯﾄ   used,<b>usedな状態でお譲りします。お値段は¥27400になります。ヴィンテージですので気になる方はご検討ください。&amp;,27400,ファッション
L02348,箱あり 詰め合わせ ほぼ新品🎁🔥,<br>ほぼ新品な状態でお譲りします。お値段は2500 円になります。Mサイズですので気になる方はご検討ください。</b>,2500,ファッション
L02267,美品 ﾌﾟﾗﾓﾃﾞﾙ 美品,"<br>パズルです。美品。25,400円。1/144。&amp;",25400,ホビー
L03488,《まとめ買い歓迎》TV 一式 ほぼ新品💯⭐,ほぼ新品な状態でお譲りします。お値段は¥15400になります。リモコン付ですので気になる方はご検討ください。,15400,家電
L01227,即決 トレカ 美品,パズルです。美品。13300yen。1/144。,13300,ホビー
L03658,《まとめ買い歓迎》軽量   詰め合わせ   状態良好💯🔥✨,"<br>状態良好な状態でお譲りします。お値段は５,０００円になります。部活ですので気になる方はご検討ください。</b>",5000,スポーツ
L04407,自宅保管 ｽﾊﾟｲｸ 難あり,<b>ラケットです。難あり。１２１００ｙｅｎ。硬式。<br>,12100,スポーツ
L00563,《まとめ買い歓迎》喫煙者なし シャツ ｕｓｅｄ⭐🔥💯,ｕｓｅｄな状態でお譲りします。お値段は５５００ｙｅｎになります。ペットなしですので気になる方はご検討ください。,5500,ファッション
L04480,【送料無料】限定版 ジャンク品 難あり,難ありな状態でお譲りします。お値段は24500yenになります。未開封ですので気になる方はご検討ください。,24500,ホビー
L03685,【送料無料】節電 中古品 ほぼ新品,<b>ほぼ新品な状態でお譲りします。お値段は３７４００ 円になります。ＴＶですので気になる方はご検討ください。<br>,37400,家電
L01997,1/144 ﾎﾞｰﾄﾞｹﾞｰﾑ 難あり,トレカです。難あり。37700 円。美品。,37700,ホビー
L01190,軽量 付属品あり 傷あり,<b>傷ありな状態でお譲りします。お値段は25800yenになります。動作確認済ですので気になる方はご検討ください。</b>,25800,スポーツ
L02166,ﾚﾃﾞィｰｽ ﾜﾝﾋﾟｰｽ ほぼ新品,<b>ほぼ新品な状態でお譲りします。お値段は¥29600になります。ペットなしですので気になる方はご検討ください。<br>,29600,ファッション
L04548,★即日発送★節電 掃除機 ｕｓｅｄ🎁💯,エアコンです。ｕｓｅｄ。¥３４２００。動作確認済。,34200,家電
L04719,取説付 ｽﾆｰｶｰ 難あり🎁,<b>難ありな状態でお譲りします。お値段は4500 円になります。古着ですので気になる方はご検討ください。<br>,4500,ファッション
L04197,節電 ｽﾋﾟｰｶｰ 難あり,難ありな状態でお譲りします。お値段は6700yenになります。取説付ですので気になる方はご検討ください。,6700,家電
L01321,★即日発送★２７ｃｍ ラケット 傷あり🔥,傷ありな状態でお譲りします。お値段は３２２００ 円になります。トレーニングですので気になる方はご検討ください。,32200,スポーツ
L00429,★即日発送★TV ｽﾋﾟｰｶｰ 美品,空気清浄機です。美品。¥35900。取説付。,35900,家電
L00090,★即日発送★古着 詰め合わせ ｕｓｅｄ✨🔥,<br>ｕｓｅｄな状態でお譲りします。お値段は¥１８６００になります。値下げ交渉可ですので気になる方はご検討ください。&amp;,18600,ファッション
L00256,美品 シャツ ｕｓｅｄ,ブーツです。ｕｓｅｄ。１７７００ｙｅｎ。ヴィンテージ。,17700,ファッション
L00244,◆匿名配送◆対象年齢3歳 抱っこ紐 状態良好🔥⭐🎁,状態良好な状態でお譲りします。お値段は¥13500になります。対象年齢3歳ですので気になる方はご検討ください。,13500,ベビー・キッズ
L00490,軽量 まとめ売り 状態良好,"状態良好な状態でお譲りします。お値段は16,700円になります。1/144ですので気になる方はご検討ください。",16700,ホビー
L00485,《まとめ買い歓迎》箱あり まとめ売り 美品,<b>美品な状態でお譲りします。お値段は¥35800になります。自宅保管ですので気になる方はご検討ください。&amp;,35800,スポーツ
L02356,《まとめ買い歓迎》取説付 ジャンク品 美品🔥💯🎁,"<br>美品な状態でお譲りします。お値段は38,900円になります。自宅保管ですので気になる方はご検討ください。<br>",38900,家電
L02652,!!値下げしました!!省ｴﾈ 炊飯器 傷あり,<br>電子レンジです。傷あり。7500 円。美品。<br>,7500,家電
L02032,【最終値下げ】古着 ワンピース ｕｓｅｄ,&nbsp;スニーカーです。ｕｓｅｄ。¥２８４００。Ｍサイズ。</b>,28400,ファッション
L02077,取説付 一式 難あり,難ありな状態でお譲りします。お値段は¥１６９００になります。軽量ですので気になる方はご検討ください。,16900,本・音楽
L00340,★即日発送★箱あり 帽子 傷あり💯🔥,傷ありな状態でお譲りします。お値段は1300 円になります。古着ですので気になる方はご検討ください。,1300,ファッション
L01009,《まとめ買い歓迎》値下げ交渉可 ｼｭｰｽﾞ 難あり,"&nbsp;シューズです。難あり。25,000円。喫煙者なし。&amp;",25000,ファッション
L00652,◆匿名配送◆インバーター 中古品 難あり,<b>難ありな状態でお譲りします。お値段は¥５３００になります。軽量ですので気になる方はご検討ください。&amp;,5300,家電
L02490,《まとめ買い歓迎》名盤 参考書 傷あり,<br>傷ありな状態でお譲りします。お値段は12600yenになります。動作確認済ですので気になる方はご検討ください。</b>,12600,本・音楽
L01384,◆匿名配送◆自宅保管 哺乳瓶 美品,チャイルドシートです。美品。11400 円。新生児。,11400,ベビー・キッズ
L03554,【最終値下げ】名盤 単行本 状態良好,状態良好な状態でお譲りします。お値段は34600yenになります。帯付きですので気になる方はご検討ください。,34600,本・音楽
L01128,◆匿名配送◆喫煙者なし ギター 傷あり,"ラジコンです。傷あり。37,600円。軽量。",37600,ホビー
L01891,◆匿名配送◆屋外用 自転車 傷あり,<b>傷ありな状態でお譲りします。お値段は25400 円になります。屋外用ですので気になる方はご検討ください。</b>,25400,スポーツ
L00542,【送料無料】限定版 ギター used,<br>usedな状態でお譲りします。お値段は17500 円になります。コレクションですので気になる方はご検討ください。&amp;,17500,ホビー
L01200,古着   デニム   used✨,"usedな状態でお譲りします。お値段は38,400円になります。厚底ですので気になる方はご検討ください。",38400,ファッション
L02005,!!値下げしました!!ﾍﾟｯﾄなし 炊飯器 難あり,&nbsp;スピーカーです。難あり。２３４００ 円。動作確認済。</b>,23400,家電
L03747,Mｻｲｽﾞ 一式 美品,美品な状態でお譲りします。お値段は¥7300になります。軽量ですので気になる方はご検討ください。,7300,ファッション
L02180,!!値下げしました!!屋外用 グローブ 傷あり,グローブです。傷あり。35100 円。即決。,35100,スポーツ
L01884,美品 ﾊﾟｽﾞﾙ ほぼ新品,<br>パズルです。ほぼ新品。１２８００ｙｅｎ。１／１４４。</b>,12800,ホビー
L02083,1/144 まとめ売り used,usedな状態でお譲りします。お値段は2100yenになります。値下げ交渉可ですので気になる方はご検討ください。,2100,ホビー
L02823,【最終値下げ】即決   ｼﾞｬﾝｸ品   難あり,&nbsp;難ありな状態でお譲りします。お値段は¥29000になります。取説付ですので気になる方はご検討ください。&amp;,29000,家電
L00426,◆匿名配送◆部活 ランニングシューズ 美品,グローブです。美品。35100 円。即決。,35100,スポーツ
L02050,軽量   ﾌィｷﾞｭｱ   ほぼ新品✨💯,<b>ほぼ新品な状態でお譲りします。お値段は10800yenになります。未開封ですので気になる方はご検討ください。&amp;,10800,ホビー
L02645,!!値下げしました!!ﾍﾟｯﾄなし ﾃﾚﾋﾞ ほぼ新品,<b>ほぼ新品な状態でお譲りします。お値段は１１００ 円になります。取説付ですので気になる方はご検討ください。<br>,1100,家電
L01758,!!値下げしました!!美品 付属品あり used,usedな状態でお譲りします。お値段は¥29800になります。取説付ですので気になる方はご検討ください。,29800,ファッション
L00495,ペットなし ギター ほぼ新品,&nbsp;ほぼ新品な状態でお譲りします。お値段は¥２８００になります。１／１４４ですので気になる方はご検討ください。&amp;,2800,ホビー
L03578,※返品不可節電   イヤホン   難あり,ドライヤーです。難あり。33300 円。動作確認済。,33300,家電
L03845,【最終値下げ】値下げ交渉可 ｼｭｰｽﾞ 状態良好✨,状態良好な状態でお譲りします。お値段は¥8900になります。軽量ですので気になる方はご検討ください。,8900,スポーツ
L00930,TV 一式 ほぼ新品,ほぼ新品な状態でお譲りします。お値段は18000yenになります。4Kですので気になる方はご検討ください。,18000,家電
L04731,◆匿名配送◆自宅保管 付属品あり 美品,美品な状態でお譲りします。お値段は11000yenになります。古着ですので気になる方はご検討ください。,11000,ファッション
L02978,◆匿名配送◆Ｍｻｲｽﾞ 中古品 状態良好,状態良好な状態でお譲りします。お値段は１７９００ｙｅｎになります。厚底ですので気になる方はご検討ください。,17900,ファッション
L01354,【最終値下げ】古着   ワンピース   傷あり,デニムです。傷あり。6400yen。ペットなし。,6400,ファッション
L04400,【送料無料】美品 洗濯機 used,usedな状態でお譲りします。お値段は38100 円になります。箱ありですので気になる方はご検討ください。,38100,家電
L00720,!!値下げしました!!自宅保管 シューズ ほぼ新品,<b>ほぼ新品な状態でお譲りします。お値段は700円になります。厚底ですので気になる方はご検討ください。</b>,700,ファッション
L02916,【送料無料】ﾄﾚｰﾆﾝｸﾞ   付属品あり   状態良好,<br>状態良好な状態でお譲りします。お値段は¥22200になります。トレーニングですので気になる方はご検討ください。</b>,22200,スポーツ
L01148,【最終値下げ】１／１４４ ボードゲーム 美品,<b>美品な状態でお譲りします。お値段は１４７００ 円になります。初回特典ですので気になる方はご検討ください。&amp;,14700,ホビー
L03356,インバーター 掃除機 傷あり,傷ありな状態でお譲りします。お値段は７１００ 円になります。取説付ですので気になる方はご検討ください。,7100,家電
L03786,インバーター スピーカー 難あり⭐,イヤホンです。難あり。12100yen。リモコン付。,12100,家電
L00033,１／１４４   詰め合わせ   状態良好,状態良好な状態でお譲りします。お値段は８００円になります。美品ですので気になる方はご検討ください。,800,ホビー
L02680,※返品不可取説付 トレカ 傷あり,ラジコンです。傷あり。20900 円。即決。,20900,ホビー
L01740,【送料無料】ＴＶ エアコン ｕｓｅｄ💯💯⭐,ドライヤーです。ｕｓｅｄ。¥２４２００。節電。,24200,家電
L04550,値下げ交渉可 付属品あり ほぼ新品,"<b>ほぼ新品な状態でお譲りします。お値段は16,500円になります。初版ですので気になる方はご検討ください。</b>",16500,本・音楽
L04513,ペットなし 本体のみ ほぼ新品,ほぼ新品な状態でお譲りします。お値段は¥21700になります。ペットなしですので気になる方はご検討ください。,21700,ホビー
L04029,※返品不可値下げ交渉可   コート   ほぼ新品,<b>スニーカーです。ほぼ新品。7500 円。箱あり。<br>,7500,ファッション
L00657,【送料無料】限定版 ラジコン 状態良好⭐,状態良好な状態でお譲りします。お値段は7800yenになります。限定版ですので気になる方はご検討ください。,7800,ホビー
L00532,!!値下げしました!!全巻 楽譜 難あり,<br>難ありな状態でお譲りします。お値段は¥6100になります。値下げ交渉可ですので気になる方はご検討ください。<br>,6100,本・音楽
L04951,★即日発送★リモコン付 中古品 難あり💯🔥,&nbsp;難ありな状態でお譲りします。お値段は¥13500になります。値下げ交渉可ですので気になる方はご検討ください。&amp;,13500,家電
L04677,【最終値下げ】箱あり 炊飯器 難あり🔥🎁⭐,"<br>難ありな状態でお譲りします。お値段は２８,４００円になります。リモコン付ですので気になる方はご検討ください。</b>",28400,家電
L02082,喫煙者なし 掃除機 ほぼ新品,&nbsp;ほぼ新品な状態でお譲りします。お値段は20400 円になります。節電ですので気になる方はご検討ください。<br>,20400,家電
L01377,★即日発送★箱あり ボードゲーム used,"写真集です。used。24,200円。初回特典。",24200,ホビー
L03485,【送料無料】コレクション フィギュア ほぼ新品,フィギュアです。ほぼ新品。36100 円。未開封。,36100,ホビー
L00919,★即日発送★取説付 参考書 傷あり,画集です。傷あり。6700 円。廃盤。,6700,本・音楽
L04984,4K 空気清浄機 used💯⭐⭐,空気清浄機です。used。¥22500。省エネ。,22500,家電
L01429,名盤 セット 傷あり,傷ありな状態でお譲りします。お値段は¥7800になります。廃盤ですので気になる方はご検討ください。,7800,本・音楽
L00992,Mｻｲｽﾞ   ｺｰﾄ   状態良好🎁✨💯,<br>ブーツです。状態良好。39400yen。即決。</b>,39400,ファッション
L03724,屋外用 自転車 ほぼ新品,&nbsp;シューズです。ほぼ新品。16200yen。ペットなし。&amp;,16200,スポーツ
L00115,箱あり まとめ売り ほぼ新品,ほぼ新品な状態でお譲りします。お値段は¥17900になります。喫煙者なしですので気になる方はご検討ください。,17900,ベビー・キッズ
L02328,軽量   まとめ売り   used,usedな状態でお譲りします。お値段は¥3800になります。値下げ交渉可ですので気になる方はご検討ください。,3800,ファッション
L04616,!!値下げしました!!限定版 写真集 傷あり,"<br>傷ありな状態でお譲りします。お値段は22,100円になります。自宅保管ですので気になる方はご検討ください。&amp;",22100,ホビー
L03326,!!値下げしました!!美品 掃除機 難あり,<br>イヤホンです。難あり。15900yen。TV。<br>,15900,家電
L02853,ペットなし プラモデル 状態良好,画材です。状態良好。35600yen。初回特典。,35600,ホビー
L03026,★即日発送★軽量   ダンベル   ほぼ新品,ほぼ新品な状態でお譲りします。お値段は5100 円になります。硬式ですので気になる方はご検討ください。,5100,スポーツ
L03250,即決 パズル ｕｓｅｄ,ｕｓｅｄな状態でお譲りします。お値段は２７９００ｙｅｎになります。軽量ですので気になる方はご検討ください。,27900,ホビー
L01071,◆匿名配送◆箱あり ベビーカー 傷あり🔥✨,傷ありな状態でお譲りします。お値段は30900yenになります。軽量ですので気になる方はご検討ください。,30900,ベビー・キッズ
L01755,【最終値下げ】静音 電子レンジ ほぼ新品,<b>炊飯器です。ほぼ新品。34100yen。節電。</b>,34100,家電
L01421,１／１４４ ラジコン 状態良好,プラモデルです。状態良好。¥３５４００。コレクション。,35400,ホビー
L04826,【送料無料】廃盤 まとめ売り 難あり🔥✨⭐,難ありな状態でお譲りします。お値段は１５４００ 円になります。即決ですので気になる方はご検討ください。,15400,本・音楽
L03722,取説付   冷蔵庫   状態良好,状態良好な状態でお譲りします。お値段は3200 円になります。軽量ですので気になる方はご検討ください。,3200,家電
L00680,!!値下げしました!!4K 電子レンジ 美品,ドライヤーです。美品。29100 円。4K。,29100,家電
L00512,【送料無料】自宅保管 ランニングシューズ 美品,スパイクです。美品。35900 円。屋外用。,35900,スポーツ
L03609,◆匿名配送◆動作確認済   本体のみ   状態良好,"状態良好な状態でお譲りします。お値段は27,900円になります。軽量ですので気になる方はご検討ください。",27900,ベビー・キッズ
L02737,安全基準適合   ベビーカー   傷あり,&nbsp;絵本です。傷あり。30100 円。自宅保管。</b>,30100,ベビー・キッズ
L04144,箱あり   ﾊﾟｽﾞﾙ   美品,美品な状態でお譲りします。お値段は¥３３４００になります。自宅保管ですので気になる方はご検討ください。,33400,ホビー
L01769,★即日発送★軽量 シューズ 難あり,難ありな状態でお譲りします。お値段は35000yenになります。取説付ですので気になる方はご検討ください。,35000,スポーツ
L01559,《まとめ買い歓迎》４Ｋ ドライヤー 難あり🔥🎁,冷蔵庫です。難あり。¥３９８００。ＴＶ。,39800,家電
L03713,インバーター 本体のみ used,usedな状態でお譲りします。お値段は21600yenになります。インバーターですので気になる方はご検討ください。,21600,家電
L01553,ﾍﾟｯﾄなし   ｼｬﾂ   ほぼ新品,ブーツです。ほぼ新品。8400 円。厚底。,8400,ファッション
L02755,厚底 帽子 状態良好,<br>バッグです。状態良好。１０００ｙｅｎ。厚底。&amp;,1000,ファッション
L03181,ﾍﾟｯﾄなし 空気清浄機 ほぼ新品,掃除機です。ほぼ新品。21800yen。静音。,21800,家電
L04725,未開封 ｷﾞﾀｰ ほぼ新品⭐,"トレカです。ほぼ新品。13,900円。1/144。",13900,ホビー
L02821,厚底 シューズ ほぼ新品⭐💯,ほぼ新品な状態でお譲りします。お値段は¥29700になります。喫煙者なしですので気になる方はご検討ください。,29700,ファッション
L03843,【最終値下げ】値下げ交渉可 写真集 ほぼ新品,トレカです。ほぼ新品。32100 円。限定版。,32100,ホビー
L03890,ヴィンテージ バッグ ほぼ新品✨,<br>バッグです。ほぼ新品。¥１４１００。即決。&amp;,14100,ファッション
L01437,《まとめ買い歓迎》美品 ギター 美品,画材です。美品。¥11700。値下げ交渉可。,11700,ホビー
L02109,◆匿名配送◆値下げ交渉可   中古品   状態良好,状態良好な状態でお譲りします。お値段は5900 円になります。厚底ですので気になる方はご検討ください。,5900,ファッション
L01305,【送料無料】ﾘﾓｺﾝ付 掃除機 状態良好,&nbsp;状態良好な状態でお譲りします。お値段は34000 円になります。TVですので気になる方はご検討ください。<br>,34000,家電
L00459,自宅保管 付属品あり 状態良好,状態良好な状態でお譲りします。お値段は¥3000になります。限定版ですので気になる方はご検討ください。,3000,ホビー
L00760,※返品不可軽量 本体のみ 状態良好,状態良好な状態でお譲りします。お値段は１１００ 円になります。初回特典ですので気になる方はご検討ください。,1100,ホビー
L01153,※返品不可ﾘﾓｺﾝ付   ｴｱｺﾝ   ほぼ新品💯🔥🎁,"ほぼ新品な状態でお譲りします。お値段は35,700円になります。静音ですので気になる方はご検討ください。",35700,家電
L01593,※返品不可厚底 ﾌﾞｰﾂ 美品⭐✨🔥,シャツです。美品。23200 円。Mサイズ。,23200,ファッション
L00064,【最終値下げ】省エネ 掃除機 ほぼ新品,<br>掃除機です。ほぼ新品。¥３２７００。自宅保管。<br>,32700,家電
L00543,《まとめ買い歓迎》自宅保管 自転車 状態良好✨✨🎁,<b>状態良好な状態でお譲りします。お値段は８８００ 円になります。取説付ですので気になる方はご検討ください。&amp;,8800,スポーツ
L02277,自宅保管 ギター 難あり,難ありな状態でお譲りします。お値段は32200 円になります。箱ありですので気になる方はご検討ください。,32200,ホビー
L04689,★即日発送★帯付き 訳あり品 傷あり,傷ありな状態でお譲りします。お値段は¥7900になります。サイン入りですので気になる方はご検討ください。,7900,本・音楽
L02357,【送料無料】トレーニング スパイク 傷あり⭐🎁✨,<b>ダンベルです。傷あり。5000 円。即決。</b>,5000,スポーツ
L03993,!!値下げしました!!対象年齢3歳 哺乳瓶 傷あり,<br>チャイルドシートです。傷あり。¥33800。軽量。&amp;,33800,ベビー・キッズ
L02031,※返品不可４Ｋ   ｴｱｺﾝ   傷あり,傷ありな状態でお譲りします。お値段は¥２０４００になります。値下げ交渉可ですので気になる方はご検討ください。,20400,家電
L02653,!!値下げしました!!取説付 中古品 used,<b>usedな状態でお譲りします。お値段は30800 円になります。自宅保管ですので気になる方はご検討ください。<br>,30800,家電
L00278,即決   本体のみ   難あり✨,"難ありな状態でお譲りします。お値段は27,200円になります。値下げ交渉可ですので気になる方はご検討ください。",27200,ファッション
L01952,美品 ﾗﾝﾆﾝｸﾞｼｭｰｽﾞ 難あり✨✨✨,難ありな状態でお譲りします。お値段は39700 円になります。硬式ですので気になる方はご検討ください。,39700,スポーツ
L04663,※返品不可節電 詰め合わせ 傷あり,"傷ありな状態でお譲りします。お値段は12,100円になります。節電ですので気になる方はご検討ください。",12100,家電
L03032,◆匿名配送◆対象年齢３歳 一式 傷あり⭐,傷ありな状態でお譲りします。お値段は３２３００ｙｅｎになります。自宅保管ですので気になる方はご検討ください。,32300,ベビー・キッズ
L01973,★即日発送★省エネ   本体のみ   美品,美品な状態でお譲りします。お値段は¥12100になります。TVですので気になる方はご検討ください。,12100,家電
L01966,◆匿名配送◆即決 電子ﾚﾝｼﾞ 状態良好,電子レンジです。状態良好。8900 円。取説付。,8900,家電
L03082,サイン入り ジャンク品 難あり,"難ありな状態でお譲りします。お値段は12,800円になります。即決ですので気になる方はご検討ください。",12800,本・音楽
L02689,取説付 本体のみ ほぼ新品,<b>ほぼ新品な状態でお譲りします。お値段は¥４４００になります。自宅保管ですので気になる方はご検討ください。<br>,4400,ホビー
L01999,軽量   セット   美品,<br>美品な状態でお譲りします。お値段は32400 円になります。軽量ですので気になる方はご検討ください。&amp;,32400,スポーツ
L03962,【最終値下げ】動作確認済 ウェア ほぼ新品,<br>スパイクです。ほぼ新品。13400yen。軽量。&amp;,13400,スポーツ
L02013,インバーター   冷蔵庫   ｕｓｅｄ,&nbsp;ｕｓｅｄな状態でお譲りします。お値段は¥２８６００になります。即決ですので気になる方はご検討ください。</b>,28600,家電
L00613,軽量 バッグ 傷あり,シャツです。傷あり。28200 円。古着。,28200,ファッション
L04294,!!値下げしました!!Mｻｲｽﾞ   ｺｰﾄ   傷あり,傷ありな状態でお譲りします。お値段は21400 円になります。美品ですので気になる方はご検討ください。,21400,ファッション
L00851,喫煙者なし   シューズ   傷あり⭐🎁,&nbsp;ダンベルです。傷あり。16500yen。トレーニング。&amp;,16500,スポーツ
L04209,【最終値下げ】古着 ｼｬﾂ ほぼ新品,バッグです。ほぼ新品。¥27300。Mサイズ。,27300,ファッション
L03174,【送料無料】軽量   まとめ売り   used,usedな状態でお譲りします。お値段は32600 円になります。取説付ですので気になる方はご検討ください。,32600,家電
L03809,自宅保管 楽譜 難あり,"<b>難ありな状態でお譲りします。お値段は３４,５００円になります。動作確認済ですので気になる方はご検討ください。<br>",34500,本・音楽
L03558,省エネ ドライヤー used,ドライヤーです。used。17300yen。インバーター。,17300,家電
L00945,Ｍサイズ バッグ 難あり,難ありな状態でお譲りします。お値段は２８６００ 円になります。厚底ですので気になる方はご検討ください。,28600,ファッション
L01626,静音 中古品 傷あり,<b>傷ありな状態でお譲りします。お値段は14100yenになります。4Kですので気になる方はご検討ください。</b>,14100,家電
L03769,【最終値下げ】サイン入り 中古品 美品,美品な状態でお譲りします。お値段は6900yenになります。全巻ですので気になる方はご検討ください。,6900,本・音楽
L04491,!!値下げしました!!対象年齢3歳   絵本   ほぼ新品🎁💯⭐,抱っこ紐です。ほぼ新品。39500yen。対象年齢3歳。,39500,ベビー・キッズ
L04103,限定版 パズル 美品,<b>ラジコンです。美品。２３５００ 円。動作確認済。<br>,23500,ホビー
L00762,【送料無料】値下げ交渉可   まとめ売り   美品🔥🔥,美品な状態でお譲りします。お値段は19600yenになります。トレーニングですので気になる方はご検討ください。,19600,スポーツ
L01026,※返品不可レディース セット 難あり,難ありな状態でお譲りします。お値段は20000yenになります。取説付ですので気になる方はご検討ください。,20000,ファッション
L02514,【最終値下げ】軽量 イヤホン 難あり,"難ありな状態でお譲りします。お値段は29,400円になります。美品ですので気になる方はご検討ください。",29400,家電
L01448,※返品不可未開封 プラモデル 傷あり,プラモデルです。傷あり。３８８００ｙｅｎ。値下げ交渉可。,38800,ホビー
L03052,《まとめ買い歓迎》対象年齢3歳 ジャンク品 ほぼ新品,<br>ほぼ新品な状態でお譲りします。お値段は¥26600になります。箱ありですので気になる方はご検討ください。</b>,26600,ベビー・キッズ
L04843,◆匿名配送◆帯付き 画集 美品✨,<br>美品な状態でお譲りします。お値段は20100yenになります。ペットなしですので気になる方はご検討ください。</b>,20100,本・音楽
L04971,未開封 ラジコン ほぼ新品🔥,&nbsp;ラジコンです。ほぼ新品。２１６００ｙｅｎ。未開封。<br>,21600,ホビー
L01050,未開封 トレカ 状態良好✨,パズルです。状態良好。17400yen。初回特典。,17400,ホビー
L00279,!!値下げしました!!喫煙者なし ジャケット ほぼ新品,ブーツです。ほぼ新品。27000 円。取説付。,27000,ファッション
L03743,塗装済 ギター ほぼ新品,ギターです。ほぼ新品。¥18000。即決。,18000,ホビー
L00880,★即日発送★軽量 一式 美品,美品な状態でお譲りします。お値段は¥5100になります。静音ですので気になる方はご検討ください。,5100,家電
L02366,!!値下げしました!!古着 セット used,<b>usedな状態でお譲りします。お値段は34100yenになります。レディースですので気になる方はご検討ください。<br>,34100,ファッション
L02476,《まとめ買い歓迎》静音 冷蔵庫 難あり,"<b>難ありな状態でお譲りします。お値段は17,800円になります。節電ですので気になる方はご検討ください。<br>",17800,家電
L01887,《まとめ買い歓迎》箱あり ブーツ ほぼ新品✨⭐,デニムです。ほぼ新品。¥35400。自宅保管。,35400,ファッション
L04768,古着 スニーカー 美品,"<b>美品な状態でお譲りします。お値段は19,000円になります。メンズですので気になる方はご検討ください。&amp;",19000,ファッション
L04881,【送料無料】ＴＶ テレビ 難あり🔥⭐,ドライヤーです。難あり。２５２００ｙｅｎ。リモコン付。,25200,家電
L00470,《まとめ買い歓迎》喫煙者なし ﾎﾞｰﾄﾞｹﾞｰﾑ 状態良好,&nbsp;画材です。状態良好。8000yen。塗装済。<br>,8000,ホビー
L03229,２７ｃｍ ﾖｶﾞﾏｯﾄ ｕｓｅｄ,&nbsp;ｕｓｅｄな状態でお譲りします。お値段は３８６００ 円になります。屋外用ですので気になる方はご検討ください。&amp;,38600,スポーツ
L03435,◆匿名配送◆1/144 プラモデル ほぼ新品🎁✨💯,"<b>プラモデルです。ほぼ新品。17,700円。塗装済。</b>",17700,ホビー
L00550,取説付 ﾜﾝﾋﾟｰｽ 難あり,難ありな状態でお譲りします。お値段は¥26800になります。取説付ですので気になる方はご検討ください。,26800,ファッション
L01668,※返品不可リモコン付 ドライヤー 難あり,"難ありな状態でお譲りします。お値段は6,600円になります。喫煙者なしですので気になる方はご検討ください。",6600,家電
L04384,!!値下げしました!!新生児 本体のみ ほぼ新品,"<br>ほぼ新品な状態でお譲りします。お値段は15,200円になります。軽量ですので気になる方はご検討ください。</b>",15200,ベビー・キッズ
L02323,《まとめ買い歓迎》メンズ 一式 傷あり🔥🎁,傷ありな状態でお譲りします。お値段は14300yenになります。ヴィンテージですので気になる方はご検討ください。,14300,ファッション
L03865,美品 単行本 美品,レコードです。美品。8700yen。全巻。,8700,本・音楽
L04124,《まとめ買い歓迎》メンズ セット ほぼ新品,ほぼ新品な状態でお譲りします。お値段は12500yenになります。Mサイズですので気になる方はご検討ください。,12500,ファッション
L02706,【最終値下げ】部活 セット 傷あり,"傷ありな状態でお譲りします。お値段は16,900円になります。美品ですので気になる方はご検討ください。",16900,スポーツ
L01434,静音   ドライヤー   ほぼ新品🎁🔥,<b>空気清浄機です。ほぼ新品。¥4500。4K。<br>,4500,家電
L01920,◆匿名配送◆節電 付属品あり 美品,<b>美品な状態でお譲りします。お値段は23000 円になります。TVですので気になる方はご検討ください。</b>,23000,家電
L00332,値下げ交渉可 写真集 難あり,プラモデルです。難あり。30700 円。自宅保管。,30700,ホビー
L04273,塗装済 ジャンク品 難あり,難ありな状態でお譲りします。お値段は¥１０６００になります。美品ですので気になる方はご検討ください。,10600,ホビー
L01566,★即日発送★4K テレビ ほぼ新品,掃除機です。ほぼ新品。¥18500。静音。,18500,家電
L03263,【送料無料】リモコン付   スピーカー   状態良好,状態良好な状態でお譲りします。お値段は¥23500になります。即決ですので気になる方はご検討ください。,23500,家電
L00167,未開封 パズル 難あり✨,ボードゲームです。難あり。38500yen。自宅保管。,38500,ホビー
L00702,◆匿名配送◆取説付 シューズ 傷あり💯,傷ありな状態でお譲りします。お値段は34000yenになります。自宅保管ですので気になる方はご検討ください。,34000,ファッション
L02008,限定版 プラモデル 難あり,"フィギュアです。難あり。17,500円。限定版。",17500,ホビー
L01297,喫煙者なし   テレビ   状態良好,<b>状態良好な状態でお譲りします。お値段は700 円になります。値下げ交渉可ですので気になる方はご検討ください。</b>,700,家電
L00174,※返品不可27cm ウェア 傷あり,傷ありな状態でお譲りします。お値段は28600 円になります。喫煙者なしですので気になる方はご検討ください。,28600,スポーツ
L01705,箱あり チャイルドシート 状態良好🎁,状態良好な状態でお譲りします。お値段は35400 円になります。即決ですので気になる方はご検討ください。,35400,ベビー・キッズ
L01634,※返品不可古着 ｼｭｰｽﾞ used,"デニムです。used。30,000円。取説付。",30000,ファッション
L01266,即決 ドライヤー 難あり,電子レンジです。難あり。¥20400。即決。,20400,家電
L02469,【最終値下げ】値下げ交渉可 写真集 傷あり✨✨,傷ありな状態でお譲りします。お値段は¥11500になります。サイン入りですので気になる方はご検討ください。,11500,本・音楽
L00912,※返品不可インバーター 電子レンジ 難あり🎁,洗濯機です。難あり。¥32100。TV。,32100,家電
L00902,※返品不可27cm まとめ売り 難あり,難ありな状態でお譲りします。お値段は22700yenになります。部活ですので気になる方はご検討ください。,22700,スポーツ
L01442,◆匿名配送◆ペットなし ボードゲーム 状態良好,&nbsp;状態良好な状態でお譲りします。お値段は¥３７４００になります。喫煙者なしですので気になる方はご検討ください。</b>,37400,ホビー
L01685,★即日発送★美品   パズル   傷あり,傷ありな状態でお譲りします。お値段は¥16100になります。限定版ですので気になる方はご検討ください。,16100,ホビー
L03816,箱あり   ﾌィｷﾞｭｱ   used,usedな状態でお譲りします。お値段は28400yenになります。箱ありですので気になる方はご検討ください。,28400,ホビー
L00640,※返品不可ｺﾚｸｼｮﾝ 付属品あり 傷あり,"<b>傷ありな状態でお譲りします。お値段は39,200円になります。取説付ですので気になる方はご検討ください。</b>",39200,ホビー
L01766,【最終値下げ】厚底 中古品 状態良好,"<b>状態良好な状態でお譲りします。お値段は３４,８００円になります。自宅保管ですので気になる方はご検討ください。&amp;",34800,ファッション
L02433,※返品不可硬式 ｸﾞﾛｰﾌﾞ ｕｓｅｄ,<br>自転車です。ｕｓｅｄ。¥３７７００。値下げ交渉可。<br>,37700,スポーツ
L03702,塗装済 フィギュア 傷あり⭐🎁🔥,トレカです。傷あり。¥4700。未開封。,4700,ホビー
L04455,省エネ 付属品あり 傷あり,傷ありな状態でお譲りします。お値段は29200yenになります。TVですので気になる方はご検討ください。,29200,家電
L03059,動作確認済 画集 状態良好,<br>状態良好な状態でお譲りします。お値段は１８９００ｙｅｎになります。サイン入りですので気になる方はご検討ください。&amp;,18900,本・音楽
L03279,ｻｲﾝ入り まとめ売り 難あり,&nbsp;難ありな状態でお譲りします。お値段は１１８００ｙｅｎになります。初版ですので気になる方はご検討ください。&amp;,11800,本・音楽
L00796,【最終値下げ】インバーター   冷蔵庫   傷あり,<b>傷ありな状態でお譲りします。お値段は34100 円になります。インバーターですので気になる方はご検討ください。&amp;,34100,家電
L02112,※返品不可厚底 一式 ほぼ新品🎁✨,ほぼ新品な状態でお譲りします。お値段は2600yenになります。軽量ですので気になる方はご検討ください。,2600,ファッション
L01139,!!値下げしました!!即決 セット 状態良好,"<br>状態良好な状態でお譲りします。お値段は３４,２００円になります。美品ですので気になる方はご検討ください。</b>",34200,ファッション
L01105,【最終値下げ】Mサイズ セット 傷あり,<br>傷ありな状態でお譲りします。お値段は¥12400になります。厚底ですので気になる方はご検討ください。</b>,12400,ファッション
L04076,!!値下げしました!!ﾍﾟｯﾄなし ﾗｼﾞｺﾝ 難あり,<b>難ありな状態でお譲りします。お値段は13100 円になります。喫煙者なしですので気になる方はご検討ください。<br>,13100,ホビー
L00018,【最終値下げ】27cm まとめ売り 美品💯🔥⭐,美品な状態でお譲りします。お値段は22500yenになります。27cmですので気になる方はご検討ください。,22500,スポーツ
L03230,厚底   中古品   難あり,<br>難ありな状態でお譲りします。お値段は11800yenになります。古着ですので気になる方はご検討ください。&amp;,11800,ファッション
L03532,※返品不可省エネ 冷蔵庫 ほぼ新品,<br>ほぼ新品な状態でお譲りします。お値段は¥18400になります。美品ですので気になる方はご検討ください。&amp;,18400,家電
L00328,箱あり   イヤホン   ｕｓｅｄ,スピーカーです。ｕｓｅｄ。１０３００ｙｅｎ。省エネ。,10300,家電
L04317,【最終値下げ】対象年齢3歳 ﾁｬｲﾙﾄﾞｼｰﾄ 美品,美品な状態でお譲りします。お値段は¥15700になります。軽量ですので気になる方はご検討ください。,15700,ベビー・キッズ
L02148,厚底   中古品   used,usedな状態でお譲りします。お値段は¥10800になります。Mサイズですので気になる方はご検討ください。,10800,ファッション
L01597,◆匿名配送◆トレーニング ヨガマット ほぼ新品⭐⭐,<b>ほぼ新品な状態でお譲りします。お値段は38300 円になります。部活ですので気になる方はご検討ください。<br>,38300,スポーツ
L04107,◆匿名配送◆初版   参考書   状態良好✨✨,単行本です。状態良好。29100yen。喫煙者なし。,29100,本・音楽
L01436,《まとめ買い歓迎》リモコン付 テレビ 美品⭐🔥,"<b>洗濯機です。美品。38,000円。静音。<br>",38000,家電
L00893,安全基準適合 絵本 状態良好,&nbsp;状態良好な状態でお譲りします。お値段は¥28100になります。軽量ですので気になる方はご検討ください。&amp;,28100,ベビー・キッズ
L01666,【最終値下げ】対象年齢3歳 チャイルドシート used💯💯⭐,<br>絵本です。used。¥35100。洗える。&amp;,35100,ベビー・キッズ
L02523,箱あり 帽子 傷あり,<b>傷ありな状態でお譲りします。お値段は7200 円になります。厚底ですので気になる方はご検討ください。&amp;,7200,ファッション
L00833,※返品不可ヴィンテージ   中古品   状態良好,<b>状態良好な状態でお譲りします。お値段は¥7600になります。自宅保管ですので気になる方はご検討ください。&amp;,7600,ファッション
L00467,塗装済 ジャンク品 状態良好,&nbsp;状態良好な状態でお譲りします。お値段は２５７００ｙｅｎになります。１／１４４ですので気になる方はご検討ください。&amp;,25700,ホビー
L04817,硬式 シューズ 傷あり🔥⭐🔥,傷ありな状態でお譲りします。お値段は¥18000になります。動作確認済ですので気になる方はご検討ください。,18000,スポーツ
L01517,《まとめ買い歓迎》美品 エアコン ｕｓｅｄ,&nbsp;ｕｓｅｄな状態でお譲りします。お値段は¥３２６００になります。リモコン付ですので気になる方はご検討ください。</b>,32600,家電
L02443,★即日発送★軽量 詰め合わせ 傷あり,&nbsp;傷ありな状態でお譲りします。お値段は¥21600になります。軽量ですので気になる方はご検討ください。<br>,21600,ベビー・キッズ
L01332,◆匿名配送◆ペットなし 帽子 ほぼ新品,&nbsp;スニーカーです。ほぼ新品。３２５００ 円。厚底。&amp;,32500,ファッション
L04138,未開封   画材   ほぼ新品,<b>ほぼ新品な状態でお譲りします。お値段は20300yenになります。喫煙者なしですので気になる方はご検討ください。<br>,20300,ホビー
L02035,◆匿名配送◆箱あり 洗濯機 used,"<br>usedな状態でお譲りします。お値段は39,000円になります。軽量ですので気になる方はご検討ください。</b>",39000,家電
L04912,軽量 ラジコン 難あり,"<br>難ありな状態でお譲りします。お値段は３７,３００円になります。軽量ですので気になる方はご検討ください。<br>",37300,ホビー
L01270,27cm シューズ 傷あり,傷ありな状態でお譲りします。お値段は¥2600になります。硬式ですので気になる方はご検討ください。,2600,スポーツ
L04104,ｻｲﾝ入り ｼﾞｬﾝｸ品 難あり,<b>難ありな状態でお譲りします。お値段は25200 円になります。初版ですので気になる方はご検討ください。</b>,25200,本・音楽
L00985,限定版 ラジコン ほぼ新品,プラモデルです。ほぼ新品。34100yen。コレクション。,34100,ホビー
L02747,!!値下げしました!!古着 中古品 used✨✨💯,usedな状態でお譲りします。お値段は¥25000になります。メンズですので気になる方はご検討ください。,25000,ファッション
L02831,《まとめ買い歓迎》ペットなし 炊飯器 used,&nbsp;テレビです。used。¥15200。TV。&amp;,15200,家電
L01797,軽量 ブーツ used🎁,<b>帽子です。used。¥900。古着。&amp;,900,ファッション
L04740,ペットなし   炊飯器   ほぼ新品,空気清浄機です。ほぼ新品。４５００ 円。節電。,4500,家電
L01718,【最終値下げ】Mサイズ デニム 状態良好,状態良好な状態でお譲りします。お値段は37500 円になります。厚底ですので気になる方はご検討ください。,37500,ファッション
L02553,【最終値下げ】トレーニング スパイク 状態良好,&nbsp;ランニングシューズです。状態良好。30900 円。軽量。<br>,30900,スポーツ
L02699,【最終値下げ】厚底 バッグ used🎁🔥,"usedな状態でお譲りします。お値段は12,100円になります。古着ですので気になる方はご検討ください。",12100,ファッション
L02676,◆匿名配送◆屋外用 ウェア used,グローブです。used。26200 円。軽量。,26200,スポーツ
L02244,インバーター 訳あり品 状態良好,"状態良好な状態でお譲りします。お値段は3,100円になります。静音ですので気になる方はご検討ください。",3100,家電
L03221,屋外用 ｸﾞﾛｰﾌﾞ 状態良好,状態良好な状態でお譲りします。お値段は5500 円になります。トレーニングですので気になる方はご検討ください。,5500,スポーツ
L02897,自宅保管 ダンベル 傷あり💯🔥,シューズです。傷あり。33400 円。トレーニング。,33400,スポーツ
L03629,レディース 付属品あり 傷あり,"傷ありな状態でお譲りします。お値段は19,700円になります。Mサイズですので気になる方はご検討ください。",19700,ファッション
L01141,硬式 ランニングシューズ 美品,<br>美品な状態でお譲りします。お値段は700yenになります。美品ですので気になる方はご検討ください。&amp;,700,スポーツ
L04877,屋外用 まとめ売り used,"usedな状態でお譲りします。お値段は35,600円になります。硬式ですので気になる方はご検討ください。",35600,スポーツ
L03045,《まとめ買い歓迎》厚底 一式 美品💯🔥,美品な状態でお譲りします。お値段は¥２１２００になります。美品ですので気になる方はご検討ください。,21200,ファッション
L04862,軽量 ブーツ 傷あり,<b>傷ありな状態でお譲りします。お値段は¥4600になります。厚底ですので気になる方はご検討ください。&amp;,4600,ファッション
L01118,【送料無料】限定版 中古品 傷あり,<b>傷ありな状態でお譲りします。お値段は¥20800になります。限定版ですので気になる方はご検討ください。</b>,20800,ホビー
L03966,ｻｲﾝ入り ｾｯﾄ ほぼ新品,<b>ほぼ新品な状態でお譲りします。お値段は２１３００ｙｅｎになります。初版ですので気になる方はご検討ください。</b>,21300,本・音楽
L02473,取説付 ﾗｼﾞｺﾝ ほぼ新品,"&nbsp;ギターです。ほぼ新品。１,６００円。初回特典。</b>",1600,ホビー
L02617,【最終値下げ】インバーター 空気清浄機 傷あり🎁💯,&nbsp;傷ありな状態でお譲りします。お値段は21600 円になります。インバーターですので気になる方はご検討ください。</b>,21600,家電
L02259,即決 ワンピース 美品⭐⭐,<b>美品な状態でお譲りします。お値段は¥22000になります。喫煙者なしですので気になる方はご検討ください。&amp;,22000,ファッション
L01641,※返品不可4K まとめ売り ほぼ新品,ほぼ新品な状態でお譲りします。お値段は11500 円になります。リモコン付ですので気になる方はご検討ください。,11500,家電
L01983,自宅保管 ドライヤー ほぼ新品,"<b>冷蔵庫です。ほぼ新品。36,700円。TV。<br>",36700,家電
L03151,★即日発送★動作確認済 画材 美品✨💯,"ラジコンです。美品。2,800円。美品。",2800,ホビー
L01365,【最終値下げ】即決   コート   ほぼ新品,ほぼ新品な状態でお譲りします。お値段は9400yenになります。厚底ですので気になる方はご検討ください。,9400,ファッション
L04709,美品 本体のみ 難あり,<br>難ありな状態でお譲りします。お値段は¥32300になります。4Kですので気になる方はご検討ください。<br>,32300,家電
L01157,!!値下げしました!!部活   訳あり品   美品,<br>美品な状態でお譲りします。お値段は１１８００ｙｅｎになります。硬式ですので気になる方はご検討ください。&amp;,11800,スポーツ
L00895,部活 訳あり品 傷あり,傷ありな状態でお譲りします。お値段は2600yenになります。軽量ですので気になる方はご検討ください。,2600,スポーツ
L03771,【送料無料】洗える 訳あり品 ほぼ新品,ほぼ新品な状態でお譲りします。お値段は¥8500になります。動作確認済ですので気になる方はご検討ください。,8500,ベビー・キッズ
L02664,屋外用   訳あり品   ｕｓｅｄ✨💯,ｕｓｅｄな状態でお譲りします。お値段は¥４１００になります。ペットなしですので気になる方はご検討ください。,4100,スポーツ
L02006,※返品不可厚底 スニーカー 状態良好,ジャケットです。状態良好。¥12000。Mサイズ。,12000,ファッション
L04284,メンズ ワンピース 難あり,"難ありな状態でお譲りします。お値段は37,900円になります。Mサイズですので気になる方はご検討ください。",37900,ファッション
L00593,TV ｼﾞｬﾝｸ品 難あり⭐💯,<b>難ありな状態でお譲りします。お値段は300yenになります。4Kですので気になる方はご検討ください。<br>,300,家電
L01677,初版 詰め合わせ ほぼ新品,<br>ほぼ新品な状態でお譲りします。お値段は１８４００ 円になります。帯付きですので気になる方はご検討ください。&amp;,18400,本・音楽
L01954,◆匿名配送◆１／１４４ ﾗｼﾞｺﾝ 難あり⭐🎁✨,&nbsp;難ありな状態でお譲りします。お値段は３７４００ｙｅｎになります。塗装済ですので気になる方はご検討ください。</b>,37400,ホビー
L03935,自宅保管 スピーカー 状態良好,"空気清浄機です。状態良好。31,000円。TV。",31000,家電
L00501,◆匿名配送◆インバーター 冷蔵庫 状態良好,冷蔵庫です。状態良好。24200 円。動作確認済。,24200,家電
L04373,【送料無料】軽量 トレカ 状態良好,"&nbsp;状態良好な状態でお譲りします。お値段は3,000円になります。1/144ですので気になる方はご検討ください。&amp;",3000,ホビー
L04382,《まとめ買い歓迎》軽量 ヨガマット ｕｓｅｄ,ｕｓｅｄな状態でお譲りします。お値段は¥３６２００になります。硬式ですので気になる方はご検討ください。,36200,スポーツ
L00980,静音 まとめ売り 美品,美品な状態でお譲りします。お値段は¥5000になります。節電ですので気になる方はご検討ください。,5000,家電
L00248,!!値下げしました!!廃盤 ｾｯﾄ used⭐🔥⭐,"usedな状態でお譲りします。お値段は3,800円になります。帯付きですので気になる方はご検討ください。",3800,本・音楽
L00393,!!値下げしました!!静音 洗濯機 ｕｓｅｄ,"エアコンです。ｕｓｅｄ。２１,４００円。省エネ。",21400,家電
L00810,【最終値下げ】ヴィンテージ コート 傷あり,傷ありな状態でお譲りします。お値段は9200yenになります。厚底ですので気になる方はご検討ください。,9200,ファッション
L01600,厚底 バッグ 美品⭐🎁,スニーカーです。美品。¥16000。ヴィンテージ。,16000,ファッション
L02445,動作確認済 まとめ売り used,&nbsp;usedな状態でお譲りします。お値段は¥28900になります。軽量ですので気になる方はご検討ください。</b>,28900,ベビー・キッズ
L02103,※返品不可コレクション フィギュア ほぼ新品,ほぼ新品な状態でお譲りします。お値段は¥32200になります。1/144ですので気になる方はご検討ください。,32200,ホビー
L04050,ﾍﾟｯﾄなし 電子ﾚﾝｼﾞ ほぼ新品✨💯💯,&nbsp;洗濯機です。ほぼ新品。23000yen。軽量。</b>,23000,家電
L02400,【送料無料】箱あり   本体のみ   難あり,難ありな状態でお譲りします。お値段は¥３１０００になります。帯付きですので気になる方はご検討ください。,31000,本・音楽
L01734,節電   イヤホン   used🔥✨💯,<b>空気清浄機です。used。29200yen。省エネ。</b>,29200,家電
L04369,取説付   ジャンク品   ほぼ新品💯,ほぼ新品な状態でお譲りします。お値段は３８００ 円になります。部活ですので気になる方はご検討ください。,3800,スポーツ
L03457,【送料無料】軽量   訳あり品   状態良好,"状態良好な状態でお譲りします。お値段は22,200円になります。屋外用ですので気になる方はご検討ください。",22200,スポーツ
L02051,!!値下げしました!!硬式 本体のみ ほぼ新品,<b>ほぼ新品な状態でお譲りします。お値段は¥10900になります。美品ですので気になる方はご検討ください。<br>,10900,スポーツ
L00400,節電 冷蔵庫 used⭐✨,イヤホンです。used。8300 円。リモコン付。,8300,家電
L03528,!!値下げしました!!喫煙者なし ﾗｼﾞｺﾝ ｕｓｅｄ💯✨✨,"<b>ｕｓｅｄな状態でお譲りします。お値段は３,２００円になります。値下げ交渉可ですので気になる方はご検討ください。</b>",3200,ホビー
L02703,軽量 ﾁｬｲﾙﾄﾞｼｰﾄ used💯⭐🎁,"ベビー服です。used。14,400円。新生児。",14400,ベビー・キッズ
L04280,!!値下げしました!!即決 レコード 難あり🎁,"<br>画集です。難あり。２２,３００円。全巻。<br>",22300,本・音楽
L00196,!!値下げしました!!即決 セット 状態良好,<b>状態良好な状態でお譲りします。お値段は¥15500になります。値下げ交渉可ですので気になる方はご検討ください。</b>,15500,ホビー
L03066,※返品不可帯付き まとめ売り 状態良好,状態良好な状態でお譲りします。お値段は３７８００ｙｅｎになります。初版ですので気になる方はご検討ください。,37800,本・音楽
L04961,【最終値下げ】美品 まとめ売り 傷あり,傷ありな状態でお譲りします。お値段は¥６３００になります。帯付きですので気になる方はご検討ください。,6300,本・音楽
L03920,値下げ交渉可 ﾃﾚﾋﾞ used,スピーカーです。used。26500yen。節電。,26500,家電
L00590,箱あり シャツ 美品,"美品な状態でお譲りします。お値段は26,800円になります。古着ですので気になる方はご検討ください。",26800,ファッション
L03656,★即日発送★メンズ バッグ 難あり,帽子です。難あり。¥16500。即決。,16500,ファッション
L00334,【最終値下げ】動作確認済 デニム 傷あり🎁✨,"&nbsp;デニムです。傷あり。２１,５００円。厚底。<br>",21500,ファッション
L02971,レディース シャツ 傷あり,シャツです。傷あり。¥24700。Mサイズ。,24700,ファッション
L00938,コレクション 画材 ｕｓｅｄ,ｕｓｅｄな状態でお譲りします。お値段は３６８００ 円になります。初回特典ですので気になる方はご検討ください。,36800,ホビー
L00059,★即日発送★即決 エアコン 美品⭐,"<b>電子レンジです。美品。37,000円。インバーター。&amp;",37000,家電
L01714,《まとめ買い歓迎》節電 一式 used💯,&nbsp;usedな状態でお譲りします。お値段は36000yenになります。TVですので気になる方はご検討ください。&amp;,36000,家電
L03000,★即日発送★Mｻｲｽﾞ   ﾌﾞｰﾂ   状態良好,"状態良好な状態でお譲りします。お値段は24,200円になります。箱ありですので気になる方はご検討ください。",24200,ファッション
L03327,名盤 詰め合わせ ほぼ新品,&nbsp;ほぼ新品な状態でお譲りします。お値段は25800yenになります。初版ですので気になる方はご検討ください。&amp;,25800,本・音楽
L04508,レディース セット 傷あり,"傷ありな状態でお譲りします。お値段は29,200円になります。ヴィンテージですので気になる方はご検討ください。",29200,ファッション
L04675,値下げ交渉可 炊飯器 used,"空気清浄機です。used。30,100円。静音。",30100,家電
L04437,省エネ 冷蔵庫 used,テレビです。used。28000yen。即決。,28000,家電
L01005,!!値下げしました!!未開封 画材 美品,&nbsp;美品な状態でお譲りします。お値段は31300 円になります。喫煙者なしですので気になる方はご検討ください。&amp;,31300,ホビー
L00454,ペットなし ウェア 傷あり,&nbsp;傷ありな状態でお譲りします。お値段は¥6100になります。27cmですので気になる方はご検討ください。&amp;,6100,スポーツ
L04090,★即日発送★レディース   中古品   状態良好,&nbsp;状態良好な状態でお譲りします。お値段は６７００ 円になります。メンズですので気になる方はご検討ください。</b>,6700,ファッション
L01314,【送料無料】インバーター エアコン ほぼ新品✨,"ほぼ新品な状態でお譲りします。お値段は11,700円になります。4Kですので気になる方はご検討ください。",11700,家電
L01184,メンズ ワンピース 美品,&nbsp;帽子です。美品。32100 円。厚底。<br>,32100,ファッション
L04874,!!値下げしました!!部活 ウェア 難あり💯⭐✨,難ありな状態でお譲りします。お値段は２６６００ 円になります。動作確認済ですので気になる方はご検討ください。,26600,スポーツ
L02866,◆匿名配送◆名盤 訳あり品 難あり🔥✨✨,難ありな状態でお譲りします。お値段は39800yenになります。ペットなしですので気になる方はご検討ください。,39800,本・音楽
L03767,美品 訳あり品 used,"&nbsp;usedな状態でお譲りします。お値段は23,700円になります。未開封ですので気になる方はご検討ください。<br>",23700,ホビー
L04038,安全基準適合   抱っこ紐   状態良好🎁✨,状態良好な状態でお譲りします。お値段は17000yenになります。洗えるですので気になる方はご検討ください。,17000,ベビー・キッズ
L03029,!!値下げしました!!箱あり ﾗｹｯﾄ 状態良好,"自転車です。状態良好。6,900円。トレーニング。",6900,スポーツ
L04983,◆匿名配送◆動作確認済 ﾜﾝﾋﾟｰｽ 傷あり🎁🎁🎁,"バッグです。傷あり。１７,６００円。レディース。",17600,ファッション
L02239,メンズ コート ほぼ新品🎁🎁,ほぼ新品な状態でお譲りします。お値段は５６００ｙｅｎになります。古着ですので気になる方はご検討ください。,5600,ファッション
L04849,【送料無料】リモコン付 一式 ほぼ新品🔥,<b>ほぼ新品な状態でお譲りします。お値段は14200yenになります。インバーターですので気になる方はご検討ください。<br>,14200,家電
L03243,【最終値下げ】喫煙者なし 中古品 ほぼ新品,ほぼ新品な状態でお譲りします。お値段は12400 円になります。静音ですので気になる方はご検討ください。,12400,家電
L01103,自宅保管 付属品あり 状態良好,状態良好な状態でお譲りします。お値段は28300 円になります。Mサイズですので気になる方はご検討ください。,28300,ファッション
L04392,塗装済 写真集 美品⭐✨🔥,<b>写真集です。美品。８３００ 円。塗装済。&amp;,8300,ホビー
L04408,!!値下げしました!!トレーニング ランニングシューズ 傷あり,ヨガマットです。傷あり。4500 円。硬式。,4500,スポーツ
L03105,!!値下げしました!!厚底 帽子 ほぼ新品,ほぼ新品な状態でお譲りします。お値段は２１５００ｙｅｎになります。自宅保管ですので気になる方はご検討ください。,21500,ファッション
L02314,全巻 スピーカー 傷あり,&nbsp;傷ありな状態でお譲りします。お値段は３３００ 円になります。廃盤ですので気になる方はご検討ください。&amp;,3300,本・音楽
L03914,《まとめ買い歓迎》帯付き 画集 ほぼ新品,画集です。ほぼ新品。5400 円。喫煙者なし。,5400,本・音楽
L04954,※返品不可トレーニング シューズ 傷あり,&nbsp;傷ありな状態でお譲りします。お値段は26700yenになります。取説付ですので気になる方はご検討ください。<br>,26700,スポーツ
L00450,未開封 画材 used,usedな状態でお譲りします。お値段は38800 円になります。未開封ですので気になる方はご検討ください。,38800,ホビー
L04304,◆匿名配送◆レディース スニーカー used⭐💯🎁,コートです。used。¥39400。ペットなし。,39400,ファッション
L02290,ﾍﾟｯﾄなし ｼﾞｬﾝｸ品 ほぼ新品💯🎁,&nbsp;ほぼ新品な状態でお譲りします。お値段は¥2900になります。箱ありですので気になる方はご検討ください。</b>,2900,家電
L02663,塗装済 詰め合わせ 傷あり,<br>傷ありな状態でお譲りします。お値段は19200 円になります。即決ですので気になる方はご検討ください。&amp;,19200,ホビー
L02720,部活 一式 ほぼ新品,"&nbsp;ほぼ新品な状態でお譲りします。お値段は31,700円になります。27cmですので気になる方はご検討ください。&amp;",31700,スポーツ
L03108,《まとめ買い歓迎》喫煙者なし ﾚｺｰﾄﾞ 傷あり,<b>傷ありな状態でお譲りします。お値段は14200yenになります。値下げ交渉可ですので気になる方はご検討ください。&amp;,14200,本・音楽
L03074,◆匿名配送◆ｺﾚｸｼｮﾝ 付属品あり 美品💯✨,美品な状態でお譲りします。お値段は¥27900になります。値下げ交渉可ですので気になる方はご検討ください。,27900,ホビー
L01938,リモコン付 空気清浄機 状態良好,<br>状態良好な状態でお譲りします。お値段は¥34400になります。4Kですので気になる方はご検討ください。<br>,34400,家電
L04470,!!値下げしました!!未開封   パズル   ｕｓｅｄ,"フィギュアです。ｕｓｅｄ。５,２００円。コレクション。",5200,ホビー
L03551,★即日発送★TV 冷蔵庫 美品,"空気清浄機です。美品。14,600円。喫煙者なし。",14600,家電
L02312,※返品不可喫煙者なし 楽譜 美品,<b>美品な状態でお譲りします。お値段は３０６００ 円になります。値下げ交渉可ですので気になる方はご検討ください。<br>,30600,本・音楽
L00817,美品   本体のみ   ほぼ新品,"ほぼ新品な状態でお譲りします。お値段は7,200円になります。部活ですので気になる方はご検討ください。",7200,スポーツ
L04425,未開封 画材 難あり,パズルです。難あり。1800 円。値下げ交渉可。,1800,ホビー
L03374,※返品不可ﾚﾃﾞィｰｽ 中古品 難あり🎁🔥,<br>難ありな状態でお譲りします。お値段は36900yenになります。古着ですので気になる方はご検討ください。<br>,36900,ファッション
L01269,ヴィンテージ シューズ ほぼ新品,<br>シューズです。ほぼ新品。¥11200。Mサイズ。<br>,11200,ファッション
L00027,箱あり   本体のみ   状態良好💯,&nbsp;状態良好な状態でお譲りします。お値段は¥2100になります。喫煙者なしですので気になる方はご検討ください。<br>,2100,ホビー
L01790,1/144 一式 難あり,難ありな状態でお譲りします。お値段は27500 円になります。初回特典ですので気になる方はご検討ください。,27500,ホビー
L01341,静音   ﾃﾚﾋﾞ   傷あり,&nbsp;空気清浄機です。傷あり。1600yen。リモコン付。<br>,1600,家電
L03851,【送料無料】ヴィﾝﾃｰｼﾞ ｼｭｰｽﾞ 傷あり,"&nbsp;傷ありな状態でお譲りします。お値段は３３,２００円になります。古着ですので気になる方はご検討ください。</b>",33200,ファッション
L03737,【送料無料】自宅保管 パズル ｕｓｅｄ✨,<b>ｕｓｅｄな状態でお譲りします。お値段は３６６００ｙｅｎになります。軽量ですので気になる方はご検討ください。</b>,36600,ホビー
L04262,※返品不可レディース   バッグ   難あり,帽子です。難あり。22000yen。レディース。,22000,ファッション
L01132,※返品不可初回特典 ｷﾞﾀｰ 状態良好✨,<br>状態良好な状態でお譲りします。お値段は¥9600になります。軽量ですので気になる方はご検討ください。<br>,9600,ホビー
L01589,!!値下げしました!!即決 ジャンク品 used,"<br>usedな状態でお譲りします。お値段は27,500円になります。未開封ですので気になる方はご検討ください。<br>",27500,ホビー
L00653,※返品不可古着 ジャケット 傷あり,傷ありな状態でお譲りします。お値段は700円になります。メンズですので気になる方はご検討ください。,700,ファッション
L03538,★即日発送★箱あり 写真集 美品,"美品な状態でお譲りします。お値段は13,600円になります。サイン入りですので気になる方はご検討ください。",13600,本・音楽
L02552,【送料無料】軽量 本体のみ 傷あり,傷ありな状態でお譲りします。お値段は36700yenになります。値下げ交渉可ですので気になる方はご検討ください。,36700,家電
L03913,※返品不可軽量   ﾃﾞﾆﾑ   状態良好,状態良好な状態でお譲りします。お値段は３１３００ 円になります。厚底ですので気になる方はご検討ください。,31300,ファッション
L02870,《まとめ買い歓迎》初版 付属品あり 状態良好,状態良好な状態でお譲りします。お値段は10500 円になります。廃盤ですので気になる方はご検討ください。,10500,本・音楽
L03550,◆匿名配送◆動作確認済 ﾄﾚｶ ｕｓｅｄ⭐🔥⭐,&nbsp;ｕｓｅｄな状態でお譲りします。お値段は３８３００ｙｅｎになります。軽量ですので気になる方はご検討ください。</b>,38300,ホビー
L04723,ペットなし 付属品あり 難あり💯,"難ありな状態でお譲りします。お値段は29,100円になります。部活ですので気になる方はご検討ください。",29100,スポーツ
L01576,!!値下げしました!!動作確認済   訳あり品   状態良好,<br>状態良好な状態でお譲りします。お値段は¥7100になります。箱ありですので気になる方はご検討ください。&amp;,7100,家電
L01719,1/144 画材 状態良好⭐🎁,状態良好な状態でお譲りします。お値段は¥39100になります。箱ありですので気になる方はご検討ください。,39100,ホビー
L02819,【送料無料】ﾘﾓｺﾝ付 電子ﾚﾝｼﾞ 美品⭐,エアコンです。美品。10200yen。インバーター。,10200,家電
L02807,※返品不可Mサイズ デニム 美品⭐⭐,ワンピースです。美品。¥3000。古着。,3000,ファッション
L00834,【最終値下げ】Ｍサイズ セット 難あり💯🎁,"難ありな状態でお譲りします。お値段は９,０００円になります。喫煙者なしですので気になる方はご検討ください。",9000,ファッション
L02621,!!値下げしました!!メンズ 中古品 状態良好,<b>状態良好な状態でお譲りします。お値段は14400 円になります。レディースですので気になる方はご検討ください。<br>,14400,ファッション
L03429,《まとめ買い歓迎》硬式 セット used,usedな状態でお譲りします。お値段は1700yenになります。硬式ですので気になる方はご検討ください。,1700,スポーツ
L02258,◆匿名配送◆メンズ 中古品 美品,"美品な状態でお譲りします。お値段は33,300円になります。古着ですので気になる方はご検討ください。",33300,ファッション
L01716,メンズ   スニーカー   美品,"&nbsp;シューズです。美品。３,８００円。古着。</b>",3800,ファッション
L01206,TV 一式 used,usedな状態でお譲りします。お値段は¥38400になります。TVですので気になる方はご検討ください。,38400,家電
L04281,美品 ｺｰﾄ 美品,<b>ワンピースです。美品。¥20600。即決。<br>,20600,ファッション
L00309,省エネ 洗濯機 状態良好,"掃除機です。状態良好。39,800円。自宅保管。",39800,家電
L03799,!!値下げしました!!軽量 詰め合わせ 傷あり,傷ありな状態でお譲りします。お値段は18600yenになります。洗えるですので気になる方はご検討ください。,18600,ベビー・キッズ
L03892,【最終値下げ】27cm ランニングシューズ ほぼ新品,ほぼ新品な状態でお譲りします。お値段は¥3100になります。軽量ですので気になる方はご検討ください。,3100,スポーツ
L00385,初回特典 ジャンク品 難あり,"<b>難ありな状態でお譲りします。お値段は25,800円になります。限定版ですので気になる方はご検討ください。<br>",25800,ホビー
L01995,未開封 ﾗｼﾞｺﾝ ほぼ新品,<br>ほぼ新品な状態でお譲りします。お値段は¥３２３００になります。値下げ交渉可ですので気になる方はご検討ください。<br>,32300,ホビー
L03497,4K 詰め合わせ 難あり,難ありな状態でお譲りします。お値段は11200 円になります。静音ですので気になる方はご検討ください。,11200,家電
L02322,★即日発送★自宅保管 電子ﾚﾝｼﾞ used,&nbsp;usedな状態でお譲りします。お値段は¥38600になります。TVですので気になる方はご検討ください。&amp;,38600,家電
L00642,※返品不可軽量 ﾌﾟﾗﾓﾃﾞﾙ 難あり✨,パズルです。難あり。¥１７６００。限定版。,17600,ホビー
L01853,値下げ交渉可 ワンピース 状態良好,ワンピースです。状態良好。２６８００ｙｅｎ。美品。,26800,ファッション
L00948,未開封 まとめ売り ほぼ新品🎁🔥,ほぼ新品な状態でお譲りします。お値段は¥２６１００になります。１／１４４ですので気になる方はご検討ください。,26100,ホビー
L01493,《まとめ買い歓迎》メンズ セット 傷あり💯💯,&nbsp;傷ありな状態でお譲りします。お値段は35200 円になります。即決ですので気になる方はご検討ください。<br>,35200,ファッション
L03817,※返品不可動作確認済 付属品あり 状態良好🔥✨,<br>状態良好な状態でお譲りします。お値段は２４４００ 円になります。静音ですので気になる方はご検討ください。</b>,24400,家電
L01523,!!値下げしました!!インバーター   エアコン   美品🎁✨,美品な状態でお譲りします。お値段は３９５００ 円になります。自宅保管ですので気になる方はご検討ください。,39500,家電
L04758,!!値下げしました!!4K テレビ ほぼ新品,掃除機です。ほぼ新品。15200yen。自宅保管。,15200,家電
L04260,ﾘﾓｺﾝ付 掃除機 ほぼ新品,"ほぼ新品な状態でお譲りします。お値段は３６,４００円になります。取説付ですので気になる方はご検討ください。",36400,家電
L03777,!!値下げしました!!取説付   エアコン   状態良好,<br>空気清浄機です。状態良好。¥16900。ペットなし。</b>,16900,家電
L01383,Mサイズ 中古品 used,"usedな状態でお譲りします。お値段は3,800円になります。Mサイズですので気になる方はご検討ください。",3800,ファッション
L00557,古着 シューズ 傷あり,傷ありな状態でお譲りします。お値段は４８００ｙｅｎになります。Ｍサイズですので気になる方はご検討ください。,4800,ファッション
L04847,★即日発送★即決 ｾｯﾄ 難あり💯🔥🔥,&nbsp;難ありな状態でお譲りします。お値段は38700yenになります。ヴィンテージですので気になる方はご検討ください。&amp;,38700,ファッション
L04570,厚底 コート ほぼ新品,&nbsp;ほぼ新品な状態でお譲りします。お値段は12600yenになります。取説付ですので気になる方はご検討ください。&amp;,12600,ファッション
L03348,廃盤 ｾｯﾄ 傷あり⭐🔥,"傷ありな状態でお譲りします。お値段は25,500円になります。喫煙者なしですので気になる方はご検討ください。",25500,本・音楽
L03701,!!値下げしました!!洗える 哺乳瓶 美品⭐🎁🎁,<br>美品な状態でお譲りします。お値段は30800yenになります。安全基準適合ですので気になる方はご検討ください。</b>,30800,ベビー・キッズ
L01787,部活 ジャンク品 ほぼ新品,ほぼ新品な状態でお譲りします。お値段は¥１７３００になります。値下げ交渉可ですので気になる方はご検討ください。,17300,スポーツ
L03874,即決 画集 状態良好⭐✨,状態良好な状態でお譲りします。お値段は12900 円になります。取説付ですので気になる方はご検討ください。,12900,本・音楽
L04202,Mｻｲｽﾞ   帽子   難あり,"<br>スニーカーです。難あり。23,600円。箱あり。&amp;",23600,ファッション
L03734,TV   ｲﾔﾎﾝ   難あり,テレビです。難あり。5200yen。即決。,5200,家電
L03402,!!値下げしました!!即決   中古品   used,"&nbsp;usedな状態でお譲りします。お値段は6,100円になります。即決ですので気になる方はご検討ください。&amp;",6100,ファッション
L01834,★即日発送★軽量   付属品あり   状態良好,<b>状態良好な状態でお譲りします。お値段は5100yenになります。メンズですので気になる方はご検討ください。</b>,5100,ファッション
L04598,【送料無料】軽量 詰め合わせ 美品✨✨⭐,美品な状態でお譲りします。お値段は¥１１１００になります。対象年齢３歳ですので気になる方はご検討ください。,11100,ベビー・キッズ
L01709,!!値下げしました!!箱あり 洗濯機 ほぼ新品,"<br>ドライヤーです。ほぼ新品。25,800円。リモコン付。<br>",25800,家電
L03976,◆匿名配送◆古着 コート 美品,デニムです。美品。18800 円。軽量。,18800,ファッション
