record_id,title,brand,model_code,color,bio,target
T00800,ハヤブサ 冷蔵庫 ホワイト Y487-14,ハヤブサ,Y487-14,ホワイト,B-BRAND I-BRAND I-BRAND I-BRAND O O O O O B-COLOR I-COLOR I-COLOR I-COLOR O B-MODEL I-MODEL I-MODEL I-MODEL I-MODEL I-MODEL I-MODEL,ハヤブサ|Y487-14|ホワイト
T00801,ネイビーTSUBAKIL41811腕時計,TSUBAKI,L418-11,ネイビー,B-COLOR I-COLOR I-COLOR I-COLOR B-BRAND I-BRAND I-BRAND I-BRAND I-BRAND I-BRAND I-BRAND B-MODEL I-MODEL I-MODEL I-MODEL I-MODEL I-MODEL O O O,TSUBAKI|L418-11|ネイビー
T00802,ノートパソコン シルバー Ｘ８７５－４６ ゲンブ,ゲンブ,X875-46,シルバー,O O O O O O O O B-COLOR I-COLOR I-COLOR I-COLOR O B-MODEL I-MODEL I-MODEL I-MODEL I-MODEL I-MODEL I-MODEL O B-BRAND I-BRAND I-BRAND,ゲンブ|X875-46|シルバー
T00803,ネイビーノートパソコンＹ３７９－２６ノースピーク,ノースピーク,Y379-26,ネイビー,B-COLOR I-COLOR I-COLOR I-COLOR O O O O O O O B-MODEL I-MODEL I-MODEL I-MODEL I-MODEL I-MODEL I-MODEL B-BRAND I-BRAND I-BRAND I-BRAND I-BRAND I-BRAND,ノースピーク|Y379-26|ネイビー
T00804,洗濯機 レッド Ｔ６８２４９,,T682-49,レッド,O O O O B-COLOR I-COLOR I-COLOR O B-MODEL I-MODEL I-MODEL I-MODEL I-MODEL I-MODEL,|T682-49|レッド
T00805,オオゾラ ネイビー K81769 冷蔵庫,オオゾラ,K817-69,ネイビー,B-BRAND I-BRAND I-BRAND I-BRAND O B-COLOR I-COLOR I-COLOR I-COLOR O B-MODEL I-MODEL I-MODEL I-MODEL I-MODEL I-MODEL O O O O,オオゾラ|K817-69|ネイビー
T00806,グリーン冷蔵庫E947-81,,E947-81,グリーン,B-COLOR I-COLOR I-COLOR I-COLOR O O O B-MODEL I-MODEL I-MODEL I-MODEL I-MODEL I-MODEL I-MODEL,|E947-81|グリーン
T00807,スニーカー ハヤブサ ブラック Ｐ２９３４８,ハヤブサ,P293-48,ブラック,O O O O O O B-BRAND I-BRAND I-BRAND I-BRAND O B-COLOR I-COLOR I-COLOR I-COLOR O B-MODEL I-MODEL I-MODEL I-MODEL I-MODEL I-MODEL,ハヤブサ|P293-48|ブラック
T00808,★新品未使用★腕時計 KURO T33520 ブラック,KURO,T335-20,ブラック,O O O O O O O O O O O B-BRAND I-BRAND I-BRAND I-BRAND O B-MODEL I-MODEL I-MODEL I-MODEL I-MODEL I-MODEL O B-COLOR I-COLOR I-COLOR I-COLOR,KURO|T335-20|ブラック
T00809,レッドZ782-32腕時計,,Z782-32,レッド,B-COLOR I-COLOR I-COLOR B-MODEL I-MODEL I-MODEL I-MODEL I-MODEL I-MODEL I-MODEL O O O,|Z782-32|レッド
T00810,D69611 オオゾラ グリーン デイパック,オオゾラ,D696-11,グリーン,B-MODEL I-MODEL I-MODEL I-MODEL I-MODEL I-MODEL O B-BRAND I-BRAND I-BRAND I-BRAND O B-COLOR I-COLOR I-COLOR I-COLOR O O O O O O,オオゾラ|D696-11|グリーン
T00811,Y24528オオゾラレッドデイパック,オオゾラ,Y245-28,レッド,B-MODEL I-MODEL I-MODEL I-MODEL I-MODEL I-MODEL B-BRAND I-BRAND I-BRAND I-BRAND B-COLOR I-COLOR I-COLOR O O O O O,オオゾラ|Y245-28|レッド
T00812,オオゾラ B49913 ブラック 掃除機,オオゾラ,B499-13,ブラック,B-BRAND I-BRAND I-BRAND I-BRAND O B-MODEL I-MODEL I-MODEL I-MODEL I-MODEL I-MODEL O B-COLOR I-COLOR I-COLOR I-COLOR O O O O,オオゾラ|B499-13|ブラック
T00813,冷蔵庫 レッド Y382-44 ノーピスーク,ノースピーク,Y382-44,レッド,O O O O B-COLOR I-COLOR I-COLOR O B-MODEL I-MODEL I-MODEL I-MODEL I-MODEL I-MODEL I-MODEL O O O O O O O,ノースピーク|Y382-44|レッド
T00814,★新品未使用★ブラック デイパック A946-20,,A946-20,ブラック,O O O O O O O B-COLOR I-COLOR I-COLOR I-COLOR O O O O O O O B-MODEL I-MODEL I-MODEL I-MODEL I-MODEL I-MODEL I-MODEL,|A946-20|ブラック
T00815,【送料無料】TSUBAKI ホワイト D149-16 掃除機,TSUBAKI,D149-16,ホワイト,O O O O O O B-BRAND I-BRAND I-BRAND I-BRAND I-BRAND I-BRAND I-BRAND O B-COLOR I-COLOR I-COLOR I-COLOR O B-MODEL I-MODEL I-MODEL I-MODEL I-MODEL I-MODEL I-MODEL O O O O,TSUBAKI|D149-16|ホワイト
T00816,H793-88 洗濯機 グリーン,,H793-88,グリーン,B-MODEL I-MODEL I-MODEL I-MODEL I-MODEL I-MODEL I-MODEL O O O O O B-COLOR I-COLOR I-COLOR I-COLOR,|H793-88|グリーン
T00817,シラユキＶ９５９－７８腕時計レッド,シラユキ,V959-78,レッド,B-BRAND I-BRAND I-BRAND I-BRAND B-MODEL I-MODEL I-MODEL I-MODEL I-MODEL I-MODEL I-MODEL O O O B-COLOR I-COLOR I-COLOR,シラユキ|V959-78|レッド
T00818,【即日発送】KRO イヤホン Ｏ８４５－４９ レッド,KURO,O845-49,レッド,O O O O O O O O O O O O O O O B-MODEL I-MODEL I-MODEL I-MODEL I-MODEL I-MODEL I-MODEL O B-COLOR I-COLOR I-COLOR,KURO|O845-49|レッド
T00819,E859-92 ホワイト 腕時計 KURO,KURO,E859-92,ホワイト,B-MODEL I-MODEL I-MODEL I-MODEL I-MODEL I-MODEL I-MODEL O B-COLOR I-COLOR I-COLOR I-COLOR O O O O O B-BRAND I-BRAND I-BRAND I-BRAND,KURO|E859-92|ホワイト
T00820,B72917 レッド オオゾラ 洗濯機,オオゾラ,B729-17,レッド,B-MODEL I-MODEL I-MODEL I-MODEL I-MODEL I-MODEL O B-COLOR I-COLOR I-COLOR O B-BRAND I-BRAND I-BRAND I-BRAND O O O O,オオゾラ|B729-17|レッド
T00821,冷蔵庫 S651-11 ネイビー シラユキ,シラユキ,S651-11,ネイビー,O O O O B-MODEL I-MODEL I-MODEL I-MODEL I-MODEL I-MODEL I-MODEL O B-COLOR I-COLOR I-COLOR I-COLOR O B-BRAND I-BRAND I-BRAND I-BRAND,シラユキ|S651-11|ネイビー
T00822,《アウトレット》掃除機Ｓ７２２－３７レッドソライロ,ソライロ,S722-37,レッド,O O O O O O O O O O O B-MODEL I-MODEL I-MODEL I-MODEL I-MODEL I-MODEL I-MODEL B-COLOR I-COLOR I-COLOR B-BRAND I-BRAND I-BRAND I-BRAND,ソライロ|S722-37|レッド
T00823,オオゾラ Ｘ４５４５８ シルバー イヤホン,オオゾラ,X454-58,シルバー,B-BRAND I-BRAND I-BRAND I-BRAND O B-MODEL I-MODEL I-MODEL I-MODEL I-MODEL I-MODEL O B-COLOR I-COLOR I-COLOR I-COLOR O O O O O,オオゾラ|X454-58|シルバー
T00824,【送料無料】デイパックミドリワークスレッドS397-59,ミドリワークス,S397-59,レッド,O O O O O O O O O O O B-BRAND I-BRAND I-BRAND I-BRAND I-BRAND I-BRAND I-BRAND B-COLOR I-COLOR I-COLOR B-MODEL I-MODEL I-MODEL I-MODEL I-MODEL I-MODEL I-MODEL,ミドリワークス|S397-59|レッド
T00825,グリーン冷蔵庫A842-98ソライロ,ソライロ,A842-98,グリーン,B-COLOR I-COLOR I-COLOR I-COLOR O O O B-MODEL I-MODEL I-MODEL I-MODEL I-MODEL I-MODEL I-MODEL B-BRAND I-BRAND I-BRAND I-BRAND,ソライロ|A842-98|グリーン
T00826,W228-11 イヤホン ホワイト オオゾラ,オオゾラ,W228-11,ホワイト,B-MODEL I-MODEL I-MODEL I-MODEL I-MODEL I-MODEL I-MODEL O O O O O O B-COLOR I-COLOR I-COLOR I-COLOR O B-BRAND I-BRAND I-BRAND I-BRAND,オオゾラ|W228-11|ホワイト
T00827,腕時計 KURO レッド Y36016,KURO,Y360-16,レッド,O O O O B-BRAND I-BRAND I-BRAND I-BRAND O B-COLOR I-COLOR I-COLOR O B-MODEL I-MODEL I-MODEL I-MODEL I-MODEL I-MODEL,KURO|Y360-16|レッド
T00828,ブラック ノースピーク J203-53 掃除機,ノースピーク,J203-53,ブラック,B-COLOR I-COLOR I-COLOR I-COLOR O B-BRAND I-BRAND I-BRAND I-BRAND I-BRAND I-BRAND O B-MODEL I-MODEL I-MODEL I-MODEL I-MODEL I-MODEL I-MODEL O O O O,ノースピーク|J203-53|ブラック
T00829,★新品未使用★I48678 レッド 掃除機,,I486-78,レッド,O O O O O O O B-MODEL I-MODEL I-MODEL I-MODEL I-MODEL I-MODEL O B-COLOR I-COLOR I-COLOR O O O O,|I486-78|レッド
T00830,イヤホンTSUBAKIホワイトH288-59,TSUBAKI,H288-59,ホワイト,O O O O B-BRAND I-BRAND I-BRAND I-BRAND I-BRAND I-BRAND I-BRAND B-COLOR I-COLOR I-COLOR I-COLOR B-MODEL I-MODEL I-MODEL I-MODEL I-MODEL I-MODEL I-MODEL,TSUBAKI|H288-59|ホワイト
T00831,U58462 イヤホン ネイビー アカネ電機,アカネ電機,U584-62,ネイビー,B-MODEL I-MODEL I-MODEL I-MODEL I-MODEL I-MODEL O O O O O O B-COLOR I-COLOR I-COLOR I-COLOR O B-BRAND I-BRAND I-BRAND I-BRAND I-BRAND,アカネ電機|U584-62|ネイビー
T00832,シルバーKUROイヤホンQ506-51,KURO,Q506-51,シルバー,B-COLOR I-COLOR I-COLOR I-COLOR B-BRAND I-BRAND I-BRAND I-BRAND O O O O B-MODEL I-MODEL I-MODEL I-MODEL I-MODEL I-MODEL I-MODEL,KURO|Q506-51|シルバー
T00833,ブラックR641-55掃除機,,R641-55,ブラック,B-COLOR I-COLOR I-COLOR I-COLOR B-MODEL I-MODEL I-MODEL I-MODEL I-MODEL I-MODEL I-MODEL O O O,|R641-55|ブラック
T00834,【送料無料】ブラック 冷蔵庫 I19770,,I197-70,ブラック,O O O O O O B-COLOR I-COLOR I-COLOR I-COLOR O O O O O B-MODEL I-MODEL I-MODEL I-MODEL I-MODEL I-MODEL,|I197-70|ブラック
T00835,K150-55 シルバー KURO 冷蔵庫,KURO,K150-55,シルバー,B-MODEL I-MODEL I-MODEL I-MODEL I-MODEL I-MODEL I-MODEL O B-COLOR I-COLOR I-COLOR I-COLOR O B-BRAND I-BRAND I-BRAND I-BRAND O O O O,KURO|K150-55|シルバー
T00836,洗濯機 ホワイト N660-55,,N660-55,ホワイト,O O O O B-COLOR I-COLOR I-COLOR I-COLOR O B-MODEL I-MODEL I-MODEL I-MODEL I-MODEL I-MODEL I-MODEL,|N660-55|ホワイト
T00837,★新品未使用★掃除機 L580-72 ゲンブ シルバー,ゲンブ,L580-72,シルバー,O O O O O O O O O O O B-MODEL I-MODEL I-MODEL I-MODEL I-MODEL I-MODEL I-MODEL O B-BRAND I-BRAND I-BRAND O B-COLOR I-COLOR I-COLOR I-COLOR,ゲンブ|L580-72|シルバー
T00838,【送料無料】イヤホンL630-20シルバーオオゾラ,オオゾラ,L630-20,シルバー,O O O O O O O O O O B-MODEL I-MODEL I-MODEL I-MODEL I-MODEL I-MODEL I-MODEL B-COLOR I-COLOR I-COLOR I-COLOR B-BRAND I-BRAND I-BRAND I-BRAND,オオゾラ|L630-20|シルバー
T00839,ネイビーソライロイヤホンL797-47,ソライロ,L797-47,ネイビー,B-COLOR I-COLOR I-COLOR I-COLOR B-BRAND I-BRAND I-BRAND I-BRAND O O O O B-MODEL I-MODEL I-MODEL I-MODEL I-MODEL I-MODEL I-MODEL,ソライロ|L797-47|ネイビー
T00840,◆正規品◆S37798グリーンデイパックノースピーク,ノースピーク,S377-98,グリーン,O O O O O B-MODEL I-MODEL I-MODEL I-MODEL I-MODEL I-MODEL B-COLOR I-COLOR I-COLOR I-COLOR O O O O O B-BRAND I-BRAND I-BRAND I-BRAND I-BRAND I-BRAND,ノースピーク|S377-98|グリーン
T00841,レッド ノースピーク Q28028 冷蔵庫,ノースピーク,Q280-28,レッド,B-COLOR I-COLOR I-COLOR O B-BRAND I-BRAND I-BRAND I-BRAND I-BRAND I-BRAND O B-MODEL I-MODEL I-MODEL I-MODEL I-MODEL I-MODEL O O O O,ノースピーク|Q280-28|レッド
T00842,ネイビー M53358 冷蔵庫 TSUBAKI,TSUBAKI,M533-58,ネイビー,B-COLOR I-COLOR I-COLOR I-COLOR O B-MODEL I-MODEL I-MODEL I-MODEL I-MODEL I-MODEL O O O O O B-BRAND I-BRAND I-BRAND I-BRAND I-BRAND I-BRAND I-BRAND,TSUBAKI|M533-58|ネイビー
T00843,ゲンブ 腕計 T413-49 シルバー,ゲンブ,T413-49,シルバー,B-BRAND I-BRAND I-BRAND O O O O B-MODEL I-MODEL I-MODEL I-MODEL I-MODEL I-MODEL I-MODEL O B-COLOR I-COLOR I-COLOR I-COLOR,ゲンブ|T413-49|シルバー
T00844,掃除機 グリーン A7626 6シラユキ,シラユキ,A762-66,グリーン,O O O O B-COLOR I-COLOR I-COLOR I-COLOR O O O O O O O O B-BRAND I-BRAND I-BRAND I-BRAND,シラユキ|A762-66|グリーン
T00845,アカネ電機 B986-48 洗濯機 シルバー,アカネ電機,B986-48,シルバー,B-BRAND I-BRAND I-BRAND I-BRAND I-BRAND O B-MODEL I-MODEL I-MODEL I-MODEL I-MODEL I-MODEL I-MODEL O O O O O B-COLOR I-COLOR I-COLOR I-COLOR,アカネ電機|B986-48|シルバー
T00846,掃除機B46921TSUBAKIレッド,TSUBAKI,B469-21,レッド,O O O B-MODEL I-MODEL I-MODEL I-MODEL I-MODEL I-MODEL B-BRAND I-BRAND I-BRAND I-BRAND I-BRAND I-BRAND I-BRAND B-COLOR I-COLOR I-COLOR,TSUBAKI|B469-21|レッド
T00847,KURO Ｇ４７５－８１ 腕時計 レッド,KURO,G475-81,レッド,B-BRAND I-BRAND I-BRAND I-BRAND O B-MODEL I-MODEL I-MODEL I-MODEL I-MODEL I-MODEL I-MODEL O O O O O B-COLOR I-COLOR I-COLOR,KURO|G475-81|レッド
T00848,シルバー ソライロ イパック H730-91,ソライロ,H730-91,シルバー,B-COLOR I-COLOR I-COLOR I-COLOR O B-BRAND I-BRAND I-BRAND I-BRAND O O O O O O B-MODEL I-MODEL I-MODEL I-MODEL I-MODEL I-MODEL I-MODEL,ソライロ|H730-91|シルバー
T00849,Ｔ７６４－８１ ネイビー 冷蔵庫 ハヤブサ,ハヤブサ,T764-81,ネイビー,B-MODEL I-MODEL I-MODEL I-MODEL I-MODEL I-MODEL I-MODEL O B-COLOR I-COLOR I-COLOR I-COLOR O O O O O B-BRAND I-BRAND I-BRAND I-BRAND,ハヤブサ|T764-81|ネイビー
T00850,デイパック レッド L276-27,,L276-27,レッド,O O O O O O B-COLOR I-COLOR I-COLOR O B-MODEL I-MODEL I-MODEL I-MODEL I-MODEL I-MODEL I-MODEL,|L276-27|レッド
T00851,スニーカー ホワイト TSUBAKI Z176-55,TSUBAKI,Z176-55,ホワイト,O O O O O O B-COLOR I-COLOR I-COLOR I-COLOR O B-BRAND I-BRAND I-BRAND I-BRAND I-BRAND I-BRAND I-BRAND O B-MODEL I-MODEL I-MODEL I-MODEL I-MODEL I-MODEL I-MODEL,TSUBAKI|Z176-55|ホワイト
T00852,KUROレッドC75819腕時計,KURO,C758-19,レッド,B-BRAND I-BRAND I-BRAND I-BRAND B-COLOR I-COLOR I-COLOR B-MODEL I-MODEL I-MODEL I-MODEL I-MODEL I-MODEL O O O,KURO|C758-19|レッド
T00853,《アウトレット》ネイビー洗濯機ハヤブサR25891,ハヤブサ,R258-91,ネイビー,O O O O O O O O B-COLOR I-COLOR I-COLOR I-COLOR O O O B-BRAND I-BRAND I-BRAND I-BRAND B-MODEL I-MODEL I-MODEL I-MODEL I-MODEL I-MODEL,ハヤブサ|R258-91|ネイビー
T00854,グリーン N315-52 ノートパソコン オオゾラ,オオゾラ,N315-52,グリーン,B-COLOR I-COLOR I-COLOR I-COLOR O B-MODEL I-MODEL I-MODEL I-MODEL I-MODEL I-MODEL I-MODEL O O O O O O O O O B-BRAND I-BRAND I-BRAND I-BRAND,オオゾラ|N315-52|グリーン
T00855,◆正規品◆ハヤブサX662-43グリーンスニーカー,ハヤブサ,X662-43,グリーン,O O O O O B-BRAND I-BRAND I-BRAND I-BRAND B-MODEL I-MODEL I-MODEL I-MODEL I-MODEL I-MODEL I-MODEL B-COLOR I-COLOR I-COLOR I-COLOR O O O O O,ハヤブサ|X662-43|グリーン
T00856,シルバー A350-23 掃除機 KURO,KURO,A350-23,シルバー,B-COLOR I-COLOR I-COLOR I-COLOR O B-MODEL I-MODEL I-MODEL I-MODEL I-MODEL I-MODEL I-MODEL O O O O O B-BRAND I-BRAND I-BRAND I-BRAND,KURO|A350-23|シルバー
T00857,◆正規品◆冷蔵庫 ハヤブサ ホワイト Ｆ５８４３６,ハヤブサ,F584-36,ホワイト,O O O O O O O O O B-BRAND I-BRAND I-BRAND I-BRAND O B-COLOR I-COLOR I-COLOR I-COLOR O B-MODEL I-MODEL I-MODEL I-MODEL I-MODEL I-MODEL,ハヤブサ|F584-36|ホワイト
T00858,腕時計グリーンゲンブD670-34,ゲンブ,D670-34,グリーン,O O O B-COLOR I-COLOR I-COLOR I-COLOR B-BRAND I-BRAND I-BRAND B-MODEL I-MODEL I-MODEL I-MODEL I-MODEL I-MODEL I-MODEL,ゲンブ|D670-34|グリーン
T00859,イヤホン KURO ネイビー X640-33,KURO,X640-33,ネイビー,O O O O O B-BRAND I-BRAND I-BRAND I-BRAND O B-COLOR I-COLOR I-COLOR I-COLOR O B-MODEL I-MODEL I-MODEL I-MODEL I-MODEL I-MODEL I-MODEL,KURO|X640-33|ネイビー
T00860,洗濯機 レッド Y717-71 TSUBAKI,TSUBAKI,Y717-71,レッド,O O O O B-COLOR I-COLOR I-COLOR O B-MODEL I-MODEL I-MODEL I-MODEL I-MODEL I-MODEL I-MODEL O B-BRAND I-BRAND I-BRAND I-BRAND I-BRAND I-BRAND I-BRAND,TSUBAKI|Y717-71|レッド
T00861,デイパックオオゾラQ677-88シルバー,オオゾラ,Q677-88,シルバー,O O O O O B-BRAND I-BRAND I-BRAND I-BRAND B-MODEL I-MODEL I-MODEL I-MODEL I-MODEL I-MODEL I-MODEL B-COLOR I-COLOR I-COLOR I-COLOR,オオゾラ|Q677-88|シルバー
T00862,シルバー W25772 掃除機,,W257-72,シルバー,B-COLOR I-COLOR I-COLOR I-COLOR O B-MODEL I-MODEL I-MODEL I-MODEL I-MODEL I-MODEL O O O O,|W257-72|シルバー
T00863,【送料無料】スニーカー グリーン D70749,,D707-49,グリーン,O O O O O O O O O O O O B-COLOR I-COLOR I-COLOR I-COLOR O B-MODEL I-MODEL I-MODEL I-MODEL I-MODEL I-MODEL,|D707-49|グリーン
T00864,H641-72 ホワイト 腕時計,,H641-72,ホワイト,B-MODEL I-MODEL I-MODEL I-MODEL I-MODEL I-MODEL I-MODEL O B-COLOR I-COLOR I-COLOR I-COLOR O O O O,|H641-72|ホワイト
T00865,【送料無料】ネイビー A424-51 腕時計 オオゾラ,オオゾラ,A424-51,ネイビー,O O O O O O B-COLOR I-COLOR I-COLOR I-COLOR O B-MODEL I-MODEL I-MODEL I-MODEL I-MODEL I-MODEL I-MODEL O O O O O B-BRAND I-BRAND I-BRAND I-BRAND,オオゾラ|A424-51|ネイビー
T00866,G643-28 ソライロ グリーン ノートパソコン,ソライロ,G643-28,グリーン,B-MODEL I-MODEL I-MODEL I-MODEL I-MODEL I-MODEL I-MODEL O B-BRAND I-BRAND I-BRAND I-BRAND O B-COLOR I-COLOR I-COLOR I-COLOR O O O O O O O O,ソライロ|G643-28|グリーン
T00867,シルバー シラユキ ノートパソコン A919-51,シラユキ,A919-51,シルバー,B-COLOR I-COLOR I-COLOR I-COLOR O B-BRAND I-BRAND I-BRAND I-BRAND O O O O O O O O O B-MODEL I-MODEL I-MODEL I-MODEL I-MODEL I-MODEL I-MODEL,シラユキ|A919-51|シルバー
T00868,レッド 冷蔵庫 Z232-59 ハヤブサ,ハヤブサ,Z232-59,レッド,B-COLOR I-COLOR I-COLOR O O O O O B-MODEL I-MODEL I-MODEL I-MODEL I-MODEL I-MODEL I-MODEL O B-BRAND I-BRAND I-BRAND I-BRAND,ハヤブサ|Z232-59|レッド
T00869,D849-41ホワイトKURO洗濯機,KURO,D849-41,ホワイト,B-MODEL I-MODEL I-MODEL I-MODEL I-MODEL I-MODEL I-MODEL B-COLOR I-COLOR I-COLOR I-COLOR B-BRAND I-BRAND I-BRAND I-BRAND O O O,KURO|D849-41|ホワイト
T00870,D504-57ホワイトアカネ電機掃除機,アカネ電機,D504-57,ホワイト,B-MODEL I-MODEL I-MODEL I-MODEL I-MODEL I-MODEL I-MODEL B-COLOR I-COLOR I-COLOR I-COLOR B-BRAND I-BRAND I-BRAND I-BRAND I-BRAND O O O,アカネ電機|D504-57|ホワイト
T00871,TSUBAKIU749-58スニーカーレッド,TSUBAKI,U749-58,レッド,B-BRAND I-BRAND I-BRAND I-BRAND I-BRAND I-BRAND I-BRAND B-MODEL I-MODEL I-MODEL I-MODEL I-MODEL I-MODEL I-MODEL O O O O O B-COLOR I-COLOR I-COLOR,TSUBAKI|U749-58|レッド
T00872,レッド腕時計R37533TSUBAKI,TSUBAKI,R375-33,レッド,B-COLOR I-COLOR I-COLOR O O O B-MODEL I-MODEL I-MODEL I-MODEL I-MODEL I-MODEL B-BRAND I-BRAND I-BRAND I-BRAND I-BRAND I-BRAND I-BRAND,TSUBAKI|R375-33|レッド
T00873,《アウトレット》ソライログリーンK16114イヤホン,ソライロ,K161-14,グリーン,O O O O O O O O B-BRAND I-BRAND I-BRAND I-BRAND B-COLOR I-COLOR I-COLOR I-COLOR B-MODEL I-MODEL I-MODEL I-MODEL I-MODEL I-MODEL O O O O,ソライロ|K161-14|グリーン
T00874,A89916 ノートパソコン ネイビー ノースピーク,ノースピーク,A899-16,ネイビー,B-MODEL I-MODEL I-MODEL I-MODEL I-MODEL I-MODEL O O O O O O O O O B-COLOR I-COLOR I-COLOR I-COLOR O B-BRAND I-BRAND I-BRAND I-BRAND I-BRAND I-BRAND,ノースピーク|A899-16|ネイビー
T00875,O866-91デイパックネイビーハヤブサ,ハヤブサ,O866-91,ネイビー,B-MODEL I-MODEL I-MODEL I-MODEL I-MODEL I-MODEL I-MODEL O O O O O B-COLOR I-COLOR I-COLOR I-COLOR B-BRAND I-BRAND I-BRAND I-BRAND,ハヤブサ|O866-91|ネイビー
T00876,レッド O878-48 ノースピーク スニーカー,ノースピーク,O878-48,レッド,B-COLOR I-COLOR I-COLOR O B-MODEL I-MODEL I-MODEL I-MODEL I-MODEL I-MODEL I-MODEL O B-BRAND I-BRAND I-BRAND I-BRAND I-BRAND I-BRAND O O O O O O,ノースピーク|O878-48|レッド
T00877,★新品未使用★Ｍ７９３－８９シルバーゲンブスニーカー,ゲンブ,M793-89,シルバー,O O O O O O O B-MODEL I-MODEL I-MODEL I-MODEL I-MODEL I-MODEL I-MODEL B-COLOR I-COLOR I-COLOR I-COLOR B-BRAND I-BRAND I-BRAND O O O O O,ゲンブ|M793-89|シルバー
T00878,★新品未使用★腕時計 KURO Q29475 グリーン,KURO,Q294-75,グリーン,O O O O O O O O O O O B-BRAND I-BRAND I-BRAND I-BRAND O B-MODEL I-MODEL I-MODEL I-MODEL I-MODEL I-MODEL O B-COLOR I-COLOR I-COLOR I-COLOR,KURO|Q294-75|グリーン
T00879,ソライロ デイパック ホワイト Z929-97,ソライロ,Z929-97,ホワイト,B-BRAND I-BRAND I-BRAND I-BRAND O O O O O O O B-COLOR I-COLOR I-COLOR I-COLOR O B-MODEL I-MODEL I-MODEL I-MODEL I-MODEL I-MODEL I-MODEL,ソライロ|Z929-97|ホワイト
T00880,【送料無料】Z455-13 グリーン ミドリワークス スニーカー,ミドリワークス,Z455-13,グリーン,O O O O O O B-MODEL I-MODEL I-MODEL I-MODEL I-MODEL I-MODEL I-MODEL O B-COLOR I-COLOR I-COLOR I-COLOR O B-BRAND I-BRAND I-BRAND I-BRAND I-BRAND I-BRAND I-BRAND O O O O O O,ミドリワークス|Z455-13|グリーン
T00881,ネイビー 冷蔵庫 ゲンブ I897-50,ゲンブ,I897-50,ネイビー,B-COLOR I-COLOR I-COLOR I-COLOR O O O O O B-BRAND I-BRAND I-BRAND O B-MODEL I-MODEL I-MODEL I-MODEL I-MODEL I-MODEL I-MODEL,ゲンブ|I897-50|ネイビー
T00882,Q27834 シルバー 掃除機 ミドリワークス,ミドリワークス,Q278-34,シルバー,B-MODEL I-MODEL I-MODEL I-MODEL I-MODEL I-MODEL O B-COLOR I-COLOR I-COLOR I-COLOR O O O O O B-BRAND I-BRAND I-BRAND I-BRAND I-BRAND I-BRAND I-BRAND,ミドリワークス|Q278-34|シルバー
T00883,スニーカー ホワイト ノースピーク L967-71,ノースピーク,L967-71,ホワイト,O O O O O O B-COLOR I-COLOR I-COLOR I-COLOR O B-BRAND I-BRAND I-BRAND I-BRAND I-BRAND I-BRAND O B-MODEL I-MODEL I-MODEL I-MODEL I-MODEL I-MODEL I-MODEL,ノースピーク|L967-71|ホワイト
T00884,◆正規品◆Z624-72イヤホングリーン,,Z624-72,グリーン,O O O O O B-MODEL I-MODEL I-MODEL I-MODEL I-MODEL I-MODEL I-MODEL O O O O B-COLOR I-COLOR I-COLOR I-COLOR,|Z624-72|グリーン
T00885,グリーン F557-44 イヤホン オオゾラ,オオゾラ,F557-44,グリーン,B-COLOR I-COLOR I-COLOR I-COLOR O B-MODEL I-MODEL I-MODEL I-MODEL I-MODEL I-MODEL I-MODEL O O O O O O B-BRAND I-BRAND I-BRAND I-BRAND,オオゾラ|F557-44|グリーン
T00886,ノートパソコン ホワイト Ｙ６９３－４３ TSUBAKI,TSUBAKI,Y693-43,ホワイト,O O O O O O O O B-COLOR I-COLOR I-COLOR I-COLOR O B-MODEL I-MODEL I-MODEL I-MODEL I-MODEL I-MODEL I-MODEL O B-BRAND I-BRAND I-BRAND I-BRAND I-BRAND I-BRAND I-BRAND,TSUBAKI|Y693-43|ホワイト
T00887,Y341-26 ノートパソンコ グリーン,,Y341-26,グリーン,B-MODEL I-MODEL I-MODEL I-MODEL I-MODEL I-MODEL I-MODEL O O O O O O O O O B-COLOR I-COLOR I-COLOR I-COLOR,|Y341-26|グリーン
T00888,掃除機 U323-51 レッド TSUBAKI,TSUBAKI,U323-51,レッド,O O O O B-MODEL I-MODEL I-MODEL I-MODEL I-MODEL I-MODEL I-MODEL O B-COLOR I-COLOR I-COLOR O B-BRAND I-BRAND I-BRAND I-BRAND I-BRAND I-BRAND I-BRAND,TSUBAKI|U323-51|レッド
T00889,デイパックシラユキM470-12レッド,シラユキ,M470-12,レッド,O O O O O B-BRAND I-BRAND I-BRAND I-BRAND B-MODEL I-MODEL I-MODEL I-MODEL I-MODEL I-MODEL I-MODEL B-COLOR I-COLOR I-COLOR,シラユキ|M470-12|レッド
T00890,Q951-70ホワイトデイパックハヤブサ,ハヤブサ,Q951-70,ホワイト,B-MODEL I-MODEL I-MODEL I-MODEL I-MODEL I-MODEL I-MODEL B-COLOR I-COLOR I-COLOR I-COLOR O O O O O B-BRAND I-BRAND I-BRAND I-BRAND,ハヤブサ|Q951-70|ホワイト
T00891,F813-27KUROネイビーイヤホン,KURO,F813-27,ネイビー,B-MODEL I-MODEL I-MODEL I-MODEL I-MODEL I-MODEL I-MODEL B-BRAND I-BRAND I-BRAND I-BRAND B-COLOR I-COLOR I-COLOR I-COLOR O O O O,KURO|F813-27|ネイビー
T00892,A194-38ホワイト掃除機シラユキ,シラユキ,A194-38,ホワイト,B-MODEL I-MODEL I-MODEL I-MODEL I-MODEL I-MODEL I-MODEL B-COLOR I-COLOR I-COLOR I-COLOR O O O B-BRAND I-BRAND I-BRAND I-BRAND,シラユキ|A194-38|ホワイト
T00893,レッ ドイヤホン M870-43,,M870-43,レッド,O O O O O O O O O B-MODEL I-MODEL I-MODEL I-MODEL I-MODEL I-MODEL I-MODEL,|M870-43|レッド
T00894,◆正規品◆腕時計 TSUBAKI I864-71 ネイビー,TSUBAKI,I864-71,ネイビー,O O O O O O O O O B-BRAND I-BRAND I-BRAND I-BRAND I-BRAND I-BRAND I-BRAND O B-MODEL I-MODEL I-MODEL I-MODEL I-MODEL I-MODEL I-MODEL O B-COLOR I-COLOR I-COLOR I-COLOR,TSUBAKI|I864-71|ネイビー
T00895,冷蔵庫グリーンY23492ソライロ,ソライロ,Y234-92,グリーン,O O O B-COLOR I-COLOR I-COLOR I-COLOR B-MODEL I-MODEL I-MODEL I-MODEL I-MODEL I-MODEL B-BRAND I-BRAND I-BRAND I-BRAND,ソライロ|Y234-92|グリーン
T00896,《アウトレット》アカネ電機 Q565-18 冷蔵庫 グリーン,アカネ電機,Q565-18,グリーン,O O O O O O O O B-BRAND I-BRAND I-BRAND I-BRAND I-BRAND O B-MODEL I-MODEL I-MODEL I-MODEL I-MODEL I-MODEL I-MODEL O O O O O B-COLOR I-COLOR I-COLOR I-COLOR,アカネ電機|Q565-18|グリーン
T00897,ホワイト掃除機I42176オオゾラ,オオゾラ,I421-76,ホワイト,B-COLOR I-COLOR I-COLOR I-COLOR O O O B-MODEL I-MODEL I-MODEL I-MODEL I-MODEL I-MODEL B-BRAND I-BRAND I-BRAND I-BRAND,オオゾラ|I421-76|ホワイト
T00898,ブラックノートパソコンＳ４２５－８１ノースピーク,ノースピーク,S425-81,ブラック,B-COLOR I-COLOR I-COLOR I-COLOR O O O O O O O B-MODEL I-MODEL I-MODEL I-MODEL I-MODEL I-MODEL I-MODEL B-BRAND I-BRAND I-BRAND I-BRAND I-BRAND I-BRAND,ノースピーク|S425-81|ブラック
T00899,【送料無料】ハヤブサスニーカーブラックO187-95,ハヤブサ,O187-95,ブラック,O O O O O O B-BRAND I-BRAND I-BRAND I-BRAND O O O O O B-COLOR I-COLOR I-COLOR I-COLOR B-MODEL I-MODEL I-MODEL I-MODEL I-MODEL I-MODEL I-MODEL,ハヤブサ|O187-95|ブラック
T00900,【即日発送】TSUBAKI ホワイト 冷蔵庫 S16510,TSUBAKI,S165-10,ホワイト,O O O O O O B-BRAND I-BRAND I-BRAND I-BRAND I-BRAND I-BRAND I-BRAND O B-COLOR I-COLOR I-COLOR I-COLOR O O O O O B-MODEL I-MODEL I-MODEL I-MODEL I-MODEL I-MODEL,TSUBAKI|S165-10|ホワイト
T00901,ホワイト 掃除機 Ｅ５３１８６ ソラロイ,ソライロ,E531-86,ホワイト,B-COLOR I-COLOR I-COLOR I-COLOR O O O O O B-MODEL I-MODEL I-MODEL I-MODEL I-MODEL I-MODEL O O O O O,ソライロ|E531-86|ホワイト
T00902,Ｙ２１４６５イヤホンミドリワークスグリーン,ミドリワークス,Y214-65,グリーン,B-MODEL I-MODEL I-MODEL I-MODEL I-MODEL I-MODEL O O O O B-BRAND I-BRAND I-BRAND I-BRAND I-BRAND I-BRAND I-BRAND B-COLOR I-COLOR I-COLOR I-COLOR,ミドリワークス|Y214-65|グリーン
T00903,★新品未使用★O780-34 デイパック ゲンブ ブラック,ゲンブ,O780-34,ブラック,O O O O O O O B-MODEL I-MODEL I-MODEL I-MODEL I-MODEL I-MODEL I-MODEL O O O O O O O B-BRAND I-BRAND I-BRAND O B-COLOR I-COLOR I-COLOR I-COLOR,ゲンブ|O780-34|ブラック
T00904,KUROグリーンM94780ノートパソコン,KURO,M947-80,グリーン,B-BRAND I-BRAND I-BRAND I-BRAND B-COLOR I-COLOR I-COLOR I-COLOR B-MODEL I-MODEL I-MODEL I-MODEL I-MODEL I-MODEL O O O O O O O,KURO|M947-80|グリーン
T00905,ホワイト KURO G30930 冷蔵庫,KURO,G309-30,ホワイト,B-COLOR I-COLOR I-COLOR I-COLOR O B-BRAND I-BRAND I-BRAND I-BRAND O B-MODEL I-MODEL I-MODEL I-MODEL I-MODEL I-MODEL O O O O,KURO|G309-30|ホワイト
T00906,★新品未使用★グリーンノートパソコンシラユキD993-47,シラユキ,D993-47,グリーン,O O O O O O O B-COLOR I-COLOR I-COLOR I-COLOR O O O O O O O B-BRAND I-BRAND I-BRAND I-BRAND B-MODEL I-MODEL I-MODEL I-MODEL I-MODEL I-MODEL I-MODEL,シラユキ|D993-47|グリーン
T00907,ネイビー Ｓ２８３２６ 洗濯機 ソライロ,ソライロ,S283-26,ネイビー,B-COLOR I-COLOR I-COLOR I-COLOR O B-MODEL I-MODEL I-MODEL I-MODEL I-MODEL I-MODEL O O O O O B-BRAND I-BRAND I-BRAND I-BRAND,ソライロ|S283-26|ネイビー
T00908,ブラック イヤホン R376-5 ノースピーク,ノースピーク,R376-15,ブラック,B-COLOR I-COLOR I-COLOR I-COLOR O O O O O O O O O O O O O B-BRAND I-BRAND I-BRAND I-BRAND I-BRAND I-BRAND,ノースピーク|R376-15|ブラック
T00909,掃除機 Z127-52 ソライロ グリーン,ソライロ,Z127-52,グリーン,O O O O B-MODEL I-MODEL I-MODEL I-MODEL I-MODEL I-MODEL I-MODEL O B-BRAND I-BRAND I-BRAND I-BRAND O B-COLOR I-COLOR I-COLOR I-COLOR,ソライロ|Z127-52|グリーン
T00910,◆正規品◆ブラック M774-69 スニーカー ゲンブ,ゲンブ,M774-69,ブラック,O O O O O B-COLOR I-COLOR I-COLOR I-COLOR O B-MODEL I-MODEL I-MODEL I-MODEL I-MODEL I-MODEL I-MODEL O O O O O O O B-BRAND I-BRAND I-BRAND,ゲンブ|M774-69|ブラック
T00911,A112-94 グリーン イヤホン,,A112-94,グリーン,B-MODEL I-MODEL I-MODEL I-MODEL I-MODEL I-MODEL I-MODEL O B-COLOR I-COLOR I-COLOR I-COLOR O O O O O,|A112-94|グリーン
T00912,【即日発送】腕時計 O279-27 ゲンブ ホワイト,ゲンブ,O279-27,ホワイト,O O O O O O O O O O B-MODEL I-MODEL I-MODEL I-MODEL I-MODEL I-MODEL I-MODEL O B-BRAND I-BRAND I-BRAND O B-COLOR I-COLOR I-COLOR I-COLOR,ゲンブ|O279-27|ホワイト
T00913,ホワイトB665-23ノートパソコンアカネ電機,アカネ電機,B665-23,ホワイト,B-COLOR I-COLOR I-COLOR I-COLOR B-MODEL I-MODEL I-MODEL I-MODEL I-MODEL I-MODEL I-MODEL O O O O O O O B-BRAND I-BRAND I-BRAND I-BRAND I-BRAND,アカネ電機|B665-23|ホワイト
T00914,スニーカー J577-66 ブラック,,J577-66,ブラック,O O O O O O B-MODEL I-MODEL I-MODEL I-MODEL I-MODEL I-MODEL I-MODEL O B-COLOR I-COLOR I-COLOR I-COLOR,|J577-66|ブラック
T00915,★新品未使用★ノースピークＱ７９８－２２腕時計グリーン,ノースピーク,Q798-22,グリーン,O O O O O O O B-BRAND I-BRAND I-BRAND I-BRAND I-BRAND I-BRAND B-MODEL I-MODEL I-MODEL I-MODEL I-MODEL I-MODEL I-MODEL O O O B-COLOR I-COLOR I-COLOR I-COLOR,ノースピーク|Q798-22|グリーン
T00916,シルバー TSUBAKI 腕時計 H431-54,TSUBAKI,H431-54,シルバー,B-COLOR I-COLOR I-COLOR I-COLOR O B-BRAND I-BRAND I-BRAND I-BRAND I-BRAND I-BRAND I-BRAND O O O O O B-MODEL I-MODEL I-MODEL I-MODEL I-MODEL I-MODEL I-MODEL,TSUBAKI|H431-54|シルバー
T00917,U454-12ノースピークネイビー掃除機,ノースピーク,U454-12,ネイビー,B-MODEL I-MODEL I-MODEL I-MODEL I-MODEL I-MODEL I-MODEL B-BRAND I-BRAND I-BRAND I-BRAND I-BRAND I-BRAND B-COLOR I-COLOR I-COLOR I-COLOR O O O,ノースピーク|U454-12|ネイビー
T00918,A39331 冷蔵庫 シルバー,,A393-31,シルバー,B-MODEL I-MODEL I-MODEL I-MODEL I-MODEL I-MODEL O O O O O B-COLOR I-COLOR I-COLOR I-COLOR,|A393-31|シルバー
T00919,《アウトレット》T385-84 ブラック イヤホン,,T385-84,ブラック,O O O O O O O O B-MODEL I-MODEL I-MODEL I-MODEL I-MODEL I-MODEL I-MODEL O B-COLOR I-COLOR I-COLOR I-COLOR O O O O O,|T385-84|ブラック
T00920,ゲンブX577-58 レッド デイパック,ゲンブ,X577-58,レッド,B-BRAND I-BRAND I-BRAND B-MODEL I-MODEL I-MODEL I-MODEL I-MODEL I-MODEL I-MODEL O B-COLOR I-COLOR I-COLOR O O O O O O,ゲンブ|X577-58|レッド
T00921,Ｃ５７５－８９ ブラック TSUBAKI スニーカー,TSUBAKI,C575-89,ブラック,B-MODEL I-MODEL I-MODEL I-MODEL I-MODEL I-MODEL I-MODEL O B-COLOR I-COLOR I-COLOR I-COLOR O B-BRAND I-BRAND I-BRAND I-BRAND I-BRAND I-BRAND I-BRAND O O O O O O,TSUBAKI|C575-89|ブラック
T00922,◆正規品◆ネイビー 掃除機 シラユキ T508-28,シラユキ,T508-28,ネイビー,O O O O O B-COLOR I-COLOR I-COLOR I-COLOR O O O O O B-BRAND I-BRAND I-BRAND I-BRAND O B-MODEL I-MODEL I-MODEL I-MODEL I-MODEL I-MODEL I-MODEL,シラユキ|T508-28|ネイビー
T00923,冷蔵庫 F78-19 KURO ホワイト,KURO,F784-19,ホワイト,O O O O O O O O O O O B-BRAND I-BRAND I-BRAND I-BRAND O B-COLOR I-COLOR I-COLOR I-COLOR,KURO|F784-19|ホワイト
T00924,ハヤブサ Y713-30 スニーカー ホワイト,ハヤブサ,Y713-30,ホワイト,B-BRAND I-BRAND I-BRAND I-BRAND O B-MODEL I-MODEL I-MODEL I-MODEL I-MODEL I-MODEL I-MODEL O O O O O O O B-COLOR I-COLOR I-COLOR I-COLOR,ハヤブサ|Y713-30|ホワイト
T00925,J262-91ブラック冷蔵庫,,J262-91,ブラック,B-MODEL I-MODEL I-MODEL I-MODEL I-MODEL I-MODEL I-MODEL B-COLOR I-COLOR I-COLOR I-COLOR O O O,|J262-91|ブラック
T00926,シルバー ヤイホン ミドリワークス U33597,ミドリワークス,U335-97,シルバー,B-COLOR I-COLOR I-COLOR I-COLOR O O O O O O B-BRAND I-BRAND I-BRAND I-BRAND I-BRAND I-BRAND I-BRAND O B-MODEL I-MODEL I-MODEL I-MODEL I-MODEL I-MODEL,ミドリワークス|U335-97|シルバー
T00927,グリーン ソライロ 腕時計 Ｉ６０８－２１,ソライロ,I608-21,グリーン,B-COLOR I-COLOR I-COLOR I-COLOR O B-BRAND I-BRAND I-BRAND I-BRAND O O O O O B-MODEL I-MODEL I-MODEL I-MODEL I-MODEL I-MODEL I-MODEL,ソライロ|I608-21|グリーン
T00928,洗濯機 Ｋ８２４－９０ グリーン ハヤブサ,ハヤブサ,K824-90,グリーン,O O O O B-MODEL I-MODEL I-MODEL I-MODEL I-MODEL I-MODEL I-MODEL O B-COLOR I-COLOR I-COLOR I-COLOR O B-BRAND I-BRAND I-BRAND I-BRAND,ハヤブサ|K824-90|グリーン
T00929,掃除機オオゾラX301-11グリーン,オオゾラ,X301-11,グリーン,O O O B-BRAND I-BRAND I-BRAND I-BRAND B-MODEL I-MODEL I-MODEL I-MODEL I-MODEL I-MODEL I-MODEL B-COLOR I-COLOR I-COLOR I-COLOR,オオゾラ|X301-11|グリーン
T00930,腕時計 ミドリワークス ブラック W241-41,ミドリワークス,W241-41,ブラック,O O O O B-BRAND I-BRAND I-BRAND I-BRAND I-BRAND I-BRAND I-BRAND O B-COLOR I-COLOR I-COLOR I-COLOR O B-MODEL I-MODEL I-MODEL I-MODEL I-MODEL I-MODEL I-MODEL,ミドリワークス|W241-41|ブラック
T00931,冷蔵庫 レッド I213-98,,I213-98,レッド,O O O O B-COLOR I-COLOR I-COLOR O B-MODEL I-MODEL I-MODEL I-MODEL I-MODEL I-MODEL I-MODEL,|I213-98|レッド
T00932,腕時計 L42176 ブラック ハヤブサ,ハヤブサ,L421-76,ブラック,O O O O B-MODEL I-MODEL I-MODEL I-MODEL I-MODEL I-MODEL O B-COLOR I-COLOR I-COLOR I-COLOR O B-BRAND I-BRAND I-BRAND I-BRAND,ハヤブサ|L421-76|ブラック
T00933,ブラックＥ９２０－９４デイパックハヤブサ,ハヤブサ,E920-94,ブラック,B-COLOR I-COLOR I-COLOR I-COLOR B-MODEL I-MODEL I-MODEL I-MODEL I-MODEL I-MODEL I-MODEL O O O O O B-BRAND I-BRAND I-BRAND I-BRAND,ハヤブサ|E920-94|ブラック
T00934,Ａ２３３－７８腕時計レッド,,A233-78,レッド,B-MODEL I-MODEL I-MODEL I-MODEL I-MODEL I-MODEL I-MODEL O O O B-COLOR I-COLOR I-COLOR,|A233-78|レッド
T00935,TSUBAKI Ｈ３９２－７８ グリーン 冷蔵庫,TSUBAKI,H392-78,グリーン,B-BRAND I-BRAND I-BRAND I-BRAND I-BRAND I-BRAND I-BRAND O B-MODEL I-MODEL I-MODEL I-MODEL I-MODEL I-MODEL I-MODEL O B-COLOR I-COLOR I-COLOR I-COLOR O O O O,TSUBAKI|H392-78|グリーン
T00936,◆正規品◆掃除機 Z412-63 KURO ホワイト,KURO,Z412-63,ホワイト,O O O O O O O O O B-MODEL I-MODEL I-MODEL I-MODEL I-MODEL I-MODEL I-MODEL O B-BRAND I-BRAND I-BRAND I-BRAND O B-COLOR I-COLOR I-COLOR I-COLOR,KURO|Z412-63|ホワイト
T00937,《アウトレット》ハヤブサ掃除機N960-62ッド,ハヤブサ,N960-62,レッド,O O O O O O O O B-BRAND I-BRAND I-BRAND I-BRAND O O O B-MODEL I-MODEL I-MODEL I-MODEL I-MODEL I-MODEL I-MODEL O O,ハヤブサ|N960-62|レッド
T00938,W425-96 グリーン スニーカー,,W425-96,グリーン,B-MODEL I-MODEL I-MODEL I-MODEL I-MODEL I-MODEL I-MODEL O B-COLOR I-COLOR I-COLOR I-COLOR O O O O O O,|W425-96|グリーン
T00939,シラユキ ノートパソコン グリーン Y464-12,シラユキ,Y464-12,グリーン,B-BRAND I-BRAND I-BRAND I-BRAND O O O O O O O O O B-COLOR I-COLOR I-COLOR I-COLOR O B-MODEL I-MODEL I-MODEL I-MODEL I-MODEL I-MODEL I-MODEL,シラユキ|Y464-12|グリーン
T00940,《アウトレット》冷蔵庫 レッド アカネ電機 K56730,アカネ電機,K567-30,レッド,O O O O O O O O O O O O B-COLOR I-COLOR I-COLOR O B-BRAND I-BRAND I-BRAND I-BRAND I-BRAND O B-MODEL I-MODEL I-MODEL I-MODEL I-MODEL I-MODEL,アカネ電機|K567-30|レッド
T00941,ホワイト P646-51 ハヤブサ 洗濯機,ハヤブサ,P646-51,ホワイト,B-COLOR I-COLOR I-COLOR I-COLOR O B-MODEL I-MODEL I-MODEL I-MODEL I-MODEL I-MODEL I-MODEL O B-BRAND I-BRAND I-BRAND I-BRAND O O O O,ハヤブサ|P646-51|ホワイト
T00942,デイパック ブラック T134-67 ソライロ,ソライロ,T134-67,ブラック,O O O O O O B-COLOR I-COLOR I-COLOR I-COLOR O B-MODEL I-MODEL I-MODEL I-MODEL I-MODEL I-MODEL I-MODEL O B-BRAND I-BRAND I-BRAND I-BRAND,ソライロ|T134-67|ブラック
T00943,ホワイト洗濯機E921-66,,E921-66,ホワイト,B-COLOR I-COLOR I-COLOR I-COLOR O O O B-MODEL I-MODEL I-MODEL I-MODEL I-MODEL I-MODEL I-MODEL,|E921-66|ホワイト
T00944,【送料無料】ソライロホワイトV790-52腕時計,ソライロ,V790-52,ホワイト,O O O O O O B-BRAND I-BRAND I-BRAND I-BRAND B-COLOR I-COLOR I-COLOR I-COLOR B-MODEL I-MODEL I-MODEL I-MODEL I-MODEL I-MODEL I-MODEL O O O,ソライロ|V790-52|ホワイト
T00945,シルバー Ａ８６９－３２ ノートパソコン ソラロイ,ソライロ,A869-32,シルバー,B-COLOR I-COLOR I-COLOR I-COLOR O B-MODEL I-MODEL I-MODEL I-MODEL I-MODEL I-MODEL I-MODEL O O O O O O O O O O O O O,ソライロ|A869-32|シルバー
T00946,ホワイト M860-25 洗濯機,,M860-25,ホワイト,B-COLOR I-COLOR I-COLOR I-COLOR O B-MODEL I-MODEL I-MODEL I-MODEL I-MODEL I-MODEL I-MODEL O O O O,|M860-25|ホワイト
T00947,【即日発送】M69932 冷蔵庫 ホワイト,,M693-92,ホワイト,O O O O O O O O O O O O O O O O O B-COLOR I-COLOR I-COLOR I-COLOR,|M693-92|ホワイト
T00948,Ｇ５９５－４６ ミドリワークス 掃除機 ホワイト,ミドリワークス,G955-46,ホワイト,O O O O O O O O B-BRAND I-BRAND I-BRAND I-BRAND I-BRAND I-BRAND I-BRAND O O O O O B-COLOR I-COLOR I-COLOR I-COLOR,ミドリワークス|G955-46|ホワイト
T00949,シルバーソライロノートパソコンE165-65,ソライロ,E165-65,シルバー,B-COLOR I-COLOR I-COLOR I-COLOR B-BRAND I-BRAND I-BRAND I-BRAND O O O O O O O B-MODEL I-MODEL I-MODEL I-MODEL I-MODEL I-MODEL I-MODEL,ソライロ|E165-65|シルバー
T00950,掃除機 グリーン ハヤブサ O918-37,ハヤブサ,O918-37,グリーン,O O O O B-COLOR I-COLOR I-COLOR I-COLOR O B-BRAND I-BRAND I-BRAND I-BRAND O B-MODEL I-MODEL I-MODEL I-MODEL I-MODEL I-MODEL I-MODEL,ハヤブサ|O918-37|グリーン
T00951,ブラック ノースピーク スニーカー Q132-33,ノースピーク,Q132-33,ブラック,B-COLOR I-COLOR I-COLOR I-COLOR O B-BRAND I-BRAND I-BRAND I-BRAND I-BRAND I-BRAND O O O O O O O B-MODEL I-MODEL I-MODEL I-MODEL I-MODEL I-MODEL I-MODEL,ノースピーク|Q132-33|ブラック
T00952,◆正規品◆イヤホン C16180 KURO シルバー,KURO,C161-80,シルバー,O O O O O O O O O O B-MODEL I-MODEL I-MODEL I-MODEL I-MODEL I-MODEL O B-BRAND I-BRAND I-BRAND I-BRAND O B-COLOR I-COLOR I-COLOR I-COLOR,KURO|C161-80|シルバー
T00953,Ｒ９４７－８０スニーカーホワイトハヤブサ,ハヤブサ,R947-80,ホワイト,B-MODEL I-MODEL I-MODEL I-MODEL I-MODEL I-MODEL I-MODEL O O O O O B-COLOR I-COLOR I-COLOR I-COLOR B-BRAND I-BRAND I-BRAND I-BRAND,ハヤブサ|R947-80|ホワイト
T00954,腕時計 レッド Z963-41,,Z963-41,レッド,O O O O B-COLOR I-COLOR I-COLOR O B-MODEL I-MODEL I-MODEL I-MODEL I-MODEL I-MODEL I-MODEL,|Z963-41|レッド
T00955,《アウトレット》F71929 レッド ノートパソコン,,F719-29,レッド,O O O O O O O O B-MODEL I-MODEL I-MODEL I-MODEL I-MODEL I-MODEL O B-COLOR I-COLOR I-COLOR O O O O O O O O,|F719-29|レッド
T00956,T488-68レッドスニーカーゲンブ,ゲンブ,T488-68,レッド,B-MODEL I-MODEL I-MODEL I-MODEL I-MODEL I-MODEL I-MODEL B-COLOR I-COLOR I-COLOR O O O O O B-BRAND I-BRAND I-BRAND,ゲンブ|T488-68|レッド
T00957,《アウトレット》腕時計 レッド ゲンブ W918-80,ゲンブ,W918-80,レッド,O O O O O O O O O O O O B-COLOR I-COLOR I-COLOR O B-BRAND I-BRAND I-BRAND O B-MODEL I-MODEL I-MODEL I-MODEL I-MODEL I-MODEL I-MODEL,ゲンブ|W918-80|レッド
T00958,ゲンブ冷蔵庫F612-39ネイビー,ゲンブ,F612-39,ネイビー,B-BRAND I-BRAND I-BRAND O O O B-MODEL I-MODEL I-MODEL I-MODEL I-MODEL I-MODEL I-MODEL B-COLOR I-COLOR I-COLOR I-COLOR,ゲンブ|F612-39|ネイビー
T00959,グリーンY732-66冷蔵庫,,Y732-66,グリーン,B-COLOR I-COLOR I-COLOR I-COLOR B-MODEL I-MODEL I-MODEL I-MODEL I-MODEL I-MODEL I-MODEL O O O,|Y732-66|グリーン
T00960,ノートパソコン ホワイト ゲンブ T409-66,ゲンブ,T409-66,ホワイト,O O O O O O O O B-COLOR I-COLOR I-COLOR I-COLOR O B-BRAND I-BRAND I-BRAND O B-MODEL I-MODEL I-MODEL I-MODEL I-MODEL I-MODEL I-MODEL,ゲンブ|T409-66|ホワイト
T00961,L454-53 ゲンブ シルバー 冷蔵庫,ゲンブ,L454-53,シルバー,B-MODEL I-MODEL I-MODEL I-MODEL I-MODEL I-MODEL I-MODEL O B-BRAND I-BRAND I-BRAND O B-COLOR I-COLOR I-COLOR I-COLOR O O O O,ゲンブ|L454-53|シルバー
T00962,グリーン ノートパソコン V23952 ソライロ,ソライロ,V239-52,グリーン,B-COLOR I-COLOR I-COLOR I-COLOR O O O O O O O O O B-MODEL I-MODEL I-MODEL I-MODEL I-MODEL I-MODEL O B-BRAND I-BRAND I-BRAND I-BRAND,ソライロ|V239-52|グリーン
T00963,L28478ホワイトノートパソコン,,L284-78,ホワイト,O O O O O O B-COLOR I-COLOR I-COLOR I-COLOR O O O O O O O,|L284-78|ホワイト
T00964,腕時計 レッド TSUBAKI X60759,TSUBAKI,X607-59,レッド,O O O O B-COLOR I-COLOR I-COLOR O B-BRAND I-BRAND I-BRAND I-BRAND I-BRAND I-BRAND I-BRAND O B-MODEL I-MODEL I-MODEL I-MODEL I-MODEL I-MODEL,TSUBAKI|X607-59|レッド
T00965,O969-21ブラック洗濯機オオゾラ,オオゾラ,O969-21,ブラック,B-MODEL I-MODEL I-MODEL I-MODEL I-MODEL I-MODEL I-MODEL B-COLOR I-COLOR I-COLOR I-COLOR O O O B-BRAND I-BRAND I-BRAND I-BRAND,オオゾラ|O969-21|ブラック
T00966,ノースピーク 腕時計 ブラック N192-32,ノースピーク,N192-32,ブラック,B-BRAND I-BRAND I-BRAND I-BRAND I-BRAND I-BRAND O O O O O B-COLOR I-COLOR I-COLOR I-COLOR O B-MODEL I-MODEL I-MODEL I-MODEL I-MODEL I-MODEL I-MODEL,ノースピーク|N192-32|ブラック
T00967,【即日発送】Ｎ５４４－７１TSUBAKI冷蔵庫シルバー,TSUBAKI,N544-71,シルバー,O O O O O O B-MODEL I-MODEL I-MODEL I-MODEL I-MODEL I-MODEL I-MODEL B-BRAND I-BRAND I-BRAND I-BRAND I-BRAND I-BRAND I-BRAND O O O B-COLOR I-COLOR I-COLOR I-COLOR,TSUBAKI|N544-71|シルバー
T00968,イヤホン Ｃ２１７－１３ TSUBAKI ブラック,TSUBAKI,C217-13,ブラック,O O O O O B-MODEL I-MODEL I-MODEL I-MODEL I-MODEL I-MODEL I-MODEL O B-BRAND I-BRAND I-BRAND I-BRAND I-BRAND I-BRAND I-BRAND O B-COLOR I-COLOR I-COLOR I-COLOR,TSUBAKI|C217-13|ブラック
T00969,◆正規品◆N451-90ブラック冷蔵庫,,N451-90,ブラック,O O O O O B-MODEL I-MODEL I-MODEL I-MODEL I-MODEL I-MODEL I-MODEL B-COLOR I-COLOR I-COLOR I-COLOR O O O,|N451-90|ブラック
T00970,L344-37 グリーン シラユキ 腕時計,シラユキ,L344-37,グリーン,B-MODEL I-MODEL I-MODEL I-MODEL I-MODEL I-MODEL I-MODEL O B-COLOR I-COLOR I-COLOR I-COLOR O B-BRAND I-BRAND I-BRAND I-BRAND O O O O,シラユキ|L344-37|グリーン
T00971,デイパック C965-57 ホワイト,,C965-57,ホワイト,O O O O O O B-MODEL I-MODEL I-MODEL I-MODEL I-MODEL I-MODEL I-MODEL O B-COLOR I-COLOR I-COLOR I-COLOR,|C965-57|ホワイト
T00972,I381-65 シルバー ミドリワークス 掃除機,ミドリワークス,I381-65,シルバー,B-MODEL I-MODEL I-MODEL I-MODEL I-MODEL I-MODEL I-MODEL O B-COLOR I-COLOR I-COLOR I-COLOR O B-BRAND I-BRAND I-BRAND I-BRAND I-BRAND I-BRAND I-BRAND O O O O,ミドリワークス|I381-65|シルバー
T00973,S55844デイパックオオゾラブラック,オオゾラ,S558-44,ブラック,B-MODEL I-MODEL I-MODEL I-MODEL I-MODEL I-MODEL O O O O O B-BRAND I-BRAND I-BRAND I-BRAND B-COLOR I-COLOR I-COLOR I-COLOR,オオゾラ|S558-44|ブラック
T00974,《アウトレット》掃除機 I947-72 TSUBAKI ネイビー,TSUBAKI,I947-72,ネイビー,O O O O O O O O O O O O B-MODEL I-MODEL I-MODEL I-MODEL I-MODEL I-MODEL I-MODEL O B-BRAND I-BRAND I-BRAND I-BRAND I-BRAND I-BRAND I-BRAND O B-COLOR I-COLOR I-COLOR I-COLOR,TSUBAKI|I947-72|ネイビー
T00975,KURO ホワイト 洗濯機 K17127,KURO,K171-27,ホワイト,B-BRAND I-BRAND I-BRAND I-BRAND O B-COLOR I-COLOR I-COLOR I-COLOR O O O O O B-MODEL I-MODEL I-MODEL I-MODEL I-MODEL I-MODEL,KURO|K171-27|ホワイト
T00976,ネイビー腕時計I287-98KURO,KURO,I287-98,ネイビー,B-COLOR I-COLOR I-COLOR I-COLOR O O O B-MODEL I-MODEL I-MODEL I-MODEL I-MODEL I-MODEL I-MODEL B-BRAND I-BRAND I-BRAND I-BRAND,KURO|I287-98|ネイビー
T00977,ノースピークデイパックホワイトC262-51,ノースピーク,C262-51,ホワイト,B-BRAND I-BRAND I-BRAND I-BRAND I-BRAND I-BRAND O O O O O B-COLOR I-COLOR I-COLOR I-COLOR B-MODEL I-MODEL I-MODEL I-MODEL I-MODEL I-MODEL I-MODEL,ノースピーク|C262-51|ホワイト
T00978,★新品未使用★レッド デイパック TSUBAKI S395-33,TSUBAKI,S395-33,レッド,O O O O O O O B-COLOR I-COLOR I-COLOR O O O O O O O B-BRAND I-BRAND I-BRAND I-BRAND I-BRAND I-BRAND I-BRAND O B-MODEL I-MODEL I-MODEL I-MODEL I-MODEL I-MODEL I-MODEL,TSUBAKI|S395-33|レッド
T00979,R985-30 シルバー アカネ電機 冷蔵庫,アカネ電機,R985-30,シルバー,B-MODEL I-MODEL I-MODEL I-MODEL I-MODEL I-MODEL I-MODEL O B-COLOR I-COLOR I-COLOR I-COLOR O B-BRAND I-BRAND I-BRAND I-BRAND I-BRAND O O O O,アカネ電機|R985-30|シルバー
T00980,洗濯機シルバーR250-39,,R250-39,シルバー,O O O B-COLOR I-COLOR I-COLOR I-COLOR B-MODEL I-MODEL I-MODEL I-MODEL I-MODEL I-MODEL I-MODEL,|R250-39|シルバー
T00981,掃除機 I591-24 シルバー,,I591-24,シルバー,O O O O B-MODEL I-MODEL I-MODEL I-MODEL I-MODEL I-MODEL I-MODEL O B-COLOR I-COLOR I-COLOR I-COLOR,|I591-24|シルバー
T00982,Ｔ４９８－９１ TSUBAKI シルバー 洗濯機,TSUBAKI,T498-91,シルバー,B-MODEL I-MODEL I-MODEL I-MODEL I-MODEL I-MODEL I-MODEL O B-BRAND I-BRAND I-BRAND I-BRAND I-BRAND I-BRAND I-BRAND O B-COLOR I-COLOR I-COLOR I-COLOR O O O O,TSUBAKI|T498-91|シルバー
T00983,V31412ネイビーソライロ冷蔵庫,ソライロ,V314-12,ネイビー,B-MODEL I-MODEL I-MODEL I-MODEL I-MODEL I-MODEL B-COLOR I-COLOR I-COLOR I-COLOR B-BRAND I-BRAND I-BRAND I-BRAND O O O,ソライロ|V314-12|ネイビー
T00984,TSUBAKI ホワイトY 839-75 洗濯機,TSUBAKI,Y839-75,ホワイト,B-BRAND I-BRAND I-BRAND I-BRAND I-BRAND I-BRAND I-BRAND O B-COLOR I-COLOR I-COLOR I-COLOR O O O O O O O O O O O O,TSUBAKI|Y839-75|ホワイト
T00985,腕時計ゲンブＴ８２５８２レッド,ゲンブ,T825-82,レッド,O O O B-BRAND I-BRAND I-BRAND B-MODEL I-MODEL I-MODEL I-MODEL I-MODEL I-MODEL B-COLOR I-COLOR I-COLOR,ゲンブ|T825-82|レッド
T00986,洗機 Y686-42 ハヤブサ ネイビー,ハヤブサ,Y686-42,ネイビー,O O O B-MODEL I-MODEL I-MODEL I-MODEL I-MODEL I-MODEL I-MODEL O B-BRAND I-BRAND I-BRAND I-BRAND O B-COLOR I-COLOR I-COLOR I-COLOR,ハヤブサ|Y686-42|ネイビー
T00987,U969-63 アカネ電機 スニーカー ホワイト,アカネ電機,U969-63,ホワイト,B-MODEL I-MODEL I-MODEL I-MODEL I-MODEL I-MODEL I-MODEL O B-BRAND I-BRAND I-BRAND I-BRAND I-BRAND O O O O O O O B-COLOR I-COLOR I-COLOR I-COLOR,アカネ電機|U969-63|ホワイト
T00988,腕時計 オオゾラ R411-25 ネイビー,オオゾラ,R411-25,ネイビー,O O O O B-BRAND I-BRAND I-BRAND I-BRAND O B-MODEL I-MODEL I-MODEL I-MODEL I-MODEL I-MODEL I-MODEL O B-COLOR I-COLOR I-COLOR I-COLOR,オオゾラ|R411-25|ネイビー
T00989,グリーン U833-86 腕時計 ゲンブ,ゲンブ,U833-86,グリーン,B-COLOR I-COLOR I-COLOR I-COLOR O B-MODEL I-MODEL I-MODEL I-MODEL I-MODEL I-MODEL I-MODEL O O O O O B-BRAND I-BRAND I-BRAND,ゲンブ|U833-86|グリーン
T00990,ブラック Ｑ６５１－６６ ノートパソコン,,Q651-66,ブラック,B-COLOR I-COLOR I-COLOR I-COLOR O B-MODEL I-MODEL I-MODEL I-MODEL I-MODEL I-MODEL I-MODEL O O O O O O O O,|Q651-66|ブラック
T00991,ソライロブラックW187-58冷蔵庫,ソライロ,W187-58,ブラック,B-BRAND I-BRAND I-BRAND I-BRAND B-COLOR I-COLOR I-COLOR I-COLOR B-MODEL I-MODEL I-MODEL I-MODEL I-MODEL I-MODEL I-MODEL O O O,ソライロ|W187-58|ブラック
T00992,【送料無料】掃除機 シルバー X50270,,X502-70,シルバー,O O O O O O O O O O B-COLOR I-COLOR I-COLOR I-COLOR O B-MODEL I-MODEL I-MODEL I-MODEL I-MODEL I-MODEL,|X502-70|シルバー
T00993,イヤホン D145-23 グリーン ミドリワークス,ミドリワークス,D145-23,グリーン,O O O O O B-MODEL I-MODEL I-MODEL I-MODEL I-MODEL I-MODEL I-MODEL O B-COLOR I-COLOR I-COLOR I-COLOR O B-BRAND I-BRAND I-BRAND I-BRAND I-BRAND I-BRAND I-BRAND,ミドリワークス|D145-23|グリーン
T00994,ソライロ冷蔵庫ホワイトＰ７３６６７,ソライロ,P736-67,ホワイト,B-BRAND I-BRAND I-BRAND I-BRAND O O O B-COLOR I-COLOR I-COLOR I-COLOR B-MODEL I-MODEL I-MODEL I-MODEL I-MODEL I-MODEL,ソライロ|P736-67|ホワイト
T00995,Ｉ６９８－６３ グリーン ノートパソコン ソライロ,ソライロ,I698-63,グリーン,B-MODEL I-MODEL I-MODEL I-MODEL I-MODEL I-MODEL I-MODEL O B-COLOR I-COLOR I-COLOR I-COLOR O O O O O O O O O B-BRAND I-BRAND I-BRAND I-BRAND,ソライロ|I698-63|グリーン
T00996,Z561-98 グリーンノ ートパソコン ゲンブ,ゲンブ,Z561-98,グリーン,B-MODEL I-MODEL I-MODEL I-MODEL I-MODEL I-MODEL I-MODEL O B-COLOR I-COLOR I-COLOR I-COLOR O O O O O O O O O B-BRAND I-BRAND I-BRAND,ゲンブ|Z561-98|グリーン
T00997,《アウトレット》F504-64 ゲンブ デイパック シルバー,ゲンブ,F504-64,シルバー,O O O O O O O O B-MODEL I-MODEL I-MODEL I-MODEL I-MODEL I-MODEL I-MODEL O B-BRAND I-BRAND I-BRAND O O O O O O O B-COLOR I-COLOR I-COLOR I-COLOR,ゲンブ|F504-64|シルバー
T00998,F45933 シラユキ シルバー 洗濯機,シラユキ,F459-33,シルバー,B-MODEL I-MODEL I-MODEL I-MODEL I-MODEL I-MODEL O B-BRAND I-BRAND I-BRAND I-BRAND O B-COLOR I-COLOR I-COLOR I-COLOR O O O O,シラユキ|F459-33|シルバー
T00999,ソライロシルバー掃除機I161-93,ソライロ,I161-93,シルバー,B-BRAND I-BRAND I-BRAND I-BRAND B-COLOR I-COLOR I-COLOR I-COLOR O O O B-MODEL I-MODEL I-MODEL I-MODEL I-MODEL I-MODEL I-MODEL,ソライロ|I161-93|シルバー
T01000,ネイビー腕時計ミドリワークスX41022,ミドリワークス,X410-22,ネイビー,B-COLOR I-COLOR I-COLOR I-COLOR O O O B-BRAND I-BRAND I-BRAND I-BRAND I-BRAND I-BRAND I-BRAND B-MODEL I-MODEL I-MODEL I-MODEL I-MODEL I-MODEL,ミドリワークス|X410-22|ネイビー
T01001,《アウトレット》冷蔵庫 オオゾラ W71676 グリーン,オオゾラ,W716-76,グリーン,O O O O O O O O O O O O B-BRAND I-BRAND I-BRAND I-BRAND O B-MODEL I-MODEL I-MODEL I-MODEL I-MODEL I-MODEL O B-COLOR I-COLOR I-COLOR I-COLOR,オオゾラ|W716-76|グリーン
T01002,シルバー ノートパソコン ハヤブサ G5310,ハヤブサ,G583-10,シルバー,B-COLOR I-COLOR I-COLOR I-COLOR O O O O O O O O O B-BRAND I-BRAND I-BRAND I-BRAND O O O O O O,ハヤブサ|G583-10|シルバー
T01003,シラユキ ホワイト 洗濯機 G815-48,シラユキ,G815-48,ホワイト,B-BRAND I-BRAND I-BRAND I-BRAND O B-COLOR I-COLOR I-COLOR I-COLOR O O O O O B-MODEL I-MODEL I-MODEL I-MODEL I-MODEL I-MODEL I-MODEL,シラユキ|G815-48|ホワイト
T01004,腕時計 ホワイト D476-40,,D476-40,ホワイト,O O O O B-COLOR I-COLOR I-COLOR I-COLOR O B-MODEL I-MODEL I-MODEL I-MODEL I-MODEL I-MODEL I-MODEL,|D476-40|ホワイト
T01005,アカネ電機 ホワイト イヤホン X12-70,アカネ電機,X812-70,ホワイト,B-BRAND I-BRAND I-BRAND I-BRAND I-BRAND O B-COLOR I-COLOR I-COLOR I-COLOR O O O O O O O O O O O O,アカネ電機|X812-70|ホワイト
T01006,ハヤブサG810-80グリーン腕時計,ハヤブサ,G810-80,グリーン,B-BRAND I-BRAND I-BRAND I-BRAND B-MODEL I-MODEL I-MODEL I-MODEL I-MODEL I-MODEL I-MODEL B-COLOR I-COLOR I-COLOR I-COLOR O O O,ハヤブサ|G810-80|グリーン
T01007,腕時計 U3160 レッド,,U321-60,レッド,O O O O O O O O O O B-COLOR I-COLOR I-COLOR,|U321-60|レッド
T01008,シルバーノ ースピーク Z728-43 ノートパソコン,ノースピーク,Z728-43,シルバー,B-COLOR I-COLOR I-COLOR I-COLOR O O O O O O O O B-MODEL I-MODEL I-MODEL I-MODEL I-MODEL I-MODEL I-MODEL O O O O O O O O,ノースピーク|Z728-43|シルバー
T01009,★新品未使用★G640-90 スニーカー ホワイト オオゾラ,オオゾラ,G640-90,ホワイト,O O O O O O O B-MODEL I-MODEL I-MODEL I-MODEL I-MODEL I-MODEL I-MODEL O O O O O O O B-COLOR I-COLOR I-COLOR I-COLOR O B-BRAND I-BRAND I-BRAND I-BRAND,オオゾラ|G640-90|ホワイト
T01010,◆正規品◆U82921 腕時計 グリーン ゲンブ,ゲンブ,U829-21,グリーン,O O O O O B-MODEL I-MODEL I-MODEL I-MODEL I-MODEL I-MODEL O O O O O B-COLOR I-COLOR I-COLOR I-COLOR O B-BRAND I-BRAND I-BRAND,ゲンブ|U829-21|グリーン
T01011,Ｌ８００３１ イヤホン ブラック,,L800-31,ブラック,B-MODEL I-MODEL I-MODEL I-MODEL I-MODEL I-MODEL O O O O O O B-COLOR I-COLOR I-COLOR I-COLOR,|L800-31|ブラック
T01012,KURO デイパック シルバー Ｊ５５６３６,KURO,J556-36,シルバー,B-BRAND I-BRAND I-BRAND I-BRAND O O O O O O O B-COLOR I-COLOR I-COLOR I-COLOR O B-MODEL I-MODEL I-MODEL I-MODEL I-MODEL I-MODEL,KURO|J556-36|シルバー
T01013,【送料無料】洗濯機 ハヤブサ Ｗ６３５－８２ グリーン,ハヤブサ,W635-82,グリーン,O O O O O O O O O O B-BRAND I-BRAND I-BRAND I-BRAND O B-MODEL I-MODEL I-MODEL I-MODEL I-MODEL I-MODEL I-MODEL O B-COLOR I-COLOR I-COLOR I-COLOR,ハヤブサ|W635-82|グリーン
T01014,S20295アカネ電機ノートパソコンシルバー,アカネ電機,S202-95,シルバー,B-MODEL I-MODEL I-MODEL I-MODEL I-MODEL I-MODEL B-BRAND I-BRAND I-BRAND I-BRAND I-BRAND O O O O O O O B-COLOR I-COLOR I-COLOR I-COLOR,アカネ電機|S202-95|シルバー
T01015,ミドリワークス レッド R720-24 掃除機,ミドリワークス,R720-24,レッド,B-BRAND I-BRAND I-BRAND I-BRAND I-BRAND I-BRAND I-BRAND O B-COLOR I-COLOR I-COLOR O B-MODEL I-MODEL I-MODEL I-MODEL I-MODEL I-MODEL I-MODEL O O O O,ミドリワークス|R720-24|レッド
T01016,【送料無料】ネイビーＮ５１４－５２ソライロ掃除機,ソライロ,N514-52,ネイビー,O O O O O O B-COLOR I-COLOR I-COLOR I-COLOR B-MODEL I-MODEL I-MODEL I-MODEL I-MODEL I-MODEL I-MODEL B-BRAND I-BRAND I-BRAND I-BRAND O O O,ソライロ|N514-52|ネイビー
T01017,オオゾライヤホンＹ７１２－８２レッド,オオゾラ,Y712-82,レッド,B-BRAND I-BRAND I-BRAND I-BRAND O O O O B-MODEL I-MODEL I-MODEL I-MODEL I-MODEL I-MODEL I-MODEL B-COLOR I-COLOR I-COLOR,オオゾラ|Y712-82|レッド
T01018,◆正規品◆Ａ８９３－４４ グリーン KURO デイパック,KURO,A893-44,グリーン,O O O O O B-MODEL I-MODEL I-MODEL I-MODEL I-MODEL I-MODEL I-MODEL O B-COLOR I-COLOR I-COLOR I-COLOR O B-BRAND I-BRAND I-BRAND I-BRAND O O O O O O,KURO|A893-44|グリーン
T01019,B17596 ネイビー シラユキ 腕時計,シラユキ,B175-96,ネイビー,B-MODEL I-MODEL I-MODEL I-MODEL I-MODEL I-MODEL O B-COLOR I-COLOR I-COLOR I-COLOR O B-BRAND I-BRAND I-BRAND I-BRAND O O O O,シラユキ|B175-96|ネイビー
T01020,N217-19 腕時計 グリーン,,N217-19,グリーン,B-MODEL I-MODEL I-MODEL I-MODEL I-MODEL I-MODEL I-MODEL O O O O O B-COLOR I-COLOR I-COLOR I-COLOR,|N217-19|グリーン
T01021,ブラックスニーカーV882-38,,V882-38,ブラック,B-COLOR I-COLOR I-COLOR I-COLOR O O O O O B-MODEL I-MODEL I-MODEL I-MODEL I-MODEL I-MODEL I-MODEL,|V882-38|ブラック
T01022,I446-43ゲンブ腕時計ホワイト,ゲンブ,I446-43,ホワイト,B-MODEL I-MODEL I-MODEL I-MODEL I-MODEL I-MODEL I-MODEL B-BRAND I-BRAND I-BRAND O O O B-COLOR I-COLOR I-COLOR I-COLOR,ゲンブ|I446-43|ホワイト
T01023,【即日発送】腕時計J25239ブラックTSUBAKI,TSUBAKI,J252-39,ブラック,O O O O O O O O O B-MODEL I-MODEL I-MODEL I-MODEL I-MODEL I-MODEL B-COLOR I-COLOR I-COLOR I-COLOR B-BRAND I-BRAND I-BRAND I-BRAND I-BRAND I-BRAND I-BRAND,TSUBAKI|J252-39|ブラック
T01024,ホワイトハヤブサX958-57デイパック,ハヤブサ,X958-57,ホワイト,B-COLOR I-COLOR I-COLOR I-COLOR B-BRAND I-BRAND I-BRAND I-BRAND B-MODEL I-MODEL I-MODEL I-MODEL I-MODEL I-MODEL I-MODEL O O O O O,ハヤブサ|X958-57|ホワイト
T01025,アカネ電機グリーンデイパックD438-97,アカネ電機,D438-97,グリーン,B-BRAND I-BRAND I-BRAND I-BRAND I-BRAND B-COLOR I-COLOR I-COLOR I-COLOR O O O O O B-MODEL I-MODEL I-MODEL I-MODEL I-MODEL I-MODEL I-MODEL,アカネ電機|D438-97|グリーン
T01026,W849-10 ミドリワークス ブラック デイパック,ミドリワークス,W849-10,ブラック,B-MODEL I-MODEL I-MODEL I-MODEL I-MODEL I-MODEL I-MODEL O B-BRAND I-BRAND I-BRAND I-BRAND I-BRAND I-BRAND I-BRAND O B-COLOR I-COLOR I-COLOR I-COLOR O O O O O O,ミドリワークス|W849-10|ブラック
T01027,ソラロイ シルバー 掃除機 Ｒ８０５－２０,ソライロ,R805-20,シルバー,O O O O O B-COLOR I-COLOR I-COLOR I-COLOR O O O O O B-MODEL I-MODEL I-MODEL I-MODEL I-MODEL I-MODEL I-MODEL,ソライロ|R805-20|シルバー
T01028,【送料無料】ソライロN461-45グリーインヤホン,ソライロ,N461-45,グリーン,O O O O O O B-BRAND I-BRAND I-BRAND I-BRAND B-MODEL I-MODEL I-MODEL I-MODEL I-MODEL I-MODEL I-MODEL O O O O O O O O,ソライロ|N461-45|グリーン
T01029,★新品未使用★冷蔵庫 Ｋ３２５－３１ ハヤブサ ネイビー,ハヤブサ,K325-31,ネイビー,O O O O O O O O O O O B-MODEL I-MODEL I-MODEL I-MODEL I-MODEL I-MODEL I-MODEL O B-BRAND I-BRAND I-BRAND I-BRAND O B-COLOR I-COLOR I-COLOR I-COLOR,ハヤブサ|K325-31|ネイビー
T01030,ネイビーQ75433冷蔵庫,,Q754-33,ネイビー,B-COLOR I-COLOR I-COLOR I-COLOR B-MODEL I-MODEL I-MODEL I-MODEL I-MODEL I-MODEL O O O,|Q754-33|ネイビー
T01031,P357-71 イヤホン レッド,,P357-71,レッド,B-MODEL I-MODEL I-MODEL I-MODEL I-MODEL I-MODEL I-MODEL O O O O O O B-COLOR I-COLOR I-COLOR,|P357-71|レッド
T01032,【即日発送】U790-69洗濯機ブラックゲンブ,ゲンブ,U790-69,ブラック,O O O O O O B-MODEL I-MODEL I-MODEL I-MODEL I-MODEL I-MODEL I-MODEL O O O B-COLOR I-COLOR I-COLOR I-COLOR B-BRAND I-BRAND I-BRAND,ゲンブ|U790-69|ブラック
T01033,N59335冷蔵庫グーン,,N593-35,グリーン,B-MODEL I-MODEL I-MODEL I-MODEL I-MODEL I-MODEL O O O O O O,|N593-35|グリーン
T01034,C810-16 シルバー 冷蔵庫,,C810-16,シルバー,B-MODEL I-MODEL I-MODEL I-MODEL I-MODEL I-MODEL I-MODEL O B-COLOR I-COLOR I-COLOR I-COLOR O O O O,|C810-16|シルバー
T01035,シルバー ノースピーク 掃除機 N376-89,ノースピーク,N376-89,シルバー,B-COLOR I-COLOR I-COLOR I-COLOR O B-BRAND I-BRAND I-BRAND I-BRAND I-BRAND I-BRAND O O O O O B-MODEL I-MODEL I-MODEL I-MODEL I-MODEL I-MODEL I-MODEL,ノースピーク|N376-89|シルバー
T01036,シラユキ シルバー W21874 洗濯機,シラユキ,W218-74,シルバー,B-BRAND I-BRAND I-BRAND I-BRAND O B-COLOR I-COLOR I-COLOR I-COLOR O B-MODEL I-MODEL I-MODEL I-MODEL I-MODEL I-MODEL O O O O,シラユキ|W218-74|シルバー
T01037,F799-54レッド掃除機,,F799-54,レッド,B-MODEL I-MODEL I-MODEL I-MODEL I-MODEL I-MODEL I-MODEL B-COLOR I-COLOR I-COLOR O O O,|F799-54|レッド
T01038,掃除機 F359-83 ンゲブ レッド,ゲンブ,F359-83,レッド,O O O O B-MODEL I-MODEL I-MODEL I-MODEL I-MODEL I-MODEL I-MODEL O O O O O B-COLOR I-COLOR I-COLOR,ゲンブ|F359-83|レッド
T01039,【送料無料】O506-83 洗濯機 ホワイト ソライロ,ソライロ,O506-83,ホワイト,O O O O O O B-MODEL I-MODEL I-MODEL I-MODEL I-MODEL I-MODEL I-MODEL O O O O O B-COLOR I-COLOR I-COLOR I-COLOR O B-BRAND I-BRAND I-BRAND I-BRAND,ソライロ|O506-83|ホワイト
T01040,【即日発送】Y114-79 冷蔵庫 ブラック,,Y114-79,ブラック,O O O O O O B-MODEL I-MODEL I-MODEL I-MODEL I-MODEL I-MODEL I-MODEL O O O O O B-COLOR I-COLOR I-COLOR I-COLOR,|Y114-79|ブラック
T01041,レッドデイパックK81021,,K810-21,レッド,B-COLOR I-COLOR I-COLOR O O O O O B-MODEL I-MODEL I-MODEL I-MODEL I-MODEL I-MODEL,|K810-21|レッド
T01042,シルバー ノートパソコン B930-81 シラユキ,シラユキ,B930-81,シルバー,B-COLOR I-COLOR I-COLOR I-COLOR O O O O O O O O O B-MODEL I-MODEL I-MODEL I-MODEL I-MODEL I-MODEL I-MODEL O B-BRAND I-BRAND I-BRAND I-BRAND,シラユキ|B930-81|シルバー
T01043,【送料無料】K35151 ノースピーク イヤホン グリーン,ノースピーク,K351-51,グリーン,O O O O O O B-MODEL I-MODEL I-MODEL I-MODEL I-MODEL I-MODEL O B-BRAND I-BRAND I-BRAND I-BRAND I-BRAND I-BRAND O O O O O O B-COLOR I-COLOR I-COLOR I-COLOR,ノースピーク|K351-51|グリーン
T01044,◆正規品◆ハヤブサグリーンスニーカーV243-68,ハヤブサ,V243-68,グリーン,O O O O O B-BRAND I-BRAND I-BRAND I-BRAND B-COLOR I-COLOR I-COLOR I-COLOR O O O O O B-MODEL I-MODEL I-MODEL I-MODEL I-MODEL I-MODEL I-MODEL,ハヤブサ|V243-68|グリーン
T01045,シラユキ グリーン B731-40 イヤホン,シラユキ,B731-40,グリーン,B-BRAND I-BRAND I-BRAND I-BRAND O B-COLOR I-COLOR I-COLOR I-COLOR O B-MODEL I-MODEL I-MODEL I-MODEL I-MODEL I-MODEL I-MODEL O O O O O,シラユキ|B731-40|グリーン
T01046,ノートパソコン Ｅ１２３－９６ レッド ハヤブサ,ハヤブサ,E123-96,レッド,O O O O O O O O B-MODEL I-MODEL I-MODEL I-MODEL I-MODEL I-MODEL I-MODEL O B-COLOR I-COLOR I-COLOR O B-BRAND I-BRAND I-BRAND I-BRAND,ハヤブサ|E123-96|レッド
T01047,ホワイト G586-21 洗濯機 オオゾラ,オオゾラ,G586-21,ホワイト,B-COLOR I-COLOR I-COLOR I-COLOR O B-MODEL I-MODEL I-MODEL I-MODEL I-MODEL I-MODEL I-MODEL O O O O O B-BRAND I-BRAND I-BRAND I-BRAND,オオゾラ|G586-21|ホワイト
T01048,掃除機N69955ネイビーシラユキ,シラユキ,N699-55,ネイビー,O O O B-MODEL I-MODEL I-MODEL I-MODEL I-MODEL I-MODEL B-COLOR I-COLOR I-COLOR I-COLOR B-BRAND I-BRAND I-BRAND I-BRAND,シラユキ|N699-55|ネイビー
T01049,Q99110 レッド 掃除機,,Q991-10,レッド,B-MODEL I-MODEL I-MODEL I-MODEL I-MODEL I-MODEL O B-COLOR I-COLOR I-COLOR O O O O,|Q991-10|レッド
T01050,アカネ電機 Ｂ３２３－４４ グリーン 掃除機,アカネ電機,B323-44,グリーン,B-BRAND I-BRAND I-BRAND I-BRAND I-BRAND O B-MODEL I-MODEL I-MODEL I-MODEL I-MODEL I-MODEL I-MODEL O B-COLOR I-COLOR I-COLOR I-COLOR O O O O,アカネ電機|B323-44|グリーン
T01051,ソライロI931-14ノートパソコングリーン,ソライロ,I931-14,グリーン,B-BRAND I-BRAND I-BRAND I-BRAND B-MODEL I-MODEL I-MODEL I-MODEL I-MODEL I-MODEL I-MODEL O O O O O O O B-COLOR I-COLOR I-COLOR I-COLOR,ソライロ|I931-14|グリーン
T01052,ノースピーク 冷蔵庫O495-58 ブラック,ノースピーク,O495-58,ブラック,B-BRAND I-BRAND I-BRAND I-BRAND I-BRAND I-BRAND O O O O B-MODEL I-MODEL I-MODEL I-MODEL I-MODEL I-MODEL I-MODEL O B-COLOR I-COLOR I-COLOR I-COLOR,ノースピーク|O495-58|ブラック
T01053,ハヤブサ V409-96 ブラック スニーカー,ハヤブサ,V409-96,ブラック,B-BRAND I-BRAND I-BRAND I-BRAND O B-MODEL I-MODEL I-MODEL I-MODEL I-MODEL I-MODEL I-MODEL O B-COLOR I-COLOR I-COLOR I-COLOR O O O O O O,ハヤブサ|V409-96|ブラック
T01054,掃除機 ネイビー Z625-51 アカネ電機,アカネ電機,Z625-51,ネイビー,O O O O B-COLOR I-COLOR I-COLOR I-COLOR O B-MODEL I-MODEL I-MODEL I-MODEL I-MODEL I-MODEL I-MODEL O B-BRAND I-BRAND I-BRAND I-BRAND I-BRAND,アカネ電機|Z625-51|ネイビー
T01055,《アウトレット》ミドリワークス ブラック Z448-72 イデパック,ミドリワークス,Z448-72,ブラック,O O O O O O O O B-BRAND I-BRAND I-BRAND I-BRAND I-BRAND I-BRAND I-BRAND O B-COLOR I-COLOR I-COLOR I-COLOR O B-MODEL I-MODEL I-MODEL I-MODEL I-MODEL I-MODEL I-MODEL O O O O O O,ミドリワークス|Z448-72|ブラック
T01056,冷蔵庫ネイビーL21429シラユキ,シラユキ,L214-29,ネイビー,O O O B-COLOR I-COLOR I-COLOR I-COLOR B-MODEL I-MODEL I-MODEL I-MODEL I-MODEL I-MODEL B-BRAND I-BRAND I-BRAND I-BRAND,シラユキ|L214-29|ネイビー
T01057,デイパック ゲンブ ホワイト C90521,ゲンブ,C905-21,ホワイト,O O O O O O B-BRAND I-BRAND I-BRAND O B-COLOR I-COLOR I-COLOR I-COLOR O B-MODEL I-MODEL I-MODEL I-MODEL I-MODEL I-MODEL,ゲンブ|C905-21|ホワイト
T01058,デイパック Ｍ２９３－３８ オオゾラ ブラック,オオゾラ,M293-38,ブラック,O O O O O O B-MODEL I-MODEL I-MODEL I-MODEL I-MODEL I-MODEL I-MODEL O B-BRAND I-BRAND I-BRAND I-BRAND O B-COLOR I-COLOR I-COLOR I-COLOR,オオゾラ|M293-38|ブラック
T01059,ノートパソコンオオゾラブラックＩ６７５－１５,オオゾラ,I675-15,ブラック,O O O O O O O B-BRAND I-BRAND I-BRAND I-BRAND B-COLOR I-COLOR I-COLOR I-COLOR B-MODEL I-MODEL I-MODEL I-MODEL I-MODEL I-MODEL I-MODEL,オオゾラ|I675-15|ブラック
T01060,ゲンブ Ｊ１２３－８８ 腕時計 ネイー,ゲンブ,J123-88,ネイビー,B-BRAND I-BRAND I-BRAND O B-MODEL I-MODEL I-MODEL I-MODEL I-MODEL I-MODEL I-MODEL O O O O O O O O,ゲンブ|J123-88|ネイビー
T01061,腕時計ゲンブブラックK795-10,ゲンブ,K795-10,ブラック,O O O B-BRAND I-BRAND I-BRAND B-COLOR I-COLOR I-COLOR I-COLOR B-MODEL I-MODEL I-MODEL I-MODEL I-MODEL I-MODEL I-MODEL,ゲンブ|K795-10|ブラック
T01062,ミドリワークス デイパック R497-85 レッド,ミドリワークス,R497-85,レッド,B-BRAND I-BRAND I-BRAND I-BRAND I-BRAND I-BRAND I-BRAND O O O O O O O B-MODEL I-MODEL I-MODEL I-MODEL I-MODEL I-MODEL I-MODEL O B-COLOR I-COLOR I-COLOR,ミドリワークス|R497-85|レッド
T01063,シルバー ミドリワークス イヤホン F59672,ミドリワークス,F596-72,シルバー,B-COLOR I-COLOR I-COLOR I-COLOR O B-BRAND I-BRAND I-BRAND I-BRAND I-BRAND I-BRAND I-BRAND O O O O O O B-MODEL I-MODEL I-MODEL I-MODEL I-MODEL I-MODEL,ミドリワークス|F596-72|シルバー
T01064,S4836 KURO 腕時計 ネイビー,KURO,S482-36,ネイビー,O O O O O O B-BRAND I-BRAND I-BRAND I-BRAND O O O O O B-COLOR I-COLOR I-COLOR I-COLOR,KURO|S482-36|ネイビー
T01065,イヤホンH139-63ホワイト,,H139-63,ホワイト,O O O O B-MODEL I-MODEL I-MODEL I-MODEL I-MODEL I-MODEL I-MODEL B-COLOR I-COLOR I-COLOR I-COLOR,|H139-63|ホワイト
T01066,Ｈ４５１－９３腕時計ブラックノースピーク,ノースピーク,H451-93,ブラック,B-MODEL I-MODEL I-MODEL I-MODEL I-MODEL I-MODEL I-MODEL O O O B-COLOR I-COLOR I-COLOR I-COLOR B-BRAND I-BRAND I-BRAND I-BRAND I-BRAND I-BRAND,ノースピーク|H451-93|ブラック
T01067,KUROＨ４３３－５０デイパックホワイト,KURO,H433-50,ホワイト,B-BRAND I-BRAND I-BRAND I-BRAND B-MODEL I-MODEL I-MODEL I-MODEL I-MODEL I-MODEL I-MODEL O O O O O B-COLOR I-COLOR I-COLOR I-COLOR,KURO|H433-50|ホワイト
T01068,オオゾラ ネイビー 冷蔵庫 R857-52,オオゾラ,R857-52,ネイビー,B-BRAND I-BRAND I-BRAND I-BRAND O B-COLOR I-COLOR I-COLOR I-COLOR O O O O O B-MODEL I-MODEL I-MODEL I-MODEL I-MODEL I-MODEL I-MODEL,オオゾラ|R857-52|ネイビー
T01069,《アウトレット》Ｘ６７３－７５シラユキノートパソコンシルバー,シラユキ,X673-75,シルバー,O O O O O O O O B-MODEL I-MODEL I-MODEL I-MODEL I-MODEL I-MODEL I-MODEL B-BRAND I-BRAND I-BRAND I-BRAND O O O O O O O B-COLOR I-COLOR I-COLOR I-COLOR,シラユキ|X673-75|シルバー
T01070,ブラック 洗濯機 アネ電機 V542-61,アカネ電機,V542-61,ブラック,B-COLOR I-COLOR I-COLOR I-COLOR O O O O O O O O O O B-MODEL I-MODEL I-MODEL I-MODEL I-MODEL I-MODEL I-MODEL,アカネ電機|V542-61|ブラック
T01071,ホワイト スニーカー V91731 TSUBAKI,TSUBAKI,V917-31,ホワイト,B-COLOR I-COLOR I-COLOR I-COLOR O O O O O O O B-MODEL I-MODEL I-MODEL I-MODEL I-MODEL I-MODEL O B-BRAND I-BRAND I-BRAND I-BRAND I-BRAND I-BRAND I-BRAND,TSUBAKI|V917-31|ホワイト
T01072,洗濯機 Ｕ４５５６３ レッド,,U455-63,レッド,O O O O B-MODEL I-MODEL I-MODEL I-MODEL I-MODEL I-MODEL O B-COLOR I-COLOR I-COLOR,|U455-63|レッド
T01073,ブラックデイパックＳ７２２－８１,,S722-81,ブラック,B-COLOR I-COLOR I-COLOR I-COLOR O O O O O B-MODEL I-MODEL I-MODEL I-MODEL I-MODEL I-MODEL I-MODEL,|S722-81|ブラック
T01074,アカネ電機ブラックE108-62洗濯機,アカネ電機,E108-62,ブラック,B-BRAND I-BRAND I-BRAND I-BRAND I-BRAND B-COLOR I-COLOR I-COLOR I-COLOR B-MODEL I-MODEL I-MODEL I-MODEL I-MODEL I-MODEL I-MODEL O O O,アカネ電機|E108-62|ブラック
T01075,ネイビーＨ９７２－７３イヤホンミドリワークス,ミドリワークス,H972-73,ネイビー,B-COLOR I-COLOR I-COLOR I-COLOR B-MODEL I-MODEL I-MODEL I-MODEL I-MODEL I-MODEL I-MODEL O O O O B-BRAND I-BRAND I-BRAND I-BRAND I-BRAND I-BRAND I-BRAND,ミドリワークス|H972-73|ネイビー
T01076,洗濯機グリーンハヤブサY340-48,ハヤブサ,Y340-48,グリーン,O O O B-COLOR I-COLOR I-COLOR I-COLOR B-BRAND I-BRAND I-BRAND I-BRAND B-MODEL I-MODEL I-MODEL I-MODEL I-MODEL I-MODEL I-MODEL,ハヤブサ|Y340-48|グリーン
T01077,オオゾラ ブラック P653-63 スニーカー,オオゾラ,P653-63,ブラック,B-BRAND I-BRAND I-BRAND I-BRAND O B-COLOR I-COLOR I-COLOR I-COLOR O B-MODEL I-MODEL I-MODEL I-MODEL I-MODEL I-MODEL I-MODEL O O O O O O,オオゾラ|P653-63|ブラック
T01078,N617-37 ブラック ノースピーク スニーカー,ノースピーク,N617-37,ブラック,B-MODEL I-MODEL I-MODEL I-MODEL I-MODEL I-MODEL I-MODEL O B-COLOR I-COLOR I-COLOR I-COLOR O B-BRAND I-BRAND I-BRAND I-BRAND I-BRAND I-BRAND O O O O O O,ノースピーク|N617-37|ブラック
T01079,ミドリワークス レッド E863-60 冷蔵庫,ミドリワークス,E863-60,レッド,B-BRAND I-BRAND I-BRAND I-BRAND I-BRAND I-BRAND I-BRAND O B-COLOR I-COLOR I-COLOR O B-MODEL I-MODEL I-MODEL I-MODEL I-MODEL I-MODEL I-MODEL O O O O,ミドリワークス|E863-60|レッド
T01080,ブラックH856-29ノースピークノートパソコン,ノースピーク,H856-29,ブラック,B-COLOR I-COLOR I-COLOR I-COLOR B-MODEL I-MODEL I-MODEL I-MODEL I-MODEL I-MODEL I-MODEL B-BRAND I-BRAND I-BRAND I-BRAND I-BRAND I-BRAND O O O O O O O,ノースピーク|H856-29|ブラック
T01081,【即日発送】Ｇ２５３４７ シルバー ノースピーク 冷蔵庫,ノースピーク,G253-47,シルバー,O O O O O O B-MODEL I-MODEL I-MODEL I-MODEL I-MODEL I-MODEL O B-COLOR I-COLOR I-COLOR I-COLOR O B-BRAND I-BRAND I-BRAND I-BRAND I-BRAND I-BRAND O O O O,ノースピーク|G253-47|シルバー
T01082,Ｘ９８５－５４ホワイトオオゾラ冷蔵庫,オオゾラ,X985-54,ホワイト,B-MODEL I-MODEL I-MODEL I-MODEL I-MODEL I-MODEL I-MODEL B-COLOR I-COLOR I-COLOR I-COLOR B-BRAND I-BRAND I-BRAND I-BRAND O O O,オオゾラ|X985-54|ホワイト
T01083,ミドリワークス イヤホン G293-85 シルバー,ミドリワークス,G293-85,シルバー,B-BRAND I-BRAND I-BRAND I-BRAND I-BRAND I-BRAND I-BRAND O O O O O O B-MODEL I-MODEL I-MODEL I-MODEL I-MODEL I-MODEL I-MODEL O B-COLOR I-COLOR I-COLOR I-COLOR,ミドリワークス|G293-85|シルバー
T01084,ネイビー ノートパソコン W650-69 ミドリワークス,ミドリワークス,W650-69,ネイビー,B-COLOR I-COLOR I-COLOR I-COLOR O O O O O O O O O B-MODEL I-MODEL I-MODEL I-MODEL I-MODEL I-MODEL I-MODEL O B-BRAND I-BRAND I-BRAND I-BRAND I-BRAND I-BRAND I-BRAND,ミドリワークス|W650-69|ネイビー
T01085,ノースピーク ッレド Ｐ１９６－３４ 掃除機,ノースピーク,P196-34,レッド,B-BRAND I-BRAND I-BRAND I-BRAND I-BRAND I-BRAND O O O O O B-MODEL I-MODEL I-MODEL I-MODEL I-MODEL I-MODEL I-MODEL O O O O,ノースピーク|P196-34|レッド
T01086,デイパックO20-19ネイビーノースピーク,ノースピーク,O620-19,ネイビー,O O O O O O O O O O O B-COLOR I-COLOR I-COLOR I-COLOR B-BRAND I-BRAND I-BRAND I-BRAND I-BRAND I-BRAND,ノースピーク|O620-19|ネイビー
T01087,★新品未使用★ブラック 冷蔵庫 L516-19 オオゾラ,オオゾラ,L516-19,ブラック,O O O O O O O B-COLOR I-COLOR I-COLOR I-COLOR O O O O O B-MODEL I-MODEL I-MODEL I-MODEL I-MODEL I-MODEL I-MODEL O B-BRAND I-BRAND I-BRAND I-BRAND,オオゾラ|L516-19|ブラック
T01088,TSUBAKII665-64ネイビー掃除機,TSUBAKI,I665-64,ネイビー,B-BRAND I-BRAND I-BRAND I-BRAND I-BRAND I-BRAND I-BRAND B-MODEL I-MODEL I-MODEL I-MODEL I-MODEL I-MODEL I-MODEL B-COLOR I-COLOR I-COLOR I-COLOR O O O,TSUBAKI|I665-64|ネイビー
T01089,グリーン 洗濯機 ノースピーク T241-20,ノースピーク,T241-20,グリーン,B-COLOR I-COLOR I-COLOR I-COLOR O O O O O B-BRAND I-BRAND I-BRAND I-BRAND I-BRAND I-BRAND O B-MODEL I-MODEL I-MODEL I-MODEL I-MODEL I-MODEL I-MODEL,ノースピーク|T241-20|グリーン
T01090,【即日発送】U392-25ノートパソコンレッド,,U392-25,レッド,O O O O O O B-MODEL I-MODEL I-MODEL I-MODEL I-MODEL I-MODEL I-MODEL O O O O O O O B-COLOR I-COLOR I-COLOR,|U392-25|レッド
T01091,P904-13 洗濯機 ソライロ ブラック,ソライロ,P904-13,ブラック,B-MODEL I-MODEL I-MODEL I-MODEL I-MODEL I-MODEL I-MODEL O O O O O B-BRAND I-BRAND I-BRAND I-BRAND O B-COLOR I-COLOR I-COLOR I-COLOR,ソライロ|P904-13|ブラック
T01092,レッドＡ９３６３４イヤホン,,A936-34,レッド,B-COLOR I-COLOR I-COLOR B-MODEL I-MODEL I-MODEL I-MODEL I-MODEL I-MODEL O O O O,|A936-34|レッド
T01093,ネイビー TSUBAKI E875-79 掃除機,TSUBAKI,E875-79,ネイビー,B-COLOR I-COLOR I-COLOR I-COLOR O B-BRAND I-BRAND I-BRAND I-BRAND I-BRAND I-BRAND I-BRAND O B-MODEL I-MODEL I-MODEL I-MODEL I-MODEL I-MODEL I-MODEL O O O O,TSUBAKI|E875-79|ネイビー
T01094,掃除機シルバーＶ３０１－６６ハヤブサ,ハヤブサ,V301-66,シルバー,O O O B-COLOR I-COLOR I-COLOR I-COLOR B-MODEL I-MODEL I-MODEL I-MODEL I-MODEL I-MODEL I-MODEL B-BRAND I-BRAND I-BRAND I-BRAND,ハヤブサ|V301-66|シルバー
T01095,【即日発送】ブラックB61051ノートパソコンミドリワークス,ミドリワークス,B610-51,ブラック,O O O O O O B-COLOR I-COLOR I-COLOR I-COLOR B-MODEL I-MODEL I-MODEL I-MODEL I-MODEL I-MODEL O O O O O O O B-BRAND I-BRAND I-BRAND I-BRAND I-BRAND I-BRAND I-BRAND,ミドリワークス|B610-51|ブラック
T01096,R4694 0腕時計 ブラック,,R469-40,ブラック,O O O O O O O O O O O B-COLOR I-COLOR I-COLOR I-COLOR,|R469-40|ブラック
T01097,シラユキ L530-20 ブラック デイパック,シラユキ,L530-20,ブラック,B-BRAND I-BRAND I-BRAND I-BRAND O B-MODEL I-MODEL I-MODEL I-MODEL I-MODEL I-MODEL I-MODEL O B-COLOR I-COLOR I-COLOR I-COLOR O O O O O O,シラユキ|L530-20|ブラック
T01098,C305-48 KURO スニーカー グリーン,KURO,C305-48,グリーン,B-MODEL I-MODEL I-MODEL I-MODEL I-MODEL I-MODEL I-MODEL O B-BRAND I-BRAND I-BRAND I-BRAND O O O O O O O B-COLOR I-COLOR I-COLOR I-COLOR,KURO|C305-48|グリーン
T01099,洗濯機 E851-83 シラユキ グリーン,シラユキ,E851-83,グリーン,O O O O B-MODEL I-MODEL I-MODEL I-MODEL I-MODEL I-MODEL I-MODEL O B-BRAND I-BRAND I-BRAND I-BRAND O B-COLOR I-COLOR I-COLOR I-COLOR,シラユキ|E851-83|グリーン
T01100,デイッパク Ｇ２４０－１５ ハヤブサ レッド,ハヤブサ,G240-15,レッド,O O O O O O B-MODEL I-MODEL I-MODEL I-MODEL I-MODEL I-MODEL I-MODEL O B-BRAND I-BRAND I-BRAND I-BRAND O B-COLOR I-COLOR I-COLOR,ハヤブサ|G240-15|レッド
T01101,ネイビーI516-68シラユキ腕時計,シラユキ,I516-68,ネイビー,B-COLOR I-COLOR I-COLOR I-COLOR B-MODEL I-MODEL I-MODEL I-MODEL I-MODEL I-MODEL I-MODEL B-BRAND I-BRAND I-BRAND I-BRAND O O O,シラユキ|I516-68|ネイビー
T01102,《アウトレット》冷蔵庫V569-60グリーンハヤブサ,ハヤブサ,V569-60,グリーン,O O O O O O O O O O O B-MODEL I-MODEL I-MODEL I-MODEL I-MODEL I-MODEL I-MODEL B-COLOR I-COLOR I-COLOR I-COLOR B-BRAND I-BRAND I-BRAND I-BRAND,ハヤブサ|V569-60|グリーン
T01103,◆正規品◆ゲンブ スニーカー ネイビー Ｎ４３８９０,ゲンブ,N438-90,ネイビー,O O O O O B-BRAND I-BRAND I-BRAND O O O O O O O B-COLOR I-COLOR I-COLOR I-COLOR O B-MODEL I-MODEL I-MODEL I-MODEL I-MODEL I-MODEL,ゲンブ|N438-90|ネイビー
T01104,ゲンブJ421-43ネイビー腕時計,ゲンブ,J421-43,ネイビー,B-BRAND I-BRAND I-BRAND B-MODEL I-MODEL I-MODEL I-MODEL I-MODEL I-MODEL I-MODEL B-COLOR I-COLOR I-COLOR I-COLOR O O O,ゲンブ|J421-43|ネイビー
T01105,【即日発送】ホワイト Ｌ３０４－３３ ハヤブサ 掃除機,ハヤブサ,L304-33,ホワイト,O O O O O O B-COLOR I-COLOR I-COLOR I-COLOR O B-MODEL I-MODEL I-MODEL I-MODEL I-MODEL I-MODEL I-MODEL O B-BRAND I-BRAND I-BRAND I-BRAND O O O O,ハヤブサ|L304-33|ホワイト
T01106,R65680 イヤホン アカネ電機 ブラック,アカネ電機,R656-80,ブラック,B-MODEL I-MODEL I-MODEL I-MODEL I-MODEL I-MODEL O O O O O O B-BRAND I-BRAND I-BRAND I-BRAND I-BRAND O B-COLOR I-COLOR I-COLOR I-COLOR,アカネ電機|R656-80|ブラック
T01107,★新品未使用★オオゾラ レッド スニーカー B39672,オオゾラ,B396-72,レッド,O O O O O O O B-BRAND I-BRAND I-BRAND I-BRAND O B-COLOR I-COLOR I-COLOR O O O O O O O B-MODEL I-MODEL I-MODEL I-MODEL I-MODEL I-MODEL,オオゾラ|B396-72|レッド
T01108,掃除機シラユキV887-98ネイビー,シラユキ,V887-98,ネイビー,O O O B-BRAND I-BRAND I-BRAND I-BRAND B-MODEL I-MODEL I-MODEL I-MODEL I-MODEL I-MODEL I-MODEL B-COLOR I-COLOR I-COLOR I-COLOR,シラユキ|V887-98|ネイビー
T01109,ネイビーノーピスークデイパックU167-26,ノースピーク,U167-26,ネイビー,B-COLOR I-COLOR I-COLOR I-COLOR O O O O O O O O O O O B-MODEL I-MODEL I-MODEL I-MODEL I-MODEL I-MODEL I-MODEL,ノースピーク|U167-26|ネイビー
T01110,ミドリワークスシルバーＥ４７８－５７冷蔵庫,ミドリワークス,E478-57,シルバー,B-BRAND I-BRAND I-BRAND I-BRAND I-BRAND I-BRAND I-BRAND B-COLOR I-COLOR I-COLOR I-COLOR B-MODEL I-MODEL I-MODEL I-MODEL I-MODEL I-MODEL I-MODEL O O O,ミドリワークス|E478-57|シルバー
T01111,グリーン Y713-57 腕時計 アカネ電機,アカネ電機,Y713-57,グリーン,B-COLOR I-COLOR I-COLOR I-COLOR O B-MODEL I-MODEL I-MODEL I-MODEL I-MODEL I-MODEL I-MODEL O O O O O B-BRAND I-BRAND I-BRAND I-BRAND I-BRAND,アカネ電機|Y713-57|グリーン
T01112,B5840ブラックスニーカー,,B858-40,ブラック,O O O O O B-COLOR I-COLOR I-COLOR I-COLOR O O O O O,|B858-40|ブラック
T01113,Ｊ３６５６６ レッド 洗濯機 TSUBAKI,TSUBAKI,J365-66,レッド,B-MODEL I-MODEL I-MODEL I-MODEL I-MODEL I-MODEL O B-COLOR I-COLOR I-COLOR O O O O O B-BRAND I-BRAND I-BRAND I-BRAND I-BRAND I-BRAND I-BRAND,TSUBAKI|J365-66|レッド
T01114,★新品未使用★C508-88 ノートパソコン シルバー ミドリワークス,ミドリワークス,C508-88,シルバー,O O O O O O O B-MODEL I-MODEL I-MODEL I-MODEL I-MODEL I-MODEL I-MODEL O O O O O O O O O B-COLOR I-COLOR I-COLOR I-COLOR O B-BRAND I-BRAND I-BRAND I-BRAND I-BRAND I-BRAND I-BRAND,ミドリワークス|C508-88|シルバー
T01115,イヤホンゲンブネイビーＪ１０６－１５,ゲンブ,J106-15,ネイビー,O O O O B-BRAND I-BRAND I-BRAND B-COLOR I-COLOR I-COLOR I-COLOR B-MODEL I-MODEL I-MODEL I-MODEL I-MODEL I-MODEL I-MODEL,ゲンブ|J106-15|ネイビー
T01116,◆正規品◆V76555 レッド 洗濯機 アカネ電機,アカネ電機,V765-55,レッド,O O O O O B-MODEL I-MODEL I-MODEL I-MODEL I-MODEL I-MODEL O B-COLOR I-COLOR I-COLOR O O O O O B-BRAND I-BRAND I-BRAND I-BRAND I-BRAND,アカネ電機|V765-55|レッド
T01117,【送料無料】M522-72 ゲンブ シルバー 冷蔵庫,ゲンブ,M522-72,シルバー,O O O O O O B-MODEL I-MODEL I-MODEL I-MODEL I-MODEL I-MODEL I-MODEL O B-BRAND I-BRAND I-BRAND O B-COLOR I-COLOR I-COLOR I-COLOR O O O O,ゲンブ|M522-72|シルバー
T01118,【即日発送】レッド冷蔵庫R45870TSUBAKI,TSUBAKI,R458-70,レッド,O O O O O O B-COLOR I-COLOR I-COLOR O O O B-MODEL I-MODEL I-MODEL I-MODEL I-MODEL I-MODEL B-BRAND I-BRAND I-BRAND I-BRAND I-BRAND I-BRAND I-BRAND,TSUBAKI|R458-70|レッド
T01119,シルバー 腕時計 ミドリワークス T393-63,ミドリワークス,T393-63,シルバー,B-COLOR I-COLOR I-COLOR I-COLOR O O O O O B-BRAND I-BRAND I-BRAND I-BRAND I-BRAND I-BRAND I-BRAND O B-MODEL I-MODEL I-MODEL I-MODEL I-MODEL I-MODEL I-MODEL,ミドリワークス|T393-63|シルバー
T01120,【即日発送】P87952 レッド ノートパソコン TSUBAKI,TSUBAKI,P879-52,レッド,O O O O O O B-MODEL I-MODEL I-MODEL I-MODEL I-MODEL I-MODEL O B-COLOR I-COLOR I-COLOR O O O O O O O O O B-BRAND I-BRAND I-BRAND I-BRAND I-BRAND I-BRAND I-BRAND,TSUBAKI|P879-52|レッド
T01121,洗濯機 ブラック I15176,,I151-76,ブラック,O O O O B-COLOR I-COLOR I-COLOR I-COLOR O B-MODEL I-MODEL I-MODEL I-MODEL I-MODEL I-MODEL,|I151-76|ブラック
T01122,★新品未使用★F210-62ホワイト掃除機,,F210-62,ホワイト,O O O O O O O B-MODEL I-MODEL I-MODEL I-MODEL I-MODEL I-MODEL I-MODEL B-COLOR I-COLOR I-COLOR I-COLOR O O O,|F210-62|ホワイト
T01123,TSUBAKI スニーカー O239-36 ブラック,TSUBAKI,O239-36,ブラック,B-BRAND I-BRAND I-BRAND I-BRAND I-BRAND I-BRAND I-BRAND O O O O O O O B-MODEL I-MODEL I-MODEL I-MODEL I-MODEL I-MODEL I-MODEL O B-COLOR I-COLOR I-COLOR I-COLOR,TSUBAKI|O239-36|ブラック
T01124,K584-94シルバー冷蔵庫シラユキ,シラユキ,K584-94,シルバー,B-MODEL I-MODEL I-MODEL I-MODEL I-MODEL I-MODEL I-MODEL B-COLOR I-COLOR I-COLOR I-COLOR O O O B-BRAND I-BRAND I-BRAND I-BRAND,シラユキ|K584-94|シルバー
T01125,シルバー Ｘ８０７５９ ミドリワークス スニーカー,ミドリワークス,X807-59,シルバー,B-COLOR I-COLOR I-COLOR I-COLOR O B-MODEL I-MODEL I-MODEL I-MODEL I-MODEL I-MODEL O B-BRAND I-BRAND I-BRAND I-BRAND I-BRAND I-BRAND I-BRAND O O O O O O,ミドリワークス|X807-59|シルバー
T01126,ハヤブサ デイパック ホワイト Ｕ９１７－８１,ハヤブサ,U917-81,ホワイト,B-BRAND I-BRAND I-BRAND I-BRAND O O O O O O O B-COLOR I-COLOR I-COLOR I-COLOR O B-MODEL I-MODEL I-MODEL I-MODEL I-MODEL I-MODEL I-MODEL,ハヤブサ|U917-81|ホワイト
T01127,ブラックＰ６８８－５３ノートパソコンノースピーク,ノースピーク,P688-53,ブラック,B-COLOR I-COLOR I-COLOR I-COLOR B-MODEL I-MODEL I-MODEL I-MODEL I-MODEL I-MODEL I-MODEL O O O O O O O B-BRAND I-BRAND I-BRAND I-BRAND I-BRAND I-BRAND,ノースピーク|P688-53|ブラック
T01128,N479-31 ソライロ デイパック ホワイト,ソライロ,N479-31,ホワイト,B-MODEL I-MODEL I-MODEL I-MODEL I-MODEL I-MODEL I-MODEL O B-BRAND I-BRAND I-BRAND I-BRAND O O O O O O O B-COLOR I-COLOR I-COLOR I-COLOR,ソライロ|N479-31|ホワイト
T01129,Ｊ８８５－１０ アカネ電機 シルバー ノートパソコン,アカネ電機,J885-10,シルバー,B-MODEL I-MODEL I-MODEL I-MODEL I-MODEL I-MODEL I-MODEL O B-BRAND I-BRAND I-BRAND I-BRAND I-BRAND O B-COLOR I-COLOR I-COLOR I-COLOR O O O O O O O O,アカネ電機|J885-10|シルバー
T01130,◆正規品◆シルバー デイパック ソライロ J945-42,ソライロ,J945-42,シルバー,O O O O O B-COLOR I-COLOR I-COLOR I-COLOR O O O O O O O B-BRAND I-BRAND I-BRAND I-BRAND O B-MODEL I-MODEL I-MODEL I-MODEL I-MODEL I-MODEL I-MODEL,ソライロ|J945-42|シルバー
T01131,オオゾラスニーカーグリーンW302-64,オオゾラ,W302-64,グリーン,B-BRAND I-BRAND I-BRAND I-BRAND O O O O O B-COLOR I-COLOR I-COLOR I-COLOR B-MODEL I-MODEL I-MODEL I-MODEL I-MODEL I-MODEL I-MODEL,オオゾラ|W302-64|グリーン
T01132,スニーカー ネイビー KURO Ｋ６７２６５,KURO,K672-65,ネイビー,O O O O O O B-COLOR I-COLOR I-COLOR I-COLOR O B-BRAND I-BRAND I-BRAND I-BRAND O B-MODEL I-MODEL I-MODEL I-MODEL I-MODEL I-MODEL,KURO|K672-65|ネイビー
T01133,【送料無料】O55387掃除機アカネ電機ネイビー,アカネ電機,O553-87,ネイビー,O O O O O O B-MODEL I-MODEL I-MODEL I-MODEL I-MODEL I-MODEL O O O B-BRAND I-BRAND I-BRAND I-BRAND I-BRAND B-COLOR I-COLOR I-COLOR I-COLOR,アカネ電機|O553-87|ネイビー
T01134,ホワイト デイパック M81975 ノースピーク,ノースピーク,M819-75,ホワイト,B-COLOR I-COLOR I-COLOR I-COLOR O O O O O O O B-MODEL I-MODEL I-MODEL I-MODEL I-MODEL I-MODEL O B-BRAND I-BRAND I-BRAND I-BRAND I-BRAND I-BRAND,ノースピーク|M819-75|ホワイト
T01135,【送料無料】ノートパソコンシルバーＳ３９７－１４,,S397-14,シルバー,O O O O O O O O O O O O O B-COLOR I-COLOR I-COLOR I-COLOR B-MODEL I-MODEL I-MODEL I-MODEL I-MODEL I-MODEL I-MODEL,|S397-14|シルバー
T01136,スニーカー TSUBAKI J805-93 レッド,TSUBAKI,J805-93,レッド,O O O O O O B-BRAND I-BRAND I-BRAND I-BRAND I-BRAND I-BRAND I-BRAND O B-MODEL I-MODEL I-MODEL I-MODEL I-MODEL I-MODEL I-MODEL O B-COLOR I-COLOR I-COLOR,TSUBAKI|J805-93|レッド
T01137,★新品未使用★ホワイト イヤホン Z266-19 ソライロ,ソライロ,Z266-19,ホワイト,O O O O O O O B-COLOR I-COLOR I-COLOR I-COLOR O O O O O O B-MODEL I-MODEL I-MODEL I-MODEL I-MODEL I-MODEL I-MODEL O B-BRAND I-BRAND I-BRAND I-BRAND,ソライロ|Z266-19|ホワイト
T01138,ブラック P492-56 掃除機,,P492-56,ブラック,B-COLOR I-COLOR I-COLOR I-COLOR O B-MODEL I-MODEL I-MODEL I-MODEL I-MODEL I-MODEL I-MODEL O O O O,|P492-56|ブラック
T01139,イヤホンTSUBAKIＴ１２４１４ネイビー,TSUBAKI,T124-14,ネイビー,O O O O B-BRAND I-BRAND I-BRAND I-BRAND I-BRAND I-BRAND I-BRAND B-MODEL I-MODEL I-MODEL I-MODEL I-MODEL I-MODEL B-COLOR I-COLOR I-COLOR I-COLOR,TSUBAKI|T124-14|ネイビー
T01140,◆正規品◆掃除機 アカネ電機 レッド Ｌ４６４－９２,アカネ電機,L464-92,レッド,O O O O O O O O O B-BRAND I-BRAND I-BRAND I-BRAND I-BRAND O B-COLOR I-COLOR I-COLOR O B-MODEL I-MODEL I-MODEL I-MODEL I-MODEL I-MODEL I-MODEL,アカネ電機|L464-92|レッド
T01141,ホワイトF186-24イヤホンゲンブ,ゲンブ,F186-24,ホワイト,B-COLOR I-COLOR I-COLOR I-COLOR B-MODEL I-MODEL I-MODEL I-MODEL I-MODEL I-MODEL I-MODEL O O O O B-BRAND I-BRAND I-BRAND,ゲンブ|F186-24|ホワイト
T01142,イヤホン Ｙ３３３－４１ レッド アカネ電機,アカネ電機,Y333-41,レッド,O O O O O B-MODEL I-MODEL I-MODEL I-MODEL I-MODEL I-MODEL I-MODEL O B-COLOR I-COLOR I-COLOR O B-BRAND I-BRAND I-BRAND I-BRAND I-BRAND,アカネ電機|Y333-41|レッド
T01143,イヤホンKUROZ620-97レッド,KURO,Z620-97,レッド,O O O O B-BRAND I-BRAND I-BRAND I-BRAND B-MODEL I-MODEL I-MODEL I-MODEL I-MODEL I-MODEL I-MODEL B-COLOR I-COLOR I-COLOR,KURO|Z620-97|レッド
T01144,イヤホンC77331シルバーハヤブサ,ハヤブサ,C773-31,シルバー,O O O O B-MODEL I-MODEL I-MODEL I-MODEL I-MODEL I-MODEL B-COLOR I-COLOR I-COLOR I-COLOR B-BRAND I-BRAND I-BRAND I-BRAND,ハヤブサ|C773-31|シルバー
T01145,◆正規品◆洗濯機KROT180-32ブラック,KURO,T180-32,ブラック,O O O O O O O O O O O B-MODEL I-MODEL I-MODEL I-MODEL I-MODEL I-MODEL I-MODEL B-COLOR I-COLOR I-COLOR I-COLOR,KURO|T180-32|ブラック
T01146,ノースピークイヤホンレッドN206-26,ノースピーク,N206-26,レッド,B-BRAND I-BRAND I-BRAND I-BRAND I-BRAND I-BRAND O O O O B-COLOR I-COLOR I-COLOR B-MODEL I-MODEL I-MODEL I-MODEL I-MODEL I-MODEL I-MODEL,ノースピーク|N206-26|レッド
T01147,H400-69 洗濯機 TSUBAKI グリーン,TSUBAKI,H400-69,グリーン,B-MODEL I-MODEL I-MODEL I-MODEL I-MODEL I-MODEL I-MODEL O O O O O B-BRAND I-BRAND I-BRAND I-BRAND I-BRAND I-BRAND I-BRAND O B-COLOR I-COLOR I-COLOR I-COLOR,TSUBAKI|H400-69|グリーン
T01148,ホワイト洗濯機R802-13アカネ電機,アカネ電機,R802-13,ホワイト,B-COLOR I-COLOR I-COLOR I-COLOR O O O B-MODEL I-MODEL I-MODEL I-MODEL I-MODEL I-MODEL I-MODEL B-BRAND I-BRAND I-BRAND I-BRAND I-BRAND,アカネ電機|R802-13|ホワイト
T01149,M456-87 オオゾラ ブラック ノートパソコン,オオゾラ,M456-87,ブラック,B-MODEL I-MODEL I-MODEL I-MODEL I-MODEL I-MODEL I-MODEL O B-BRAND I-BRAND I-BRAND I-BRAND O B-COLOR I-COLOR I-COLOR I-COLOR O O O O O O O O,オオゾラ|M456-87|ブラック
T01150,ノートパソコン U834-57 シルバー オオゾラ,オオゾラ,U834-57,シルバー,O O O O O O O O B-MODEL I-MODEL I-MODEL I-MODEL I-MODEL I-MODEL I-MODEL O B-COLOR I-COLOR I-COLOR I-COLOR O B-BRAND I-BRAND I-BRAND I-BRAND,オオゾラ|U834-57|シルバー
T01151,Q214-33ゲンブイヤホンブラック,ゲンブ,Q214-33,ブラック,B-MODEL I-MODEL I-MODEL I-MODEL I-MODEL I-MODEL I-MODEL B-BRAND I-BRAND I-BRAND O O O O B-COLOR I-COLOR I-COLOR I-COLOR,ゲンブ|Q214-33|ブラック
T01152,◆正規品◆Q457-62スニーカーTSUBAKIブラック,TSUBAKI,Q457-62,ブラック,O O O O O B-MODEL I-MODEL I-MODEL I-MODEL I-MODEL I-MODEL I-MODEL O O O O O B-BRAND I-BRAND I-BRAND I-BRAND I-BRAND I-BRAND I-BRAND B-COLOR I-COLOR I-COLOR I-COLOR,TSUBAKI|Q457-62|ブラック
T01153,デイパックR35810グリーン,,R358-10,グリーン,O O O O O B-MODEL I-MODEL I-MODEL I-MODEL I-MODEL I-MODEL B-COLOR I-COLOR I-COLOR I-COLOR,|R358-10|グリーン
T01154,J421-34ブラックソライロデイパック,ソライロ,J421-34,ブラック,B-MODEL I-MODEL I-MODEL I-MODEL I-MODEL I-MODEL I-MODEL B-COLOR I-COLOR I-COLOR I-COLOR B-BRAND I-BRAND I-BRAND I-BRAND O O O O O,ソライロ|J421-34|ブラック
T01155,ホワイト F557-18 シラユキ 洗濯機,シラユキ,F557-18,ホワイト,B-COLOR I-COLOR I-COLOR I-COLOR O B-MODEL I-MODEL I-MODEL I-MODEL I-MODEL I-MODEL I-MODEL O B-BRAND I-BRAND I-BRAND I-BRAND O O O O,シラユキ|F557-18|ホワイト
T01156,ノースピーク 冷蔵庫 ネイビー T48167,ノースピーク,T481-67,ネイビー,B-BRAND I-BRAND I-BRAND I-BRAND I-BRAND I-BRAND O O O O O B-COLOR I-COLOR I-COLOR I-COLOR O B-MODEL I-MODEL I-MODEL I-MODEL I-MODEL I-MODEL,ノースピーク|T481-67|ネイビー
T01157,ノースピークスニーカーネイビーＦ９７３－３８,ノースピーク,F973-38,ネイビー,B-BRAND I-BRAND I-BRAND I-BRAND I-BRAND I-BRAND O O O O O B-COLOR I-COLOR I-COLOR I-COLOR B-MODEL I-MODEL I-MODEL I-MODEL I-MODEL I-MODEL I-MODEL,ノースピーク|F973-38|ネイビー
T01158,ネイビー F65935 洗濯機,,F659-35,ネイビー,B-COLOR I-COLOR I-COLOR I-COLOR O B-MODEL I-MODEL I-MODEL I-MODEL I-MODEL I-MODEL O O O O,|F659-35|ネイビー
T01159,ハヤブサ ホワイト I285-92 スニーカー,ハヤブサ,I285-92,ホワイト,B-BRAND I-BRAND I-BRAND I-BRAND O B-COLOR I-COLOR I-COLOR I-COLOR O B-MODEL I-MODEL I-MODEL I-MODEL I-MODEL I-MODEL I-MODEL O O O O O O,ハヤブサ|I285-92|ホワイト
T01160,《アウトレット》スニーカーM454-32レッド,,M454-32,レッド,O O O O O O O O O O O O O B-MODEL I-MODEL I-MODEL I-MODEL I-MODEL I-MODEL I-MODEL B-COLOR I-COLOR I-COLOR,|M454-32|レッド
T01161,◆規品◆A296-36腕時計ネイビー,,A296-36,ネイビー,O O O O B-MODEL I-MODEL I-MODEL I-MODEL I-MODEL I-MODEL I-MODEL O O O B-COLOR I-COLOR I-COLOR I-COLOR,|A296-36|ネイビー
T01162,イヤホン ハヤブサ ブラック S37669,ハヤブサ,S376-69,ブラック,O O O O O B-BRAND I-BRAND I-BRAND I-BRAND O B-COLOR I-COLOR I-COLOR I-COLOR O B-MODEL I-MODEL I-MODEL I-MODEL I-MODEL I-MODEL,ハヤブサ|S376-69|ブラック
T01163,◆正品規◆オオゾラ ブラック D232-63 ノートパソコン,オオゾラ,D232-63,ブラック,O O O O O B-BRAND I-BRAND I-BRAND I-BRAND O B-COLOR I-COLOR I-COLOR I-COLOR O B-MODEL I-MODEL I-MODEL I-MODEL I-MODEL I-MODEL I-MODEL O O O O O O O O,オオゾラ|D232-63|ブラック
T01164,シルバーシラユキ掃除機R53119,シラユキ,R531-19,シルバー,B-COLOR I-COLOR I-COLOR I-COLOR B-BRAND I-BRAND I-BRAND I-BRAND O O O B-MODEL I-MODEL I-MODEL I-MODEL I-MODEL I-MODEL,シラユキ|R531-19|シルバー
T01165,レッドオオゾラT106-80冷蔵庫,オオゾラ,T106-80,レッド,B-COLOR I-COLOR I-COLOR B-BRAND I-BRAND I-BRAND I-BRAND B-MODEL I-MODEL I-MODEL I-MODEL I-MODEL I-MODEL I-MODEL O O O,オオゾラ|T106-80|レッド
T01166,★新品未使用★ホワイト N33832 ハヤブサ イヤホン,ハヤブサ,N338-32,ホワイト,O O O O O O O B-COLOR I-COLOR I-COLOR I-COLOR O B-MODEL I-MODEL I-MODEL I-MODEL I-MODEL I-MODEL O B-BRAND I-BRAND I-BRAND I-BRAND O O O O O,ハヤブサ|N338-32|ホワイト
T01167,冷蔵庫シルバーＵ５７３１６ハヤブサ,ハヤブサ,U571-36,シルバー,O O O B-COLOR I-COLOR I-COLOR I-COLOR O O O O O O B-BRAND I-BRAND I-BRAND I-BRAND,ハヤブサ|U571-36|シルバー
T01168,◆正規品◆イヤホン L65226 シルバー ノースピーク,ノースピーク,L652-26,シルバー,O O O O O O O O O O B-MODEL I-MODEL I-MODEL I-MODEL I-MODEL I-MODEL O B-COLOR I-COLOR I-COLOR I-COLOR O B-BRAND I-BRAND I-BRAND I-BRAND I-BRAND I-BRAND,ノースピーク|L652-26|シルバー
T01169,ノースピーク デイパック P465-20 レッド,ノースピーク,P465-20,レッド,B-BRAND I-BRAND I-BRAND I-BRAND I-BRAND I-BRAND O O O O O O O B-MODEL I-MODEL I-MODEL I-MODEL I-MODEL I-MODEL I-MODEL O B-COLOR I-COLOR I-COLOR,ノースピーク|P465-20|レッド
T01170,ソライロ グリーン 洗濯機 Ａ７４９－８６,ソライロ,A749-86,グリーン,B-BRAND I-BRAND I-BRAND I-BRAND O B-COLOR I-COLOR I-COLOR I-COLOR O O O O O B-MODEL I-MODEL I-MODEL I-MODEL I-MODEL I-MODEL I-MODEL,ソライロ|A749-86|グリーン
T01171,ホワイト 冷蔵庫 B32191,,B321-91,ホワイト,B-COLOR I-COLOR I-COLOR I-COLOR O O O O O B-MODEL I-MODEL I-MODEL I-MODEL I-MODEL I-MODEL,|B321-91|ホワイト
T01172,ハヤブサ Y775-18 冷蔵庫 ブラック,ハヤブサ,Y775-18,ブラック,B-BRAND I-BRAND I-BRAND I-BRAND O B-MODEL I-MODEL I-MODEL I-MODEL I-MODEL I-MODEL I-MODEL O O O O O B-COLOR I-COLOR I-COLOR I-COLOR,ハヤブサ|Y775-18|ブラック
T01173,L971-63 オオゾラ 洗濯機 グリーン,オオゾラ,L971-63,グリーン,B-MODEL I-MODEL I-MODEL I-MODEL I-MODEL I-MODEL I-MODEL O B-BRAND I-BRAND I-BRAND I-BRAND O O O O O B-COLOR I-COLOR I-COLOR I-COLOR,オオゾラ|L971-63|グリーン
T01174,ミドリワークス腕時計レッドK381-49,ミドリワークス,K381-49,レッド,B-BRAND I-BRAND I-BRAND I-BRAND I-BRAND I-BRAND I-BRAND O O O B-COLOR I-COLOR I-COLOR B-MODEL I-MODEL I-MODEL I-MODEL I-MODEL I-MODEL I-MODEL,ミドリワークス|K381-49|レッド
T01175,ホワイト 冷蔵庫 U648-83,,U648-83,ホワイト,B-COLOR I-COLOR I-COLOR I-COLOR O O O O O B-MODEL I-MODEL I-MODEL I-MODEL I-MODEL I-MODEL I-MODEL,|U648-83|ホワイト
T01176,ノートパソコンB53091ゲンブブラック,ゲンブ,B530-91,ブラック,O O O O O O O B-MODEL I-MODEL I-MODEL I-MODEL I-MODEL I-MODEL B-BRAND I-BRAND I-BRAND B-COLOR I-COLOR I-COLOR I-COLOR,ゲンブ|B530-91|ブラック
T01177,イヤホン シラユキ Ｙ３４３１１ ブラック,シラユキ,Y343-11,ブラック,O O O O O B-BRAND I-BRAND I-BRAND I-BRAND O B-MODEL I-MODEL I-MODEL I-MODEL I-MODEL I-MODEL O B-COLOR I-COLOR I-COLOR I-COLOR,シラユキ|Y343-11|ブラック
T01178,【即日発送】ハヤブサ シルバー H68642 腕時計,ハヤブサ,H686-42,シルバー,O O O O O O B-BRAND I-BRAND I-BRAND I-BRAND O B-COLOR I-COLOR I-COLOR I-COLOR O B-MODEL I-MODEL I-MODEL I-MODEL I-MODEL I-MODEL O O O O,ハヤブサ|H686-42|シルバー
T01179,ブラック スニーカー X920-18 TSUBAKI,TSUBAKI,X920-18,ブラック,B-COLOR I-COLOR I-COLOR I-COLOR O O O O O O O B-MODEL I-MODEL I-MODEL I-MODEL I-MODEL I-MODEL I-MODEL O B-BRAND I-BRAND I-BRAND I-BRAND I-BRAND I-BRAND I-BRAND,TSUBAKI|X920-18|ブラック
T01180,ブラック シラユキ イヤホン Ｃ５１９－１３,シラユキ,C519-13,ブラック,B-COLOR I-COLOR I-COLOR I-COLOR O B-BRAND I-BRAND I-BRAND I-BRAND O O O O O O B-MODEL I-MODEL I-MODEL I-MODEL I-MODEL I-MODEL I-MODEL,シラユキ|C519-13|ブラック
T01181,イヤホン オオゾラ ネイビー P894-57,オオゾラ,P894-57,ネイビー,O O O O O B-BRAND I-BRAND I-BRAND I-BRAND O B-COLOR I-COLOR I-COLOR I-COLOR O B-MODEL I-MODEL I-MODEL I-MODEL I-MODEL I-MODEL I-MODEL,オオゾラ|P894-57|ネイビー
T01182,腕時計 F47248 ネイビー ノースピーク,ノースピーク,F472-48,ネイビー,O O O O B-MODEL I-MODEL I-MODEL I-MODEL I-MODEL I-MODEL O B-COLOR I-COLOR I-COLOR I-COLOR O B-BRAND I-BRAND I-BRAND I-BRAND I-BRAND I-BRAND,ノースピーク|F472-48|ネイビー
T01183,O627-40ホワイトスニーカーオオゾラ,オオゾラ,O627-40,ホワイト,B-MODEL I-MODEL I-MODEL I-MODEL I-MODEL I-MODEL I-MODEL B-COLOR I-COLOR I-COLOR I-COLOR O O O O O B-BRAND I-BRAND I-BRAND I-BRAND,オオゾラ|O627-40|ホワイト
T01184,ホワイトミドリワークス洗濯機W260-90,ミドリワークス,W260-90,ホワイト,B-COLOR I-COLOR I-COLOR I-COLOR B-BRAND I-BRAND I-BRAND I-BRAND I-BRAND I-BRAND I-BRAND O O O B-MODEL I-MODEL I-MODEL I-MODEL I-MODEL I-MODEL I-MODEL,ミドリワークス|W260-90|ホワイト
T01185,ノートパソコン シルバー Ｎ２６８１４ TSBUAKI,TSUBAKI,N268-14,シルバー,O O O O O O O O B-COLOR I-COLOR I-COLOR I-COLOR O B-MODEL I-MODEL I-MODEL I-MODEL I-MODEL I-MODEL O O O O O O O O,TSUBAKI|N268-14|シルバー
T01186,ゲンブ ノートパソコン グリーン B371-21,ゲンブ,B371-21,グリーン,B-BRAND I-BRAND I-BRAND O O O O O O O O O B-COLOR I-COLOR I-COLOR I-COLOR O B-MODEL I-MODEL I-MODEL I-MODEL I-MODEL I-MODEL I-MODEL,ゲンブ|B371-21|グリーン
T01187,【送料無料】オオゾラ ブラック E658-77 イヤホン,オオゾラ,E658-77,ブラック,O O O O O O B-BRAND I-BRAND I-BRAND I-BRAND O B-COLOR I-COLOR I-COLOR I-COLOR O B-MODEL I-MODEL I-MODEL I-MODEL I-MODEL I-MODEL I-MODEL O O O O O,オオゾラ|E658-77|ブラック
T01188,TSUBAKI A805-15 ブラック 洗濯機,TSUBAKI,A805-15,ブラック,B-BRAND I-BRAND I-BRAND I-BRAND I-BRAND I-BRAND I-BRAND O B-MODEL I-MODEL I-MODEL I-MODEL I-MODEL I-MODEL I-MODEL O B-COLOR I-COLOR I-COLOR I-COLOR O O O O,TSUBAKI|A805-15|ブラック
T01189,【即日発送】グリーン オオゾラ Ｙ４６１－８５ 洗濯機,オオゾラ,Y461-85,グリーン,O O O O O O B-COLOR I-COLOR I-COLOR I-COLOR O B-BRAND I-BRAND I-BRAND I-BRAND O B-MODEL I-MODEL I-MODEL I-MODEL I-MODEL I-MODEL I-MODEL O O O O,オオゾラ|Y461-85|グリーン
T01190,ネイビーソライロ冷蔵庫P73857,ソライロ,P738-57,ネイビー,B-COLOR I-COLOR I-COLOR I-COLOR B-BRAND I-BRAND I-BRAND I-BRAND O O O B-MODEL I-MODEL I-MODEL I-MODEL I-MODEL I-MODEL,ソライロ|P738-57|ネイビー
T01191,U446-90 スニーカー ホワイト,,U446-90,ホワイト,B-MODEL I-MODEL I-MODEL I-MODEL I-MODEL I-MODEL I-MODEL O O O O O O O B-COLOR I-COLOR I-COLOR I-COLOR,|U446-90|ホワイト
T01192,掃除機P775-33ハヤブサラブック,ハヤブサ,P775-33,ブラック,O O O B-MODEL I-MODEL I-MODEL I-MODEL I-MODEL I-MODEL I-MODEL B-BRAND I-BRAND I-BRAND I-BRAND O O O O,ハヤブサ|P775-33|ブラック
T01193,《アウトレット》シラユキ ネイビー デイパック Ｄ４１７－４９,シラユキ,D417-49,ネイビー,O O O O O O O O B-BRAND I-BRAND I-BRAND I-BRAND O B-COLOR I-COLOR I-COLOR I-COLOR O O O O O O O B-MODEL I-MODEL I-MODEL I-MODEL I-MODEL I-MODEL I-MODEL,シラユキ|D417-49|ネイビー
T01194,★新品未使用★シルバー J175-38 ミドリワークス 腕時計,ミドリワークス,J175-38,シルバー,O O O O O O O B-COLOR I-COLOR I-COLOR I-COLOR O B-MODEL I-MODEL I-MODEL I-MODEL I-MODEL I-MODEL I-MODEL O B-BRAND I-BRAND I-BRAND I-BRAND I-BRAND I-BRAND I-BRAND O O O O,ミドリワークス|J175-38|シルバー
T01195,ネイビー B77767 デイパック,,B777-67,ネイビー,B-COLOR I-COLOR I-COLOR I-COLOR O B-MODEL I-MODEL I-MODEL I-MODEL I-MODEL I-MODEL O O O O O O,|B777-67|ネイビー
T01196,【送料無料】W368-37グリーンシラユキイヤホン,シラユキ,W368-37,グリーン,O O O O O O B-MODEL I-MODEL I-MODEL I-MODEL I-MODEL I-MODEL I-MODEL B-COLOR I-COLOR I-COLOR I-COLOR B-BRAND I-BRAND I-BRAND I-BRAND O O O O,シラユキ|W368-37|グリーン
T01197,《アウトレット》ネイビー 冷蔵庫 ハヤブサ B39126,ハヤブサ,B391-26,ネイビー,O O O O O O O O B-COLOR I-COLOR I-COLOR I-COLOR O O O O O B-BRAND I-BRAND I-BRAND I-BRAND O B-MODEL I-MODEL I-MODEL I-MODEL I-MODEL I-MODEL,ハヤブサ|B391-26|ネイビー
T01198,W27765 オオゾラ ネイビー ノートパソコン,オオゾラ,W277-65,ネイビー,B-MODEL I-MODEL I-MODEL I-MODEL I-MODEL I-MODEL O B-BRAND I-BRAND I-BRAND I-BRAND O B-COLOR I-COLOR I-COLOR I-COLOR O O O O O O O O,オオゾラ|W277-65|ネイビー
T01199,ネイビー KURO 掃除機 I35471,KURO,I354-71,ネイビー,B-COLOR I-COLOR I-COLOR I-COLOR O B-BRAND I-BRAND I-BRAND I-BRAND O O O O O B-MODEL I-MODEL I-MODEL I-MODEL I-MODEL I-MODEL,KURO|I354-71|ネイビー
T01200,Ｑ４１７－１９ホワイトゲンブスニーカー,ゲンブ,Q417-19,ホワイト,B-MODEL I-MODEL I-MODEL I-MODEL I-MODEL I-MODEL I-MODEL B-COLOR I-COLOR I-COLOR I-COLOR B-BRAND I-BRAND I-BRAND O O O O O,ゲンブ|Q417-19|ホワイト
T01201,P360-62 スニーカー ノースピーク レッド,ノースピーク,P360-62,レッド,B-MODEL I-MODEL I-MODEL I-MODEL I-MODEL I-MODEL I-MODEL O O O O O O O B-BRAND I-BRAND I-BRAND I-BRAND I-BRAND I-BRAND O B-COLOR I-COLOR I-COLOR,ノースピーク|P360-62|レッド
T01202,★新品未使用★Ｇ９３１－９６KUROネイビースニーカー,KURO,G931-96,ネイビー,O O O O O O O B-MODEL I-MODEL I-MODEL I-MODEL I-MODEL I-MODEL I-MODEL B-BRAND I-BRAND I-BRAND I-BRAND B-COLOR I-COLOR I-COLOR I-COLOR O O O O O,KURO|G931-96|ネイビー
T01203,【送料無料】グリーン掃除機アカネ電機F969-84,アカネ電機,F969-84,グリーン,O O O O O O B-COLOR I-COLOR I-COLOR I-COLOR O O O B-BRAND I-BRAND I-BRAND I-BRAND I-BRAND B-MODEL I-MODEL I-MODEL I-MODEL I-MODEL I-MODEL I-MODEL,アカネ電機|F969-84|グリーン
T01204,★新品未使用★Ｕ８０２－２６ ノートパソコン アカネ電機 シルバー,アカネ電機,U802-26,シルバー,O O O O O O O B-MODEL I-MODEL I-MODEL I-MODEL I-MODEL I-MODEL I-MODEL O O O O O O O O O B-BRAND I-BRAND I-BRAND I-BRAND I-BRAND O B-COLOR I-COLOR I-COLOR I-COLOR,アカネ電機|U802-26|シルバー
T01205,《アウトレット》洗濯機Q288-11ソライロブラック,ソライロ,Q288-11,ブラック,O O O O O O O O O O O B-MODEL I-MODEL I-MODEL I-MODEL I-MODEL I-MODEL I-MODEL B-BRAND I-BRAND I-BRAND I-BRAND B-COLOR I-COLOR I-COLOR I-COLOR,ソライロ|Q288-11|ブラック
T01206,ハヤブサネイビーO40827デイパック,ハヤブサ,O408-27,ネイビー,B-BRAND I-BRAND I-BRAND I-BRAND B-COLOR I-COLOR I-COLOR I-COLOR B-MODEL I-MODEL I-MODEL I-MODEL I-MODEL I-MODEL O O O O O,ハヤブサ|O408-27|ネイビー
T01207,U91374 ゲンブ 腕時計 シルバー,ゲンブ,U913-74,シルバー,B-MODEL I-MODEL I-MODEL I-MODEL I-MODEL I-MODEL O B-BRAND I-BRAND I-BRAND O O O O O B-COLOR I-COLOR I-COLOR I-COLOR,ゲンブ|U913-74|シルバー
T01208,スニーカー TSUBAKI レッド Y830-82,TSUBAKI,Y830-82,レッド,O O O O O O B-BRAND I-BRAND I-BRAND I-BRAND I-BRAND I-BRAND I-BRAND O B-COLOR I-COLOR I-COLOR O B-MODEL I-MODEL I-MODEL I-MODEL I-MODEL I-MODEL I-MODEL,TSUBAKI|Y830-82|レッド
T01209,F948-30 ソライロ ブラック スニーカー,ソライロ,F948-30,ブラック,B-MODEL I-MODEL I-MODEL I-MODEL I-MODEL I-MODEL I-MODEL O B-BRAND I-BRAND I-BRAND I-BRAND O B-COLOR I-COLOR I-COLOR I-COLOR O O O O O O,ソライロ|F948-30|ブラック
T01210,ミドリワークス H567-15 冷蔵庫 ホワイト,ミドリワークス,H567-15,ホワイト,B-BRAND I-BRAND I-BRAND I-BRAND I-BRAND I-BRAND I-BRAND O B-MODEL I-MODEL I-MODEL I-MODEL I-MODEL I-MODEL I-MODEL O O O O O B-COLOR I-COLOR I-COLOR I-COLOR,ミドリワークス|H567-15|ホワイト
T01211,◆正規品◆洗濯機 R438-58 グリーン KURO,KURO,R438-58,グリーン,O O O O O O O O O B-MODEL I-MODEL I-MODEL I-MODEL I-MODEL I-MODEL I-MODEL O B-COLOR I-COLOR I-COLOR I-COLOR O B-BRAND I-BRAND I-BRAND I-BRAND,KURO|R438-58|グリーン
T01212,H224-72ホワイトデイパックハヤブサ,ハヤブサ,H224-72,ホワイト,B-MODEL I-MODEL I-MODEL I-MODEL I-MODEL I-MODEL I-MODEL B-COLOR I-COLOR I-COLOR I-COLOR O O O O O B-BRAND I-BRAND I-BRAND I-BRAND,ハヤブサ|H224-72|ホワイト
T01213,《アウトレット》ブラック P128-44 イヤホン ノースピーク,ノースピーク,P128-44,ブラック,O O O O O O O O B-COLOR I-COLOR I-COLOR I-COLOR O B-MODEL I-MODEL I-MODEL I-MODEL I-MODEL I-MODEL I-MODEL O O O O O O B-BRAND I-BRAND I-BRAND I-BRAND I-BRAND I-BRAND,ノースピーク|P128-44|ブラック
T01214,イヤホン シラユキ ネイビー Z688-22,シラユキ,Z688-22,ネイビー,O O O O O B-BRAND I-BRAND I-BRAND I-BRAND O B-COLOR I-COLOR I-COLOR I-COLOR O B-MODEL I-MODEL I-MODEL I-MODEL I-MODEL I-MODEL I-MODEL,シラユキ|Z688-22|ネイビー
T01215,イヤホン A555-53 ホワイト ゲンブ,ゲンブ,A555-53,ホワイト,O O O O O B-MODEL I-MODEL I-MODEL I-MODEL I-MODEL I-MODEL I-MODEL O B-COLOR I-COLOR I-COLOR I-COLOR O B-BRAND I-BRAND I-BRAND,ゲンブ|A555-53|ホワイト
T01216,ハヤブサ ネイビー イヤホン K63821,ハヤブサ,K638-21,ネイビー,B-BRAND I-BRAND I-BRAND I-BRAND O B-COLOR I-COLOR I-COLOR I-COLOR O O O O O O B-MODEL I-MODEL I-MODEL I-MODEL I-MODEL I-MODEL,ハヤブサ|K638-21|ネイビー
T01217,ノースピーク レッド イヤホン Ｇ４４５－９５,ノースピーク,G445-95,レッド,B-BRAND I-BRAND I-BRAND I-BRAND I-BRAND I-BRAND O B-COLOR I-COLOR I-COLOR O O O O O O B-MODEL I-MODEL I-MODEL I-MODEL I-MODEL I-MODEL I-MODEL,ノースピーク|G445-95|レッド
T01218,洗濯機 M945-19 ゲンブ シルバー,ゲンブ,M945-19,シルバー,O O O O B-MODEL I-MODEL I-MODEL I-MODEL I-MODEL I-MODEL I-MODEL O B-BRAND I-BRAND I-BRAND O B-COLOR I-COLOR I-COLOR I-COLOR,ゲンブ|M945-19|シルバー
T01219,シルバー掃除機I280-83オオゾラ,オオゾラ,I280-83,シルバー,B-COLOR I-COLOR I-COLOR I-COLOR O O O B-MODEL I-MODEL I-MODEL I-MODEL I-MODEL I-MODEL I-MODEL B-BRAND I-BRAND I-BRAND I-BRAND,オオゾラ|I280-83|シルバー
T01220,ブラック 洗濯機 ゲンブ L96619,ゲンブ,L966-19,ブラック,B-COLOR I-COLOR I-COLOR I-COLOR O O O O O B-BRAND I-BRAND I-BRAND O B-MODEL I-MODEL I-MODEL I-MODEL I-MODEL I-MODEL,ゲンブ|L966-19|ブラック
T01221,P11773 シラユキ シルバー イヤホン,シラユキ,P117-73,シルバー,B-MODEL I-MODEL I-MODEL I-MODEL I-MODEL I-MODEL O B-BRAND I-BRAND I-BRAND I-BRAND O B-COLOR I-COLOR I-COLOR I-COLOR O O O O O,シラユキ|P117-73|シルバー
T01222,Z852-35 イヤホン レッド ノースピーク,ノースピーク,Z852-35,レッド,B-MODEL I-MODEL I-MODEL I-MODEL I-MODEL I-MODEL I-MODEL O O O O O O B-COLOR I-COLOR I-COLOR O B-BRAND I-BRAND I-BRAND I-BRAND I-BRAND I-BRAND,ノースピーク|Z852-35|レッド
T01223,R528-13KUROシルバー腕時計,KURO,R528-13,シルバー,B-MODEL I-MODEL I-MODEL I-MODEL I-MODEL I-MODEL I-MODEL B-BRAND I-BRAND I-BRAND I-BRAND B-COLOR I-COLOR I-COLOR I-COLOR O O O,KURO|R528-13|シルバー
T01224,グリーンTSUBAKI冷蔵庫N54644,TSUBAKI,N546-44,グリーン,B-COLOR I-COLOR I-COLOR I-COLOR B-BRAND I-BRAND I-BRAND I-BRAND I-BRAND I-BRAND I-BRAND O O O B-MODEL I-MODEL I-MODEL I-MODEL I-MODEL I-MODEL,TSUBAKI|N546-44|グリーン
T01225,洗濯機ホワイトA871-52ノースピーク,ノースピーク,A871-52,ホワイト,O O O B-COLOR I-COLOR I-COLOR I-COLOR B-MODEL I-MODEL I-MODEL I-MODEL I-MODEL I-MODEL I-MODEL B-BRAND I-BRAND I-BRAND I-BRAND I-BRAND I-BRAND,ノースピーク|A871-52|ホワイト
T01226,オオゾラ 腕時計 Ｗ２４３－８７ グリーン,オオゾラ,W243-87,グリーン,B-BRAND I-BRAND I-BRAND I-BRAND O O O O O B-MODEL I-MODEL I-MODEL I-MODEL I-MODEL I-MODEL I-MODEL O B-COLOR I-COLOR I-COLOR I-COLOR,オオゾラ|W243-87|グリーン
T01227,◆正規品◆KURO スニーカー ブラック Ｘ２３８－６０,KURO,X238-60,ブラック,O O O O O B-BRAND I-BRAND I-BRAND I-BRAND O O O O O O O B-COLOR I-COLOR I-COLOR I-COLOR O B-MODEL I-MODEL I-MODEL I-MODEL I-MODEL I-MODEL I-MODEL,KURO|X238-60|ブラック
T01228,★新品未使用★ハヤブサ ブラック M276-8 掃除機,ハヤブサ,M276-38,ブラック,O O O O O O O B-BRAND I-BRAND I-BRAND I-BRAND O B-COLOR I-COLOR I-COLOR I-COLOR O O O O O O O O O O O,ハヤブサ|M276-38|ブラック
T01229,レッド Q222-60 ソライロ 腕時計,ソライロ,Q222-60,レッド,B-COLOR I-COLOR I-COLOR O B-MODEL I-MODEL I-MODEL I-MODEL I-MODEL I-MODEL I-MODEL O B-BRAND I-BRAND I-BRAND I-BRAND O O O O,ソライロ|Q222-60|レッド
T01230,ゲンブ Y708-36 腕時計 ホワイト,ゲンブ,Y708-36,ホワイト,B-BRAND I-BRAND I-BRAND O B-MODEL I-MODEL I-MODEL I-MODEL I-MODEL I-MODEL I-MODEL O O O O O B-COLOR I-COLOR I-COLOR I-COLOR,ゲンブ|Y708-36|ホワイト
T01231,★新品未使用★シラユキ L95549 ブラック 掃除機,シラユキ,L955-49,ブラック,O O O O O O O B-BRAND I-BRAND I-BRAND I-BRAND O B-MODEL I-MODEL I-MODEL I-MODEL I-MODEL I-MODEL O B-COLOR I-COLOR I-COLOR I-COLOR O O O O,シラユキ|L955-49|ブラック
T01232,◆正規品◆ブラック 冷蔵庫 X118-87,,X118-87,ブラック,O O O O O B-COLOR I-COLOR I-COLOR I-COLOR O O O O O B-MODEL I-MODEL I-MODEL I-MODEL I-MODEL I-MODEL I-MODEL,|X118-87|ブラック
T01233,スニーカー アカネ電機 C76094 グリーン,アカネ電機,C760-94,グリーン,O O O O O O B-BRAND I-BRAND I-BRAND I-BRAND I-BRAND O B-MODEL I-MODEL I-MODEL I-MODEL I-MODEL I-MODEL O B-COLOR I-COLOR I-COLOR I-COLOR,アカネ電機|C760-94|グリーン
T01234,【送料無料】ネイビーシラユキ腕時計V754-71,シラユキ,V754-71,ネイビー,O O O O O O B-COLOR I-COLOR I-COLOR I-COLOR B-BRAND I-BRAND I-BRAND I-BRAND O O O B-MODEL I-MODEL I-MODEL I-MODEL I-MODEL I-MODEL I-MODEL,シラユキ|V754-71|ネイビー
T01235,【即日発送】ブラック L985-55 スニーカー シラユキ,シラユキ,L985-55,ブラック,O O O O O O B-COLOR I-COLOR I-COLOR I-COLOR O B-MODEL I-MODEL I-MODEL I-MODEL I-MODEL I-MODEL I-MODEL O O O O O O O B-BRAND I-BRAND I-BRAND I-BRAND,シラユキ|L985-55|ブラック
T01236,【送料無料】N509-80デイパッホワイトミドリワークス,ミドリワークス,N509-80,ホワイト,O O O O O O B-MODEL I-MODEL I-MODEL I-MODEL I-MODEL I-MODEL I-MODEL O O O O B-COLOR I-COLOR I-COLOR I-COLOR B-BRAND I-BRAND I-BRAND I-BRAND I-BRAND I-BRAND I-BRAND,ミドリワークス|N509-80|ホワイト
T01237,【即日発送】洗濯機 ホワイト V66445 ソライロ,ソライロ,V664-45,ホワイト,O O O O O O O O O O B-COLOR I-COLOR I-COLOR I-COLOR O B-MODEL I-MODEL I-MODEL I-MODEL I-MODEL I-MODEL O B-BRAND I-BRAND I-BRAND I-BRAND,ソライロ|V664-45|ホワイト
T01238,ゲンブネイビースニーカーU459-83,ゲンブ,U459-83,ネイビー,B-BRAND I-BRAND I-BRAND B-COLOR I-COLOR I-COLOR I-COLOR O O O O O B-MODEL I-MODEL I-MODEL I-MODEL I-MODEL I-MODEL I-MODEL,ゲンブ|U459-83|ネイビー
T01239,Ｅ８８２８６ミドリワークスホワイト冷蔵庫,ミドリワークス,E882-86,ホワイト,B-MODEL I-MODEL I-MODEL I-MODEL I-MODEL I-MODEL B-BRAND I-BRAND I-BRAND I-BRAND I-BRAND I-BRAND I-BRAND B-COLOR I-COLOR I-COLOR I-COLOR O O O,ミドリワークス|E882-86|ホワイト
T01240,Ｇ２７４４３腕時計ホワイト,,G274-43,ホワイト,B-MODEL I-MODEL I-MODEL I-MODEL I-MODEL I-MODEL O O O B-COLOR I-COLOR I-COLOR I-COLOR,|G274-43|ホワイト
T01241,イヤホゲンンブX104-25シルバー,ゲンブ,X104-25,シルバー,O O O O O O O B-MODEL I-MODEL I-MODEL I-MODEL I-MODEL I-MODEL I-MODEL B-COLOR I-COLOR I-COLOR I-COLOR,ゲンブ|X104-25|シルバー
T01242,H461-71掃除機レッドミドリワークス,ミドリワークス,H461-71,レッド,B-MODEL I-MODEL I-MODEL I-MODEL I-MODEL I-MODEL I-MODEL O O O B-COLOR I-COLOR I-COLOR B-BRAND I-BRAND I-BRAND I-BRAND I-BRAND I-BRAND I-BRAND,ミドリワークス|H461-71|レッド
T01243,ネイビー 掃除機 ミドリワークス O98019,ミドリワークス,O980-19,ネイビー,B-COLOR I-COLOR I-COLOR I-COLOR O O O O O B-BRAND I-BRAND I-BRAND I-BRAND I-BRAND I-BRAND I-BRAND O B-MODEL I-MODEL I-MODEL I-MODEL I-MODEL I-MODEL,ミドリワークス|O980-19|ネイビー
T01244,レッド イヤホン KURO Ｘ２５９－８２,KURO,X259-82,レッド,B-COLOR I-COLOR I-COLOR O O O O O O B-BRAND I-BRAND I-BRAND I-BRAND O B-MODEL I-MODEL I-MODEL I-MODEL I-MODEL I-MODEL I-MODEL,KURO|X259-82|レッド
T01245,【送料無料】冷蔵庫V55160レッド,,V551-60,レッド,O O O O O O O O O B-MODEL I-MODEL I-MODEL I-MODEL I-MODEL I-MODEL B-COLOR I-COLOR I-COLOR,|V551-60|レッド
T01246,KURO 冷蔵庫 レッド D36657,KURO,D366-57,レッド,B-BRAND I-BRAND I-BRAND I-BRAND O O O O O B-COLOR I-COLOR I-COLOR O B-MODEL I-MODEL I-MODEL I-MODEL I-MODEL I-MODEL,KURO|D366-57|レッド
T01247,イヤホン X59078 ブラック アカネ電機,アカネ電機,X590-78,ブラック,O O O O O B-MODEL I-MODEL I-MODEL I-MODEL I-MODEL I-MODEL O B-COLOR I-COLOR I-COLOR I-COLOR O B-BRAND I-BRAND I-BRAND I-BRAND I-BRAND,アカネ電機|X590-78|ブラック
T01248,B127-38 冷蔵庫 ハヤブサ ワイト,ハヤブサ,B127-38,ホワイト,B-MODEL I-MODEL I-MODEL I-MODEL I-MODEL I-MODEL I-MODEL O O O O O B-BRAND I-BRAND I-BRAND I-BRAND O O O O,ハヤブサ|B127-38|ホワイト
T01249,G870-90 ホワイト 掃除機 ハヤブサ,ハヤブサ,G870-90,ホワイト,B-MODEL I-MODEL I-MODEL I-MODEL I-MODEL I-MODEL I-MODEL O B-COLOR I-COLOR I-COLOR I-COLOR O O O O O B-BRAND I-BRAND I-BRAND I-BRAND,ハヤブサ|G870-90|ホワイト
T01250,【送料無料】G646-21 アカネ電機 ホワイト 腕時計,アカネ電機,G646-21,ホワイト,O O O O O O B-MODEL I-MODEL I-MODEL I-MODEL I-MODEL I-MODEL I-MODEL O B-BRAND I-BRAND I-BRAND I-BRAND I-BRAND O B-COLOR I-COLOR I-COLOR I-COLOR O O O O,アカネ電機|G646-21|ホワイト
T01251,腕時計 L4508 ミドリワークス ブラック,ミドリワークス,L450-89,ブラック,O O O O O O O O O O B-BRAND I-BRAND I-BRAND I-BRAND I-BRAND I-BRAND I-BRAND O B-COLOR I-COLOR I-COLOR I-COLOR,ミドリワークス|L450-89|ブラック
T01252,◆正規品◆N579-42 冷蔵庫 アカネ電機 グリーン,アカネ電機,N579-42,グリーン,O O O O O B-MODEL I-MODEL I-MODEL I-MODEL I-MODEL I-MODEL I-MODEL O O O O O B-BRAND I-BRAND I-BRAND I-BRAND I-BRAND O B-COLOR I-COLOR I-COLOR I-COLOR,アカネ電機|N579-42|グリーン
T01253,★新品未使用★レッド ソライロ Ｓ４０７－３１ ノートパソコン,ソライロ,S407-31,レッド,O O O O O O O B-COLOR I-COLOR I-COLOR O B-BRAND I-BRAND I-BRAND I-BRAND O B-MODEL I-MODEL I-MODEL I-MODEL I-MODEL I-MODEL I-MODEL O O O O O O O O,ソライロ|S407-31|レッド
T01254,★新品未使用★ゲンブ N37423 スニーカー レッド,ゲンブ,N374-23,レッド,O O O O O O O B-BRAND I-BRAND I-BRAND O B-MODEL I-MODEL I-MODEL I-MODEL I-MODEL I-MODEL O O O O O O O B-COLOR I-COLOR I-COLOR,ゲンブ|N374-23|レッド
T01255,★新品未使用★TSUBAKIＬ７２６－４３グリーンイヤホン,TSUBAKI,L726-43,グリーン,O O O O O O O B-BRAND I-BRAND I-BRAND I-BRAND I-BRAND I-BRAND I-BRAND B-MODEL I-MODEL I-MODEL I-MODEL I-MODEL I-MODEL I-MODEL B-COLOR I-COLOR I-COLOR I-COLOR O O O O,TSUBAKI|L726-43|グリーン
T01256,《アウトレット》洗濯機シラユキＡ８６３－３７レッド,シラユキ,A863-37,レッド,O O O O O O O O O O O B-BRAND I-BRAND I-BRAND I-BRAND B-MODEL I-MODEL I-MODEL I-MODEL I-MODEL I-MODEL I-MODEL B-COLOR I-COLOR I-COLOR,シラユキ|A863-37|レッド
T01257,掃除機アカネ電機シルバーD383-79,アカネ電機,D383-79,シルバー,O O O B-BRAND I-BRAND I-BRAND I-BRAND I-BRAND B-COLOR I-COLOR I-COLOR I-COLOR B-MODEL I-MODEL I-MODEL I-MODEL I-MODEL I-MODEL I-MODEL,アカネ電機|D383-79|シルバー
T01258,グリーン D20617 アカネ電機 イヤホン,アカネ電機,D206-17,グリーン,B-COLOR I-COLOR I-COLOR I-COLOR O B-MODEL I-MODEL I-MODEL I-MODEL I-MODEL I-MODEL O B-BRAND I-BRAND I-BRAND I-BRAND I-BRAND O O O O O,アカネ電機|D206-17|グリーン
T01259,《アウトレット》スニーカー ホワイト C464-76,,C464-76,ホワイト,O O O O O O O O O O O O O O B-COLOR I-COLOR I-COLOR I-COLOR O B-MODEL I-MODEL I-MODEL I-MODEL I-MODEL I-MODEL I-MODEL,|C464-76|ホワイト
T01260,【送料無料】シラユキH78133ホワイト掃除機,シラユキ,H781-33,ホワイト,O O O O O O B-BRAND I-BRAND I-BRAND I-BRAND B-MODEL I-MODEL I-MODEL I-MODEL I-MODEL I-MODEL B-COLOR I-COLOR I-COLOR I-COLOR O O O,シラユキ|H781-33|ホワイト
T01261,ノースピークD95276ブラックノートパソコン,ノースピーク,D952-76,ブラック,B-BRAND I-BRAND I-BRAND I-BRAND I-BRAND I-BRAND B-MODEL I-MODEL I-MODEL I-MODEL I-MODEL I-MODEL B-COLOR I-COLOR I-COLOR I-COLOR O O O O O O O,ノースピーク|D952-76|ブラック
T01262,TSUBAKI N89738 掃除機 グリーン,TSUBAKI,N897-38,グリーン,B-BRAND I-BRAND I-BRAND I-BRAND I-BRAND I-BRAND I-BRAND O B-MODEL I-MODEL I-MODEL I-MODEL I-MODEL I-MODEL O O O O O B-COLOR I-COLOR I-COLOR I-COLOR,TSUBAKI|N897-38|グリーン
T01263,シルバーK URO 掃除機 J30017,KURO,J300-17,シルバー,B-COLOR I-COLOR I-COLOR I-COLOR O O O O O O O O O O B-MODEL I-MODEL I-MODEL I-MODEL I-MODEL I-MODEL,KURO|J300-17|シルバー
T01264,I65160 ゲンブ ホワイト イヤホン,ゲンブ,I651-60,ホワイト,B-MODEL I-MODEL I-MODEL I-MODEL I-MODEL I-MODEL O B-BRAND I-BRAND I-BRAND O B-COLOR I-COLOR I-COLOR I-COLOR O O O O O,ゲンブ|I651-60|ホワイト
T01265,グリーン E639-21 腕時計,,E639-21,グリーン,B-COLOR I-COLOR I-COLOR I-COLOR O B-MODEL I-MODEL I-MODEL I-MODEL I-MODEL I-MODEL I-MODEL O O O O,|E639-21|グリーン
T01266,アカネ電機 A863-80 グリーン デイパック,アカネ電機,A863-80,グリーン,B-BRAND I-BRAND I-BRAND I-BRAND I-BRAND O B-MODEL I-MODEL I-MODEL I-MODEL I-MODEL I-MODEL I-MODEL O B-COLOR I-COLOR I-COLOR I-COLOR O O O O O O,アカネ電機|A863-80|グリーン
T01267,レッドハヤブサデイパックO788-43,ハヤブサ,O788-43,レッド,B-COLOR I-COLOR I-COLOR B-BRAND I-BRAND I-BRAND I-BRAND O O O O O B-MODEL I-MODEL I-MODEL I-MODEL I-MODEL I-MODEL I-MODEL,ハヤブサ|O788-43|レッド
T01268,《アウトレット》ソライロ Ｅ３５８－７６ デイパック ネイビー,ソライロ,E358-76,ネイビー,O O O O O O O O B-BRAND I-BRAND I-BRAND I-BRAND O B-MODEL I-MODEL I-MODEL I-MODEL I-MODEL I-MODEL I-MODEL O O O O O O O B-COLOR I-COLOR I-COLOR I-COLOR,ソライロ|E358-76|ネイビー
T01269,スニーカー ブラック ハヤブサ D286-35,ハヤブサ,D286-35,ブラック,O O O O O O B-COLOR I-COLOR I-COLOR I-COLOR O B-BRAND I-BRAND I-BRAND I-BRAND O B-MODEL I-MODEL I-MODEL I-MODEL I-MODEL I-MODEL I-MODEL,ハヤブサ|D286-35|ブラック
T01270,【即日発送】デイパックR277-73ブラック,,R277-73,ブラック,O O O O O O O O O O O B-MODEL I-MODEL I-MODEL I-MODEL I-MODEL I-MODEL I-MODEL B-COLOR I-COLOR I-COLOR I-COLOR,|R277-73|ブラック
T01271,G728-97 ブラック TSUBAKIイヤホン,TSUBAKI,G728-97,ブラック,B-MODEL I-MODEL I-MODEL I-MODEL I-MODEL I-MODEL I-MODEL O B-COLOR I-COLOR I-COLOR I-COLOR O B-BRAND I-BRAND I-BRAND I-BRAND I-BRAND I-BRAND I-BRAND O O O O,TSUBAKI|G728-97|ブラック
T01272,デイパック ブラック ハヤブサ T542-84,ハヤブサ,T542-84,ブラック,O O O O O O B-COLOR I-COLOR I-COLOR I-COLOR O B-BRAND I-BRAND I-BRAND I-BRAND O B-MODEL I-MODEL I-MODEL I-MODEL I-MODEL I-MODEL I-MODEL,ハヤブサ|T542-84|ブラック
T01273,【即日発送】腕時計 Ｈ９０３－８５ シラユキ ネイビー,シラユキ,H903-85,ネイビー,O O O O O O O O O O B-MODEL I-MODEL I-MODEL I-MODEL I-MODEL I-MODEL I-MODEL O B-BRAND I-BRAND I-BRAND I-BRAND O B-COLOR I-COLOR I-COLOR I-COLOR,シラユキ|H903-85|ネイビー
T01274,グリーン 掃除機 E596-75,,E596-75,グリーン,B-COLOR I-COLOR I-COLOR I-COLOR O O O O O B-MODEL I-MODEL I-MODEL I-MODEL I-MODEL I-MODEL I-MODEL,|E596-75|グリーン
T01275,冷蔵庫 ブラック ソライロ Q64765,ソライロ,Q647-65,ブラック,O O O O B-COLOR I-COLOR I-COLOR I-COLOR O B-BRAND I-BRAND I-BRAND I-BRAND O B-MODEL I-MODEL I-MODEL I-MODEL I-MODEL I-MODEL,ソライロ|Q647-65|ブラック
T01276,レッドアカネ電機J394-19腕時計,アカネ電機,J394-19,レッド,B-COLOR I-COLOR I-COLOR B-BRAND I-BRAND I-BRAND I-BRAND I-BRAND B-MODEL I-MODEL I-MODEL I-MODEL I-MODEL I-MODEL I-MODEL O O O,アカネ電機|J394-19|レッド
T01277,L13836 デイパック ホワイト オオゾラ,オオゾラ,L138-36,ホワイト,B-MODEL I-MODEL I-MODEL I-MODEL I-MODEL I-MODEL O O O O O O O B-COLOR I-COLOR I-COLOR I-COLOR O B-BRAND I-BRAND I-BRAND I-BRAND,オオゾラ|L138-36|ホワイト
T01278,シルバー 冷蔵庫 ゲンブ Ｓ１８３２５,ゲンブ,S183-25,シルバー,B-COLOR I-COLOR I-COLOR I-COLOR O O O O O B-BRAND I-BRAND I-BRAND O B-MODEL I-MODEL I-MODEL I-MODEL I-MODEL I-MODEL,ゲンブ|S183-25|シルバー
T01279,ネイビーノートパソコンM320-83オオゾラ,オオゾラ,M320-83,ネイビー,B-COLOR I-COLOR I-COLOR I-COLOR O O O O O O O B-MODEL I-MODEL I-MODEL I-MODEL I-MODEL I-MODEL I-MODEL B-BRAND I-BRAND I-BRAND I-BRAND,オオゾラ|M320-83|ネイビー
T01280,《アウトレット》グリーンＪ７３８－３３KURO冷蔵庫,KURO,J738-33,グリーン,O O O O O O O O B-COLOR I-COLOR I-COLOR I-COLOR B-MODEL I-MODEL I-MODEL I-MODEL I-MODEL I-MODEL I-MODEL B-BRAND I-BRAND I-BRAND I-BRAND O O O,KURO|J738-33|グリーン
T01281,【即日発送】腕時計Ｒ２３４－３４TSUBAKIレッド,TSUBAKI,R234-34,レッド,O O O O O O O O O B-MODEL I-MODEL I-MODEL I-MODEL I-MODEL I-MODEL I-MODEL B-BRAND I-BRAND I-BRAND I-BRAND I-BRAND I-BRAND I-BRAND B-COLOR I-COLOR I-COLOR,TSUBAKI|R234-34|レッド
T01282,◆正規品◆シルバー TSUBAKI Ｓ８４９１４ デイパック,TSUBAKI,S849-14,シルバー,O O O O O B-COLOR I-COLOR I-COLOR I-COLOR O B-BRAND I-BRAND I-BRAND I-BRAND I-BRAND I-BRAND I-BRAND O B-MODEL I-MODEL I-MODEL I-MODEL I-MODEL I-MODEL O O O O O O,TSUBAKI|S849-14|シルバー
T01283,【送料無料】ブラック ノースピーク 洗濯機 Y399-79,ノースピーク,Y399-79,ブラック,O O O O O O B-COLOR I-COLOR I-COLOR I-COLOR O B-BRAND I-BRAND I-BRAND I-BRAND I-BRAND I-BRAND O O O O O B-MODEL I-MODEL I-MODEL I-MODEL I-MODEL I-MODEL I-MODEL,ノースピーク|Y399-79|ブラック
T01284,J757-85 ブラック ノートパソコン ソライロ,ソライロ,J757-85,ブラック,B-MODEL I-MODEL I-MODEL I-MODEL I-MODEL I-MODEL I-MODEL O B-COLOR I-COLOR I-COLOR I-COLOR O O O O O O O O O B-BRAND I-BRAND I-BRAND I-BRAND,ソライロ|J757-85|ブラック
T01285,★新品未使用★K84696 ノートパソコン レッド,,K846-96,レッド,O O O O O O O B-MODEL I-MODEL I-MODEL I-MODEL I-MODEL I-MODEL O O O O O O O O O B-COLOR I-COLOR I-COLOR,|K846-96|レッド
T01286,ミドリワークスレッドX646-51洗濯機,ミドリワークス,X646-51,レッド,B-BRAND I-BRAND I-BRAND I-BRAND I-BRAND I-BRAND I-BRAND B-COLOR I-COLOR I-COLOR B-MODEL I-MODEL I-MODEL I-MODEL I-MODEL I-MODEL I-MODEL O O O,ミドリワークス|X646-51|レッド
T01287,腕時計 シルバー アカネ電機 X946-13,アカネ電機,X946-13,シルバー,O O O O B-COLOR I-COLOR I-COLOR I-COLOR O B-BRAND I-BRAND I-BRAND I-BRAND I-BRAND O B-MODEL I-MODEL I-MODEL I-MODEL I-MODEL I-MODEL I-MODEL,アカネ電機|X946-13|シルバー
T01288,【即日発送】デイパック ミドリワークス ネイビー O71368,ミドリワークス,O713-68,ネイビー,O O O O O O O O O O O O B-BRAND I-BRAND I-BRAND I-BRAND I-BRAND I-BRAND I-BRAND O B-COLOR I-COLOR I-COLOR I-COLOR O B-MODEL I-MODEL I-MODEL I-MODEL I-MODEL I-MODEL,ミドリワークス|O713-68|ネイビー
T01289,TSUBAKIグリーンデイパックN68798,TSUBAKI,N687-98,グリーン,B-BRAND I-BRAND I-BRAND I-BRAND I-BRAND I-BRAND I-BRAND B-COLOR I-COLOR I-COLOR I-COLOR O O O O O B-MODEL I-MODEL I-MODEL I-MODEL I-MODEL I-MODEL,TSUBAKI|N687-98|グリーン
T01290,《アウトレット》ノートパソコングリーンハヤブサC725-93,ハヤブサ,C725-93,グリーン,O O O O O O O O O O O O O O O B-COLOR I-COLOR I-COLOR I-COLOR B-BRAND I-BRAND I-BRAND I-BRAND B-MODEL I-MODEL I-MODEL I-MODEL I-MODEL I-MODEL I-MODEL,ハヤブサ|C725-93|グリーン
T01291,グリーンソライロＧ８０８２３ノートパソコン,ソライロ,G808-23,グリーン,B-COLOR I-COLOR I-COLOR I-COLOR B-BRAND I-BRAND I-BRAND I-BRAND B-MODEL I-MODEL I-MODEL I-MODEL I-MODEL I-MODEL O O O O O O O,ソライロ|G808-23|グリーン
T01292,シルバー I17-220 アカネ電機 ノートパソコン,アカネ電機,I172-20,シルバー,B-COLOR I-COLOR I-COLOR I-COLOR O O O O O O O O O B-BRAND I-BRAND I-BRAND I-BRAND I-BRAND O O O O O O O O,アカネ電機|I172-20|シルバー
T01293,ソライロレッドスニーカー168-37,ソライロ,L168-37,レッド,B-BRAND I-BRAND I-BRAND I-BRAND B-COLOR I-COLOR I-COLOR O O O O O O O O O O O,ソライロ|L168-37|レッド
T01294,デイパック ノースピーク シルバー N22222,ノースピーク,N222-22,シルバー,O O O O O O B-BRAND I-BRAND I-BRAND I-BRAND I-BRAND I-BRAND O B-COLOR I-COLOR I-COLOR I-COLOR O B-MODEL I-MODEL I-MODEL I-MODEL I-MODEL I-MODEL,ノースピーク|N222-22|シルバー
T01295,O718-43 ネイビー ゲンブ 腕時計,ゲンブ,O718-43,ネイビー,B-MODEL I-MODEL I-MODEL I-MODEL I-MODEL I-MODEL I-MODEL O B-COLOR I-COLOR I-COLOR I-COLOR O B-BRAND I-BRAND I-BRAND O O O O,ゲンブ|O718-43|ネイビー
T01296,Ｂ５６８－６６ ノートパソコン レッド,,B568-66,レッド,B-MODEL I-MODEL I-MODEL I-MODEL I-MODEL I-MODEL I-MODEL O O O O O O O O O B-COLOR I-COLOR I-COLOR,|B568-66|レッド
T01297,掃除機 Ｍ９３４－９２ ハヤブサ ホワイト,ハヤブサ,M934-92,ホワイト,O O O O B-MODEL I-MODEL I-MODEL I-MODEL I-MODEL I-MODEL I-MODEL O B-BRAND I-BRAND I-BRAND I-BRAND O B-COLOR I-COLOR I-COLOR I-COLOR,ハヤブサ|M934-92|ホワイト
T01298,ホワイト Ｗ２１８－８７ 掃除機,,W218-87,ホワイト,B-COLOR I-COLOR I-COLOR I-COLOR O B-MODEL I-MODEL I-MODEL I-MODEL I-MODEL I-MODEL I-MODEL O O O O,|W218-87|ホワイト
T01299,ハヤブサ イヤホン ブラック B73175,ハヤブサ,B731-75,ブラック,B-BRAND I-BRAND I-BRAND I-BRAND O O O O O O B-COLOR I-COLOR I-COLOR I-COLOR O B-MODEL I-MODEL I-MODEL I-MODEL I-MODEL I-MODEL,ハヤブサ|B731-75|ブラック
T01300,イヤホン Ｗ９７２６２ ゲンブ ブラック,ゲンブ,W972-62,ブラック,O O O O O B-MODEL I-MODEL I-MODEL I-MODEL I-MODEL I-MODEL O B-BRAND I-BRAND I-BRAND O B-COLOR I-COLOR I-COLOR I-COLOR,ゲンブ|W972-62|ブラック
T01301,Ｘ２１４５３ブラックスニーカーハヤブサ,ハヤブサ,X214-53,ブラック,B-MODEL I-MODEL I-MODEL I-MODEL I-MODEL I-MODEL B-COLOR I-COLOR I-COLOR I-COLOR O O O O O B-BRAND I-BRAND I-BRAND I-BRAND,ハヤブサ|X214-53|ブラック
T01302,冷蔵庫 シルバー X836-15 KURO,KURO,X836-15,シルバー,O O O O B-COLOR I-COLOR I-COLOR I-COLOR O B-MODEL I-MODEL I-MODEL I-MODEL I-MODEL I-MODEL I-MODEL O B-BRAND I-BRAND I-BRAND I-BRAND,KURO|X836-15|シルバー
T01303,◆正規品◆S374-52 ホワイト ミドリワークス 洗濯機,ミドリワークス,S374-52,ホワイト,O O O O O B-MODEL I-MODEL I-MODEL I-MODEL I-MODEL I-MODEL I-MODEL O B-COLOR I-COLOR I-COLOR I-COLOR O B-BRAND I-BRAND I-BRAND I-BRAND I-BRAND I-BRAND I-BRAND O O O O,ミドリワークス|S374-52|ホワイト
T01304,【即日発送】F128-94 KURO ホワイト 冷蔵庫,KURO,F128-94,ホワイト,O O O O O O B-MODEL I-MODEL I-MODEL I-MODEL I-MODEL I-MODEL I-MODEL O B-BRAND I-BRAND I-BRAND I-BRAND O B-COLOR I-COLOR I-COLOR I-COLOR O O O O,KURO|F128-94|ホワイト
T01305,Ｕ５１０－９２時腕計ホワイト,,U510-92,ホワイト,B-MODEL I-MODEL I-MODEL I-MODEL I-MODEL I-MODEL I-MODEL O O O B-COLOR I-COLOR I-COLOR I-COLOR,|U510-92|ホワイト
T01306,グリーン アカネ電機 スニーカー Q62760,アカネ電機,Q627-60,グリーン,B-COLOR I-COLOR I-COLOR I-COLOR O B-BRAND I-BRAND I-BRAND I-BRAND I-BRAND O O O O O O O B-MODEL I-MODEL I-MODEL I-MODEL I-MODEL I-MODEL,アカネ電機|Q627-60|グリーン
T01307,TSUBAKIZ61353ネイビー腕時計,TSUBAKI,Z613-53,ネイビー,B-BRAND I-BRAND I-BRAND I-BRAND I-BRAND I-BRAND I-BRAND B-MODEL I-MODEL I-MODEL I-MODEL I-MODEL I-MODEL B-COLOR I-COLOR I-COLOR I-COLOR O O O,TSUBAKI|Z613-53|ネイビー
T01308,◆正規品◆59994 ゲンブ 洗濯機 グリーン,ゲンブ,T599-94,グリーン,O O O O O O O O O O O B-BRAND I-BRAND I-BRAND O O O O O B-COLOR I-COLOR I-COLOR I-COLOR,ゲンブ|T599-94|グリーン
T01309,Y881-74ブラク洗濯機,,Y881-74,ブラック,B-MODEL I-MODEL I-MODEL I-MODEL I-MODEL I-MODEL I-MODEL O O O O O O,|Y881-74|ブラック
T01310,【送料無料】Ａ９７７－１７シルバーミドリワークス冷蔵庫,ミドリワークス,A977-17,シルバー,O O O O O O B-MODEL I-MODEL I-MODEL I-MODEL I-MODEL I-MODEL I-MODEL B-COLOR I-COLOR I-COLOR I-COLOR B-BRAND I-BRAND I-BRAND I-BRAND I-BRAND I-BRAND I-BRAND O O O,ミドリワークス|A977-17|シルバー
T01311,R524-45 レッド ノートパソコン アカネ電機,アカネ電機,R524-45,レッド,B-MODEL I-MODEL I-MODEL I-MODEL I-MODEL I-MODEL I-MODEL O B-COLOR I-COLOR I-COLOR O O O O O O O O O B-BRAND I-BRAND I-BRAND I-BRAND I-BRAND,アカネ電機|R524-45|レッド
T01312,アカネ電機L548-43グリーン掃除機,アカネ電機,L548-43,グリーン,B-BRAND I-BRAND I-BRAND I-BRAND I-BRAND B-MODEL I-MODEL I-MODEL I-MODEL I-MODEL I-MODEL I-MODEL B-COLOR I-COLOR I-COLOR I-COLOR O O O,アカネ電機|L548-43|グリーン
T01313,ゲンブ H696-27 グリーン スニーカー,ゲンブ,H696-27,グリーン,B-BRAND I-BRAND I-BRAND O B-MODEL I-MODEL I-MODEL I-MODEL I-MODEL I-MODEL I-MODEL O B-COLOR I-COLOR I-COLOR I-COLOR O O O O O O,ゲンブ|H696-27|グリーン
T01314,グリーン I55-82 ハヤブサ イヤホン,ハヤブサ,I575-82,グリーン,B-COLOR I-COLOR I-COLOR I-COLOR O O O O O O O O B-BRAND I-BRAND I-BRAND I-BRAND O O O O O,ハヤブサ|I575-82|グリーン
T01315,ノースピークC88221イヤホンブラック,ノースピーク,C882-21,ブラック,B-BRAND I-BRAND I-BRAND I-BRAND I-BRAND I-BRAND B-MODEL I-MODEL I-MODEL I-MODEL I-MODEL I-MODEL O O O O B-COLOR I-COLOR I-COLOR I-COLOR,ノースピーク|C882-21|ブラック
T01316,オオゾラ掃除機Ｓ７９２－２０ブラック,オオゾラ,S792-20,ブラック,B-BRAND I-BRAND I-BRAND I-BRAND O O O B-MODEL I-MODEL I-MODEL I-MODEL I-MODEL I-MODEL I-MODEL B-COLOR I-COLOR I-COLOR I-COLOR,オオゾラ|S792-20|ブラック
T01317,T841-40イヤホンシラユキレッド,シラユキ,T841-40,レッド,B-MODEL I-MODEL I-MODEL I-MODEL I-MODEL I-MODEL I-MODEL O O O O B-BRAND I-BRAND I-BRAND I-BRAND B-COLOR I-COLOR I-COLOR,シラユキ|T841-40|レッド
T01318,X12653ノートパソコンレッドアカネ電機,アカネ電機,X126-53,レッド,B-MODEL I-MODEL I-MODEL I-MODEL I-MODEL I-MODEL O O O O O O O B-COLOR I-COLOR I-COLOR B-BRAND I-BRAND I-BRAND I-BRAND I-BRAND,アカネ電機|X126-53|レッド
T01319,洗濯機 ノーピスーク ネイビー Ｇ５６０－６７,ノースピーク,G560-67,ネイビー,O O O O O O O O O O O B-COLOR I-COLOR I-COLOR I-COLOR O B-MODEL I-MODEL I-MODEL I-MODEL I-MODEL I-MODEL I-MODEL,ノースピーク|G560-67|ネイビー
T01320,★新品未使用★シルバー Ｔ９０９－３３ 冷蔵庫 KURO,KURO,T909-33,シルバー,O O O O O O O B-COLOR I-COLOR I-COLOR I-COLOR O B-MODEL I-MODEL I-MODEL I-MODEL I-MODEL I-MODEL I-MODEL O O O O O B-BRAND I-BRAND I-BRAND I-BRAND,KURO|T909-33|シルバー
T01321,ハヤブサ グリーン S953-85 冷蔵庫,ハヤブサ,S953-85,グリーン,B-BRAND I-BRAND I-BRAND I-BRAND O B-COLOR I-COLOR I-COLOR I-COLOR O B-MODEL I-MODEL I-MODEL I-MODEL I-MODEL I-MODEL I-MODEL O O O O,ハヤブサ|S953-85|グリーン
T01322,洗濯機 O665-41 オオゾラ グリーン,オオゾラ,O665-41,グリーン,O O O O B-MODEL I-MODEL I-MODEL I-MODEL I-MODEL I-MODEL I-MODEL O B-BRAND I-BRAND I-BRAND I-BRAND O B-COLOR I-COLOR I-COLOR I-COLOR,オオゾラ|O665-41|グリーン
T01323,掃除機 シルバー F255-82 アカネ電機,アカネ電機,F255-82,シルバー,O O O O B-COLOR I-COLOR I-COLOR I-COLOR O B-MODEL I-MODEL I-MODEL I-MODEL I-MODEL I-MODEL I-MODEL O B-BRAND I-BRAND I-BRAND I-BRAND I-BRAND,アカネ電機|F255-82|シルバー
T01324,腕時計 I738-81 TSUBAK レッド,TSUBAKI,I738-81,レッド,O O O O B-MODEL I-MODEL I-MODEL I-MODEL I-MODEL I-MODEL I-MODEL O O O O O O O O B-COLOR I-COLOR I-COLOR,TSUBAKI|I738-81|レッド
T01325,★新品未使用★デイパック ブラック Ｗ６７１－７６,,W671-76,ブラック,O O O O O O O O O O O O O B-COLOR I-COLOR I-COLOR I-COLOR O B-MODEL I-MODEL I-MODEL I-MODEL I-MODEL I-MODEL I-MODEL,|W671-76|ブラック
T01326,F111-89 シラユキ ノートパソコン シルバー,シラユキ,F111-89,シルバー,B-MODEL I-MODEL I-MODEL I-MODEL I-MODEL I-MODEL I-MODEL O B-BRAND I-BRAND I-BRAND I-BRAND O O O O O O O O O B-COLOR I-COLOR I-COLOR I-COLOR,シラユキ|F111-89|シルバー
T01327,《アウトレット》B794-97ノートパソングリーンKURO,KURO,B794-97,グリーン,O O O O O O O O B-MODEL I-MODEL I-MODEL I-MODEL I-MODEL I-MODEL I-MODEL O O O O O O B-COLOR I-COLOR I-COLOR I-COLOR B-BRAND I-BRAND I-BRAND I-BRAND,KURO|B794-97|グリーン
T01328,腕時計Ｍ７２１４９ホワイトシラユキ,シラユキ,M721-49,ホワイト,O O O B-MODEL I-MODEL I-MODEL I-MODEL I-MODEL I-MODEL B-COLOR I-COLOR I-COLOR I-COLOR B-BRAND I-BRAND I-BRAND I-BRAND,シラユキ|M721-49|ホワイト
T01329,《アウトレット》シルバーO520-26腕時計,,O520-26,シルバー,O O O O O O O O B-COLOR I-COLOR I-COLOR I-COLOR B-MODEL I-MODEL I-MODEL I-MODEL I-MODEL I-MODEL I-MODEL O O O,|O520-26|シルバー
T01330,ブラック 冷蔵庫 ソライロ U761-12,ソライロ,U761-12,ブラック,B-COLOR I-COLOR I-COLOR I-COLOR O O O O O B-BRAND I-BRAND I-BRAND I-BRAND O B-MODEL I-MODEL I-MODEL I-MODEL I-MODEL I-MODEL I-MODEL,ソライロ|U761-12|ブラック
T01331,【即日発送】デイパック ネイビー V44091,,V440-91,ネイビー,O O O O O O O O O O O O B-COLOR I-COLOR I-COLOR I-COLOR O B-MODEL I-MODEL I-MODEL I-MODEL I-MODEL I-MODEL,|V440-91|ネイビー
T01332,【送料無料】X329-54ブラックスニーカーアカネ電機,アカネ電機,X329-54,ブラック,O O O O O O B-MODEL I-MODEL I-MODEL I-MODEL I-MODEL I-MODEL I-MODEL B-COLOR I-COLOR I-COLOR I-COLOR O O O O O B-BRAND I-BRAND I-BRAND I-BRAND I-BRAND,アカネ電機|X329-54|ブラック
T01333,ハヤブサレッドイヤホンＺ５２６－３０,ハヤブサ,Z526-30,レッド,B-BRAND I-BRAND I-BRAND I-BRAND B-COLOR I-COLOR I-COLOR O O O O B-MODEL I-MODEL I-MODEL I-MODEL I-MODEL I-MODEL I-MODEL,ハヤブサ|Z526-30|レッド
T01334,ネイビー イヤホン ノースピーク L602-72,ノースピーク,L602-72,ネイビー,B-COLOR I-COLOR I-COLOR I-COLOR O O O O O O B-BRAND I-BRAND I-BRAND I-BRAND I-BRAND I-BRAND O B-MODEL I-MODEL I-MODEL I-MODEL I-MODEL I-MODEL I-MODEL,ノースピーク|L602-72|ネイビー
T01335,◆正規品◆G817-94スニーカーシルバー,,G817-94,シルバー,O O O O O B-MODEL I-MODEL I-MODEL I-MODEL I-MODEL I-MODEL I-MODEL O O O O O B-COLOR I-COLOR I-COLOR I-COLOR,|G817-94|シルバー
T01336,ノートパソコンホワイトハヤブサC248-33,ハヤブサ,C248-33,ホワイト,O O O O O O O B-COLOR I-COLOR I-COLOR I-COLOR B-BRAND I-BRAND I-BRAND I-BRAND B-MODEL I-MODEL I-MODEL I-MODEL I-MODEL I-MODEL I-MODEL,ハヤブサ|C248-33|ホワイト
T01337,《アウトレット》KURO 掃除機 U750-80 ネイビー,KURO,U750-80,ネイビー,O O O O O O O O B-BRAND I-BRAND I-BRAND I-BRAND O O O O O B-MODEL I-MODEL I-MODEL I-MODEL I-MODEL I-MODEL I-MODEL O B-COLOR I-COLOR I-COLOR I-COLOR,KURO|U750-80|ネイビー
T01338,グリーン 洗濯機 ノースピーク B88153,ノースピーク,B881-53,グリーン,B-COLOR I-COLOR I-COLOR I-COLOR O O O O O B-BRAND I-BRAND I-BRAND I-BRAND I-BRAND I-BRAND O B-MODEL I-MODEL I-MODEL I-MODEL I-MODEL I-MODEL,ノースピーク|B881-53|グリーン
T01339,ハヤブサノートパソコンB134-91ホワイト,ハヤブサ,B134-91,ホワイト,B-BRAND I-BRAND I-BRAND I-BRAND O O O O O O O B-MODEL I-MODEL I-MODEL I-MODEL I-MODEL I-MODEL I-MODEL B-COLOR I-COLOR I-COLOR I-COLOR,ハヤブサ|B134-91|ホワイト
T01340,ブラック V12151 ミドリワークス 洗濯機,ミドリワークス,V121-51,ブラック,B-COLOR I-COLOR I-COLOR I-COLOR O B-MODEL I-MODEL I-MODEL I-MODEL I-MODEL I-MODEL O B-BRAND I-BRAND I-BRAND I-BRAND I-BRAND I-BRAND I-BRAND O O O O,ミドリワークス|V121-51|ブラック
T01341,ホワイト 腕時計 ハヤブサ V666-21,ハヤブサ,V666-21,ホワイト,B-COLOR I-COLOR I-COLOR I-COLOR O O O O O B-BRAND I-BRAND I-BRAND I-BRAND O B-MODEL I-MODEL I-MODEL I-MODEL I-MODEL I-MODEL I-MODEL,ハヤブサ|V666-21|ホワイト
T01342,イヤホン ネイビー Ｔ４１１－５０,,T411-50,ネイビー,O O O O O B-COLOR I-COLOR I-COLOR I-COLOR O B-MODEL I-MODEL I-MODEL I-MODEL I-MODEL I-MODEL I-MODEL,|T411-50|ネイビー
T01343,シラユキ腕時計ネイビーP873-21,シラユキ,P873-21,ネイビー,B-BRAND I-BRAND I-BRAND I-BRAND O O O B-COLOR I-COLOR I-COLOR I-COLOR B-MODEL I-MODEL I-MODEL I-MODEL I-MODEL I-MODEL I-MODEL,シラユキ|P873-21|ネイビー
T01344,ソライロC348-62グリーンデイパック,ソライロ,C348-62,グリーン,B-BRAND I-BRAND I-BRAND I-BRAND B-MODEL I-MODEL I-MODEL I-MODEL I-MODEL I-MODEL I-MODEL B-COLOR I-COLOR I-COLOR I-COLOR O O O O O,ソライロ|C348-62|グリーン
T01345,イヤホンＱ７９９－４９シルバーアネ電機,アカネ電機,Q799-49,シルバー,O O O O B-MODEL I-MODEL I-MODEL I-MODEL I-MODEL I-MODEL I-MODEL B-COLOR I-COLOR I-COLOR I-COLOR O O O O,アカネ電機|Q799-49|シルバー
T01346,N92524レッドノートパソコンシラユキ,シラユキ,N925-24,レッド,B-MODEL I-MODEL I-MODEL I-MODEL I-MODEL I-MODEL B-COLOR I-COLOR I-COLOR O O O O O O O B-BRAND I-BRAND I-BRAND I-BRAND,シラユキ|N925-24|レッド
T01347,レッド C27927 ソライロ ノートパソコン,ソライロ,C279-27,レッド,B-COLOR I-COLOR I-COLOR O B-MODEL I-MODEL I-MODEL I-MODEL I-MODEL I-MODEL O B-BRAND I-BRAND I-BRAND I-BRAND O O O O O O O O,ソライロ|C279-27|レッド
T01348,★新品未使用★冷蔵庫ネイビーＡ３４９－８９,,A349-89,ネイビー,O O O O O O O O O O B-COLOR I-COLOR I-COLOR I-COLOR B-MODEL I-MODEL I-MODEL I-MODEL I-MODEL I-MODEL I-MODEL,|A349-89|ネイビー
T01349,ホワイト 腕時計 V955-14,,V955-14,ホワイト,B-COLOR I-COLOR I-COLOR I-COLOR O O O O O B-MODEL I-MODEL I-MODEL I-MODEL I-MODEL I-MODEL I-MODEL,|V955-14|ホワイト
T01350,イヤホン Ｇ９２２１８ TSUBAKI シルバー,TSUBAKI,G922-18,シルバー,O O O O O B-MODEL I-MODEL I-MODEL I-MODEL I-MODEL I-MODEL O B-BRAND I-BRAND I-BRAND I-BRAND I-BRAND I-BRAND I-BRAND O B-COLOR I-COLOR I-COLOR I-COLOR,TSUBAKI|G922-18|シルバー
T01351,デイパック ミドリワークス シルバー Ｒ３６３－３１,ミドリワークス,R363-31,シルバー,O O O O O O B-BRAND I-BRAND I-BRAND I-BRAND I-BRAND I-BRAND I-BRAND O B-COLOR I-COLOR I-COLOR I-COLOR O B-MODEL I-MODEL I-MODEL I-MODEL I-MODEL I-MODEL I-MODEL,ミドリワークス|R363-31|シルバー
T01352,《アウトレット》G450-98 ブラック 洗濯機 ゲンブ,ゲンブ,G450-98,ブラック,O O O O O O O O B-MODEL I-MODEL I-MODEL I-MODEL I-MODEL I-MODEL I-MODEL O B-COLOR I-COLOR I-COLOR I-COLOR O O O O O B-BRAND I-BRAND I-BRAND,ゲンブ|G450-98|ブラック
T01353,KUROスニーカーS22-68ネイビー,KURO,S222-68,ネイビー,B-BRAND I-BRAND I-BRAND I-BRAND O O O O O O O O O O O B-COLOR I-COLOR I-COLOR I-COLOR,KURO|S222-68|ネイビー
T01354,ハヤブサ U472-60 腕時計 グリーン,ハヤブサ,U472-60,グリーン,B-BRAND I-BRAND I-BRAND I-BRAND O B-MODEL I-MODEL I-MODEL I-MODEL I-MODEL I-MODEL I-MODEL O O O O O B-COLOR I-COLOR I-COLOR I-COLOR,ハヤブサ|U472-60|グリーン
T01355,シラユキシルバーI934-98ノートパソコン,シラユキ,I934-98,シルバー,B-BRAND I-BRAND I-BRAND I-BRAND B-COLOR I-COLOR I-COLOR I-COLOR B-MODEL I-MODEL I-MODEL I-MODEL I-MODEL I-MODEL I-MODEL O O O O O O O,シラユキ|I934-98|シルバー
T01356,《アウトレット》Z42768 ホワイト 掃除機 シラユキ,シラユキ,Z427-68,ホワイト,O O O O O O O O B-MODEL I-MODEL I-MODEL I-MODEL I-MODEL I-MODEL O B-COLOR I-COLOR I-COLOR I-COLOR O O O O O B-BRAND I-BRAND I-BRAND I-BRAND,シラユキ|Z427-68|ホワイト
T01357,ノースピーク W319-96 シルバー 掃除機,ノースピーク,W319-96,シルバー,B-BRAND I-BRAND I-BRAND I-BRAND I-BRAND I-BRAND O B-MODEL I-MODEL I-MODEL I-MODEL I-MODEL I-MODEL I-MODEL O B-COLOR I-COLOR I-COLOR I-COLOR O O O O,ノースピーク|W319-96|シルバー
T01358,★新品未使用★ゲンブG913-61デイパックシルバー,ゲンブ,G913-61,シルバー,O O O O O O O B-BRAND I-BRAND I-BRAND B-MODEL I-MODEL I-MODEL I-MODEL I-MODEL I-MODEL I-MODEL O O O O O B-COLOR I-COLOR I-COLOR I-COLOR,ゲンブ|G913-61|シルバー
T01359,◆正規品◆スニーカー シルバー ミドリワーク L585-93,ミドリワークス,L585-93,シルバー,O O O O O O O O O O O B-COLOR I-COLOR I-COLOR I-COLOR O O O O O O O O B-MODEL I-MODEL I-MODEL I-MODEL I-MODEL I-MODEL I-MODEL,ミドリワークス|L585-93|シルバー
T01360,TSUBAKI ブラック V28629 腕時計,TSUBAKI,V286-29,ブラック,B-BRAND I-BRAND I-BRAND I-BRAND I-BRAND I-BRAND I-BRAND O B-COLOR I-COLOR I-COLOR I-COLOR O B-MODEL I-MODEL I-MODEL I-MODEL I-MODEL I-MODEL O O O O,TSUBAKI|V286-29|ブラック
T01361,G4034 ネイビー ノートパソコン,,G440-34,ネイビー,O O O O O O B-COLOR I-COLOR I-COLOR I-COLOR O O O O O O O O,|G440-34|ネイビー
T01362,ホイワト 掃除機 Ｐ６９０－５７,,P690-57,ホワイト,O O O O O O O O O B-MODEL I-MODEL I-MODEL I-MODEL I-MODEL I-MODEL I-MODEL,|P690-57|ホワイト
T01363,U54631TSUBAKI腕時計シルバー,TSUBAKI,U546-31,シルバー,B-MODEL I-MODEL I-MODEL I-MODEL I-MODEL I-MODEL B-BRAND I-BRAND I-BRAND I-BRAND I-BRAND I-BRAND I-BRAND O O O B-COLOR I-COLOR I-COLOR I-COLOR,TSUBAKI|U546-31|シルバー
T01364,Ｄ９５６７５ シルバー デイパック ハヤブサ,ハヤブサ,D956-75,シルバー,B-MODEL I-MODEL I-MODEL I-MODEL I-MODEL I-MODEL O B-COLOR I-COLOR I-COLOR I-COLOR O O O O O O O B-BRAND I-BRAND I-BRAND I-BRAND,ハヤブサ|D956-75|シルバー
T01365,★新品未使用★冷蔵庫 L772-81 ネイビー ソライロ,ソライロ,L772-81,ネイビー,O O O O O O O O O O O B-MODEL I-MODEL I-MODEL I-MODEL I-MODEL I-MODEL I-MODEL O B-COLOR I-COLOR I-COLOR I-COLOR O B-BRAND I-BRAND I-BRAND I-BRAND,ソライロ|L772-81|ネイビー
T01366,オオゾラ ネイビー デイパック B545-76,オオゾラ,B545-76,ネイビー,B-BRAND I-BRAND I-BRAND I-BRAND O B-COLOR I-COLOR I-COLOR I-COLOR O O O O O O O B-MODEL I-MODEL I-MODEL I-MODEL I-MODEL I-MODEL I-MODEL,オオゾラ|B545-76|ネイビー
T01367,ブラック 冷蔵庫 Z642-83,,Z642-83,ブラック,B-COLOR I-COLOR I-COLOR I-COLOR O O O O O B-MODEL I-MODEL I-MODEL I-MODEL I-MODEL I-MODEL I-MODEL,|Z642-83|ブラック
T01368,《アウトレット》デイパック ノースピーク グリーン H107-20,ノースピーク,H107-20,グリーン,O O O O O O O O O O O O O O B-BRAND I-BRAND I-BRAND I-BRAND I-BRAND I-BRAND O B-COLOR I-COLOR I-COLOR I-COLOR O B-MODEL I-MODEL I-MODEL I-MODEL I-MODEL I-MODEL I-MODEL,ノースピーク|H107-20|グリーン
T01369,ミドリワークスV662-29ホワイトイヤホン,ミドリワークス,V662-29,ホワイト,B-BRAND I-BRAND I-BRAND I-BRAND I-BRAND I-BRAND I-BRAND B-MODEL I-MODEL I-MODEL I-MODEL I-MODEL I-MODEL I-MODEL B-COLOR I-COLOR I-COLOR I-COLOR O O O O,ミドリワークス|V662-29|ホワイト
T01370,《アウトレッ》ノートパソコングリーンH458-90,,H458-90,グリーン,O O O O O O O O O O O O O O B-COLOR I-COLOR I-COLOR I-COLOR B-MODEL I-MODEL I-MODEL I-MODEL I-MODEL I-MODEL I-MODEL,|H458-90|グリーン
T01371,冷蔵庫TSUBAKIホワイトG121-80,TSUBAKI,G121-80,ホワイト,O O O B-BRAND I-BRAND I-BRAND I-BRAND I-BRAND I-BRAND I-BRAND B-COLOR I-COLOR I-COLOR I-COLOR B-MODEL I-MODEL I-MODEL I-MODEL I-MODEL I-MODEL I-MODEL,TSUBAKI|G121-80|ホワイト
T01372,ノースピーク ネイビー 冷蔵庫 Ｓ６９３－８３,ノースピーク,S693-83,ネイビー,B-BRAND I-BRAND I-BRAND I-BRAND I-BRAND I-BRAND O B-COLOR I-COLOR I-COLOR I-COLOR O O O O O B-MODEL I-MODEL I-MODEL I-MODEL I-MODEL I-MODEL I-MODEL,ノースピーク|S693-83|ネイビー
T01373,◆正規品◆イヤホンKUROＳ９９６－１８レッド,KURO,S996-18,レッド,O O O O O O O O O B-BRAND I-BRAND I-BRAND I-BRAND B-MODEL I-MODEL I-MODEL I-MODEL I-MODEL I-MODEL I-MODEL B-COLOR I-COLOR I-COLOR,KURO|S996-18|レッド
T01374,洗濯機N431-58グリーンラユキ,シラユキ,N431-58,グリーン,O O O B-MODEL I-MODEL I-MODEL I-MODEL I-MODEL I-MODEL I-MODEL B-COLOR I-COLOR I-COLOR I-COLOR O O O,シラユキ|N431-58|グリーン
T01375,掃除機 V235-72 グリーン ノースピーク,ノースピーク,V235-72,グリーン,O O O O B-MODEL I-MODEL I-MODEL I-MODEL I-MODEL I-MODEL I-MODEL O B-COLOR I-COLOR I-COLOR I-COLOR O B-BRAND I-BRAND I-BRAND I-BRAND I-BRAND I-BRAND,ノースピーク|V235-72|グリーン
T01376,【送料無料】TSUBAKIＡ６１９－９４グリーンノートパソコン,TSUBAKI,A619-94,グリーン,O O O O O O B-BRAND I-BRAND I-BRAND I-BRAND I-BRAND I-BRAND I-BRAND B-MODEL I-MODEL I-MODEL I-MODEL I-MODEL I-MODEL I-MODEL B-COLOR I-COLOR I-COLOR I-COLOR O O O O O O O,TSUBAKI|A619-94|グリーン
T01377,ノートパソコンノースピークW132-73レッド,ノースピーク,W132-73,レッド,O O O O O O O B-BRAND I-BRAND I-BRAND I-BRAND I-BRAND I-BRAND B-MODEL I-MODEL I-MODEL I-MODEL I-MODEL I-MODEL I-MODEL B-COLOR I-COLOR I-COLOR,ノースピーク|W132-73|レッド
T01378,スニーカー Ｌ１３８－２９ シルバー,,L138-29,シルバー,O O O O O O B-MODEL I-MODEL I-MODEL I-MODEL I-MODEL I-MODEL I-MODEL O B-COLOR I-COLOR I-COLOR I-COLOR,|L138-29|シルバー
T01379,《アウトレット》掃除機 Ｏ５２８－９８ ハヤブサ シルバー,ハヤブサ,O528-98,シルバー,O O O O O O O O O O O O B-MODEL I-MODEL I-MODEL I-MODEL I-MODEL I-MODEL I-MODEL O B-BRAND I-BRAND I-BRAND I-BRAND O B-COLOR I-COLOR I-COLOR I-COLOR,ハヤブサ|O528-98|シルバー
T01380,H317-19 レッド デイパック ハヤブサ,ハヤブサ,H137-19,レッド,O O O O O O O O B-COLOR I-COLOR I-COLOR O O O O O O O B-BRAND I-BRAND I-BRAND I-BRAND,ハヤブサ|H137-19|レッド
T01381,ブラックＭ２４２－８５デイパックオオゾラ,オオゾラ,M242-85,ブラック,B-COLOR I-COLOR I-COLOR I-COLOR B-MODEL I-MODEL I-MODEL I-MODEL I-MODEL I-MODEL I-MODEL O O O O O B-BRAND I-BRAND I-BRAND I-BRAND,オオゾラ|M242-85|ブラック
T01382,★新品未使用★C759-97 レッド 冷蔵庫 ミドリワークス,ミドリワークス,C759-97,レッド,O O O O O O O B-MODEL I-MODEL I-MODEL I-MODEL I-MODEL I-MODEL I-MODEL O B-COLOR I-COLOR I-COLOR O O O O O B-BRAND I-BRAND I-BRAND I-BRAND I-BRAND I-BRAND I-BRAND,ミドリワークス|C759-97|レッド
T01383,【送料無料】KUROＧ４３０－５１ホワイトイヤホン,KURO,G430-51,ホワイト,O O O O O O B-BRAND I-BRAND I-BRAND I-BRAND B-MODEL I-MODEL I-MODEL I-MODEL I-MODEL I-MODEL I-MODEL B-COLOR I-COLOR I-COLOR I-COLOR O O O O,KURO|G430-51|ホワイト
T01384,腕時計H16331レッドアカネ電機,アカネ電機,H163-31,レッド,O O O B-MODEL I-MODEL I-MODEL I-MODEL I-MODEL I-MODEL B-COLOR I-COLOR I-COLOR B-BRAND I-BRAND I-BRAND I-BRAND I-BRAND,アカネ電機|H163-31|レッド
T01385,腕時計シルバーミドリワークスX770-19,ミドリワークス,X770-19,シルバー,O O O B-COLOR I-COLOR I-COLOR I-COLOR B-BRAND I-BRAND I-BRAND I-BRAND I-BRAND I-BRAND I-BRAND B-MODEL I-MODEL I-MODEL I-MODEL I-MODEL I-MODEL I-MODEL,ミドリワークス|X770-19|シルバー
T01386,◆正規品◆Ｂ４４８－９１イヤホンアカネ電機レドッ,アカネ電機,B448-91,レッド,O O O O O B-MODEL I-MODEL I-MODEL I-MODEL I-MODEL I-MODEL I-MODEL O O O O B-BRAND I-BRAND I-BRAND I-BRAND I-BRAND O O O,アカネ電機|B448-91|レッド
T01387,TSUBAKI Ｆ７９１－５０ 腕時計 ブラック,TSUBAKI,F791-50,ブラック,B-BRAND I-BRAND I-BRAND I-BRAND I-BRAND I-BRAND I-BRAND O B-MODEL I-MODEL I-MODEL I-MODEL I-MODEL I-MODEL I-MODEL O O O O O B-COLOR I-COLOR I-COLOR I-COLOR,TSUBAKI|F791-50|ブラック
T01388,ブラックT22134TSUBAKIデイパック,TSUBAKI,T221-34,ブラック,B-COLOR I-COLOR I-COLOR I-COLOR B-MODEL I-MODEL I-MODEL I-MODEL I-MODEL I-MODEL B-BRAND I-BRAND I-BRAND I-BRAND I-BRAND I-BRAND I-BRAND O O O O O,TSUBAKI|T221-34|ブラック
T01389,X296-83シラユキホワイト掃除機,シラユキ,X296-83,ホワイト,B-MODEL I-MODEL I-MODEL I-MODEL I-MODEL I-MODEL I-MODEL B-BRAND I-BRAND I-BRAND I-BRAND B-COLOR I-COLOR I-COLOR I-COLOR O O O,シラユキ|X296-83|ホワイト
T01390,洗濯機 シルバー ノースピーク Ｊ３４４７４,ノースピーク,J344-74,シルバー,O O O O B-COLOR I-COLOR I-COLOR I-COLOR O B-BRAND I-BRAND I-BRAND I-BRAND I-BRAND I-BRAND O B-MODEL I-MODEL I-MODEL I-MODEL I-MODEL I-MODEL,ノースピーク|J344-74|シルバー
T01391,シラユキ X570-85 スニーカー シルバー,シラユキ,X570-85,シルバー,B-BRAND I-BRAND I-BRAND I-BRAND O B-MODEL I-MODEL I-MODEL I-MODEL I-MODEL I-MODEL I-MODEL O O O O O O O B-COLOR I-COLOR I-COLOR I-COLOR,シラユキ|X570-85|シルバー
T01392,ホワイト アカ電機 Ｒ６４０５７ 腕時計,アカネ電機,R640-57,ホワイト,B-COLOR I-COLOR I-COLOR I-COLOR O O O O O O B-MODEL I-MODEL I-MODEL I-MODEL I-MODEL I-MODEL O O O O,アカネ電機|R640-57|ホワイト
T01393,洗濯機 ハヤブサ レッド H78172,ハヤブサ,H781-72,レッド,O O O O B-BRAND I-BRAND I-BRAND I-BRAND O B-COLOR I-COLOR I-COLOR O B-MODEL I-MODEL I-MODEL I-MODEL I-MODEL I-MODEL,ハヤブサ|H781-72|レッド
T01394,グリーンゲンブノートパソコンT884-45,ゲンブ,T884-45,グリーン,B-COLOR I-COLOR I-COLOR I-COLOR B-BRAND I-BRAND I-BRAND O O O O O O O B-MODEL I-MODEL I-MODEL I-MODEL I-MODEL I-MODEL I-MODEL,ゲンブ|T884-45|グリーン
T01395,【送料無料】腕時計 V26321 ミドリワークス ホワイト,ミドリワークス,V263-21,ホワイト,O O O O O O O O O O B-MODEL I-MODEL I-MODEL I-MODEL I-MODEL I-MODEL O B-BRAND I-BRAND I-BRAND I-BRAND I-BRAND I-BRAND I-BRAND O B-COLOR I-COLOR I-COLOR I-COLOR,ミドリワークス|V263-21|ホワイト
T01396,イヤホンO891-77ソライロシルバー,ソライロ,O891-77,シルバー,O O O O B-MODEL I-MODEL I-MODEL I-MODEL I-MODEL I-MODEL I-MODEL B-BRAND I-BRAND I-BRAND I-BRAND B-COLOR I-COLOR I-COLOR I-COLOR,ソライロ|O891-77|シルバー
T01397,【即日発送】グリーンK658-39オオゾラ洗濯機,オオゾラ,K658-39,グリーン,O O O O O O B-COLOR I-COLOR I-COLOR I-COLOR B-MODEL I-MODEL I-MODEL I-MODEL I-MODEL I-MODEL I-MODEL B-BRAND I-BRAND I-BRAND I-BRAND O O O,オオゾラ|K658-39|グリーン
T01398,Z615-76 洗濯機 レッド ミドリワークス,ミドリワークス,Z615-76,レッド,B-MODEL I-MODEL I-MODEL I-MODEL I-MODEL I-MODEL I-MODEL O O O O O B-COLOR I-COLOR I-COLOR O B-BRAND I-BRAND I-BRAND I-BRAND I-BRAND I-BRAND I-BRAND,ミドリワークス|Z615-76|レッド
T01399,デイパック ネイビー R78749 ノースピーク,ノースピーク,R787-49,ネイビー,O O O O O O B-COLOR I-COLOR I-COLOR I-COLOR O B-MODEL I-MODEL I-MODEL I-MODEL I-MODEL I-MODEL O B-BRAND I-BRAND I-BRAND I-BRAND I-BRAND I-BRAND,ノースピーク|R787-49|ネイビー
T01400,冷蔵庫 KUR T45391 シルバー,KURO,T453-91,シルバー,O O O O O O O O B-MODEL I-MODEL I-MODEL I-MODEL I-MODEL I-MODEL O B-COLOR I-COLOR I-COLOR I-COLOR,KURO|T453-91|シルバー
T01401,オオゾラ デイパック レッド X309-89,オオゾラ,X309-89,レッド,B-BRAND I-BRAND I-BRAND I-BRAND O O O O O O O B-COLOR I-COLOR I-COLOR O B-MODEL I-MODEL I-MODEL I-MODEL I-MODEL I-MODEL I-MODEL,オオゾラ|X309-89|レッド
T01402,ブラック Y696-42 シラユキ 洗濯機,シラユキ,Y696-42,ブラック,B-COLOR I-COLOR I-COLOR I-COLOR O B-MODEL I-MODEL I-MODEL I-MODEL I-MODEL I-MODEL I-MODEL O B-BRAND I-BRAND I-BRAND I-BRAND O O O O,シラユキ|Y696-42|ブラック
T01403,Ｆ６２５－１ ８ホワイト TSUBAKI イヤホン,TSUBAKI,F625-18,ホワイト,O O O O O O O O B-COLOR I-COLOR I-COLOR I-COLOR O B-BRAND I-BRAND I-BRAND I-BRAND I-BRAND I-BRAND I-BRAND O O O O O,TSUBAKI|F625-18|ホワイト
T01404,洗濯機 オオゾラ ホワイト Ｄ９０７７１,オオゾラ,D907-71,ホワイト,O O O O B-BRAND I-BRAND I-BRAND I-BRAND O B-COLOR I-COLOR I-COLOR I-COLOR O B-MODEL I-MODEL I-MODEL I-MODEL I-MODEL I-MODEL,オオゾラ|D907-71|ホワイト
T01405,TSUBAKIH54283腕時計ネイビー,TSUBAKI,H542-83,ネイビー,B-BRAND I-BRAND I-BRAND I-BRAND I-BRAND I-BRAND I-BRAND B-MODEL I-MODEL I-MODEL I-MODEL I-MODEL I-MODEL O O O B-COLOR I-COLOR I-COLOR I-COLOR,TSUBAKI|H542-83|ネイビー
T01406,Ｂ４２８－４８ TSUBAIK ノートパソコン レッド,TSUBAKI,B428-48,レッド,B-MODEL I-MODEL I-MODEL I-MODEL I-MODEL I-MODEL I-MODEL O O O O O O O O O O O O O O O O O B-COLOR I-COLOR I-COLOR,TSUBAKI|B428-48|レッド
T01407,◆正規品◆KURO腕時計ラブックD36994,KURO,D369-94,ブラック,O O O O O B-BRAND I-BRAND I-BRAND I-BRAND O O O O O O O B-MODEL I-MODEL I-MODEL I-MODEL I-MODEL I-MODEL,KURO|D369-94|ブラック
T01408,《アウトレット》グリーン ソライロ N105-76 掃除機,ソライロ,N105-76,グリーン,O O O O O O O O B-COLOR I-COLOR I-COLOR I-COLOR O B-BRAND I-BRAND I-BRAND I-BRAND O B-MODEL I-MODEL I-MODEL I-MODEL I-MODEL I-MODEL I-MODEL O O O O,ソライロ|N105-76|グリーン
T01409,★新品未使用★シルバー スニーカー ソライロ Ｈ６３５８４,ソライロ,H635-84,シルバー,O O O O O O O B-COLOR I-COLOR I-COLOR I-COLOR O O O O O O O B-BRAND I-BRAND I-BRAND I-BRAND O B-MODEL I-MODEL I-MODEL I-MODEL I-MODEL I-MODEL,ソライロ|H635-84|シルバー
T01410,ネイビー KURO E345-29 冷蔵庫,KURO,E345-29,ネイビー,B-COLOR I-COLOR I-COLOR I-COLOR O B-BRAND I-BRAND I-BRAND I-BRAND O B-MODEL I-MODEL I-MODEL I-MODEL I-MODEL I-MODEL I-MODEL O O O O,KURO|E345-29|ネイビー
T01411,イヤホン O47642 シラユキ レッド,シラユキ,O476-42,レッド,O O O O O B-MODEL I-MODEL I-MODEL I-MODEL I-MODEL I-MODEL O B-BRAND I-BRAND I-BRAND I-BRAND O B-COLOR I-COLOR I-COLOR,シラユキ|O476-42|レッド
T01412,◆正規品◆グリーン 洗濯機 Ｌ８２４６５,,L824-65,グリーン,O O O O O B-COLOR I-COLOR I-COLOR I-COLOR O O O O O B-MODEL I-MODEL I-MODEL I-MODEL I-MODEL I-MODEL,|L824-65|グリーン
T01413,ノートパソコンレッドシラユキH32946,シラユキ,H329-46,レッド,O O O O O O O B-COLOR I-COLOR I-COLOR B-BRAND I-BRAND I-BRAND I-BRAND B-MODEL I-MODEL I-MODEL I-MODEL I-MODEL I-MODEL,シラユキ|H329-46|レッド
T01414,【即日発送】アカネ電機 ノートパソコン シルバー Ｙ３１２１６,アカネ電機,Y312-16,シルバー,O O O O O O B-BRAND I-BRAND I-BRAND I-BRAND I-BRAND O O O O O O O O O B-COLOR I-COLOR I-COLOR I-COLOR O B-MODEL I-MODEL I-MODEL I-MODEL I-MODEL I-MODEL,アカネ電機|Y312-16|シルバー
T01415,◆正規品◆イヤホンS116-95グリーン,,S116-95,グリーン,O O O O O O O O O B-MODEL I-MODEL I-MODEL I-MODEL I-MODEL I-MODEL I-MODEL B-COLOR I-COLOR I-COLOR I-COLOR,|S116-95|グリーン
T01416,ホワイト H747-6 アカネ電機 腕時計,アカネ電機,H747-76,ホワイト,B-COLOR I-COLOR I-COLOR I-COLOR O O O O O O O O B-BRAND I-BRAND I-BRAND I-BRAND I-BRAND O O O O,アカネ電機|H747-76|ホワイト
T01417,V928-74 ハヤブサ イヤホン シルバー,ハヤブサ,V928-74,シルバー,B-MODEL I-MODEL I-MODEL I-MODEL I-MODEL I-MODEL I-MODEL O B-BRAND I-BRAND I-BRAND I-BRAND O O O O O O B-COLOR I-COLOR I-COLOR I-COLOR,ハヤブサ|V928-74|シルバー
T01418,デイパック V454-68 ネイビー ゲンブ,ゲンブ,V454-68,ネイビー,O O O O O O B-MODEL I-MODEL I-MODEL I-MODEL I-MODEL I-MODEL I-MODEL O B-COLOR I-COLOR I-COLOR I-COLOR O B-BRAND I-BRAND I-BRAND,ゲンブ|V454-68|ネイビー
T01419,グリーンK10175ミドリワークス洗濯機,ミドリワークス,K101-75,グリーン,B-COLOR I-COLOR I-COLOR I-COLOR B-MODEL I-MODEL I-MODEL I-MODEL I-MODEL I-MODEL B-BRAND I-BRAND I-BRAND I-BRAND I-BRAND I-BRAND I-BRAND O O O,ミドリワークス|K101-75|グリーン
T01420,TSUBAKI ブラック J638-89 掃除機,TSUBAKI,J638-89,ブラック,B-BRAND I-BRAND I-BRAND I-BRAND I-BRAND I-BRAND I-BRAND O B-COLOR I-COLOR I-COLOR I-COLOR O B-MODEL I-MODEL I-MODEL I-MODEL I-MODEL I-MODEL I-MODEL O O O O,TSUBAKI|J638-89|ブラック
T01421,Z657-67 ノートパソコン ホワイト シラキユ,シラユキ,Z657-67,ホワイト,B-MODEL I-MODEL I-MODEL I-MODEL I-MODEL I-MODEL I-MODEL O O O O O O O O O B-COLOR I-COLOR I-COLOR I-COLOR O O O O O,シラユキ|Z657-67|ホワイト
T01422,スニーカー シルバー ゲンブ F84149,ゲンブ,F841-49,シルバー,O O O O O O B-COLOR I-COLOR I-COLOR I-COLOR O B-BRAND I-BRAND I-BRAND O B-MODEL I-MODEL I-MODEL I-MODEL I-MODEL I-MODEL,ゲンブ|F841-49|シルバー
T01423,X355-44 シルバー ノートパソコン ハヤブサ,ハヤブサ,X355-44,シルバー,B-MODEL I-MODEL I-MODEL I-MODEL I-MODEL I-MODEL I-MODEL O B-COLOR I-COLOR I-COLOR I-COLOR O O O O O O O O O B-BRAND I-BRAND I-BRAND I-BRAND,ハヤブサ|X355-44|シルバー
T01424,【送料無料】シルバー腕時計Ｒ７４８－３３ゲンブ,ゲンブ,R748-33,シルバー,O O O O O O B-COLOR I-COLOR I-COLOR I-COLOR O O O B-MODEL I-MODEL I-MODEL I-MODEL I-MODEL I-MODEL I-MODEL B-BRAND I-BRAND I-BRAND,ゲンブ|R748-33|シルバー
T01425,アカネ電機 レッド B103-30 スニーカー,アカネ電機,B103-30,レッド,B-BRAND I-BRAND I-BRAND I-BRAND I-BRAND O B-COLOR I-COLOR I-COLOR O B-MODEL I-MODEL I-MODEL I-MODEL I-MODEL I-MODEL I-MODEL O O O O O O,アカネ電機|B103-30|レッド
T01426,《アウトレット》シラユキ ホワイト 腕時計 G32413,シラユキ,G324-13,ホワイト,O O O O O O O O B-BRAND I-BRAND I-BRAND I-BRAND O B-COLOR I-COLOR I-COLOR I-COLOR O O O O O B-MODEL I-MODEL I-MODEL I-MODEL I-MODEL I-MODEL,シラユキ|G324-13|ホワイト
T01427,R66650ネイビーデイパックアカネ電機,アカネ電機,R666-50,ネイビー,B-MODEL I-MODEL I-MODEL I-MODEL I-MODEL I-MODEL B-COLOR I-COLOR I-COLOR I-COLOR O O O O O B-BRAND I-BRAND I-BRAND I-BRAND I-BRAND,アカネ電機|R666-50|ネイビー
T01428,アカネ電機 イヤホン レッド N411-34,アカネ電機,N411-34,レッド,B-BRAND I-BRAND I-BRAND I-BRAND I-BRAND O O O O O O B-COLOR I-COLOR I-COLOR O B-MODEL I-MODEL I-MODEL I-MODEL I-MODEL I-MODEL I-MODEL,アカネ電機|N411-34|レッド
T01429,グリーン P147-53 ハヤブサ スニーカー,ハヤブサ,P147-53,グリーン,B-COLOR I-COLOR I-COLOR I-COLOR O B-MODEL I-MODEL I-MODEL I-MODEL I-MODEL I-MODEL I-MODEL O B-BRAND I-BRAND I-BRAND I-BRAND O O O O O O,ハヤブサ|P147-53|グリーン
T01430,◆正規品◆掃除機 P38060 グリーン,,P380-60,グリーン,O O O O O O O O O B-MODEL I-MODEL I-MODEL I-MODEL I-MODEL I-MODEL O B-COLOR I-COLOR I-COLOR I-COLOR,|P380-60|グリーン
T01431,イヤホンブラックアカネ電機Q289-27,アカネ電機,Q289-27,ブラック,O O O O B-COLOR I-COLOR I-COLOR I-COLOR B-BRAND I-BRAND I-BRAND I-BRAND I-BRAND B-MODEL I-MODEL I-MODEL I-MODEL I-MODEL I-MODEL I-MODEL,アカネ電機|Q289-27|ブラック
T01432,【送料無料】TSUBAKIP255-57シルバーデイパック,TSUBAKI,P255-57,シルバー,O O O O O O B-BRAND I-BRAND I-BRAND I-BRAND I-BRAND I-BRAND I-BRAND B-MODEL I-MODEL I-MODEL I-MODEL I-MODEL I-MODEL I-MODEL B-COLOR I-COLOR I-COLOR I-COLOR O O O O O,TSUBAKI|P255-57|シルバー
T01433,ソライログリーンO15259腕時計,ソライロ,O152-59,グリーン,B-BRAND I-BRAND I-BRAND I-BRAND B-COLOR I-COLOR I-COLOR I-COLOR B-MODEL I-MODEL I-MODEL I-MODEL I-MODEL I-MODEL O O O,ソライロ|O152-59|グリーン
T01434,ブラック C343-16 TSUBAKI 掃除機,TSUBAKI,C343-16,ブラック,B-COLOR I-COLOR I-COLOR I-COLOR O B-MODEL I-MODEL I-MODEL I-MODEL I-MODEL I-MODEL I-MODEL O B-BRAND I-BRAND I-BRAND I-BRAND I-BRAND I-BRAND I-BRAND O O O O,TSUBAKI|C343-16|ブラック
T01435,E63841 シラユキ ブラック 腕時計,シラユキ,E638-41,ブラック,B-MODEL I-MODEL I-MODEL I-MODEL I-MODEL I-MODEL O B-BRAND I-BRAND I-BRAND I-BRAND O B-COLOR I-COLOR I-COLOR I-COLOR O O O O,シラユキ|E638-41|ブラック
T01436,ノートパソコン ブラック I893-77 ミドリワークス,ミドリワークス,I893-77,ブラック,O O O O O O O O B-COLOR I-COLOR I-COLOR I-COLOR O B-MODEL I-MODEL I-MODEL I-MODEL I-MODEL I-MODEL I-MODEL O B-BRAND I-BRAND I-BRAND I-BRAND I-BRAND I-BRAND I-BRAND,ミドリワークス|I893-77|ブラック
T01437,レッド G242-74 洗濯機 KURO,KURO,G242-74,レッド,B-COLOR I-COLOR I-COLOR O B-MODEL I-MODEL I-MODEL I-MODEL I-MODEL I-MODEL I-MODEL O O O O O B-BRAND I-BRAND I-BRAND I-BRAND,KURO|G242-74|レッド
T01438,【即日発送】アカネ電機 シルバー A55171 掃除機,アカネ電機,A551-71,シルバー,O O O O O O B-BRAND I-BRAND I-BRAND I-BRAND I-BRAND O B-COLOR I-COLOR I-COLOR I-COLOR O B-MODEL I-MODEL I-MODEL I-MODEL I-MODEL I-MODEL O O O O,アカネ電機|A551-71|シルバー
T01439,掃除機ホワイトD64168,,D641-68,ホワイト,O O O B-COLOR I-COLOR I-COLOR I-COLOR B-MODEL I-MODEL I-MODEL I-MODEL I-MODEL I-MODEL,|D641-68|ホワイト
T01440,ミドリワークス D92584 ホワイト ノートパソコン,ミドリワークス,D925-84,ホワイト,B-BRAND I-BRAND I-BRAND I-BRAND I-BRAND I-BRAND I-BRAND O O O O O O O O B-COLOR I-COLOR I-COLOR I-COLOR O O O O O O O O,ミドリワークス|D925-84|ホワイト
T01441,ブラック 冷蔵庫 N476-16 ノースピーク,ノースピーク,N476-16,ブラック,B-COLOR I-COLOR I-COLOR I-COLOR O O O O O B-MODEL I-MODEL I-MODEL I-MODEL I-MODEL I-MODEL I-MODEL O B-BRAND I-BRAND I-BRAND I-BRAND I-BRAND I-BRAND,ノースピーク|N476-16|ブラック
T01442,X503-71グリーン冷蔵庫,,X503-71,グリーン,B-MODEL I-MODEL I-MODEL I-MODEL I-MODEL I-MODEL I-MODEL B-COLOR I-COLOR I-COLOR I-COLOR O O O,|X503-71|グリーン
T01443,ソライロ イヤホン グリーン U802-74,ソライロ,U802-74,グリーン,B-BRAND I-BRAND I-BRAND I-BRAND O O O O O O B-COLOR I-COLOR I-COLOR I-COLOR O B-MODEL I-MODEL I-MODEL I-MODEL I-MODEL I-MODEL I-MODEL,ソライロ|U802-74|グリーン
T01444,ゲンブホワイトノートパソコンM428-52,ゲンブ,M428-52,ホワイト,B-BRAND I-BRAND I-BRAND B-COLOR I-COLOR I-COLOR I-COLOR O O O O O O O B-MODEL I-MODEL I-MODEL I-MODEL I-MODEL I-MODEL I-MODEL,ゲンブ|M428-52|ホワイト
T01445,《アウトレット》T84568 掃除機 ブラック,,T845-68,ブラック,O O O O O O O O B-MODEL I-MODEL I-MODEL I-MODEL I-MODEL I-MODEL O O O O O B-COLOR I-COLOR I-COLOR I-COLOR,|T845-68|ブラック
T01446,冷蔵庫 P816-78 ブラック,,P816-78,ブラック,O O O O B-MODEL I-MODEL I-MODEL I-MODEL I-MODEL I-MODEL I-MODEL O B-COLOR I-COLOR I-COLOR I-COLOR,|P816-78|ブラック
T01447,ゲンブレッド洗濯機L324-60,ゲンブ,L324-60,レッド,B-BRAND I-BRAND I-BRAND B-COLOR I-COLOR I-COLOR O O O B-MODEL I-MODEL I-MODEL I-MODEL I-MODEL I-MODEL I-MODEL,ゲンブ|L324-60|レッド
T01448,【送料無料】TSUBAKIグリーン洗濯機D188-28,TSUBAKI,D188-28,グリーン,O O O O O O B-BRAND I-BRAND I-BRAND I-BRAND I-BRAND I-BRAND I-BRAND B-COLOR I-COLOR I-COLOR I-COLOR O O O B-MODEL I-MODEL I-MODEL I-MODEL I-MODEL I-MODEL I-MODEL,TSUBAKI|D188-28|グリーン
T01449,《アウトレット》スニーカーS713-96ネイビー,,S713-96,ネイビー,O O O O O O O O O O O O O B-MODEL I-MODEL I-MODEL I-MODEL I-MODEL I-MODEL I-MODEL B-COLOR I-COLOR I-COLOR I-COLOR,|S713-96|ネイビー
T01450,Ｈ３２４３９ 冷蔵庫 シルバー ゲンブ,ゲンブ,H324-39,シルバー,B-MODEL I-MODEL I-MODEL I-MODEL I-MODEL I-MODEL O O O O O B-COLOR I-COLOR I-COLOR I-COLOR O B-BRAND I-BRAND I-BRAND,ゲンブ|H324-39|シルバー
T01451,《アウトレット》レッド D505-97 ゲンブ 洗濯機,ゲンブ,D505-97,レッド,O O O O O O O O B-COLOR I-COLOR I-COLOR O B-MODEL I-MODEL I-MODEL I-MODEL I-MODEL I-MODEL I-MODEL O B-BRAND I-BRAND I-BRAND O O O O,ゲンブ|D505-97|レッド
T01452,シルバー ゲンブ 洗濯機 M129-76,ゲンブ,M129-76,シルバー,B-COLOR I-COLOR I-COLOR I-COLOR O B-BRAND I-BRAND I-BRAND O O O O O B-MODEL I-MODEL I-MODEL I-MODEL I-MODEL I-MODEL I-MODEL,ゲンブ|M129-76|シルバー
T01453,レッド KURO イヤホン O14494,KURO,O144-94,レッド,B-COLOR I-COLOR I-COLOR O B-BRAND I-BRAND I-BRAND I-BRAND O O O O O O B-MODEL I-MODEL I-MODEL I-MODEL I-MODEL I-MODEL,KURO|O144-94|レッド
T01454,★新品未使用★Q13723 レッド イヤホン,,Q137-23,レッド,O O O O O O O B-MODEL I-MODEL I-MODEL I-MODEL I-MODEL I-MODEL O B-COLOR I-COLOR I-COLOR O O O O O,|Q137-23|レッド
T01455,H992-78グリーンハヤブサスニーカー,ハヤブサ,H992-78,グリーン,B-MODEL I-MODEL I-MODEL I-MODEL I-MODEL I-MODEL I-MODEL B-COLOR I-COLOR I-COLOR I-COLOR B-BRAND I-BRAND I-BRAND I-BRAND O O O O O,ハヤブサ|H992-78|グリーン
T01456,【即日発送】シラユキT495-76グリーン冷蔵庫,シラユキ,T495-76,グリーン,O O O O O O B-BRAND I-BRAND I-BRAND I-BRAND B-MODEL I-MODEL I-MODEL I-MODEL I-MODEL I-MODEL I-MODEL B-COLOR I-COLOR I-COLOR I-COLOR O O O,シラユキ|T495-76|グリーン
T01457,ノースピークグーンN81264デイパック,ノースピーク,N812-64,グリーン,B-BRAND I-BRAND I-BRAND I-BRAND I-BRAND I-BRAND O O O B-MODEL I-MODEL I-MODEL I-MODEL I-MODEL I-MODEL O O O O O,ノースピーク|N812-64|グリーン
T01458,《アウトレット》イヤホン A136-77 ネイビー シラユキ,シラユキ,A136-77,ネイビー,O O O O O O O O O O O O O B-MODEL I-MODEL I-MODEL I-MODEL I-MODEL I-MODEL I-MODEL O B-COLOR I-COLOR I-COLOR I-COLOR O B-BRAND I-BRAND I-BRAND I-BRAND,シラユキ|A136-77|ネイビー
T01459,【送料無料】ゲンブ 掃除機 Ｌ４５９１８ グリーン,ゲンブ,L459-18,グリーン,O O O O O O B-BRAND I-BRAND I-BRAND O O O O O B-MODEL I-MODEL I-MODEL I-MODEL I-MODEL I-MODEL O B-COLOR I-COLOR I-COLOR I-COLOR,ゲンブ|L459-18|グリーン
T01460,★新品未使用★レッド ノートパソコン F868-31 アカネ電機,アカネ電機,F868-31,レッド,O O O O O O O B-COLOR I-COLOR I-COLOR O O O O O O O O O B-MODEL I-MODEL I-MODEL I-MODEL I-MODEL I-MODEL I-MODEL O B-BRAND I-BRAND I-BRAND I-BRAND I-BRAND,アカネ電機|F868-31|レッド
T01461,ホワイトＢ９１３２９掃除機ノースピーク,ノースピーク,B913-29,ホワイト,B-COLOR I-COLOR I-COLOR I-COLOR B-MODEL I-MODEL I-MODEL I-MODEL I-MODEL I-MODEL O O O B-BRAND I-BRAND I-BRAND I-BRAND I-BRAND I-BRAND,ノースピーク|B913-29|ホワイト
T01462,イヤホン ホワイト ソライロ I9464,ソライロ,I948-64,ホワイト,O O O O O B-COLOR I-COLOR I-COLOR I-COLOR O B-BRAND I-BRAND I-BRAND I-BRAND O O O O O O,ソライロ|I948-64|ホワイト
T01463,★新品未使用★レッド ノースピーク D48476 デイパック,ノースピーク,D484-76,レッド,O O O O O O O B-COLOR I-COLOR I-COLOR O B-BRAND I-BRAND I-BRAND I-BRAND I-BRAND I-BRAND O B-MODEL I-MODEL I-MODEL I-MODEL I-MODEL I-MODEL O O O O O O,ノースピーク|D484-76|レッド
T01464,洗濯機 Ｇ８２２－６１ ブラック,,G822-61,ブラック,O O O O B-MODEL I-MODEL I-MODEL I-MODEL I-MODEL I-MODEL I-MODEL O B-COLOR I-COLOR I-COLOR I-COLOR,|G822-61|ブラック
T01465,◆正規品◆洗濯機 ブラック TSUBAKI Ｓ４１７－３８,TSUBAKI,S417-38,ブラック,O O O O O O O O O B-COLOR I-COLOR I-COLOR I-COLOR O B-BRAND I-BRAND I-BRAND I-BRAND I-BRAND I-BRAND I-BRAND O B-MODEL I-MODEL I-MODEL I-MODEL I-MODEL I-MODEL I-MODEL,TSUBAKI|S417-38|ブラック
T01466,A465-66 ハヤブサ ネイビー 掃除機,ハヤブサ,A465-66,ネイビー,B-MODEL I-MODEL I-MODEL I-MODEL I-MODEL I-MODEL I-MODEL O B-BRAND I-BRAND I-BRAND I-BRAND O B-COLOR I-COLOR I-COLOR I-COLOR O O O O,ハヤブサ|A465-66|ネイビー
T01467,ハヤブサ ホワイト デイパック T759-92,ハヤブサ,T759-92,ホワイト,B-BRAND I-BRAND I-BRAND I-BRAND O B-COLOR I-COLOR I-COLOR I-COLOR O O O O O O O B-MODEL I-MODEL I-MODEL I-MODEL I-MODEL I-MODEL I-MODEL,ハヤブサ|T759-92|ホワイト
T01468,ノートパソコン TSUBAKI V88532レッド,TSUBAKI,V885-32,レッド,O O O O O O O O B-BRAND I-BRAND I-BRAND I-BRAND I-BRAND I-BRAND I-BRAND O B-MODEL I-MODEL I-MODEL I-MODEL I-MODEL I-MODEL B-COLOR I-COLOR I-COLOR,TSUBAKI|V885-32|レッド
T01469,ブラックアカネ電機洗濯機I64458,アカネ電機,I644-58,ブラック,B-COLOR I-COLOR I-COLOR I-COLOR B-BRAND I-BRAND I-BRAND I-BRAND I-BRAND O O O B-MODEL I-MODEL I-MODEL I-MODEL I-MODEL I-MODEL,アカネ電機|I644-58|ブラック
T01470,KUROＶ５６３３０ノートパソコンレッド,KURO,V563-30,レッド,B-BRAND I-BRAND I-BRAND I-BRAND B-MODEL I-MODEL I-MODEL I-MODEL I-MODEL I-MODEL O O O O O O O B-COLOR I-COLOR I-COLOR,KURO|V563-30|レッド
T01471,洗濯機 シルバー ゲンブ Ｚ６９７－５４,ゲンブ,Z697-54,シルバー,O O O O B-COLOR I-COLOR I-COLOR I-COLOR O B-BRAND I-BRAND I-BRAND O B-MODEL I-MODEL I-MODEL I-MODEL I-MODEL I-MODEL I-MODEL,ゲンブ|Z697-54|シルバー
T01472,【即日発送】アカネ電機 デイパック グリーン I840-31,アカネ電機,I840-31,グリーン,O O O O O O B-BRAND I-BRAND I-BRAND I-BRAND I-BRAND O O O O O O O B-COLOR I-COLOR I-COLOR I-COLOR O B-MODEL I-MODEL I-MODEL I-MODEL I-MODEL I-MODEL I-MODEL,アカネ電機|I840-31|グリーン
T01473,シバーL548-52冷蔵庫シラユキ,シラユキ,L548-52,シルバー,O O O B-MODEL I-MODEL I-MODEL I-MODEL I-MODEL I-MODEL I-MODEL O O O B-BRAND I-BRAND I-BRAND I-BRAND,シラユキ|L548-52|シルバー
T01474,イヤホン オオゾラ M725-53 シルバー,オオゾラ,M725-53,シルバー,O O O O O B-BRAND I-BRAND I-BRAND I-BRAND O B-MODEL I-MODEL I-MODEL I-MODEL I-MODEL I-MODEL I-MODEL O B-COLOR I-COLOR I-COLOR I-COLOR,オオゾラ|M725-53|シルバー
T01475,◆正規品◆イヤホン グリーン ノースピーク D14163,ノースピーク,D141-63,グリーン,O O O O O O O O O O B-COLOR I-COLOR I-COLOR I-COLOR O B-BRAND I-BRAND I-BRAND I-BRAND I-BRAND I-BRAND O B-MODEL I-MODEL I-MODEL I-MODEL I-MODEL I-MODEL,ノースピーク|D141-63|グリーン
T01476,レッド Z222-26 デイパック ミドリワークス,ミドリワークス,Z222-26,レッド,B-COLOR I-COLOR I-COLOR O B-MODEL I-MODEL I-MODEL I-MODEL I-MODEL I-MODEL I-MODEL O O O O O O O B-BRAND I-BRAND I-BRAND I-BRAND I-BRAND I-BRAND I-BRAND,ミドリワークス|Z222-26|レッド
T01477,ブラック デイパック シラユキ M162-82,シラユキ,M162-82,ブラック,B-COLOR I-COLOR I-COLOR I-COLOR O O O O O O O B-BRAND I-BRAND I-BRAND I-BRAND O B-MODEL I-MODEL I-MODEL I-MODEL I-MODEL I-MODEL I-MODEL,シラユキ|M162-82|ブラック
T01478,Ｘ３１４－５９ シルバー 冷蔵庫 ハヤブサ,ハヤブサ,X314-59,シルバー,B-MODEL I-MODEL I-MODEL I-MODEL I-MODEL I-MODEL I-MODEL O B-COLOR I-COLOR I-COLOR I-COLOR O O O O O B-BRAND I-BRAND I-BRAND I-BRAND,ハヤブサ|X314-59|シルバー
T01479,ミドリワークス O79085 冷蔵庫 シルバー,ミドリワークス,O790-85,シルバー,B-BRAND I-BRAND I-BRAND I-BRAND I-BRAND I-BRAND I-BRAND O B-MODEL I-MODEL I-MODEL I-MODEL I-MODEL I-MODEL O O O O O B-COLOR I-COLOR I-COLOR I-COLOR,ミドリワークス|O790-85|シルバー
T01480,オオゾラデイパックホワイトB208-54,オオゾラ,B208-54,ホワイト,B-BRAND I-BRAND I-BRAND I-BRAND O O O O O B-COLOR I-COLOR I-COLOR I-COLOR B-MODEL I-MODEL I-MODEL I-MODEL I-MODEL I-MODEL I-MODEL,オオゾラ|B208-54|ホワイト
T01481,《アウトレット》K545-31 スニーカー ソライロ レッド,ソライロ,K545-31,レッド,O O O O O O O O B-MODEL I-MODEL I-MODEL I-MODEL I-MODEL I-MODEL I-MODEL O O O O O O O B-BRAND I-BRAND I-BRAND I-BRAND O B-COLOR I-COLOR I-COLOR,ソライロ|K545-31|レッド
T01482,KURO掃除機E830-68グリーン,KURO,E830-68,グリーン,B-BRAND I-BRAND I-BRAND I-BRAND O O O B-MODEL I-MODEL I-MODEL I-MODEL I-MODEL I-MODEL I-MODEL B-COLOR I-COLOR I-COLOR I-COLOR,KURO|E830-68|グリーン
T01483,オオゾラ シルバー S533-35 掃除機,オオゾラ,S533-35,シルバー,B-BRAND I-BRAND I-BRAND I-BRAND O B-COLOR I-COLOR I-COLOR I-COLOR O B-MODEL I-MODEL I-MODEL I-MODEL I-MODEL I-MODEL I-MODEL O O O O,オオゾラ|S533-35|シルバー
T01484,ノースピークネイビーP170-59洗濯機,ノースピーク,P170-59,ネイビー,B-BRAND I-BRAND I-BRAND I-BRAND I-BRAND I-BRAND B-COLOR I-COLOR I-COLOR I-COLOR B-MODEL I-MODEL I-MODEL I-MODEL I-MODEL I-MODEL I-MODEL O O O,ノースピーク|P170-59|ネイビー
T01485,ノートパソコンミドリワークスネイビーB47954,ミドリワークス,B479-54,ネイビー,O O O O O O O B-BRAND I-BRAND I-BRAND I-BRAND I-BRAND I-BRAND I-BRAND B-COLOR I-COLOR I-COLOR I-COLOR B-MODEL I-MODEL I-MODEL I-MODEL I-MODEL I-MODEL,ミドリワークス|B479-54|ネイビー
T01486,R347-26 ブラック 冷蔵庫,,R347-26,ブラック,B-MODEL I-MODEL I-MODEL I-MODEL I-MODEL I-MODEL I-MODEL O B-COLOR I-COLOR I-COLOR I-COLOR O O O O,|R347-26|ブラック
T01487,シルバー L81155 スニーカー ソライロ,ソライロ,L811-55,シルバー,B-COLOR I-COLOR I-COLOR I-COLOR O B-MODEL I-MODEL I-MODEL I-MODEL I-MODEL I-MODEL O O O O O O O B-BRAND I-BRAND I-BRAND I-BRAND,ソライロ|L811-55|シルバー
T01488,★新品未使用★スニーカーシルバーK45081TSUBAKI,TSUBAKI,K450-81,シルバー,O O O O O O O O O O O O B-COLOR I-COLOR I-COLOR I-COLOR B-MODEL I-MODEL I-MODEL I-MODEL I-MODEL I-MODEL B-BRAND I-BRAND I-BRAND I-BRAND I-BRAND I-BRAND I-BRAND,TSUBAKI|K450-81|シルバー
T01489,★新品未使用★洗濯機 グリーン X751-28 シラユキ,シラユキ,X751-28,グリーン,O O O O O O O O O O O B-COLOR I-COLOR I-COLOR I-COLOR O B-MODEL I-MODEL I-MODEL I-MODEL I-MODEL I-MODEL I-MODEL O B-BRAND I-BRAND I-BRAND I-BRAND,シラユキ|X751-28|グリーン
T01490,M766-53シラユキ冷蔵庫グリーン,シラユキ,M766-53,グリーン,B-MODEL I-MODEL I-MODEL I-MODEL I-MODEL I-MODEL I-MODEL B-BRAND I-BRAND I-BRAND I-BRAND O O O B-COLOR I-COLOR I-COLOR I-COLOR,シラユキ|M766-53|グリーン
T01491,【即日発送】X990-62 腕時計 ノースピーク レッド,ノースピーク,X990-62,レッド,O O O O O O B-MODEL I-MODEL I-MODEL I-MODEL I-MODEL I-MODEL I-MODEL O O O O O B-BRAND I-BRAND I-BRAND I-BRAND I-BRAND I-BRAND O B-COLOR I-COLOR I-COLOR,ノースピーク|X990-62|レッド
T01492,ミドリワークスノートパソコンシルバーI14734,ミドリワークス,I147-34,シルバー,B-BRAND I-BRAND I-BRAND I-BRAND I-BRAND I-BRAND I-BRAND O O O O O O O B-COLOR I-COLOR I-COLOR I-COLOR B-MODEL I-MODEL I-MODEL I-MODEL I-MODEL I-MODEL,ミドリワークス|I147-34|シルバー
T01493,★新品未使用★J895-71腕時計レッドTSUBAKI,TSUBAKI,J895-71,レッド,O O O O O O O B-MODEL I-MODEL I-MODEL I-MODEL I-MODEL I-MODEL I-MODEL O O O B-COLOR I-COLOR I-COLOR B-BRAND I-BRAND I-BRAND I-BRAND I-BRAND I-BRAND I-BRAND,TSUBAKI|J895-71|レッド
T01494,【即日発送】G980-31 腕時計 ホワイト ハヤブサ,ハヤブサ,G980-31,ホワイト,O O O O O O B-MODEL I-MODEL I-MODEL I-MODEL I-MODEL I-MODEL I-MODEL O O O O O B-COLOR I-COLOR I-COLOR I-COLOR O B-BRAND I-BRAND I-BRAND I-BRAND,ハヤブサ|G980-31|ホワイト
T01495,冷蔵庫 I199-75 グリーン アカネ電機,アカネ電機,I199-75,グリーン,O O O O B-MODEL I-MODEL I-MODEL I-MODEL I-MODEL I-MODEL I-MODEL O B-COLOR I-COLOR I-COLOR I-COLOR O B-BRAND I-BRAND I-BRAND I-BRAND I-BRAND,アカネ電機|I199-75|グリーン
T01496,TSUBAKI Q51838 ブラック スニーカー,TSUBAKI,Q518-38,ブラック,B-BRAND I-BRAND I-BRAND I-BRAND I-BRAND I-BRAND I-BRAND O B-MODEL I-MODEL I-MODEL I-MODEL I-MODEL I-MODEL O B-COLOR I-COLOR I-COLOR I-COLOR O O O O O O,TSUBAKI|Q518-38|ブラック
T01497,A49178KUROグリーン腕時計,KURO,A491-78,グリーン,B-MODEL I-MODEL I-MODEL I-MODEL I-MODEL I-MODEL B-BRAND I-BRAND I-BRAND I-BRAND B-COLOR I-COLOR I-COLOR I-COLOR O O O,KURO|A491-78|グリーン
T01498,【送料無料】ノースピーク C657-94 イヤホン シルバー,ノースピーク,C657-94,シルバー,O O O O O O B-BRAND I-BRAND I-BRAND I-BRAND I-BRAND I-BRAND O B-MODEL I-MODEL I-MODEL I-MODEL I-MODEL I-MODEL I-MODEL O O O O O O B-COLOR I-COLOR I-COLOR I-COLOR,ノースピーク|C657-94|シルバー
T01499,Ａ９８２８０ 掃除機 ネイビー,,A982-80,ネイビー,B-MODEL I-MODEL I-MODEL I-MODEL I-MODEL I-MODEL O O O O O B-COLOR I-COLOR I-COLOR I-COLOR,|A982-80|ネイビー
T01500,シラユキレッド掃除機Ｐ３３１１９,シラユキ,P331-19,レッド,B-BRAND I-BRAND I-BRAND I-BRAND B-COLOR I-COLOR I-COLOR O O O B-MODEL I-MODEL I-MODEL I-MODEL I-MODEL I-MODEL,シラユキ|P331-19|レッド
T01501,洗濯機ミドリワークスＭ４１８－８７グリーン,ミドリワークス,M418-87,グリーン,O O O B-BRAND I-BRAND I-BRAND I-BRAND I-BRAND I-BRAND I-BRAND B-MODEL I-MODEL I-MODEL I-MODEL I-MODEL I-MODEL I-MODEL B-COLOR I-COLOR I-COLOR I-COLOR,ミドリワークス|M418-87|グリーン
T01502,ノートパソコン V32119 ネイビー,,V321-19,ネイビー,O O O O O O O O B-MODEL I-MODEL I-MODEL I-MODEL I-MODEL I-MODEL O B-COLOR I-COLOR I-COLOR I-COLOR,|V321-19|ネイビー
T01503,アカネ電機 ノートパソコン レッド I911-73,アカネ電機,I911-73,レッド,B-BRAND I-BRAND I-BRAND I-BRAND I-BRAND O O O O O O O O O B-COLOR I-COLOR I-COLOR O B-MODEL I-MODEL I-MODEL I-MODEL I-MODEL I-MODEL I-MODEL,アカネ電機|I911-73|レッド
T01504,ゲンブ スニーカー J104-95 ホワイト,ゲンブ,J104-95,ホワイト,B-BRAND I-BRAND I-BRAND O O O O O O O B-MODEL I-MODEL I-MODEL I-MODEL I-MODEL I-MODEL I-MODEL O B-COLOR I-COLOR I-COLOR I-COLOR,ゲンブ|J104-95|ホワイト
T01505,《アウトレット》ミドリワークス 掃除機 Ａ２８９４５ グリーン,ミドリワークス,A289-45,グリーン,O O O O O O O O B-BRAND I-BRAND I-BRAND I-BRAND I-BRAND I-BRAND I-BRAND O O O O O B-MODEL I-MODEL I-MODEL I-MODEL I-MODEL I-MODEL O B-COLOR I-COLOR I-COLOR I-COLOR,ミドリワークス|A289-45|グリーン
T01506,【即日発送】TSUBAKI レッド 掃除機 M64-346,TSUBAKI,M643-46,レッド,O O O O O O B-BRAND I-BRAND I-BRAND I-BRAND I-BRAND I-BRAND I-BRAND O B-COLOR I-COLOR I-COLOR O O O O O O O O O O O O,TSUBAKI|M643-46|レッド
T01507,R304-81デイパックソライロシルバー,ソライロ,R304-81,シルバー,B-MODEL I-MODEL I-MODEL I-MODEL I-MODEL I-MODEL I-MODEL O O O O O B-BRAND I-BRAND I-BRAND I-BRAND B-COLOR I-COLOR I-COLOR I-COLOR,ソライロ|R304-81|シルバー
T01508,ネイビー TSUBAKI T49524 洗濯機,TSUBAKI,T495-24,ネイビー,B-COLOR I-COLOR I-COLOR I-COLOR O B-BRAND I-BRAND I-BRAND I-BRAND I-BRAND I-BRAND I-BRAND O B-MODEL I-MODEL I-MODEL I-MODEL I-MODEL I-MODEL O O O O,TSUBAKI|T495-24|ネイビー
T01509,ブラック Ｉ５３７－７０ イヤホン,,I537-70,ブラック,B-COLOR I-COLOR I-COLOR I-COLOR O B-MODEL I-MODEL I-MODEL I-MODEL I-MODEL I-MODEL I-MODEL O O O O O,|I537-70|ブラック
T01510,冷蔵庫 イネビー アカネ電機 E32851,アカネ電機,E328-51,ネイビー,O O O O O O O O O B-BRAND I-BRAND I-BRAND I-BRAND I-BRAND O B-MODEL I-MODEL I-MODEL I-MODEL I-MODEL I-MODEL,アカネ電機|E328-51|ネイビー
T01511,W656-12 スニーカー レッド,,W656-12,レッド,B-MODEL I-MODEL I-MODEL I-MODEL I-MODEL I-MODEL I-MODEL O O O O O O O B-COLOR I-COLOR I-COLOR,|W656-12|レッド
T01512,E612-22 レッド 洗濯機,,E612-22,レッド,B-MODEL I-MODEL I-MODEL I-MODEL I-MODEL I-MODEL I-MODEL O B-COLOR I-COLOR I-COLOR O O O O,|E612-22|レッド
T01513,アカネ電機 ブラック 冷蔵庫 3I38-63,アカネ電機,I338-63,ブラック,B-BRAND I-BRAND I-BRAND I-BRAND I-BRAND O B-COLOR I-COLOR I-COLOR I-COLOR O O O O O O O O O O O O,アカネ電機|I338-63|ブラック
T01514,デイパック ノースピーク ホワイトＭ ３２５－８１,ノースピーク,M325-81,ホワイト,O O O O O O B-BRAND I-BRAND I-BRAND I-BRAND I-BRAND I-BRAND O B-COLOR I-COLOR I-COLOR I-COLOR O O O O O O O O,ノースピーク|M325-81|ホワイト
T01515,◆正規品◆Ｖ３４３－６１ デイパック シラユキ グリーン,シラユキ,V343-61,グリーン,O O O O O B-MODEL I-MODEL I-MODEL I-MODEL I-MODEL I-MODEL I-MODEL O O O O O O O B-BRAND I-BRAND I-BRAND I-BRAND O B-COLOR I-COLOR I-COLOR I-COLOR,シラユキ|V343-61|グリーン
T01516,ノースピーク G321-30 ネイビー ノートパソコン,ノースピーク,G321-30,ネイビー,B-BRAND I-BRAND I-BRAND I-BRAND I-BRAND I-BRAND O B-MODEL I-MODEL I-MODEL I-MODEL I-MODEL I-MODEL I-MODEL O B-COLOR I-COLOR I-COLOR I-COLOR O O O O O O O O,ノースピーク|G321-30|ネイビー
T01517,ハブヤサT331-33冷蔵庫グリーン,ハヤブサ,T331-33,グリーン,O O O O B-MODEL I-MODEL I-MODEL I-MODEL I-MODEL I-MODEL I-MODEL O O O B-COLOR I-COLOR I-COLOR I-COLOR,ハヤブサ|T331-33|グリーン
T01518,★新品未使用★グリーンイヤホンD65986シラユキ,シラユキ,D658-96,グリーン,O O O O O O O B-COLOR I-COLOR I-COLOR I-COLOR O O O O O O O O O O B-BRAND I-BRAND I-BRAND I-BRAND,シラユキ|D658-96|グリーン
T01519,K781-60 デイパック オオゾラ ホワイト,オオゾラ,K781-60,ホワイト,B-MODEL I-MODEL I-MODEL I-MODEL I-MODEL I-MODEL I-MODEL O O O O O O O B-BRAND I-BRAND I-BRAND I-BRAND O B-COLOR I-COLOR I-COLOR I-COLOR,オオゾラ|K781-60|ホワイト
T01520,【即日発送】ネイビー蔵庫Ｓ２５２４７ゲンブ,ゲンブ,S252-47,ネイビー,O O O O O O B-COLOR I-COLOR I-COLOR I-COLOR O O B-MODEL I-MODEL I-MODEL I-MODEL I-MODEL I-MODEL B-BRAND I-BRAND I-BRAND,ゲンブ|S252-47|ネイビー
T01521,★新品未使用★腕時計 L693-29 レッド,,L693-29,レッド,O O O O O O O O O O O B-MODEL I-MODEL I-MODEL I-MODEL I-MODEL I-MODEL I-MODEL O B-COLOR I-COLOR I-COLOR,|L693-29|レッド
T01522,V278-27 掃除機 ミドリワークス ブラック,ミドリワークス,V278-27,ブラック,B-MODEL I-MODEL I-MODEL I-MODEL I-MODEL I-MODEL I-MODEL O O O O O B-BRAND I-BRAND I-BRAND I-BRAND I-BRAND I-BRAND I-BRAND O B-COLOR I-COLOR I-COLOR I-COLOR,ミドリワークス|V278-27|ブラック
T01523,【即日発送】ホワイト Ｎ５２９－２７ ミドリワークス 掃除機,ミドリワークス,N529-27,ホワイト,O O O O O O B-COLOR I-COLOR I-COLOR I-COLOR O B-MODEL I-MODEL I-MODEL I-MODEL I-MODEL I-MODEL I-MODEL O B-BRAND I-BRAND I-BRAND I-BRAND I-BRAND I-BRAND I-BRAND O O O O,ミドリワークス|N529-27|ホワイト
T01524,レッド デイパック O766-24,,O766-24,レッド,B-COLOR I-COLOR I-COLOR O O O O O O O B-MODEL I-MODEL I-MODEL I-MODEL I-MODEL I-MODEL I-MODEL,|O766-24|レッド
T01525,【送料無料】ネイビーノートパソコンシラユキZ701-98,シラユキ,Z701-98,ネイビー,O O O O O O B-COLOR I-COLOR I-COLOR I-COLOR O O O O O O O B-BRAND I-BRAND I-BRAND I-BRAND B-MODEL I-MODEL I-MODEL I-MODEL I-MODEL I-MODEL I-MODEL,シラユキ|Z701-98|ネイビー
T01526,イヤホン ブラック I984-51 オオゾラ,オオゾラ,I984-51,ブラック,O O O O O B-COLOR I-COLOR I-COLOR I-COLOR O B-MODEL I-MODEL I-MODEL I-MODEL I-MODEL I-MODEL I-MODEL O B-BRAND I-BRAND I-BRAND I-BRAND,オオゾラ|I984-51|ブラック
T01527,【即日発送】Y538-26デイパックネイビー,,Y538-26,ネイビー,O O O O O O B-MODEL I-MODEL I-MODEL I-MODEL I-MODEL I-MODEL I-MODEL O O O O O B-COLOR I-COLOR I-COLOR I-COLOR,|Y538-26|ネイビー
T01528,【送料無料】グリーン ハヤブサ B50427 掃除機,ハヤブサ,B504-27,グリーン,O O O O O O B-COLOR I-COLOR I-COLOR I-COLOR O B-BRAND I-BRAND I-BRAND I-BRAND O B-MODEL I-MODEL I-MODEL I-MODEL I-MODEL I-MODEL O O O O,ハヤブサ|B504-27|グリーン
T01529,腕時計アカネ電機P164-29ホワイト,アカネ電機,P164-29,ホワイト,O O O B-BRAND I-BRAND I-BRAND I-BRAND I-BRAND B-MODEL I-MODEL I-MODEL I-MODEL I-MODEL I-MODEL I-MODEL B-COLOR I-COLOR I-COLOR I-COLOR,アカネ電機|P164-29|ホワイト
T01530,★新品未使用★K838-18 ノートパソコン ホワイト ハヤブサ,ハヤブサ,K838-18,ホワイト,O O O O O O O B-MODEL I-MODEL I-MODEL I-MODEL I-MODEL I-MODEL I-MODEL O O O O O O O O O B-COLOR I-COLOR I-COLOR I-COLOR O B-BRAND I-BRAND I-BRAND I-BRAND,ハヤブサ|K838-18|ホワイト
T01531,シラユキA41353腕時計ホワイト,シラユキ,A413-53,ホワイト,B-BRAND I-BRAND I-BRAND I-BRAND B-MODEL I-MODEL I-MODEL I-MODEL I-MODEL I-MODEL O O O B-COLOR I-COLOR I-COLOR I-COLOR,シラユキ|A413-53|ホワイト
T01532,デイパックM676-39ノースピークネイビー,ノースピーク,M676-39,ネイビー,O O O O O B-MODEL I-MODEL I-MODEL I-MODEL I-MODEL I-MODEL I-MODEL B-BRAND I-BRAND I-BRAND I-BRAND I-BRAND I-BRAND B-COLOR I-COLOR I-COLOR I-COLOR,ノースピーク|M676-39|ネイビー
T01533,TSUBAKI イヤホン グリーン Ｈ３７６－９３,TSUBAKI,H376-93,グリーン,B-BRAND I-BRAND I-BRAND I-BRAND I-BRAND I-BRAND I-BRAND O O O O O O B-COLOR I-COLOR I-COLOR I-COLOR O B-MODEL I-MODEL I-MODEL I-MODEL I-MODEL I-MODEL I-MODEL,TSUBAKI|H376-93|グリーン
T01534,ホワイト シラユキ スニーカー Y376-76,シラユキ,Y376-76,ホワイト,B-COLOR I-COLOR I-COLOR I-COLOR O B-BRAND I-BRAND I-BRAND I-BRAND O O O O O O O B-MODEL I-MODEL I-MODEL I-MODEL I-MODEL I-MODEL I-MODEL,シラユキ|Y376-76|ホワイト
T01535,◆正規品◆ブラック ノートパソコン C706-34 KURO,KURO,C706-34,ブラック,O O O O O B-COLOR I-COLOR I-COLOR I-COLOR O O O O O O O O O B-MODEL I-MODEL I-MODEL I-MODEL I-MODEL I-MODEL I-MODEL O B-BRAND I-BRAND I-BRAND I-BRAND,KURO|C706-34|ブラック
T01536,Ｌ２１４３２ 掃除機 ゲンブ レッド,ゲンブ,L214-32,レッド,B-MODEL I-MODEL I-MODEL I-MODEL I-MODEL I-MODEL O O O O O B-BRAND I-BRAND I-BRAND O B-COLOR I-COLOR I-COLOR,ゲンブ|L214-32|レッド
T01537,《アウトレット》冷蔵庫ノースピークＧ７１９－５４ブラック,ノースピーク,G719-54,ブラック,O O O O O O O O O O O B-BRAND I-BRAND I-BRAND I-BRAND I-BRAND I-BRAND B-MODEL I-MODEL I-MODEL I-MODEL I-MODEL I-MODEL I-MODEL B-COLOR I-COLOR I-COLOR I-COLOR,ノースピーク|G719-54|ブラック
T01538,オオゾラ デイパック グリーン Ｄ２０５８０,オオゾラ,D205-80,グリーン,B-BRAND I-BRAND I-BRAND I-BRAND O O O O O O O B-COLOR I-COLOR I-COLOR I-COLOR O B-MODEL I-MODEL I-MODEL I-MODEL I-MODEL I-MODEL,オオゾラ|D205-80|グリーン
T01539,シルバー A511-75 洗濯機,,A511-75,シルバー,B-COLOR I-COLOR I-COLOR I-COLOR O B-MODEL I-MODEL I-MODEL I-MODEL I-MODEL I-MODEL I-MODEL O O O O,|A511-75|シルバー
T01540,◆正規品◆Ｔ２１３２５ミドリワークス洗濯機シルバー,ミドリワークス,T213-25,シルバー,O O O O O B-MODEL I-MODEL I-MODEL I-MODEL I-MODEL I-MODEL B-BRAND I-BRAND I-BRAND I-BRAND I-BRAND I-BRAND I-BRAND O O O B-COLOR I-COLOR I-COLOR I-COLOR,ミドリワークス|T213-25|シルバー
T01541,Ｆ１５９－３０ ソライロ レッド ノートパソコン,ソライロ,F159-30,レッド,B-MODEL I-MODEL I-MODEL I-MODEL I-MODEL I-MODEL I-MODEL O B-BRAND I-BRAND I-BRAND I-BRAND O B-COLOR I-COLOR I-COLOR O O O O O O O O,ソライロ|F159-30|レッド
T01542,シルバースニーカーKUROW56632,KURO,W566-32,シルバー,B-COLOR I-COLOR I-COLOR I-COLOR O O O O O B-BRAND I-BRAND I-BRAND I-BRAND B-MODEL I-MODEL I-MODEL I-MODEL I-MODEL I-MODEL,KURO|W566-32|シルバー
T01543,D466-58シルバー洗濯機ノースピーク,ノースピーク,D466-58,シルバー,B-MODEL I-MODEL I-MODEL I-MODEL I-MODEL I-MODEL I-MODEL B-COLOR I-COLOR I-COLOR I-COLOR O O O B-BRAND I-BRAND I-BRAND I-BRAND I-BRAND I-BRAND,ノースピーク|D466-58|シルバー
T01544,ソライロ 洗濯機 ネイビー S308-88,ソライロ,S308-88,ネイビー,B-BRAND I-BRAND I-BRAND I-BRAND O O O O O B-COLOR I-COLOR I-COLOR I-COLOR O B-MODEL I-MODEL I-MODEL I-MODEL I-MODEL I-MODEL I-MODEL,ソライロ|S308-88|ネイビー
T01545,ノースピーク レッド スニーカー M995-73,ノースピーク,M995-73,レッド,B-BRAND I-BRAND I-BRAND I-BRAND I-BRAND I-BRAND O B-COLOR I-COLOR I-COLOR O O O O O O O B-MODEL I-MODEL I-MODEL I-MODEL I-MODEL I-MODEL I-MODEL,ノースピーク|M995-73|レッド
T01546,Ｇ６０９－８５ソライロ腕時計グリーン,ソライロ,G609-85,グリーン,B-MODEL I-MODEL I-MODEL I-MODEL I-MODEL I-MODEL I-MODEL B-BRAND I-BRAND I-BRAND I-BRAND O O O B-COLOR I-COLOR I-COLOR I-COLOR,ソライロ|G609-85|グリーン
T01547,冷蔵庫グリーンT729-80アカネ電機,アカネ電機,T729-80,グリーン,O O O B-COLOR I-COLOR I-COLOR I-COLOR B-MODEL I-MODEL I-MODEL I-MODEL I-MODEL I-MODEL I-MODEL B-BRAND I-BRAND I-BRAND I-BRAND I-BRAND,アカネ電機|T729-80|グリーン
T01548,D350-84 冷蔵庫 ネイビー TSUBAKI,TSUBAKI,D350-84,ネイビー,B-MODEL I-MODEL I-MODEL I-MODEL I-MODEL I-MODEL I-MODEL O O O O O B-COLOR I-COLOR I-COLOR I-COLOR O B-BRAND I-BRAND I-BRAND I-BRAND I-BRAND I-BRAND I-BRAND,TSUBAKI|D350-84|ネイビー
T01549,T98167 ミドリワークス デイパック ブラック,ミドリワークス,T981-67,ブラック,B-MODEL I-MODEL I-MODEL I-MODEL I-MODEL I-MODEL O B-BRAND I-BRAND I-BRAND I-BRAND I-BRAND I-BRAND I-BRAND O O O O O O O B-COLOR I-COLOR I-COLOR I-COLOR,ミドリワークス|T981-67|ブラック
T01550,腕時計 シラユキ ネイビー I414-97,シラユキ,I414-97,ネイビー,O O O O B-BRAND I-BRAND I-BRAND I-BRAND O B-COLOR I-COLOR I-COLOR I-COLOR O B-MODEL I-MODEL I-MODEL I-MODEL I-MODEL I-MODEL I-MODEL,シラユキ|I414-97|ネイビー
T01551,オオゾラ グリーン Z324-66 冷蔵庫,オオゾラ,Z324-66,グリーン,B-BRAND I-BRAND I-BRAND I-BRAND O B-COLOR I-COLOR I-COLOR I-COLOR O B-MODEL I-MODEL I-MODEL I-MODEL I-MODEL I-MODEL I-MODEL O O O O,オオゾラ|Z324-66|グリーン
T01552,K50332シルバーTSUBAKIイヤホン,TSUBAKI,K503-32,シルバー,B-MODEL I-MODEL I-MODEL I-MODEL I-MODEL I-MODEL B-COLOR I-COLOR I-COLOR I-COLOR B-BRAND I-BRAND I-BRAND I-BRAND I-BRAND I-BRAND I-BRAND O O O O,TSUBAKI|K503-32|シルバー
T01553,グリーン ノートパソコン K610-59,,K610-59,グリーン,B-COLOR I-COLOR I-COLOR I-COLOR O O O O O O O O O B-MODEL I-MODEL I-MODEL I-MODEL I-MODEL I-MODEL I-MODEL,|K610-59|グリーン
T01554,シルバーアカネ電機Ｐ１５６－７４イヤホン,アカネ電機,P156-74,シルバー,B-COLOR I-COLOR I-COLOR I-COLOR B-BRAND I-BRAND I-BRAND I-BRAND I-BRAND B-MODEL I-MODEL I-MODEL I-MODEL I-MODEL I-MODEL I-MODEL O O O O,アカネ電機|P156-74|シルバー
T01555,スニーカー シルバー O351-66,,O351-66,シルバー,O O O O O O B-COLOR I-COLOR I-COLOR I-COLOR O B-MODEL I-MODEL I-MODEL I-MODEL I-MODEL I-MODEL I-MODEL,|O351-66|シルバー
T01556,KURO冷蔵庫シルバーP35187,KURO,P351-87,シルバー,B-BRAND I-BRAND I-BRAND I-BRAND O O O B-COLOR I-COLOR I-COLOR I-COLOR B-MODEL I-MODEL I-MODEL I-MODEL I-MODEL I-MODEL,KURO|P351-87|シルバー
T01557,アカネ電機シルバー掃除機K553-64,アカネ電機,K553-64,シルバー,B-BRAND I-BRAND I-BRAND I-BRAND I-BRAND B-COLOR I-COLOR I-COLOR I-COLOR O O O B-MODEL I-MODEL I-MODEL I-MODEL I-MODEL I-MODEL I-MODEL,アカネ電機|K553-64|シルバー
T01558,E906-48腕時計オオゾラグリーン,オオゾラ,E906-48,グリーン,B-MODEL I-MODEL I-MODEL I-MODEL I-MODEL I-MODEL I-MODEL O O O B-BRAND I-BRAND I-BRAND I-BRAND B-COLOR I-COLOR I-COLOR I-COLOR,オオゾラ|E906-48|グリーン
T01559,スニーカー D554-22 ノースピーク ホワイト,ノースピーク,D554-22,ホワイト,O O O O O O B-MODEL I-MODEL I-MODEL I-MODEL I-MODEL I-MODEL I-MODEL O B-BRAND I-BRAND I-BRAND I-BRAND I-BRAND I-BRAND O B-COLOR I-COLOR I-COLOR I-COLOR,ノースピーク|D554-22|ホワイト
T01560,スニーカーシルバーゲンブK741-89,ゲンブ,K741-89,シルバー,O O O O O B-COLOR I-COLOR I-COLOR I-COLOR B-BRAND I-BRAND I-BRAND B-MODEL I-MODEL I-MODEL I-MODEL I-MODEL I-MODEL I-MODEL,ゲンブ|K741-89|シルバー
T01561,R515-80 ブラック 掃除機,,R515-80,ブラック,B-MODEL I-MODEL I-MODEL I-MODEL I-MODEL I-MODEL I-MODEL O B-COLOR I-COLOR I-COLOR I-COLOR O O O O,|R515-80|ブラック
T01562,ノースピークF158-35レッドスニーカー,ノースピーク,F158-35,レッド,B-BRAND I-BRAND I-BRAND I-BRAND I-BRAND I-BRAND B-MODEL I-MODEL I-MODEL I-MODEL I-MODEL I-MODEL I-MODEL B-COLOR I-COLOR I-COLOR O O O O O,ノースピーク|F158-35|レッド
T01563,デイパック アカネ電機 レッド M86568,アカネ電機,M865-68,レッド,O O O O O O B-BRAND I-BRAND I-BRAND I-BRAND I-BRAND O B-COLOR I-COLOR I-COLOR O B-MODEL I-MODEL I-MODEL I-MODEL I-MODEL I-MODEL,アカネ電機|M865-68|レッド
T01564,ハヤブサ デイパック シルバー ５Ｍ２６－８０,ハヤブサ,M526-80,シルバー,B-BRAND I-BRAND I-BRAND I-BRAND O O O O O O O B-COLOR I-COLOR I-COLOR I-COLOR O O O O O O O O,ハヤブサ|M526-80|シルバー
T01565,冷蔵庫 ソライロ U337-36 シルバー,ソライロ,U337-36,シルバー,O O O O B-BRAND I-BRAND I-BRAND I-BRAND O B-MODEL I-MODEL I-MODEL I-MODEL I-MODEL I-MODEL I-MODEL O B-COLOR I-COLOR I-COLOR I-COLOR,ソライロ|U337-36|シルバー
T01566,洗濯機ハヤブサS400-28グリーン,ハヤブサ,S400-28,グリーン,O O O B-BRAND I-BRAND I-BRAND I-BRAND B-MODEL I-MODEL I-MODEL I-MODEL I-MODEL I-MODEL I-MODEL B-COLOR I-COLOR I-COLOR I-COLOR,ハヤブサ|S400-28|グリーン
T01567,D639-45 オオゾラ 腕時計 ブラック,オオゾラ,D639-45,ブラック,B-MODEL I-MODEL I-MODEL I-MODEL I-MODEL I-MODEL I-MODEL O B-BRAND I-BRAND I-BRAND I-BRAND O O O O O B-COLOR I-COLOR I-COLOR I-COLOR,オオゾラ|D639-45|ブラック
T01568,ブラックT 489-26 腕時計,,T489-26,ブラック,B-COLOR I-COLOR I-COLOR I-COLOR O O O O O O O O O O O O,|T489-26|ブラック
T01569,ミドリワークス A16310 ブック 腕時計,ミドリワークス,A163-10,ブラック,B-BRAND I-BRAND I-BRAND I-BRAND I-BRAND I-BRAND I-BRAND O B-MODEL I-MODEL I-MODEL I-MODEL I-MODEL I-MODEL O O O O O O O O,ミドリワークス|A163-10|ブラック
T01570,Q773-18オオゾラレッドノートパソコン,オオゾラ,Q773-18,レッド,B-MODEL I-MODEL I-MODEL I-MODEL I-MODEL I-MODEL I-MODEL B-BRAND I-BRAND I-BRAND I-BRAND B-COLOR I-COLOR I-COLOR O O O O O O O,オオゾラ|Q773-18|レッド
T01571,V682-54 ハヤブサ ブラック スニーカー,ハヤブサ,V682-54,ブラック,B-MODEL I-MODEL I-MODEL I-MODEL I-MODEL I-MODEL I-MODEL O B-BRAND I-BRAND I-BRAND I-BRAND O B-COLOR I-COLOR I-COLOR I-COLOR O O O O O O,ハヤブサ|V682-54|ブラック
T01572,ソライロ 腕時計 A76261 シルバー,ソライロ,A762-61,シルバー,B-BRAND I-BRAND I-BRAND I-BRAND O O O O O B-MODEL I-MODEL I-MODEL I-MODEL I-MODEL I-MODEL O B-COLOR I-COLOR I-COLOR I-COLOR,ソライロ|A762-61|シルバー
T01573,TSUBAKI イヤホン T123-89 シルバー,TSUBAKI,T123-89,シルバー,B-BRAND I-BRAND I-BRAND I-BRAND I-BRAND I-BRAND I-BRAND O O O O O O B-MODEL I-MODEL I-MODEL I-MODEL I-MODEL I-MODEL I-MODEL O B-COLOR I-COLOR I-COLOR I-COLOR,TSUBAKI|T123-89|シルバー
T01574,R770-95 ホワイト スニーカー,,R770-95,ホワイト,B-MODEL I-MODEL I-MODEL I-MODEL I-MODEL I-MODEL I-MODEL O B-COLOR I-COLOR I-COLOR I-COLOR O O O O O O,|R770-95|ホワイト
T01575,★新品未使用★シラユキ E419-62 冷蔵庫 ネイビー,シラユキ,E419-62,ネイビー,O O O O O O O B-BRAND I-BRAND I-BRAND I-BRAND O B-MODEL I-MODEL I-MODEL I-MODEL I-MODEL I-MODEL I-MODEL O O O O O B-COLOR I-COLOR I-COLOR I-COLOR,シラユキ|E419-62|ネイビー
T01576,ホワイト E973-49 冷蔵庫,,E973-49,ホワイト,B-COLOR I-COLOR I-COLOR I-COLOR O B-MODEL I-MODEL I-MODEL I-MODEL I-MODEL I-MODEL I-MODEL O O O O,|E973-49|ホワイト
T01577,◆正規品◆レッド冷蔵庫L58476ソライロ,ソライロ,L584-76,レッド,O O O O O B-COLOR I-COLOR I-COLOR O O O B-MODEL I-MODEL I-MODEL I-MODEL I-MODEL I-MODEL B-BRAND I-BRAND I-BRAND I-BRAND,ソライロ|L584-76|レッド
T01578,掃除機 グリーン D198-54,,D198-54,グリーン,O O O O B-COLOR I-COLOR I-COLOR I-COLOR O B-MODEL I-MODEL I-MODEL I-MODEL I-MODEL I-MODEL I-MODEL,|D198-54|グリーン
T01579,アカネ電機 W662-16 掃除機 シルバー,アカネ電機,W662-16,シルバー,B-BRAND I-BRAND I-BRAND I-BRAND I-BRAND O B-MODEL I-MODEL I-MODEL I-MODEL I-MODEL I-MODEL I-MODEL O O O O O B-COLOR I-COLOR I-COLOR I-COLOR,アカネ電機|W662-16|シルバー
T01580,KURO レッド 冷蔵庫 O855-57,KURO,O855-57,レッド,B-BRAND I-BRAND I-BRAND I-BRAND O B-COLOR I-COLOR I-COLOR O O O O O B-MODEL I-MODEL I-MODEL I-MODEL I-MODEL I-MODEL I-MODEL,KURO|O855-57|レッド
T01581,◆正規品◆Ｄ５３６８５ ソライロ レッド ノートパソコン,ソライロ,D536-85,レッド,O O O O O B-MODEL I-MODEL I-MODEL I-MODEL I-MODEL I-MODEL O B-BRAND I-BRAND I-BRAND I-BRAND O B-COLOR I-COLOR I-COLOR O O O O O O O O,ソライロ|D536-85|レッド
T01582,ノースピークグリーンスニーカーS47678,ノースピーク,S476-78,グリーン,B-BRAND I-BRAND I-BRAND I-BRAND I-BRAND I-BRAND B-COLOR I-COLOR I-COLOR I-COLOR O O O O O B-MODEL I-MODEL I-MODEL I-MODEL I-MODEL I-MODEL,ノースピーク|S476-78|グリーン
T01583,B800-45冷庫ソライロホワイト,ソライロ,B800-45,ホワイト,B-MODEL I-MODEL I-MODEL I-MODEL I-MODEL I-MODEL I-MODEL O O B-BRAND I-BRAND I-BRAND I-BRAND B-COLOR I-COLOR I-COLOR I-COLOR,ソライロ|B800-45|ホワイト
T01584,シラユキ腕時計ネイビーI453-59,シラユキ,I453-59,ネイビー,B-BRAND I-BRAND I-BRAND I-BRAND O O O B-COLOR I-COLOR I-COLOR I-COLOR B-MODEL I-MODEL I-MODEL I-MODEL I-MODEL I-MODEL I-MODEL,シラユキ|I453-59|ネイビー
T01585,ノースピーク ホワイト Ｇ４１５－４９ 掃除機,ノースピーク,G415-49,ホワイト,B-BRAND I-BRAND I-BRAND I-BRAND I-BRAND I-BRAND O B-COLOR I-COLOR I-COLOR I-COLOR O B-MODEL I-MODEL I-MODEL I-MODEL I-MODEL I-MODEL I-MODEL O O O O,ノースピーク|G415-49|ホワイト
T01586,ネイビーノートパソコンノースピークC780-89,ノースピーク,C780-89,ネイビー,B-COLOR I-COLOR I-COLOR I-COLOR O O O O O O O B-BRAND I-BRAND I-BRAND I-BRAND I-BRAND I-BRAND B-MODEL I-MODEL I-MODEL I-MODEL I-MODEL I-MODEL I-MODEL,ノースピーク|C780-89|ネイビー
T01587,S343-57 ゲンブ スニーカー シルバー,ゲンブ,S343-57,シルバー,B-MODEL I-MODEL I-MODEL I-MODEL I-MODEL I-MODEL I-MODEL O B-BRAND I-BRAND I-BRAND O O O O O O O B-COLOR I-COLOR I-COLOR I-COLOR,ゲンブ|S343-57|シルバー
T01588,洗濯機ネイビーソライロT78647,ソライロ,T786-47,ネイビー,O O O B-COLOR I-COLOR I-COLOR I-COLOR B-BRAND I-BRAND I-BRAND I-BRAND B-MODEL I-MODEL I-MODEL I-MODEL I-MODEL I-MODEL,ソライロ|T786-47|ネイビー
T01589,シルバーデイパックゲンブQ363-49,ゲンブ,Q363-49,シルバー,B-COLOR I-COLOR I-COLOR I-COLOR O O O O O B-BRAND I-BRAND I-BRAND B-MODEL I-MODEL I-MODEL I-MODEL I-MODEL I-MODEL I-MODEL,ゲンブ|Q363-49|シルバー
T01590,冷蔵庫 グリーン M754-85 オオゾラ,オオゾラ,M754-85,グリーン,O O O O B-COLOR I-COLOR I-COLOR I-COLOR O B-MODEL I-MODEL I-MODEL I-MODEL I-MODEL I-MODEL I-MODEL O B-BRAND I-BRAND I-BRAND I-BRAND,オオゾラ|M754-85|グリーン
T01591,デイパック レッド ノースピーク Ｃ３５１－４０,ノースピーク,C351-40,レッド,O O O O O O B-COLOR I-COLOR I-COLOR O B-BRAND I-BRAND I-BRAND I-BRAND I-BRAND I-BRAND O B-MODEL I-MODEL I-MODEL I-MODEL I-MODEL I-MODEL I-MODEL,ノースピーク|C351-40|レッド
T01592,N805-59 グリーン シラユキ 掃除機,シラユキ,N805-59,グリーン,B-MODEL I-MODEL I-MODEL I-MODEL I-MODEL I-MODEL I-MODEL O B-COLOR I-COLOR I-COLOR I-COLOR O B-BRAND I-BRAND I-BRAND I-BRAND O O O O,シラユキ|N805-59|グリーン
T01593,スニーカー H587-3 ハヤブサ ホワイト,ハヤブサ,H587-53,ホワイト,O O O O O O O O O O O O O B-BRAND I-BRAND I-BRAND I-BRAND O B-COLOR I-COLOR I-COLOR I-COLOR,ハヤブサ|H587-53|ホワイト
T01594,Y756-17 グリーン ゲンブ ノートパソコン,ゲンブ,Y756-17,グリーン,B-MODEL I-MODEL I-MODEL I-MODEL I-MODEL I-MODEL I-MODEL O B-COLOR I-COLOR I-COLOR I-COLOR O B-BRAND I-BRAND I-BRAND O O O O O O O O,ゲンブ|Y756-17|グリーン
T01595,デイパック ホワイト O27880 ゲンブ,ゲンブ,O278-80,ホワイト,O O O O O O B-COLOR I-COLOR I-COLOR I-COLOR O B-MODEL I-MODEL I-MODEL I-MODEL I-MODEL I-MODEL O B-BRAND I-BRAND I-BRAND,ゲンブ|O278-80|ホワイト
T01596,ソライロJ61126洗濯機ネイビー,ソライロ,J611-26,ネイビー,B-BRAND I-BRAND I-BRAND I-BRAND B-MODEL I-MODEL I-MODEL I-MODEL I-MODEL I-MODEL O O O B-COLOR I-COLOR I-COLOR I-COLOR,ソライロ|J611-26|ネイビー
T01597,グリーン D10248 スニーカー KURO,KURO,D102-48,グリーン,B-COLOR I-COLOR I-COLOR I-COLOR O B-MODEL I-MODEL I-MODEL I-MODEL I-MODEL I-MODEL O O O O O O O B-BRAND I-BRAND I-BRAND I-BRAND,KURO|D102-48|グリーン
T01598,★新品使用★ミドリワークス冷蔵庫グリーンE959-78,ミドリワークス,E959-78,グリーン,O O O O O O B-BRAND I-BRAND I-BRAND I-BRAND I-BRAND I-BRAND I-BRAND O O O B-COLOR I-COLOR I-COLOR I-COLOR B-MODEL I-MODEL I-MODEL I-MODEL I-MODEL I-MODEL I-MODEL,ミドリワークス|E959-78|グリーン
T01599,B482-86ノースピーク腕時計ブラック,ノースピーク,B482-86,ブラック,B-MODEL I-MODEL I-MODEL I-MODEL I-MODEL I-MODEL I-MODEL B-BRAND I-BRAND I-BRAND I-BRAND I-BRAND I-BRAND O O O B-COLOR I-COLOR I-COLOR I-COLOR,ノースピーク|B482-86|ブラック
T01600,L26796 ネイビー 冷蔵庫 ハヤブサ,ハヤブサ,L267-96,ネイビー,B-MODEL I-MODEL I-MODEL I-MODEL I-MODEL I-MODEL O B-COLOR I-COLOR I-COLOR I-COLOR O O O O O B-BRAND I-BRAND I-BRAND I-BRAND,ハヤブサ|L267-96|ネイビー
T01601,ハヤブサ冷蔵庫ホワイトC90861,ハヤブサ,C908-61,ホワイト,B-BRAND I-BRAND I-BRAND I-BRAND O O O B-COLOR I-COLOR I-COLOR I-COLOR B-MODEL I-MODEL I-MODEL I-MODEL I-MODEL I-MODEL,ハヤブサ|C908-61|ホワイト
T01602,Ｊ３６１－５５ソライロ洗濯機ネイビー,ソライロ,J361-55,ネイビー,B-MODEL I-MODEL I-MODEL I-MODEL I-MODEL I-MODEL I-MODEL B-BRAND I-BRAND I-BRAND I-BRAND O O O B-COLOR I-COLOR I-COLOR I-COLOR,ソライロ|J361-55|ネイビー
T01603,ミドリワークスネイビーＮ５３８６６掃除機,ミドリワークス,N538-66,ネイビー,B-BRAND I-BRAND I-BRAND I-BRAND I-BRAND I-BRAND I-BRAND B-COLOR I-COLOR I-COLOR I-COLOR B-MODEL I-MODEL I-MODEL I-MODEL I-MODEL I-MODEL O O O,ミドリワークス|N538-66|ネイビー
T01604,A271-95 腕時計 シルバー KURO,KURO,A271-95,シルバー,B-MODEL I-MODEL I-MODEL I-MODEL I-MODEL I-MODEL I-MODEL O O O O O B-COLOR I-COLOR I-COLOR I-COLOR O B-BRAND I-BRAND I-BRAND I-BRAND,KURO|A271-95|シルバー
T01605,オオゾラネイビー濯洗機P121-14,オオゾラ,P121-14,ネイビー,B-BRAND I-BRAND I-BRAND I-BRAND B-COLOR I-COLOR I-COLOR I-COLOR O O O B-MODEL I-MODEL I-MODEL I-MODEL I-MODEL I-MODEL I-MODEL,オオゾラ|P121-14|ネイビー
T01606,I38926 イヤホン シルバー オオゾラ,オオゾラ,I389-26,シルバー,B-MODEL I-MODEL I-MODEL I-MODEL I-MODEL I-MODEL O O O O O O B-COLOR I-COLOR I-COLOR I-COLOR O B-BRAND I-BRAND I-BRAND I-BRAND,オオゾラ|I389-26|シルバー
T01607,K303-84 腕時計 レッド,,K303-84,レッド,B-MODEL I-MODEL I-MODEL I-MODEL I-MODEL I-MODEL I-MODEL O O O O O B-COLOR I-COLOR I-COLOR,|K303-84|レッド
T01608,X41810 ソライロ レッ ド掃除機,ソライロ,X418-10,レッド,B-MODEL I-MODEL I-MODEL I-MODEL I-MODEL I-MODEL O B-BRAND I-BRAND I-BRAND I-BRAND O O O O O O O O,ソライロ|X418-10|レッド
T01609,ノースピーク ブラック スニーカー K732-87,ノースピーク,K732-87,ブラック,B-BRAND I-BRAND I-BRAND I-BRAND I-BRAND I-BRAND O B-COLOR I-COLOR I-COLOR I-COLOR O O O O O O O B-MODEL I-MODEL I-MODEL I-MODEL I-MODEL I-MODEL I-MODEL,ノースピーク|K732-87|ブラック
T01610,KUROデイパックブラックV251-28,KURO,V251-28,ブラック,B-BRAND I-BRAND I-BRAND I-BRAND O O O O O B-COLOR I-COLOR I-COLOR I-COLOR B-MODEL I-MODEL I-MODEL I-MODEL I-MODEL I-MODEL I-MODEL,KURO|V251-28|ブラック
T01611,Ｌ５５５－４２洗濯機TSUBAKIネイビー,TSUBAKI,L555-42,ネイビー,B-MODEL I-MODEL I-MODEL I-MODEL I-MODEL I-MODEL I-MODEL O O O B-BRAND I-BRAND I-BRAND I-BRAND I-BRAND I-BRAND I-BRAND B-COLOR I-COLOR I-COLOR I-COLOR,TSUBAKI|L555-42|ネイビー
T01612,ブラック 冷蔵庫 N984-95 ソライロ,ソライロ,N984-95,ブラック,B-COLOR I-COLOR I-COLOR I-COLOR O O O O O B-MODEL I-MODEL I-MODEL I-MODEL I-MODEL I-MODEL I-MODEL O B-BRAND I-BRAND I-BRAND I-BRAND,ソライロ|N984-95|ブラック
T01613,【即日発送】ノートパソコン オオゾラ Y62336 グリーン,オオゾラ,Y623-36,グリーン,O O O O O O O O O O O O O O B-BRAND I-BRAND I-BRAND I-BRAND O B-MODEL I-MODEL I-MODEL I-MODEL I-MODEL I-MODEL O B-COLOR I-COLOR I-COLOR I-COLOR,オオゾラ|Y623-36|グリーン
T01614,イヤホンホワイト８Ｂ０５３８,,B805-38,ホワイト,O O O O B-COLOR I-COLOR I-COLOR I-COLOR O O O O O O,|B805-38|ホワイト
T01615,【即日発送】グリーン ハヤブサ A955-75 イヤホン,ハヤブサ,A955-75,グリーン,O O O O O O B-COLOR I-COLOR I-COLOR I-COLOR O B-BRAND I-BRAND I-BRAND I-BRAND O B-MODEL I-MODEL I-MODEL I-MODEL I-MODEL I-MODEL I-MODEL O O O O O,ハヤブサ|A955-75|グリーン
T01616,ハヤブサ レッド 冷蔵庫 J332-69,ハヤブサ,J332-69,レッド,B-BRAND I-BRAND I-BRAND I-BRAND O B-COLOR I-COLOR I-COLOR O O O O O B-MODEL I-MODEL I-MODEL I-MODEL I-MODEL I-MODEL I-MODEL,ハヤブサ|J332-69|レッド
T01617,ネイビー冷蔵庫L50368ゲンブ,ゲンブ,L503-68,ネイビー,B-COLOR I-COLOR I-COLOR I-COLOR O O O B-MODEL I-MODEL I-MODEL I-MODEL I-MODEL I-MODEL B-BRAND I-BRAND I-BRAND,ゲンブ|L503-68|ネイビー
T01618,★新品未使用★腕時計S173-40ノースピークブラック,ノースピーク,S173-40,ブラック,O O O O O O O O O O B-MODEL I-MODEL I-MODEL I-MODEL I-MODEL I-MODEL I-MODEL B-BRAND I-BRAND I-BRAND I-BRAND I-BRAND I-BRAND B-COLOR I-COLOR I-COLOR I-COLOR,ノースピーク|S173-40|ブラック
T01619,《アウトレトッ》冷蔵庫レッドD629-14,,D629-14,レッド,O O O O O O O O O O O B-COLOR I-COLOR I-COLOR B-MODEL I-MODEL I-MODEL I-MODEL I-MODEL I-MODEL I-MODEL,|D629-14|レッド
T01620,レッド ノースピーク 冷蔵庫 Ｒ３８１８１,ノースピーク,R381-81,レッド,B-COLOR I-COLOR I-COLOR O B-BRAND I-BRAND I-BRAND I-BRAND I-BRAND I-BRAND O O O O O B-MODEL I-MODEL I-MODEL I-MODEL I-MODEL I-MODEL,ノースピーク|R381-81|レッド
T01621,ネイビー イデパック I47055 アカネ電機,アカネ電機,I470-55,ネイビー,B-COLOR I-COLOR I-COLOR I-COLOR O O O O O O O B-MODEL I-MODEL I-MODEL I-MODEL I-MODEL I-MODEL O B-BRAND I-BRAND I-BRAND I-BRAND I-BRAND,アカネ電機|I470-55|ネイビー
T01622,洗濯機 ノースピーク レッド F514-39,ノースピーク,F514-39,レッド,O O O O B-BRAND I-BRAND I-BRAND I-BRAND I-BRAND I-BRAND O B-COLOR I-COLOR I-COLOR O B-MODEL I-MODEL I-MODEL I-MODEL I-MODEL I-MODEL I-MODEL,ノースピーク|F514-39|レッド
T01623,ソライロ 掃除機 シルバー Ａ８９０－５５,ソライロ,A890-55,シルバー,B-BRAND I-BRAND I-BRAND I-BRAND O O O O O B-COLOR I-COLOR I-COLOR I-COLOR O B-MODEL I-MODEL I-MODEL I-MODEL I-MODEL I-MODEL I-MODEL,ソライロ|A890-55|シルバー
T01624,デイパック グリーン ソライロ Ｆ７５５－７１,ソライロ,F755-71,グリーン,O O O O O O B-COLOR I-COLOR I-COLOR I-COLOR O B-BRAND I-BRAND I-BRAND I-BRAND O B-MODEL I-MODEL I-MODEL I-MODEL I-MODEL I-MODEL I-MODEL,ソライロ|F755-71|グリーン
T01625,冷蔵庫 C826-23 ホワイト シラユキ,シラユキ,C826-23,ホワイト,O O O O B-MODEL I-MODEL I-MODEL I-MODEL I-MODEL I-MODEL I-MODEL O B-COLOR I-COLOR I-COLOR I-COLOR O B-BRAND I-BRAND I-BRAND I-BRAND,シラユキ|C826-23|ホワイト
T01626,グリーン M919-89 デイパク,,M919-89,グリーン,B-COLOR I-COLOR I-COLOR I-COLOR O B-MODEL I-MODEL I-MODEL I-MODEL I-MODEL I-MODEL I-MODEL O O O O O,|M919-89|グリーン
T01627,デイパック D96456 グリーン KURO,KURO,D964-56,グリーン,O O O O O O B-MODEL I-MODEL I-MODEL I-MODEL I-MODEL I-MODEL O B-COLOR I-COLOR I-COLOR I-COLOR O B-BRAND I-BRAND I-BRAND I-BRAND,KURO|D964-56|グリーン
T01628,シルバー デイパック Ｆ６０８７７ ハヤブサ,ハヤブサ,F608-77,シルバー,B-COLOR I-COLOR I-COLOR I-COLOR O O O O O O O B-MODEL I-MODEL I-MODEL I-MODEL I-MODEL I-MODEL O B-BRAND I-BRAND I-BRAND I-BRAND,ハヤブサ|F608-77|シルバー
T01629,【即日発送】TSUBAKIイヤホンネイビーN111-86,TSUBAKI,N111-86,ネイビー,O O O O O O B-BRAND I-BRAND I-BRAND I-BRAND I-BRAND I-BRAND I-BRAND O O O O B-COLOR I-COLOR I-COLOR I-COLOR B-MODEL I-MODEL I-MODEL I-MODEL I-MODEL I-MODEL I-MODEL,TSUBAKI|N111-86|ネイビー
T01630,オオゾラ レッド ノートパソコン T785-88,オオゾラ,T785-88,レッド,B-BRAND I-BRAND I-BRAND I-BRAND O B-COLOR I-COLOR I-COLOR O O O O O O O O O B-MODEL I-MODEL I-MODEL I-MODEL I-MODEL I-MODEL I-MODEL,オオゾラ|T785-88|レッド
T01631,洗濯機 C356-86 レッド ソライロ,ソライロ,C356-86,レッド,O O O O B-MODEL I-MODEL I-MODEL I-MODEL I-MODEL I-MODEL I-MODEL O B-COLOR I-COLOR I-COLOR O B-BRAND I-BRAND I-BRAND I-BRAND,ソライロ|C356-86|レッド
T01632,ノースピーク ホワイト デイパック Ｗ１４５－１５,ノースピーク,W145-15,ホワイト,B-BRAND I-BRAND I-BRAND I-BRAND I-BRAND I-BRAND O B-COLOR I-COLOR I-COLOR I-COLOR O O O O O O O B-MODEL I-MODEL I-MODEL I-MODEL I-MODEL I-MODEL I-MODEL,ノースピーク|W145-15|ホワイト
T01633,ネイビー ゲンブ K561-11 ノートパソコン,ゲンブ,K561-11,ネイビー,B-COLOR I-COLOR I-COLOR I-COLOR O B-BRAND I-BRAND I-BRAND O B-MODEL I-MODEL I-MODEL I-MODEL I-MODEL I-MODEL I-MODEL O O O O O O O O,ゲンブ|K561-11|ネイビー
T01634,I86052 掃除機 TSUBAKI ホワイト,TSUBAKI,I860-52,ホワイト,B-MODEL I-MODEL I-MODEL I-MODEL I-MODEL I-MODEL O O O O O B-BRAND I-BRAND I-BRAND I-BRAND I-BRAND I-BRAND I-BRAND O B-COLOR I-COLOR I-COLOR I-COLOR,TSUBAKI|I860-52|ホワイト
T01635,Ｇ５７１１５ ゲンブ ネイビー イヤホン,ゲンブ,G571-15,ネイビー,B-MODEL I-MODEL I-MODEL I-MODEL I-MODEL I-MODEL O B-BRAND I-BRAND I-BRAND O B-COLOR I-COLOR I-COLOR I-COLOR O O O O O,ゲンブ|G571-15|ネイビー
T01636,◆正規品◆ホワイト U911-29 ゲンブ スニーカー,ゲンブ,U911-29,ホワイト,O O O O O B-COLOR I-COLOR I-COLOR I-COLOR O B-MODEL I-MODEL I-MODEL I-MODEL I-MODEL I-MODEL I-MODEL O B-BRAND I-BRAND I-BRAND O O O O O O,ゲンブ|U911-29|ホワイト
T01637,腕時計ブラックミドリワークスS59767,ミドリワークス,S597-67,ブラック,O O O B-COLOR I-COLOR I-COLOR I-COLOR B-BRAND I-BRAND I-BRAND I-BRAND I-BRAND I-BRAND I-BRAND B-MODEL I-MODEL I-MODEL I-MODEL I-MODEL I-MODEL,ミドリワークス|S597-67|ブラック
T01638,レッド 掃除機 ノースピーク F441-36,ノースピーク,F441-36,レッド,B-COLOR I-COLOR I-COLOR O O O O O B-BRAND I-BRAND I-BRAND I-BRAND I-BRAND I-BRAND O B-MODEL I-MODEL I-MODEL I-MODEL I-MODEL I-MODEL I-MODEL,ノースピーク|F441-36|レッド
T01639,F800-21 冷蔵庫 TSUBAKI レッド,TSUBAKI,F800-21,レッド,B-MODEL I-MODEL I-MODEL I-MODEL I-MODEL I-MODEL I-MODEL O O O O O B-BRAND I-BRAND I-BRAND I-BRAND I-BRAND I-BRAND I-BRAND O B-COLOR I-COLOR I-COLOR,TSUBAKI|F800-21|レッド
T01640,腕時計シルバーミドリワークスG545-34,ミドリワークス,G545-34,シルバー,O O O B-COLOR I-COLOR I-COLOR I-COLOR B-BRAND I-BRAND I-BRAND I-BRAND I-BRAND I-BRAND I-BRAND B-MODEL I-MODEL I-MODEL I-MODEL I-MODEL I-MODEL I-MODEL,ミドリワークス|G545-34|シルバー
T01641,TSUBAKI Ｃ６９１－５０ 掃除機 ネイビー,TSUBAKI,C691-50,ネイビー,B-BRAND I-BRAND I-BRAND I-BRAND I-BRAND I-BRAND I-BRAND O B-MODEL I-MODEL I-MODEL I-MODEL I-MODEL I-MODEL I-MODEL O O O O O B-COLOR I-COLOR I-COLOR I-COLOR,TSUBAKI|C691-50|ネイビー
T01642,レッドノートパソコンL508-67ゲンブ,ゲンブ,L508-67,レッド,B-COLOR I-COLOR I-COLOR O O O O O O O B-MODEL I-MODEL I-MODEL I-MODEL I-MODEL I-MODEL I-MODEL B-BRAND I-BRAND I-BRAND,ゲンブ|L508-67|レッド
T01643,D122-53洗濯機KUROレッド,KURO,D122-53,レッド,B-MODEL I-MODEL I-MODEL I-MODEL I-MODEL I-MODEL I-MODEL O O O B-BRAND I-BRAND I-BRAND I-BRAND B-COLOR I-COLOR I-COLOR,KURO|D122-53|レッド
T01644,★新品未使用★Ｉ７４０５２腕時計オオゾラホワイト,オオゾラ,I740-52,ホワイト,O O O O O O O B-MODEL I-MODEL I-MODEL I-MODEL I-MODEL I-MODEL O O O B-BRAND I-BRAND I-BRAND I-BRAND B-COLOR I-COLOR I-COLOR I-COLOR,オオゾラ|I740-52|ホワイト
T01645,冷蔵庫 シルバー F424-35 ゲンブ,ゲンブ,F424-35,シルバー,O O O O B-COLOR I-COLOR I-COLOR I-COLOR O B-MODEL I-MODEL I-MODEL I-MODEL I-MODEL I-MODEL I-MODEL O B-BRAND I-BRAND I-BRAND,ゲンブ|F424-35|シルバー
T01646,【送料無料】スニーカーノースピークU449-53シルバー,ノースピーク,U449-53,シルバー,O O O O O O O O O O O B-BRAND I-BRAND I-BRAND I-BRAND I-BRAND I-BRAND B-MODEL I-MODEL I-MODEL I-MODEL I-MODEL I-MODEL I-MODEL B-COLOR I-COLOR I-COLOR I-COLOR,ノースピーク|U449-53|シルバー
T01647,腕時計オオゾラブラックM143-57,オオゾラ,M143-57,ブラック,O O O B-BRAND I-BRAND I-BRAND I-BRAND B-COLOR I-COLOR I-COLOR I-COLOR B-MODEL I-MODEL I-MODEL I-MODEL I-MODEL I-MODEL I-MODEL,オオゾラ|M143-57|ブラック
T01648,Ｖ９６７－６１ グリーン 掃除機 シラユキ,シラユキ,V967-61,グリーン,B-MODEL I-MODEL I-MODEL I-MODEL I-MODEL I-MODEL I-MODEL O B-COLOR I-COLOR I-COLOR I-COLOR O O O O O B-BRAND I-BRAND I-BRAND I-BRAND,シラユキ|V967-61|グリーン
T01649,ホワイト 冷蔵庫 W162-51 ハヤブサ,ハヤブサ,W162-51,ホワイト,B-COLOR I-COLOR I-COLOR I-COLOR O O O O O B-MODEL I-MODEL I-MODEL I-MODEL I-MODEL I-MODEL I-MODEL O B-BRAND I-BRAND I-BRAND I-BRAND,ハヤブサ|W162-51|ホワイト
T01650,ノートパソコンシ ルバー L162-61,,L162-61,シルバー,O O O O O O O O O O O O O B-MODEL I-MODEL I-MODEL I-MODEL I-MODEL I-MODEL I-MODEL,|L162-61|シルバー
T01651,イヤホン I498-24 ブラック,,I498-24,ブラック,O O O O O B-MODEL I-MODEL I-MODEL I-MODEL I-MODEL I-MODEL I-MODEL O B-COLOR I-COLOR I-COLOR I-COLOR,|I498-24|ブラック
T01652,【即日発送】ゲンブG381-53スニーカーブラック,ゲンブ,G381-53,ブラック,O O O O O O B-BRAND I-BRAND I-BRAND B-MODEL I-MODEL I-MODEL I-MODEL I-MODEL I-MODEL I-MODEL O O O O O B-COLOR I-COLOR I-COLOR I-COLOR,ゲンブ|G381-53|ブラック
T01653,ハヤブサ レッド U722-85 イヤホン,ハヤブサ,U722-85,レッド,B-BRAND I-BRAND I-BRAND I-BRAND O B-COLOR I-COLOR I-COLOR O B-MODEL I-MODEL I-MODEL I-MODEL I-MODEL I-MODEL I-MODEL O O O O O,ハヤブサ|U722-85|レッド
T01654,《アウトレット》シルバー掃除機I957-12,,I957-12,シルバー,O O O O O O O O B-COLOR I-COLOR I-COLOR I-COLOR O O O B-MODEL I-MODEL I-MODEL I-MODEL I-MODEL I-MODEL I-MODEL,|I957-12|シルバー
T01655,レッド ミドリワークス 腕時計 Ｓ３６９－９８,ミドリワークス,S369-98,レッド,B-COLOR I-COLOR I-COLOR O B-BRAND I-BRAND I-BRAND I-BRAND I-BRAND I-BRAND I-BRAND O O O O O B-MODEL I-MODEL I-MODEL I-MODEL I-MODEL I-MODEL I-MODEL,ミドリワークス|S369-98|レッド
T01656,オオゾラ T863-56 ノートパソコン グリーン,オオゾラ,T863-56,グリーン,B-BRAND I-BRAND I-BRAND I-BRAND O B-MODEL I-MODEL I-MODEL I-MODEL I-MODEL I-MODEL I-MODEL O O O O O O O O O B-COLOR I-COLOR I-COLOR I-COLOR,オオゾラ|T863-56|グリーン
T01657,レッドV404-50スニーカーミドリワークス,ミドリワークス,V404-50,レッド,B-COLOR I-COLOR I-COLOR B-MODEL I-MODEL I-MODEL I-MODEL I-MODEL I-MODEL I-MODEL O O O O O B-BRAND I-BRAND I-BRAND I-BRAND I-BRAND I-BRAND I-BRAND,ミドリワークス|V404-50|レッド
T01658,ミドリワークス D963-63 イヤホン レッド,ミドリワークス,D963-63,レッド,B-BRAND I-BRAND I-BRAND I-BRAND I-BRAND I-BRAND I-BRAND O B-MODEL I-MODEL I-MODEL I-MODEL I-MODEL I-MODEL I-MODEL O O O O O O B-COLOR I-COLOR I-COLOR,ミドリワークス|D963-63|レッド
T01659,ハヤブサブラック洗濯機W391-37,ハヤブサ,W391-37,ブラック,B-BRAND I-BRAND I-BRAND I-BRAND B-COLOR I-COLOR I-COLOR I-COLOR O O O B-MODEL I-MODEL I-MODEL I-MODEL I-MODEL I-MODEL I-MODEL,ハヤブサ|W391-37|ブラック
T01660,ブラック Ｘ１３９－７４ KURO ノートパソコン,KURO,X139-74,ブラック,B-COLOR I-COLOR I-COLOR I-COLOR O B-MODEL I-MODEL I-MODEL I-MODEL I-MODEL I-MODEL I-MODEL O B-BRAND I-BRAND I-BRAND I-BRAND O O O O O O O O,KURO|X139-74|ブラック
T01661,グリーンノートパソコンミドリワークスＤ８５９－６２,ミドリワークス,D859-62,グリーン,B-COLOR I-COLOR I-COLOR I-COLOR O O O O O O O B-BRAND I-BRAND I-BRAND I-BRAND I-BRAND I-BRAND I-BRAND B-MODEL I-MODEL I-MODEL I-MODEL I-MODEL I-MODEL I-MODEL,ミドリワークス|D859-62|グリーン
T01662,【送料無料】F872-62 洗濯機 ネイビー KURO,KURO,F872-62,ネイビー,O O O O O O B-MODEL I-MODEL I-MODEL I-MODEL I-MODEL I-MODEL I-MODEL O O O O O B-COLOR I-COLOR I-COLOR I-COLOR O B-BRAND I-BRAND I-BRAND I-BRAND,KURO|F872-62|ネイビー
T01663,Ｉ２８９－５５冷蔵庫グリーン,,I298-55,グリーン,O O O O O O O O O O B-COLOR I-COLOR I-COLOR I-COLOR,|I298-55|グリーン
T01664,◆正規品◆TSUBAKI ネイビー スニーカー Y799-79,TSUBAKI,Y799-79,ネイビー,O O O O O B-BRAND I-BRAND I-BRAND I-BRAND I-BRAND I-BRAND I-BRAND O B-COLOR I-COLOR I-COLOR I-COLOR O O O O O O O B-MODEL I-MODEL I-MODEL I-MODEL I-MODEL I-MODEL I-MODEL,TSUBAKI|Y799-79|ネイビー
T01665,スニーカー シルバー Ｃ３１１－７０,,C311-70,シルバー,O O O O O O B-COLOR I-COLOR I-COLOR I-COLOR O B-MODEL I-MODEL I-MODEL I-MODEL I-MODEL I-MODEL I-MODEL,|C311-70|シルバー
T01666,V472-59 ノースピーク イヤホン レッド,ノースピーク,V472-59,レッド,B-MODEL I-MODEL I-MODEL I-MODEL I-MODEL I-MODEL I-MODEL O B-BRAND I-BRAND I-BRAND I-BRAND I-BRAND I-BRAND O O O O O O B-COLOR I-COLOR I-COLOR,ノースピーク|V472-59|レッド
T01667,T235-67洗濯機KUROシバルー,KURO,T235-67,シルバー,B-MODEL I-MODEL I-MODEL I-MODEL I-MODEL I-MODEL I-MODEL O O O B-BRAND I-BRAND I-BRAND I-BRAND O O O O,KURO|T235-67|シルバー
T01668,★新品未使用★B277-52 ホワイト ハヤブサ 腕時計,ハヤブサ,B277-52,ホワイト,O O O O O O O B-MODEL I-MODEL I-MODEL I-MODEL I-MODEL I-MODEL I-MODEL O B-COLOR I-COLOR I-COLOR I-COLOR O B-BRAND I-BRAND I-BRAND I-BRAND O O O O,ハヤブサ|B277-52|ホワイト
T01669,ブラック スニーカー H769-22 ハヤブサ,ハヤブサ,H769-22,ブラック,B-COLOR I-COLOR I-COLOR I-COLOR O O O O O O O B-MODEL I-MODEL I-MODEL I-MODEL I-MODEL I-MODEL I-MODEL O B-BRAND I-BRAND I-BRAND I-BRAND,ハヤブサ|H769-22|ブラック
T01670,【送料無料】シラユキ ノートパソコン K85363 シルバー,シラユキ,K853-63,シルバー,O O O O O O B-BRAND I-BRAND I-BRAND I-BRAND O O O O O O O O O B-MODEL I-MODEL I-MODEL I-MODEL I-MODEL I-MODEL O B-COLOR I-COLOR I-COLOR I-COLOR,シラユキ|K853-63|シルバー
T01671,ミドリワークス A658-69 レッド イヤホン,ミドリワークス,A658-69,レッド,B-BRAND I-BRAND I-BRAND I-BRAND I-BRAND I-BRAND I-BRAND O B-MODEL I-MODEL I-MODEL I-MODEL I-MODEL I-MODEL I-MODEL O B-COLOR I-COLOR I-COLOR O O O O O,ミドリワークス|A658-69|レッド
T01672,【送料無料】オオゾラ Ｅ５７４－４４ スニーカ シルバー,オオゾラ,E574-44,シルバー,O O O O O O B-BRAND I-BRAND I-BRAND I-BRAND O B-MODEL I-MODEL I-MODEL I-MODEL I-MODEL I-MODEL I-MODEL O O O O O O B-COLOR I-COLOR I-COLOR I-COLOR,オオゾラ|E574-44|シルバー
T01673,W785-49ミドリワークスネイビーイヤホン,ミドリワークス,W785-49,ネイビー,B-MODEL I-MODEL I-MODEL I-MODEL I-MODEL I-MODEL I-MODEL B-BRAND I-BRAND I-BRAND I-BRAND I-BRAND I-BRAND I-BRAND B-COLOR I-COLOR I-COLOR I-COLOR O O O O,ミドリワークス|W785-49|ネイビー
T01674,腕時計ネイビーミドリワークスL480-49,ミドリワークス,L480-49,ネイビー,O O O B-COLOR I-COLOR I-COLOR I-COLOR B-BRAND I-BRAND I-BRAND I-BRAND I-BRAND I-BRAND I-BRAND B-MODEL I-MODEL I-MODEL I-MODEL I-MODEL I-MODEL I-MODEL,ミドリワークス|L480-49|ネイビー
T01675,★新品未使用★Ｊ９７６９１ シルバー ノースピーク 洗濯機,ノースピーク,J976-91,シルバー,O O O O O O O B-MODEL I-MODEL I-MODEL I-MODEL I-MODEL I-MODEL O B-COLOR I-COLOR I-COLOR I-COLOR O B-BRAND I-BRAND I-BRAND I-BRAND I-BRAND I-BRAND O O O O,ノースピーク|J976-91|シルバー
T01676,冷蔵庫 Ｘ８５３－７７ ソライロ ブラック,ソライロ,X853-77,ブラック,O O O O B-MODEL I-MODEL I-MODEL I-MODEL I-MODEL I-MODEL I-MODEL O B-BRAND I-BRAND I-BRAND I-BRAND O B-COLOR I-COLOR I-COLOR I-COLOR,ソライロ|X853-77|ブラック
T01677,Y468-67 グリーン スニーカー ミドリワークス,ミドリワークス,Y468-67,グリーン,B-MODEL I-MODEL I-MODEL I-MODEL I-MODEL I-MODEL I-MODEL O B-COLOR I-COLOR I-COLOR I-COLOR O O O O O O O B-BRAND I-BRAND I-BRAND I-BRAND I-BRAND I-BRAND I-BRAND,ミドリワークス|Y468-67|グリーン
T01678,G17511 ブラック デイパック,,G175-11,ブラック,B-MODEL I-MODEL I-MODEL I-MODEL I-MODEL I-MODEL O B-COLOR I-COLOR I-COLOR I-COLOR O O O O O O,|G175-11|ブラック
T01679,KURO冷蔵庫Ｘ３２７－３６レッド,KURO,X327-36,レッド,B-BRAND I-BRAND I-BRAND I-BRAND O O O B-MODEL I-MODEL I-MODEL I-MODEL I-MODEL I-MODEL I-MODEL B-COLOR I-COLOR I-COLOR,KURO|X327-36|レッド
T01680,★新品未使用★イヤホン U324-49 ブラック,,U324-49,ブラック,O O O O O O O O O O O O B-MODEL I-MODEL I-MODEL I-MODEL I-MODEL I-MODEL I-MODEL O B-COLOR I-COLOR I-COLOR I-COLOR,|U324-49|ブラック
T01681,レッド M74113 冷庫蔵,,M741-13,レッド,B-COLOR I-COLOR I-COLOR O B-MODEL I-MODEL I-MODEL I-MODEL I-MODEL I-MODEL O O O O,|M741-13|レッド
T01682,Ｕ２７７－７１ シルバー オオゾラ 冷蔵庫,オオゾラ,U277-71,シルバー,B-MODEL I-MODEL I-MODEL I-MODEL I-MODEL I-MODEL I-MODEL O B-COLOR I-COLOR I-COLOR I-COLOR O B-BRAND I-BRAND I-BRAND I-BRAND O O O O,オオゾラ|U277-71|シルバー
T01683,グーン Q57973 掃除機 アカネ電機,アカネ電機,Q579-73,グリーン,O O O O B-MODEL I-MODEL I-MODEL I-MODEL I-MODEL I-MODEL O O O O O B-BRAND I-BRAND I-BRAND I-BRAND I-BRAND,アカネ電機|Q579-73|グリーン
T01684,【即日発送】ホワイト 洗濯機 P432-42,,P432-42,ホワイト,O O O O O O B-COLOR I-COLOR I-COLOR I-COLOR O O O O O B-MODEL I-MODEL I-MODEL I-MODEL I-MODEL I-MODEL I-MODEL,|P432-42|ホワイト
T01685,シルバーイヤホンI173-45,,I173-45,シルバー,B-COLOR I-COLOR I-COLOR I-COLOR O O O O B-MODEL I-MODEL I-MODEL I-MODEL I-MODEL I-MODEL I-MODEL,|I173-45|シルバー
T01686,【送料無料】ソライロ ホワイト Q139-13 デイパック,ソライロ,Q139-13,ホワイト,O O O O O O B-BRAND I-BRAND I-BRAND I-BRAND O B-COLOR I-COLOR I-COLOR I-COLOR O B-MODEL I-MODEL I-MODEL I-MODEL I-MODEL I-MODEL I-MODEL O O O O O O,ソライロ|Q139-13|ホワイト
T01687,【送料無料】N55976 ホワイト デイパック ハヤブサ,ハヤブサ,N559-76,ホワイト,O O O O O O B-MODEL I-MODEL I-MODEL I-MODEL I-MODEL I-MODEL O B-COLOR I-COLOR I-COLOR I-COLOR O O O O O O O B-BRAND I-BRAND I-BRAND I-BRAND,ハヤブサ|N559-76|ホワイト
T01688,S85838デイパックホワイトミドリワークス,ミドリワークス,S858-38,ホワイト,B-MODEL I-MODEL I-MODEL I-MODEL I-MODEL I-MODEL O O O O O B-COLOR I-COLOR I-COLOR I-COLOR B-BRAND I-BRAND I-BRAND I-BRAND I-BRAND I-BRAND I-BRAND,ミドリワークス|S858-38|ホワイト
T01689,ネイビー ノースピーク 冷蔵庫 Z160-88,ノースピーク,Z160-88,ネイビー,B-COLOR I-COLOR I-COLOR I-COLOR O B-BRAND I-BRAND I-BRAND I-BRAND I-BRAND I-BRAND O O O O O B-MODEL I-MODEL I-MODEL I-MODEL I-MODEL I-MODEL I-MODEL,ノースピーク|Z160-88|ネイビー
T01690,洗濯機 TSUBAKI ブラック G816-33,TSUBAKI,G816-33,ブラック,O O O O B-BRAND I-BRAND I-BRAND I-BRAND I-BRAND I-BRAND I-BRAND O B-COLOR I-COLOR I-COLOR I-COLOR O B-MODEL I-MODEL I-MODEL I-MODEL I-MODEL I-MODEL I-MODEL,TSUBAKI|G816-33|ブラック
T01691,◆正規品◆洗濯機 グリーン V929-12 KURO,KURO,V929-12,グリーン,O O O O O O O O O B-COLOR I-COLOR I-COLOR I-COLOR O B-MODEL I-MODEL I-MODEL I-MODEL I-MODEL I-MODEL I-MODEL O B-BRAND I-BRAND I-BRAND I-BRAND,KURO|V929-12|グリーン
T01692,【送料無料】デイパック D62561 ホワイト,,D625-61,ホワイト,O O O O O O O O O O O O B-MODEL I-MODEL I-MODEL I-MODEL I-MODEL I-MODEL O B-COLOR I-COLOR I-COLOR I-COLOR,|D625-61|ホワイト
T01693,デイパックKUROグリーンZ245-13,KURO,Z245-31,グリーン,O O O O O B-BRAND I-BRAND I-BRAND I-BRAND B-COLOR I-COLOR I-COLOR I-COLOR O O O O O O O,KURO|Z245-31|グリーン
T01694,ネイビー N33974 ゲンブ イヤホン,ゲンブ,N339-74,ネイビー,B-COLOR I-COLOR I-COLOR I-COLOR O B-MODEL I-MODEL I-MODEL I-MODEL I-MODEL I-MODEL O B-BRAND I-BRAND I-BRAND O O O O O,ゲンブ|N339-74|ネイビー
T01695,★新品未使用★TSUBAKIノートパソコンＷ４８７－５３レッド,TSUBAKI,W487-53,レッド,O O O O O O O B-BRAND I-BRAND I-BRAND I-BRAND I-BRAND I-BRAND I-BRAND O O O O O O O B-MODEL I-MODEL I-MODEL I-MODEL I-MODEL I-MODEL I-MODEL B-COLOR I-COLOR I-COLOR,TSUBAKI|W487-53|レッド
T01696,オオゾラグリーン掃除機F139-68,オオゾラ,F139-68,グリーン,B-BRAND I-BRAND I-BRAND I-BRAND B-COLOR I-COLOR I-COLOR I-COLOR O O O B-MODEL I-MODEL I-MODEL I-MODEL I-MODEL I-MODEL I-MODEL,オオゾラ|F139-68|グリーン
T01697,Ｃ２４６－５２ シラユキ デイパック グリーン,シラユキ,C246-52,グリーン,B-MODEL I-MODEL I-MODEL I-MODEL I-MODEL I-MODEL I-MODEL O B-BRAND I-BRAND I-BRAND I-BRAND O O O O O O O B-COLOR I-COLOR I-COLOR I-COLOR,シラユキ|C246-52|グリーン
T01698,アカネ電機 レッド J89236 掃除機,アカネ電機,J892-36,レッド,B-BRAND I-BRAND I-BRAND I-BRAND I-BRAND O B-COLOR I-COLOR I-COLOR O B-MODEL I-MODEL I-MODEL I-MODEL I-MODEL I-MODEL O O O O,アカネ電機|J892-36|レッド
T01699,腕時計 B118-81 グリーン ゲンブ,ゲンブ,B118-81,グリーン,O O O O B-MODEL I-MODEL I-MODEL I-MODEL I-MODEL I-MODEL I-MODEL O B-COLOR I-COLOR I-COLOR I-COLOR O B-BRAND I-BRAND I-BRAND,ゲンブ|B118-81|グリーン
T01700,ミドリワークスネイビーW305-34デイパック,ミドリワークス,W305-34,ネイビー,B-BRAND I-BRAND I-BRAND I-BRAND I-BRAND I-BRAND I-BRAND B-COLOR I-COLOR I-COLOR I-COLOR B-MODEL I-MODEL I-MODEL I-MODEL I-MODEL I-MODEL I-MODEL O O O O O,ミドリワークス|W305-34|ネイビー
T01701,シルバー オオゾラ R276-72 イヤホン,オオゾラ,R276-72,シルバー,B-COLOR I-COLOR I-COLOR I-COLOR O B-BRAND I-BRAND I-BRAND I-BRAND O B-MODEL I-MODEL I-MODEL I-MODEL I-MODEL I-MODEL I-MODEL O O O O O,オオゾラ|R276-72|シルバー
T01702,Q618-82 レッド 掃除機 ハヤブサ,ハヤブサ,Q618-82,レッド,B-MODEL I-MODEL I-MODEL I-MODEL I-MODEL I-MODEL I-MODEL O B-COLOR I-COLOR I-COLOR O O O O O B-BRAND I-BRAND I-BRAND I-BRAND,ハヤブサ|Q618-82|レッド
T01703,Ｊ７９８－８９ 掃除機 レッド,,J798-89,レッド,B-MODEL I-MODEL I-MODEL I-MODEL I-MODEL I-MODEL I-MODEL O O O O O B-COLOR I-COLOR I-COLOR,|J798-89|レッド
T01704,ミドリワークスレッドV731-49イヤホン,ミドリワークス,V731-49,レッド,B-BRAND I-BRAND I-BRAND I-BRAND I-BRAND I-BRAND I-BRAND B-COLOR I-COLOR I-COLOR B-MODEL I-MODEL I-MODEL I-MODEL I-MODEL I-MODEL I-MODEL O O O O,ミドリワークス|V731-49|レッド
T01705,グリーン B617-35 ソライロ 洗濯機,ソライロ,B617-35,グリーン,B-COLOR I-COLOR I-COLOR I-COLOR O B-MODEL I-MODEL I-MODEL I-MODEL I-MODEL I-MODEL I-MODEL O B-BRAND I-BRAND I-BRAND I-BRAND O O O O,ソライロ|B617-35|グリーン
T01706,デイパック ミドリワークス ブラック Y262-72,ミドリワークス,Y262-72,ブラック,O O O O O O B-BRAND I-BRAND I-BRAND I-BRAND I-BRAND I-BRAND I-BRAND O B-COLOR I-COLOR I-COLOR I-COLOR O B-MODEL I-MODEL I-MODEL I-MODEL I-MODEL I-MODEL I-MODEL,ミドリワークス|Y262-72|ブラック
T01707,★新品未使用★U66836 ハヤブサ デイパック ホワイト,ハヤブサ,U668-36,ホワイト,O O O O O O O B-MODEL I-MODEL I-MODEL I-MODEL I-MODEL I-MODEL O B-BRAND I-BRAND I-BRAND I-BRAND O O O O O O O B-COLOR I-COLOR I-COLOR I-COLOR,ハヤブサ|U668-36|ホワイト
T01708,腕時計Ｂ２１９９７ソライロホワイト,ソライロ,B219-97,ホワイト,O O O B-MODEL I-MODEL I-MODEL I-MODEL I-MODEL I-MODEL B-BRAND I-BRAND I-BRAND I-BRAND B-COLOR I-COLOR I-COLOR I-COLOR,ソライロ|B219-97|ホワイト
T01709,U784-37 TSUBAKI レッド 腕時計,TSUBAKI,U784-37,レッド,B-MODEL I-MODEL I-MODEL I-MODEL I-MODEL I-MODEL I-MODEL O B-BRAND I-BRAND I-BRAND I-BRAND I-BRAND I-BRAND I-BRAND O B-COLOR I-COLOR I-COLOR O O O O,TSUBAKI|U784-37|レッド
T01710,K730-49 腕時計 レッド ソライロ,ソライロ,K730-49,レッド,B-MODEL I-MODEL I-MODEL I-MODEL I-MODEL I-MODEL I-MODEL O O O O O B-COLOR I-COLOR I-COLOR O B-BRAND I-BRAND I-BRAND I-BRAND,ソライロ|K730-49|レッド
T01711,【即日発送】シルバーイヤホンハヤブサB958-62,ハヤブサ,B958-62,シルバー,O O O O O O B-COLOR I-COLOR I-COLOR I-COLOR O O O O B-BRAND I-BRAND I-BRAND I-BRAND B-MODEL I-MODEL I-MODEL I-MODEL I-MODEL I-MODEL I-MODEL,ハヤブサ|B958-62|シルバー
T01712,アカネ電機 デイパック ブラック Y828-97,アカネ電機,Y828-97,ブラック,B-BRAND I-BRAND I-BRAND I-BRAND I-BRAND O O O O O O O B-COLOR I-COLOR I-COLOR I-COLOR O B-MODEL I-MODEL I-MODEL I-MODEL I-MODEL I-MODEL I-MODEL,アカネ電機|Y828-97|ブラック
T01713,【送料無料】ブラック ソライロ H367-13 デイパック,ソライロ,H367-13,ブラック,O O O O O O B-COLOR I-COLOR I-COLOR I-COLOR O B-BRAND I-BRAND I-BRAND I-BRAND O B-MODEL I-MODEL I-MODEL I-MODEL I-MODEL I-MODEL I-MODEL O O O O O O,ソライロ|H367-13|ブラック
T01714,◆正規品◆シルバー 冷蔵庫 オオゾラ M526-70,オオゾラ,M526-70,シルバー,O O O O O B-COLOR I-COLOR I-COLOR I-COLOR O O O O O B-BRAND I-BRAND I-BRAND I-BRAND O B-MODEL I-MODEL I-MODEL I-MODEL I-MODEL I-MODEL I-MODEL,オオゾラ|M526-70|シルバー
T01715,Y56154掃機除ネイビー,,Y561-54,ネイビー,B-MODEL I-MODEL I-MODEL I-MODEL I-MODEL I-MODEL O O O B-COLOR I-COLOR I-COLOR I-COLOR,|Y561-54|ネイビー
T01716,レッドE603-36スニーカー,,E603-36,レッド,B-COLOR I-COLOR I-COLOR B-MODEL I-MODEL I-MODEL I-MODEL I-MODEL I-MODEL I-MODEL O O O O O,|E603-36|レッド
T01717,R47676ブラックシラユキスーニカー,シラユキ,R476-76,ブラック,B-MODEL I-MODEL I-MODEL I-MODEL I-MODEL I-MODEL B-COLOR I-COLOR I-COLOR I-COLOR B-BRAND I-BRAND I-BRAND I-BRAND O O O O O,シラユキ|R476-76|ブラック
T01718,ネイビー冷蔵庫I821-48ミドリワークス,ミドリワークス,I821-48,ネイビー,B-COLOR I-COLOR I-COLOR I-COLOR O O O B-MODEL I-MODEL I-MODEL I-MODEL I-MODEL I-MODEL I-MODEL B-BRAND I-BRAND I-BRAND I-BRAND I-BRAND I-BRAND I-BRAND,ミドリワークス|I821-48|ネイビー
T01719,腕時計ミドリワークスG33386ネイビー,ミドリワークス,G333-86,ネイビー,O O O B-BRAND I-BRAND I-BRAND I-BRAND I-BRAND I-BRAND I-BRAND B-MODEL I-MODEL I-MODEL I-MODEL I-MODEL I-MODEL B-COLOR I-COLOR I-COLOR I-COLOR,ミドリワークス|G333-86|ネイビー
T01720,ホワイトイヤホンアカネ電機Z666-96,アカネ電機,Z666-96,ホワイト,B-COLOR I-COLOR I-COLOR I-COLOR O O O O B-BRAND I-BRAND I-BRAND I-BRAND I-BRAND B-MODEL I-MODEL I-MODEL I-MODEL I-MODEL I-MODEL I-MODEL,アカネ電機|Z666-96|ホワイト
T01721,【送料無料】ブラック Z66155 イヤホン,,Z661-55,ブラック,O O O O O O B-COLOR I-COLOR I-COLOR I-COLOR O B-MODEL I-MODEL I-MODEL I-MODEL I-MODEL I-MODEL O O O O O,|Z661-55|ブラック
T01722,《アウトレット》腕時計 S67027 ホワイト,,S670-27,ホワイト,O O O O O O O O O O O O B-MODEL I-MODEL I-MODEL I-MODEL I-MODEL I-MODEL O B-COLOR I-COLOR I-COLOR I-COLOR,|S670-27|ホワイト
T01723,デイパック Ｅ９９４－４２ グリーン,,E994-42,グリーン,O O O O O O B-MODEL I-MODEL I-MODEL I-MODEL I-MODEL I-MODEL I-MODEL O B-COLOR I-COLOR I-COLOR I-COLOR,|E994-42|グリーン
T01724,洗濯機 オオゾラ レッド N637-89,オオゾラ,N637-89,レッド,O O O O B-BRAND I-BRAND I-BRAND I-BRAND O B-COLOR I-COLOR I-COLOR O B-MODEL I-MODEL I-MODEL I-MODEL I-MODEL I-MODEL I-MODEL,オオゾラ|N637-89|レッド
T01725,シラユキ E843-71 スニーカー ブラック,シラユキ,E843-71,ブラック,B-BRAND I-BRAND I-BRAND I-BRAND O B-MODEL I-MODEL I-MODEL I-MODEL I-MODEL I-MODEL I-MODEL O O O O O O O B-COLOR I-COLOR I-COLOR I-COLOR,シラユキ|E843-71|ブラック
T01726,【即日発送】Y38098 掃除機 ミドリワークス ホワイト,ミドリワークス,Y380-98,ホワイト,O O O O O O B-MODEL I-MODEL I-MODEL I-MODEL I-MODEL I-MODEL O O O O O B-BRAND I-BRAND I-BRAND I-BRAND I-BRAND I-BRAND I-BRAND O B-COLOR I-COLOR I-COLOR I-COLOR,ミドリワークス|Y380-98|ホワイト
T01727,ブラック 洗濯機 N775-54 アカネ電機,アカネ電機,N775-54,ブラック,B-COLOR I-COLOR I-COLOR I-COLOR O O O O O B-MODEL I-MODEL I-MODEL I-MODEL I-MODEL I-MODEL I-MODEL O B-BRAND I-BRAND I-BRAND I-BRAND I-BRAND,アカネ電機|N775-54|ブラック
T01728,オオゾラ 洗濯機 ホワイト P245-65,オオゾラ,P245-65,ホワイト,B-BRAND I-BRAND I-BRAND I-BRAND O O O O O B-COLOR I-COLOR I-COLOR I-COLOR O B-MODEL I-MODEL I-MODEL I-MODEL I-MODEL I-MODEL I-MODEL,オオゾラ|P245-65|ホワイト
T01729,グリーン シラユキ Q954-18 掃除機,シラユキ,Q954-18,グリーン,B-COLOR I-COLOR I-COLOR I-COLOR O B-BRAND I-BRAND I-BRAND I-BRAND O B-MODEL I-MODEL I-MODEL I-MODEL I-MODEL I-MODEL I-MODEL O O O O,シラユキ|Q954-18|グリーン
T01730,W742-63 ハヤブサ ブラック 腕時計,ハヤブサ,W742-63,ブラック,B-MODEL I-MODEL I-MODEL I-MODEL I-MODEL I-MODEL I-MODEL O B-BRAND I-BRAND I-BRAND I-BRAND O B-COLOR I-COLOR I-COLOR I-COLOR O O O O,ハヤブサ|W742-63|ブラック
T01731,ハヤブサ M864-49 冷蔵庫 ホワイト,ハヤブサ,M864-49,ホワイト,B-BRAND I-BRAND I-BRAND I-BRAND O B-MODEL I-MODEL I-MODEL I-MODEL I-MODEL I-MODEL I-MODEL O O O O O B-COLOR I-COLOR I-COLOR I-COLOR,ハヤブサ|M864-49|ホワイト
T01732,【送料無料】U72455 スニーカー ネイビー ゲンブ,ゲンブ,U724-55,ネイビー,O O O O O O B-MODEL I-MODEL I-MODEL I-MODEL I-MODEL I-MODEL O O O O O O O B-COLOR I-COLOR I-COLOR I-COLOR O B-BRAND I-BRAND I-BRAND,ゲンブ|U724-55|ネイビー
T01733,スニーカー ミドリワークス シルバー Ｗ６８９－５６,ミドリワークス,W689-56,シルバー,O O O O O O B-BRAND I-BRAND I-BRAND I-BRAND I-BRAND I-BRAND I-BRAND O B-COLOR I-COLOR I-COLOR I-COLOR O B-MODEL I-MODEL I-MODEL I-MODEL I-MODEL I-MODEL I-MODEL,ミドリワークス|W689-56|シルバー
T01734,TSUBAKI ホワイト ノートパソコン F415-71,TSUBAKI,F415-71,ホワイト,B-BRAND I-BRAND I-BRAND I-BRAND I-BRAND I-BRAND I-BRAND O B-COLOR I-COLOR I-COLOR I-COLOR O O O O O O O O O B-MODEL I-MODEL I-MODEL I-MODEL I-MODEL I-MODEL I-MODEL,TSUBAKI|F415-71|ホワイト
T01735,【即日発送】グリーン ノースピーク C358-33 イヤホン,ノースピーク,C358-33,グリーン,O O O O O O B-COLOR I-COLOR I-COLOR I-COLOR O B-BRAND I-BRAND I-BRAND I-BRAND I-BRAND I-BRAND O B-MODEL I-MODEL I-MODEL I-MODEL I-MODEL I-MODEL I-MODEL O O O O O,ノースピーク|C358-33|グリーン
T01736,KURO Q28261 スニーカー シルバー,KURO,Q282-61,シルバー,B-BRAND I-BRAND I-BRAND I-BRAND O B-MODEL I-MODEL I-MODEL I-MODEL I-MODEL I-MODEL O O O O O O O B-COLOR I-COLOR I-COLOR I-COLOR,KURO|Q282-61|シルバー
T01737,U69835 KURO デイパック シルバー,KURO,U698-35,シルバー,B-MODEL I-MODEL I-MODEL I-MODEL I-MODEL I-MODEL O B-BRAND I-BRAND I-BRAND I-BRAND O O O O O O O B-COLOR I-COLOR I-COLOR I-COLOR,KURO|U698-35|シルバー
T01738,★新品未使用★冷蔵庫ブラックM888-13,,M888-13,ブラック,O O O O O O O O O O B-COLOR I-COLOR I-COLOR I-COLOR B-MODEL I-MODEL I-MODEL I-MODEL I-MODEL I-MODEL I-MODEL,|M888-13|ブラック
T01739,シラユキノートパソコンL422-18シルバー,シラユキ,L422-18,シルバー,B-BRAND I-BRAND I-BRAND I-BRAND O O O O O O O B-MODEL I-MODEL I-MODEL I-MODEL I-MODEL I-MODEL I-MODEL B-COLOR I-COLOR I-COLOR I-COLOR,シラユキ|L422-18|シルバー
T01740,ゲンブ 冷蔵庫 G421-76 シルバー,ゲンブ,G421-76,シルバー,B-BRAND I-BRAND I-BRAND O O O O O B-MODEL I-MODEL I-MODEL I-MODEL I-MODEL I-MODEL I-MODEL O B-COLOR I-COLOR I-COLOR I-COLOR,ゲンブ|G421-76|シルバー
T01741,デイパック ノースピーク ブラック Ｗ１３０７５,ノースピーク,W130-75,ブラック,O O O O O O B-BRAND I-BRAND I-BRAND I-BRAND I-BRAND I-BRAND O B-COLOR I-COLOR I-COLOR I-COLOR O B-MODEL I-MODEL I-MODEL I-MODEL I-MODEL I-MODEL,ノースピーク|W130-75|ブラック
T01742,腕時計 ソライロ G840-78 ホワイト,ソライロ,G840-78,ホワイト,O O O O B-BRAND I-BRAND I-BRAND I-BRAND O B-MODEL I-MODEL I-MODEL I-MODEL I-MODEL I-MODEL I-MODEL O B-COLOR I-COLOR I-COLOR I-COLOR,ソライロ|G840-78|ホワイト
T01743,ゲンブ ホワイト 洗濯機 I791-13,ゲンブ,I791-13,ホワイト,B-BRAND I-BRAND I-BRAND O B-COLOR I-COLOR I-COLOR I-COLOR O O O O O B-MODEL I-MODEL I-MODEL I-MODEL I-MODEL I-MODEL I-MODEL,ゲンブ|I791-13|ホワイト
T01744,★新品未使用★ブラックKUROZ142-84イヤホン,KURO,Z142-84,ブラック,O O O O O O O B-COLOR I-COLOR I-COLOR I-COLOR B-BRAND I-BRAND I-BRAND I-BRAND B-MODEL I-MODEL I-MODEL I-MODEL I-MODEL I-MODEL I-MODEL O O O O,KURO|Z142-84|ブラック
T01745,シルバーデイパックソライロU606-11,ソライロ,U606-11,シルバー,B-COLOR I-COLOR I-COLOR I-COLOR O O O O O B-BRAND I-BRAND I-BRAND I-BRAND B-MODEL I-MODEL I-MODEL I-MODEL I-MODEL I-MODEL I-MODEL,ソライロ|U606-11|シルバー
T01746,◆正規品◆ソライロB69-51スニーカーグリーン,ソライロ,B689-51,グリーン,O O O O O B-BRAND I-BRAND I-BRAND I-BRAND O O O O O O O O O O O B-COLOR I-COLOR I-COLOR I-COLOR,ソライロ|B689-51|グリーン
T01747,◆正規品◆レッド J340-25 ミドリワークス イヤホン,ミドリワークス,J340-25,レッド,O O O O O B-COLOR I-COLOR I-COLOR O B-MODEL I-MODEL I-MODEL I-MODEL I-MODEL I-MODEL I-MODEL O B-BRAND I-BRAND I-BRAND I-BRAND I-BRAND I-BRAND I-BRAND O O O O O,ミドリワークス|J340-25|レッド
T01748,G12082 ホワイト ゲンブ 洗濯機,ゲンブ,G120-82,ホワイト,B-MODEL I-MODEL I-MODEL I-MODEL I-MODEL I-MODEL O B-COLOR I-COLOR I-COLOR I-COLOR O B-BRAND I-BRAND I-BRAND O O O O,ゲンブ|G120-82|ホワイト
T01749,M40376ブラックハヤブサノートパソコン,ハヤブサ,M403-76,ブラック,B-MODEL I-MODEL I-MODEL I-MODEL I-MODEL I-MODEL B-COLOR I-COLOR I-COLOR I-COLOR B-BRAND I-BRAND I-BRAND I-BRAND O O O O O O O,ハヤブサ|M403-76|ブラック
T01750,【即日発送】TSUBAKI ネイビー 冷蔵庫 T796-18,TSUBAKI,T796-18,ネイビー,O O O O O O B-BRAND I-BRAND I-BRAND I-BRAND I-BRAND I-BRAND I-BRAND O B-COLOR I-COLOR I-COLOR I-COLOR O O O O O B-MODEL I-MODEL I-MODEL I-MODEL I-MODEL I-MODEL I-MODEL,TSUBAKI|T796-18|ネイビー
T01751,★新品未使用★M39935 腕時計 シルバー KURO,KURO,M399-35,シルバー,O O O O O O O B-MODEL I-MODEL I-MODEL I-MODEL I-MODEL I-MODEL O O O O O B-COLOR I-COLOR I-COLOR I-COLOR O B-BRAND I-BRAND I-BRAND I-BRAND,KURO|M399-35|シルバー
T01752,【即日発送】O450-62 レッド 腕時計 TSUBAKI,TSUBAKI,O450-62,レッド,O O O O O O B-MODEL I-MODEL I-MODEL I-MODEL I-MODEL I-MODEL I-MODEL O B-COLOR I-COLOR I-COLOR O O O O O B-BRAND I-BRAND I-BRAND I-BRAND I-BRAND I-BRAND I-BRAND,TSUBAKI|O450-62|レッド
T01753,◆正規品◆TSUBAKI 腕時計 Y440-97 ブラック,TSUBAKI,Y440-97,ブラック,O O O O O B-BRAND I-BRAND I-BRAND I-BRAND I-BRAND I-BRAND I-BRAND O O O O O B-MODEL I-MODEL I-MODEL I-MODEL I-MODEL I-MODEL I-MODEL O B-COLOR I-COLOR I-COLOR I-COLOR,TSUBAKI|Y440-97|ブラック
T01754,ハヤブサ洗濯機ネイビーR12292,ハヤブサ,R122-92,ネイビー,B-BRAND I-BRAND I-BRAND I-BRAND O O O B-COLOR I-COLOR I-COLOR I-COLOR B-MODEL I-MODEL I-MODEL I-MODEL I-MODEL I-MODEL,ハヤブサ|R122-92|ネイビー
T01755,D669-47 グリーン スニーカー ノースピーク,ノースピーク,D669-47,グリーン,B-MODEL I-MODEL I-MODEL I-MODEL I-MODEL I-MODEL I-MODEL O B-COLOR I-COLOR I-COLOR I-COLOR O O O O O O O B-BRAND I-BRAND I-BRAND I-BRAND I-BRAND I-BRAND,ノースピーク|D669-47|グリーン
T01756,腕時計オオゾラX255-57ネイビー,オオゾラ,X255-57,ネイビー,O O O B-BRAND I-BRAND I-BRAND I-BRAND B-MODEL I-MODEL I-MODEL I-MODEL I-MODEL I-MODEL I-MODEL B-COLOR I-COLOR I-COLOR I-COLOR,オオゾラ|X255-57|ネイビー
T01757,ブラック冷蔵庫T927-74,,T927-74,ブラック,B-COLOR I-COLOR I-COLOR I-COLOR O O O B-MODEL I-MODEL I-MODEL I-MODEL I-MODEL I-MODEL I-MODEL,|T927-74|ブラック
T01758,腕時計 Q18373 ミドリワークス シルバー,ミドリワークス,Q183-73,シルバー,O O O O B-MODEL I-MODEL I-MODEL I-MODEL I-MODEL I-MODEL O B-BRAND I-BRAND I-BRAND I-BRAND I-BRAND I-BRAND I-BRAND O B-COLOR I-COLOR I-COLOR I-COLOR,ミドリワークス|Q183-73|シルバー
T01759,ホワイト Y477-83 ノートパソコン ハヤブサ,ハヤブサ,Y477-83,ホワイト,B-COLOR I-COLOR I-COLOR I-COLOR O B-MODEL I-MODEL I-MODEL I-MODEL I-MODEL I-MODEL I-MODEL O O O O O O O O O B-BRAND I-BRAND I-BRAND I-BRAND,ハヤブサ|Y477-83|ホワイト
T01760,ブラックハヤブサ腕時計Ｚ９７７－３１,ハヤブサ,Z977-31,ブラック,B-COLOR I-COLOR I-COLOR I-COLOR B-BRAND I-BRAND I-BRAND I-BRAND O O O B-MODEL I-MODEL I-MODEL I-MODEL I-MODEL I-MODEL I-MODEL,ハヤブサ|Z977-31|ブラック
T01761,W302-44 ノートパソコン ネイビー,,W302-44,ネイビー,B-MODEL I-MODEL I-MODEL I-MODEL I-MODEL I-MODEL I-MODEL O O O O O O O O O B-COLOR I-COLOR I-COLOR I-COLOR,|W302-44|ネイビー
T01762,O897-39ノートパソコングリーン,,O897-39,グリーン,B-MODEL I-MODEL I-MODEL I-MODEL I-MODEL I-MODEL I-MODEL O O O O O O O B-COLOR I-COLOR I-COLOR I-COLOR,|O897-39|グリーン
T01763,イヤホン グリーン W439-61 オオゾラ,オオゾラ,W439-61,グリーン,O O O O O B-COLOR I-COLOR I-COLOR I-COLOR O B-MODEL I-MODEL I-MODEL I-MODEL I-MODEL I-MODEL I-MODEL O B-BRAND I-BRAND I-BRAND I-BRAND,オオゾラ|W439-61|グリーン
T01764,O146-11 冷蔵庫 レッド KURO,KURO,O146-11,レッド,B-MODEL I-MODEL I-MODEL I-MODEL I-MODEL I-MODEL I-MODEL O O O O O B-COLOR I-COLOR I-COLOR O B-BRAND I-BRAND I-BRAND I-BRAND,KURO|O146-11|レッド
T01765,ブラック ノースピーク O255-44 ノートソコン,ノースピーク,O255-44,ブラック,B-COLOR I-COLOR I-COLOR I-COLOR O B-BRAND I-BRAND I-BRAND I-BRAND I-BRAND I-BRAND O B-MODEL I-MODEL I-MODEL I-MODEL I-MODEL I-MODEL I-MODEL O O O O O O O,ノースピーク|O255-44|ブラック
T01766,◆正規品◆ハヤブサ レッド G469-28 洗濯機,ハヤブサ,G469-28,レッド,O O O O O B-BRAND I-BRAND I-BRAND I-BRAND O B-COLOR I-COLOR I-COLOR O B-MODEL I-MODEL I-MODEL I-MODEL I-MODEL I-MODEL I-MODEL O O O O,ハヤブサ|G469-28|レッド
T01767,《アウトレット》ノートパソコンT835-68グリーン,,T835-68,グリーン,O O O O O O O O O O O O O O O B-MODEL I-MODEL I-MODEL I-MODEL I-MODEL I-MODEL I-MODEL B-COLOR I-COLOR I-COLOR I-COLOR,|T835-68|グリーン
T01768,【送料無料】J801-78 掃除機 グリーン TSUBAKI,TSUBAKI,J801-78,グリーン,O O O O O O B-MODEL I-MODEL I-MODEL I-MODEL I-MODEL I-MODEL I-MODEL O O O O O B-COLOR I-COLOR I-COLOR I-COLOR O B-BRAND I-BRAND I-BRAND I-BRAND I-BRAND I-BRAND I-BRAND,TSUBAKI|J801-78|グリーン
T01769,【送料無料】T24120イヤホンアカネ電機レッド,アカネ電機,T241-20,レッド,O O O O O O B-MODEL I-MODEL I-MODEL I-MODEL I-MODEL I-MODEL O O O O B-BRAND I-BRAND I-BRAND I-BRAND I-BRAND B-COLOR I-COLOR I-COLOR,アカネ電機|T241-20|レッド
T01770,《アウトレット》アカネ電機K238-27シルバーイヤホン,アカネ電機,K238-27,シルバー,O O O O O O O O B-BRAND I-BRAND I-BRAND I-BRAND I-BRAND B-MODEL I-MODEL I-MODEL I-MODEL I-MODEL I-MODEL I-MODEL B-COLOR I-COLOR I-COLOR I-COLOR O O O O,アカネ電機|K238-27|シルバー
T01771,【送料無料】ホワイト KURO L943-23 腕時計,KURO,L943-23,ホワイト,O O O O O O B-COLOR I-COLOR I-COLOR I-COLOR O B-BRAND I-BRAND I-BRAND I-BRAND O B-MODEL I-MODEL I-MODEL I-MODEL I-MODEL I-MODEL I-MODEL O O O O,KURO|L943-23|ホワイト
T01772,ノースピークブラックE763-1ノ7ートパソコン,ノースピーク,E763-17,ブラック,B-BRAND I-BRAND I-BRAND I-BRAND I-BRAND I-BRAND B-COLOR I-COLOR I-COLOR I-COLOR O O O O O O O O O O O O O O,ノースピーク|E763-17|ブラック
T01773,《アウトレット》H89015 冷蔵庫 ブラック TSUBAKI,TSUBAKI,H890-15,ブラック,O O O O O O O O B-MODEL I-MODEL I-MODEL I-MODEL I-MODEL I-MODEL O O O O O B-COLOR I-COLOR I-COLOR I-COLOR O B-BRAND I-BRAND I-BRAND I-BRAND I-BRAND I-BRAND I-BRAND,TSUBAKI|H890-15|ブラック
T01774,O898-98デイパックレッドノースピーク,ノースピーク,O898-98,レッド,B-MODEL I-MODEL I-MODEL I-MODEL I-MODEL I-MODEL I-MODEL O O O O O B-COLOR I-COLOR I-COLOR B-BRAND I-BRAND I-BRAND I-BRAND I-BRAND I-BRAND,ノースピーク|O898-98|レッド
T01775,デイパック ネイビー I119-55 オオゾラ,オオゾラ,I119-55,ネイビー,O O O O O O B-COLOR I-COLOR I-COLOR I-COLOR O B-MODEL I-MODEL I-MODEL I-MODEL I-MODEL I-MODEL I-MODEL O B-BRAND I-BRAND I-BRAND I-BRAND,オオゾラ|I119-55|ネイビー
T01776,【即日発送】J66080オオゾラホワイトスニーカー,オオゾラ,J660-80,ホワイト,O O O O O O B-MODEL I-MODEL I-MODEL I-MODEL I-MODEL I-MODEL B-BRAND I-BRAND I-BRAND I-BRAND B-COLOR I-COLOR I-COLOR I-COLOR O O O O O,オオゾラ|J660-80|ホワイト
T01777,掃除機 ゲンブ グリーン Ｃ８１８２１,ゲンブ,C818-21,グリーン,O O O O B-BRAND I-BRAND I-BRAND O B-COLOR I-COLOR I-COLOR I-COLOR O B-MODEL I-MODEL I-MODEL I-MODEL I-MODEL I-MODEL,ゲンブ|C818-21|グリーン
T01778,★新品未使用★X188-19 ブラック スニーカー ハヤブサ,ハヤブサ,X188-19,ブラック,O O O O O O O B-MODEL I-MODEL I-MODEL I-MODEL I-MODEL I-MODEL I-MODEL O B-COLOR I-COLOR I-COLOR I-COLOR O O O O O O O B-BRAND I-BRAND I-BRAND I-BRAND,ハヤブサ|X188-19|ブラック
T01779,ゲンブ 腕時計 ホワイト T394-55,ゲンブ,T394-55,ホワイト,B-BRAND I-BRAND I-BRAND O O O O O B-COLOR I-COLOR I-COLOR I-COLOR O B-MODEL I-MODEL I-MODEL I-MODEL I-MODEL I-MODEL I-MODEL,ゲンブ|T394-55|ホワイト
T01780,◆正規品◆イヤホン S64168 ゲンブ ネイビー,ゲンブ,S641-68,ネイビー,O O O O O O O O O O B-MODEL I-MODEL I-MODEL I-MODEL I-MODEL I-MODEL O B-BRAND I-BRAND I-BRAND O B-COLOR I-COLOR I-COLOR I-COLOR,ゲンブ|S641-68|ネイビー
T01781,ノートパソコンT216-23ミドリワークスレッド,ミドリワークス,T216-23,レッド,O O O O O O O B-MODEL I-MODEL I-MODEL I-MODEL I-MODEL I-MODEL I-MODEL B-BRAND I-BRAND I-BRAND I-BRAND I-BRAND I-BRAND I-BRAND B-COLOR I-COLOR I-COLOR,ミドリワークス|T216-23|レッド
T01782,掃除機 A866-92 ッレド,,A866-92,レッド,O O O O B-MODEL I-MODEL I-MODEL I-MODEL I-MODEL I-MODEL I-MODEL O O O O,|A866-92|レッド
T01783,デイパックグリーンA266-55ソライロ,ソライロ,A266-55,グリーン,O O O O O B-COLOR I-COLOR I-COLOR I-COLOR B-MODEL I-MODEL I-MODEL I-MODEL I-MODEL I-MODEL I-MODEL B-BRAND I-BRAND I-BRAND I-BRAND,ソライロ|A266-55|グリーン
T01784,ゲンブ ネイビー X483-16 洗濯機,ゲンブ,X483-16,ネイビー,B-BRAND I-BRAND I-BRAND O B-COLOR I-COLOR I-COLOR I-COLOR O B-MODEL I-MODEL I-MODEL I-MODEL I-MODEL I-MODEL I-MODEL O O O O,ゲンブ|X483-16|ネイビー
T01785,X96450ゲ ンブ ホワイト 腕時計,ゲンブ,X964-50,ホワイト,B-MODEL I-MODEL I-MODEL I-MODEL I-MODEL I-MODEL O O O O O B-COLOR I-COLOR I-COLOR I-COLOR O O O O,ゲンブ|X964-50|ホワイト
T01786,Ａ７４９－９４ TSUBAKI ノートパソコン シルバー,TSUBAKI,A749-94,シルバー,B-MODEL I-MODEL I-MODEL I-MODEL I-MODEL I-MODEL I-MODEL O B-BRAND I-BRAND I-BRAND I-BRAND I-BRAND I-BRAND I-BRAND O O O O O O O O O B-COLOR I-COLOR I-COLOR I-COLOR,TSUBAKI|A749-94|シルバー
T01787,◆正規品◆シラユキ I870-29 ホワイト 掃除機,シラユキ,I870-29,ホワイト,O O O O O B-BRAND I-BRAND I-BRAND I-BRAND O B-MODEL I-MODEL I-MODEL I-MODEL I-MODEL I-MODEL I-MODEL O B-COLOR I-COLOR I-COLOR I-COLOR O O O O,シラユキ|I870-29|ホワイト
T01788,デイパックホワイトオオゾラO612-69,オオゾラ,O612-69,ホワイト,O O O O O B-COLOR I-COLOR I-COLOR I-COLOR B-BRAND I-BRAND I-BRAND I-BRAND B-MODEL I-MODEL I-MODEL I-MODEL I-MODEL I-MODEL I-MODEL,オオゾラ|O612-69|ホワイト
T01789,シラユキ スニーカー R989-56 レッド,シラユキ,R989-56,レッド,B-BRAND I-BRAND I-BRAND I-BRAND O O O O O O O B-MODEL I-MODEL I-MODEL I-MODEL I-MODEL I-MODEL I-MODEL O B-COLOR I-COLOR I-COLOR,シラユキ|R989-56|レッド
T01790,★新品未使用★ホワイトソライロＭ１０７－４３掃除機,ソライロ,M107-43,ホワイト,O O O O O O O B-COLOR I-COLOR I-COLOR I-COLOR B-BRAND I-BRAND I-BRAND I-BRAND B-MODEL I-MODEL I-MODEL I-MODEL I-MODEL I-MODEL I-MODEL O O O,ソライロ|M107-43|ホワイト
T01791,洗濯機 ネイビー KURO E664-44,KURO,E664-44,ネイビー,O O O O B-COLOR I-COLOR I-COLOR I-COLOR O B-BRAND I-BRAND I-BRAND I-BRAND O B-MODEL I-MODEL I-MODEL I-MODEL I-MODEL I-MODEL I-MODEL,KURO|E664-44|ネイビー
T01792,ブラックノースピークY37365スニーカー,ノースピーク,Y373-65,ブラック,B-COLOR I-COLOR I-COLOR I-COLOR B-BRAND I-BRAND I-BRAND I-BRAND I-BRAND I-BRAND B-MODEL I-MODEL I-MODEL I-MODEL I-MODEL I-MODEL O O O O O,ノースピーク|Y373-65|ブラック
T01793,T499-88シルバーソライロデイパック,ソライロ,T499-88,シルバー,B-MODEL I-MODEL I-MODEL I-MODEL I-MODEL I-MODEL I-MODEL B-COLOR I-COLOR I-COLOR I-COLOR B-BRAND I-BRAND I-BRAND I-BRAND O O O O O,ソライロ|T499-88|シルバー
T01794,グリーン N628-35 掃除機 ゲンブ,ゲンブ,N628-35,グリーン,B-COLOR I-COLOR I-COLOR I-COLOR O B-MODEL I-MODEL I-MODEL I-MODEL I-MODEL I-MODEL I-MODEL O O O O O B-BRAND I-BRAND I-BRAND,ゲンブ|N628-35|グリーン
T01795,Ｚ４１０－７５ ネイビー デイパック ソラロ,ソライロ,Z410-75,ネイビー,B-MODEL I-MODEL I-MODEL I-MODEL I-MODEL I-MODEL I-MODEL O B-COLOR I-COLOR I-COLOR I-COLOR O O O O O O O O O O,ソライロ|Z410-75|ネイビー
T01796,【即日発送】スニーカー ノースピーク V479-9 ブラック,ノースピーク,V479-90,ブラック,O O O O O O O O O O O O B-BRAND I-BRAND I-BRAND I-BRAND I-BRAND I-BRAND O O O O O O O O B-COLOR I-COLOR I-COLOR I-COLOR,ノースピーク|V479-90|ブラック
T01797,ノートパソコン シルバー Q629-63,,Q629-63,シルバー,O O O O O O O O B-COLOR I-COLOR I-COLOR I-COLOR O B-MODEL I-MODEL I-MODEL I-MODEL I-MODEL I-MODEL I-MODEL,|Q629-63|シルバー
T01798,【即日発送】腕時計 アカネ電機 N60210 ホワイト,アカネ電機,N602-10,ホワイト,O O O O O O O O O O B-BRAND I-BRAND I-BRAND I-BRAND I-BRAND O B-MODEL I-MODEL I-MODEL I-MODEL I-MODEL I-MODEL O B-COLOR I-COLOR I-COLOR I-COLOR,アカネ電機|N602-10|ホワイト
T01799,ブラック Q73226 ハヤブサ 洗濯機,ハヤブサ,Q732-26,ブラック,B-COLOR I-COLOR I-COLOR I-COLOR O B-MODEL I-MODEL I-MODEL I-MODEL I-MODEL I-MODEL O B-BRAND I-BRAND I-BRAND I-BRAND O O O O,ハヤブサ|Q732-26|ブラック
T01800,オオゾラレッドY666-64イヤホン,オオゾラ,Y666-64,レッド,B-BRAND I-BRAND I-BRAND I-BRAND B-COLOR I-COLOR I-COLOR B-MODEL I-MODEL I-MODEL I-MODEL I-MODEL I-MODEL I-MODEL O O O O,オオゾラ|Y666-64|レッド
T01801,ホワイト R92436 ノートパソコン ゲンブ,ゲンブ,R924-36,ホワイト,B-COLOR I-COLOR I-COLOR I-COLOR O B-MODEL I-MODEL I-MODEL I-MODEL I-MODEL I-MODEL O O O O O O O O O B-BRAND I-BRAND I-BRAND,ゲンブ|R924-36|ホワイト
T01802,W28412 ホワイト ソライロ 冷蔵庫,ソライロ,W284-12,ホワイト,B-MODEL I-MODEL I-MODEL I-MODEL I-MODEL I-MODEL O B-COLOR I-COLOR I-COLOR I-COLOR O B-BRAND I-BRAND I-BRAND I-BRAND O O O O,ソライロ|W284-12|ホワイト
T01803,Ｘ４５６－４５ノートパソコングリーン,,X456-45,グリーン,B-MODEL I-MODEL I-MODEL I-MODEL I-MODEL I-MODEL I-MODEL O O O O O O O B-COLOR I-COLOR I-COLOR I-COLOR,|X456-45|グリーン
T01804,ホワイト TSUBAKI B869-83 冷蔵庫,TSUBAKI,B869-83,ホワイト,B-COLOR I-COLOR I-COLOR I-COLOR O B-BRAND I-BRAND I-BRAND I-BRAND I-BRAND I-BRAND I-BRAND O B-MODEL I-MODEL I-MODEL I-MODEL I-MODEL I-MODEL I-MODEL O O O O,TSUBAKI|B869-83|ホワイト
T01805,W49760 冷蔵庫 ブラック ノースピーク,ノースピーク,W497-60,ブラック,B-MODEL I-MODEL I-MODEL I-MODEL I-MODEL I-MODEL O O O O O B-COLOR I-COLOR I-COLOR I-COLOR O B-BRAND I-BRAND I-BRAND I-BRAND I-BRAND I-BRAND,ノースピーク|W497-60|ブラック
T01806,Ｈ９７１－１８ シルバー 腕時計 TSUBAKI,TSUBAKI,H971-18,シルバー,B-MODEL I-MODEL I-MODEL I-MODEL I-MODEL I-MODEL I-MODEL O B-COLOR I-COLOR I-COLOR I-COLOR O O O O O B-BRAND I-BRAND I-BRAND I-BRAND I-BRAND I-BRAND I-BRAND,TSUBAKI|H971-18|シルバー
T01807,F551-45 TSUBAKI 腕時計 ネイビー,TSUBAKI,F551-45,ネイビー,B-MODEL I-MODEL I-MODEL I-MODEL I-MODEL I-MODEL I-MODEL O B-BRAND I-BRAND I-BRAND I-BRAND I-BRAND I-BRAND I-BRAND O O O O O B-COLOR I-COLOR I-COLOR I-COLOR,TSUBAKI|F551-45|ネイビー
T01808,S861-10 ゲンブグ リーン 腕時計,ゲンブ,S861-10,グリーン,B-MODEL I-MODEL I-MODEL I-MODEL I-MODEL I-MODEL I-MODEL O B-BRAND I-BRAND I-BRAND O O O O O O O O O,ゲンブ|S861-10|グリーン
T01809,ノースピークグリーンF571-39掃除機,ノースピーク,F571-39,グリーン,B-BRAND I-BRAND I-BRAND I-BRAND I-BRAND I-BRAND B-COLOR I-COLOR I-COLOR I-COLOR B-MODEL I-MODEL I-MODEL I-MODEL I-MODEL I-MODEL I-MODEL O O O,ノースピーク|F571-39|グリーン
T01810,《アウトレット》洗濯機KUROO214-70ブラック,KURO,O214-70,ブラック,O O O O O O O O O O O B-BRAND I-BRAND I-BRAND I-BRAND B-MODEL I-MODEL I-MODEL I-MODEL I-MODEL I-MODEL I-MODEL B-COLOR I-COLOR I-COLOR I-COLOR,KURO|O214-70|ブラック
T01811,ミドリワークス ネイビー Ｚ４１０５７ 冷蔵庫,ミドリワークス,Z410-57,ネイビー,B-BRAND I-BRAND I-BRAND I-BRAND I-BRAND I-BRAND I-BRAND O B-COLOR I-COLOR I-COLOR I-COLOR O B-MODEL I-MODEL I-MODEL I-MODEL I-MODEL I-MODEL O O O O,ミドリワークス|Z410-57|ネイビー
T01812,スニーカーＦ６３４－４８シルバーアカネ電機,アカネ電機,F634-48,シルバー,O O O O O B-MODEL I-MODEL I-MODEL I-MODEL I-MODEL I-MODEL I-MODEL B-COLOR I-COLOR I-COLOR I-COLOR B-BRAND I-BRAND I-BRAND I-BRAND I-BRAND,アカネ電機|F634-48|シルバー
T01813,シルバー掃除機Ｐ８４５－７９ミドリワークス,ミドリワークス,P845-79,シルバー,B-COLOR I-COLOR I-COLOR I-COLOR O O O B-MODEL I-MODEL I-MODEL I-MODEL I-MODEL I-MODEL I-MODEL B-BRAND I-BRAND I-BRAND I-BRAND I-BRAND I-BRAND I-BRAND,ミドリワークス|P845-79|シルバー
T01814,イヤホン Ｌ２８２－８５ オオゾラ ブラック,オオゾラ,L282-85,ブラック,O O O O O B-MODEL I-MODEL I-MODEL I-MODEL I-MODEL I-MODEL I-MODEL O B-BRAND I-BRAND I-BRAND I-BRAND O B-COLOR I-COLOR I-COLOR I-COLOR,オオゾラ|L282-85|ブラック
T01815,ハヤブサ掃除機グリーンP649-47,ハヤブサ,P649-47,グリーン,B-BRAND I-BRAND I-BRAND I-BRAND O O O B-COLOR I-COLOR I-COLOR I-COLOR B-MODEL I-MODEL I-MODEL I-MODEL I-MODEL I-MODEL I-MODEL,ハヤブサ|P649-47|グリーン
T01816,腕時計 シルバー A604-28,,A604-28,シルバー,O O O O B-COLOR I-COLOR I-COLOR I-COLOR O B-MODEL I-MODEL I-MODEL I-MODEL I-MODEL I-MODEL I-MODEL,|A604-28|シルバー
T01817,腕時計ノーピスークブラックV62340,ノースピーク,V623-40,ブラック,O O O O O O O O O B-COLOR I-COLOR I-COLOR I-COLOR B-MODEL I-MODEL I-MODEL I-MODEL I-MODEL I-MODEL,ノースピーク|V623-40|ブラック
T01818,グリーン 冷蔵庫 Ｖ２６５５４ ソライロ,ソライロ,V265-54,グリーン,B-COLOR I-COLOR I-COLOR I-COLOR O O O O O O O O O O O O B-BRAND I-BRAND I-BRAND I-BRAND,ソライロ|V265-54|グリーン
T01819,H706-73 ノートパソコン ネイビー TSUBAKI,TSUBAKI,H706-73,ネイビー,B-MODEL I-MODEL I-MODEL I-MODEL I-MODEL I-MODEL I-MODEL O O O O O O O O O B-COLOR I-COLOR I-COLOR I-COLOR O B-BRAND I-BRAND I-BRAND I-BRAND I-BRAND I-BRAND I-BRAND,TSUBAKI|H706-73|ネイビー
T01820,掃除機 ゲンブ L181-60 ホワイト,ゲンブ,L181-60,ホワイト,O O O O B-BRAND I-BRAND I-BRAND O B-MODEL I-MODEL I-MODEL I-MODEL I-MODEL I-MODEL I-MODEL O B-COLOR I-COLOR I-COLOR I-COLOR,ゲンブ|L181-60|ホワイト
T01821,《アウトレット》腕時計 P799-18 シルバー ノースピーク,ノースピーク,P799-18,シルバー,O O O O O O O O O O O O B-MODEL I-MODEL I-MODEL I-MODEL I-MODEL I-MODEL I-MODEL O B-COLOR I-COLOR I-COLOR I-COLOR O B-BRAND I-BRAND I-BRAND I-BRAND I-BRAND I-BRAND,ノースピーク|P799-18|シルバー
T01822,スニーカー P837-71 ネイビー,,P837-17,ネイビー,O O O O O O O O O O O O O O B-COLOR I-COLOR I-COLOR I-COLOR,|P837-17|ネイビー
T01823,《アウトレット》デイパック アカネ電機 シルバー Q844-97,アカネ電機,Q844-97,シルバー,O O O O O O O O O O O O O O B-BRAND I-BRAND I-BRAND I-BRAND I-BRAND O B-COLOR I-COLOR I-COLOR I-COLOR O B-MODEL I-MODEL I-MODEL I-MODEL I-MODEL I-MODEL I-MODEL,アカネ電機|Q844-97|シルバー
T01824,Q37829 冷蔵庫 ネイビー ミドリワークス,ミドリワークス,Q378-29,ネイビー,B-MODEL I-MODEL I-MODEL I-MODEL I-MODEL I-MODEL O O O O O B-COLOR I-COLOR I-COLOR I-COLOR O B-BRAND I-BRAND I-BRAND I-BRAND I-BRAND I-BRAND I-BRAND,ミドリワークス|Q378-29|ネイビー
T01825,《アウトレット》KURO A918-86 ホワイト スニーカー,KURO,A918-86,ホワイト,O O O O O O O O B-BRAND I-BRAND I-BRAND I-BRAND O B-MODEL I-MODEL I-MODEL I-MODEL I-MODEL I-MODEL I-MODEL O B-COLOR I-COLOR I-COLOR I-COLOR O O O O O O,KURO|A918-86|ホワイト
T01826,《アウトレット》R530-22 腕時計 レッド,,R530-22,レッド,O O O O O O O O B-MODEL I-MODEL I-MODEL I-MODEL I-MODEL I-MODEL I-MODEL O O O O O B-COLOR I-COLOR I-COLOR,|R530-22|レッド
T01827,《アウトレット》B600-64 スニーカー ネイビー アカネ電機,アカネ電機,B600-64,ネイビー,O O O O O O O O B-MODEL I-MODEL I-MODEL I-MODEL I-MODEL I-MODEL I-MODEL O O O O O O O B-COLOR I-COLOR I-COLOR I-COLOR O B-BRAND I-BRAND I-BRAND I-BRAND I-BRAND,アカネ電機|B600-64|ネイビー
T01828,G21888洗濯機グリーン,,G218-88,グリーン,O O O O O O O O O B-COLOR I-COLOR I-COLOR I-COLOR,|G218-88|グリーン
T01829,H324-69 ミドリワークス ノートパソコン ブラック,ミドリワークス,H324-69,ブラック,B-MODEL I-MODEL I-MODEL I-MODEL I-MODEL I-MODEL I-MODEL O B-BRAND I-BRAND I-BRAND I-BRAND I-BRAND I-BRAND I-BRAND O O O O O O O O O B-COLOR I-COLOR I-COLOR I-COLOR,ミドリワークス|H324-69|ブラック
T01830,【送料無料】U138-95ブラック腕時計TSUBAKI,TSUBAKI,U138-95,ブラック,O O O O O O B-MODEL I-MODEL I-MODEL I-MODEL I-MODEL I-MODEL I-MODEL B-COLOR I-COLOR I-COLOR I-COLOR O O O B-BRAND I-BRAND I-BRAND I-BRAND I-BRAND I-BRAND I-BRAND,TSUBAKI|U138-95|ブラック
T01831,ノートパソコングリーンＹ７６８－７８ソライロ,ソライロ,Y768-78,グリーン,O O O O O O O B-COLOR I-COLOR I-COLOR I-COLOR B-MODEL I-MODEL I-MODEL I-MODEL I-MODEL I-MODEL I-MODEL B-BRAND I-BRAND I-BRAND I-BRAND,ソライロ|Y768-78|グリーン
T01832,ソライロ ホワイト Ａ５３６９６ ノートパソコン,ソライロ,A536-96,ホワイト,B-BRAND I-BRAND I-BRAND I-BRAND O B-COLOR I-COLOR I-COLOR I-COLOR O B-MODEL I-MODEL I-MODEL I-MODEL I-MODEL I-MODEL O O O O O O O O,ソライロ|A536-96|ホワイト
T01833,Ｑ８１４－７３シルバー腕時計シラユキ,シラユキ,Q814-73,シルバー,B-MODEL I-MODEL I-MODEL I-MODEL I-MODEL I-MODEL I-MODEL B-COLOR I-COLOR I-COLOR I-COLOR O O O B-BRAND I-BRAND I-BRAND I-BRAND,シラユキ|Q814-73|シルバー
T01834,KURO ホワイト Ｒ２４０－２９ ノートパソコン,KURO,R240-29,ホワイト,B-BRAND I-BRAND I-BRAND I-BRAND O B-COLOR I-COLOR I-COLOR I-COLOR O B-MODEL I-MODEL I-MODEL I-MODEL I-MODEL I-MODEL I-MODEL O O O O O O O O,KURO|R240-29|ホワイト
T01835,U11277 ネイビー ミドリワークス 洗濯機,ミドリワークス,U112-77,ネイビー,B-MODEL I-MODEL I-MODEL I-MODEL I-MODEL I-MODEL O B-COLOR I-COLOR I-COLOR I-COLOR O B-BRAND I-BRAND I-BRAND I-BRAND I-BRAND I-BRAND I-BRAND O O O O,ミドリワークス|U112-77|ネイビー
T01836,U15074 冷蔵庫 オオゾラ シルバー,オオゾラ,U150-74,シルバー,B-MODEL I-MODEL I-MODEL I-MODEL I-MODEL I-MODEL O O O O O B-BRAND I-BRAND I-BRAND I-BRAND O B-COLOR I-COLOR I-COLOR I-COLOR,オオゾラ|U150-74|シルバー
T01837,★新品未使用★グリーン K371-46 デイパック,,K371-46,グリーン,O O O O O O O B-COLOR I-COLOR I-COLOR I-COLOR O B-MODEL I-MODEL I-MODEL I-MODEL I-MODEL I-MODEL I-MODEL O O O O O O,|K371-46|グリーン
T01838,ホワイトイヤホンW100-79KURO,KURO,W100-79,ホワイト,B-COLOR I-COLOR I-COLOR I-COLOR O O O O B-MODEL I-MODEL I-MODEL I-MODEL I-MODEL I-MODEL I-MODEL B-BRAND I-BRAND I-BRAND I-BRAND,KURO|W100-79|ホワイト
T01839,グリーン M944-55 掃除機 ハヤブサ,ハヤブサ,M944-55,グリーン,B-COLOR I-COLOR I-COLOR I-COLOR O B-MODEL I-MODEL I-MODEL I-MODEL I-MODEL I-MODEL I-MODEL O O O O O B-BRAND I-BRAND I-BRAND I-BRAND,ハヤブサ|M944-55|グリーン
T01840,ノートパソコン オオゾラ ブラック I918-36,オオゾラ,I918-36,ブラック,O O O O O O O O B-BRAND I-BRAND I-BRAND I-BRAND O B-COLOR I-COLOR I-COLOR I-COLOR O B-MODEL I-MODEL I-MODEL I-MODEL I-MODEL I-MODEL I-MODEL,オオゾラ|I918-36|ブラック
T01841,レッド掃除機L437-25KURO,KURO,L437-25,レッド,B-COLOR I-COLOR I-COLOR O O O B-MODEL I-MODEL I-MODEL I-MODEL I-MODEL I-MODEL I-MODEL B-BRAND I-BRAND I-BRAND I-BRAND,KURO|L437-25|レッド
T01842,ノートパソコン ネイビー X43752 TSUBAKI,TSUBAKI,X437-52,ネイビー,O O O O O O O O B-COLOR I-COLOR I-COLOR I-COLOR O B-MODEL I-MODEL I-MODEL I-MODEL I-MODEL I-MODEL O B-BRAND I-BRAND I-BRAND I-BRAND I-BRAND I-BRAND I-BRAND,TSUBAKI|X437-52|ネイビー
T01843,【送料無料】B92558 グリーン TSUBAKI 掃除機,TSUBAKI,B925-58,グリーン,O O O O O O B-MODEL I-MODEL I-MODEL I-MODEL I-MODEL I-MODEL O B-COLOR I-COLOR I-COLOR I-COLOR O B-BRAND I-BRAND I-BRAND I-BRAND I-BRAND I-BRAND I-BRAND O O O O,TSUBAKI|B925-58|グリーン
T01844,ホワイトＩ８３１３３デイパック,,I831-33,ホワイト,B-COLOR I-COLOR I-COLOR I-COLOR B-MODEL I-MODEL I-MODEL I-MODEL I-MODEL I-MODEL O O O O O,|I831-33|ホワイト
T01845,◆正規品◆デイパック Y708-36 ブラック ミドリワークス,ミドリワークス,Y708-36,ブラック,O O O O O O O O O O O B-MODEL I-MODEL I-MODEL I-MODEL I-MODEL I-MODEL I-MODEL O B-COLOR I-COLOR I-COLOR I-COLOR O B-BRAND I-BRAND I-BRAND I-BRAND I-BRAND I-BRAND I-BRAND,ミドリワークス|Y708-36|ブラック
T01846,シラユキT685-30ノートパソコンレッド,シラユキ,T685-30,レッド,B-BRAND I-BRAND I-BRAND I-BRAND B-MODEL I-MODEL I-MODEL I-MODEL I-MODEL I-MODEL I-MODEL O O O O O O O B-COLOR I-COLOR I-COLOR,シラユキ|T685-30|レッド
T01847,ソライロW571-79ノートパソコンシルバー,ソライロ,W571-79,シルバー,B-BRAND I-BRAND I-BRAND I-BRAND B-MODEL I-MODEL I-MODEL I-MODEL I-MODEL I-MODEL I-MODEL O O O O O O O B-COLOR I-COLOR I-COLOR I-COLOR,ソライロ|W571-79|シルバー
T01848,ソライロ W129-29 ブラック デイパック,ソライロ,W129-29,ブラック,B-BRAND I-BRAND I-BRAND I-BRAND O B-MODEL I-MODEL I-MODEL I-MODEL I-MODEL I-MODEL I-MODEL O B-COLOR I-COLOR I-COLOR I-COLOR O O O O O O,ソライロ|W129-29|ブラック
T01849,シルバー オオゾラ スニーカー N915-77,オオゾラ,N915-77,シルバー,B-COLOR I-COLOR I-COLOR I-COLOR O B-BRAND I-BRAND I-BRAND I-BRAND O O O O O O O B-MODEL I-MODEL I-MODEL I-MODEL I-MODEL I-MODEL I-MODEL,オオゾラ|N915-77|シルバー
T01850,レッドミドリワークスS19462冷蔵庫,ミドリワークス,S194-62,レッド,B-COLOR I-COLOR I-COLOR B-BRAND I-BRAND I-BRAND I-BRAND I-BRAND I-BRAND I-BRAND B-MODEL I-MODEL I-MODEL I-MODEL I-MODEL I-MODEL O O O,ミドリワークス|S194-62|レッド
T01851,【送料無料】ネイビー ノースピーク デイパック Ｓ６６３－３４,ノースピーク,S663-34,ネイビー,O O O O O O B-COLOR I-COLOR I-COLOR I-COLOR O B-BRAND I-BRAND I-BRAND I-BRAND I-BRAND I-BRAND O O O O O O O B-MODEL I-MODEL I-MODEL I-MODEL I-MODEL I-MODEL I-MODEL,ノースピーク|S663-34|ネイビー
T01852,イヤホン ネイビー Ｑ５６６－８１ ハヤブサ,ハヤブサ,Q566-81,ネイビー,O O O O O B-COLOR I-COLOR I-COLOR I-COLOR O B-MODEL I-MODEL I-MODEL I-MODEL I-MODEL I-MODEL I-MODEL O B-BRAND I-BRAND I-BRAND I-BRAND,ハヤブサ|Q566-81|ネイビー
T01853,E736-82ソライロ腕時計レッド,ソライロ,E736-82,レッド,B-MODEL I-MODEL I-MODEL I-MODEL I-MODEL I-MODEL I-MODEL B-BRAND I-BRAND I-BRAND I-BRAND O O O B-COLOR I-COLOR I-COLOR,ソライロ|E736-82|レッド
T01854,ホワイト 腕時計 Ｓ５８４８１ ノースピーク,ノースピーク,S584-81,ホワイト,B-COLOR I-COLOR I-COLOR I-COLOR O O O O O B-MODEL I-MODEL I-MODEL I-MODEL I-MODEL I-MODEL O B-BRAND I-BRAND I-BRAND I-BRAND I-BRAND I-BRAND,ノースピーク|S584-81|ホワイト
T01855,【即日発送】冷蔵庫 Ｊ７８９－２６ ハヤブサ ホワイト,ハヤブサ,J789-26,ホワイト,O O O O O O O O O O B-MODEL I-MODEL I-MODEL I-MODEL I-MODEL I-MODEL I-MODEL O B-BRAND I-BRAND I-BRAND I-BRAND O B-COLOR I-COLOR I-COLOR I-COLOR,ハヤブサ|J789-26|ホワイト
T01856,掃除機 H369-68 シラユキ ホワイト,シラユキ,H369-68,ホワイト,O O O O B-MODEL I-MODEL I-MODEL I-MODEL I-MODEL I-MODEL I-MODEL O B-BRAND I-BRAND I-BRAND I-BRAND O B-COLOR I-COLOR I-COLOR I-COLOR,シラユキ|H369-68|ホワイト
T01857,洗濯機 TSUBAKI ホワイト B687-92,TSUBAKI,B687-92,ホワイト,O O O O B-BRAND I-BRAND I-BRAND I-BRAND I-BRAND I-BRAND I-BRAND O B-COLOR I-COLOR I-COLOR I-COLOR O B-MODEL I-MODEL I-MODEL I-MODEL I-MODEL I-MODEL I-MODEL,TSUBAKI|B687-92|ホワイト
T01858,冷蔵庫 ミドリワークス ブラック H563-50,ミドリワークス,H563-50,ブラック,O O O O B-BRAND I-BRAND I-BRAND I-BRAND I-BRAND I-BRAND I-BRAND O B-COLOR I-COLOR I-COLOR I-COLOR O B-MODEL I-MODEL I-MODEL I-MODEL I-MODEL I-MODEL I-MODEL,ミドリワークス|H563-50|ブラック
T01859,腕時計 Ｓ８５４－８２ ブラック KURO,KURO,S854-82,ブラック,O O O O B-MODEL I-MODEL I-MODEL I-MODEL I-MODEL I-MODEL I-MODEL O B-COLOR I-COLOR I-COLOR I-COLOR O B-BRAND I-BRAND I-BRAND I-BRAND,KURO|S854-82|ブラック
T01860,D531-61 ノートパソコン ネイビー,,D531-61,ネイビー,B-MODEL I-MODEL I-MODEL I-MODEL I-MODEL I-MODEL I-MODEL O O O O O O O O O B-COLOR I-COLOR I-COLOR I-COLOR,|D531-61|ネイビー
T01861,Ｚ７７２－２１ ホワイト ノートパソコン,,Z772-21,ホワイト,B-MODEL I-MODEL I-MODEL I-MODEL I-MODEL I-MODEL I-MODEL O B-COLOR I-COLOR I-COLOR I-COLOR O O O O O O O O,|Z772-21|ホワイト
T01862,ノートパソコン Ｄ３３３－４８ ネイビー シラユキ,シラユキ,D333-48,ネイビー,O O O O O O O O B-MODEL I-MODEL I-MODEL I-MODEL I-MODEL I-MODEL I-MODEL O B-COLOR I-COLOR I-COLOR I-COLOR O B-BRAND I-BRAND I-BRAND I-BRAND,シラユキ|D333-48|ネイビー
T01863,スニーカーアカネ電機B84448グリーン,アカネ電機,B844-48,グリーン,O O O O O B-BRAND I-BRAND I-BRAND I-BRAND I-BRAND B-MODEL I-MODEL I-MODEL I-MODEL I-MODEL I-MODEL B-COLOR I-COLOR I-COLOR I-COLOR,アカネ電機|B844-48|グリーン
T01864,【即日発送】Y957-39 グリーン アカネ電機 洗濯機,アカネ電機,Y957-39,グリーン,O O O O O O B-MODEL I-MODEL I-MODEL I-MODEL I-MODEL I-MODEL I-MODEL O B-COLOR I-COLOR I-COLOR I-COLOR O B-BRAND I-BRAND I-BRAND I-BRAND I-BRAND O O O O,アカネ電機|Y957-39|グリーン
T01865,ブラック イヤホン アカネ電機 Ｕ７３５－１０,アカネ電機,U735-10,ブラック,B-COLOR I-COLOR I-COLOR I-COLOR O O O O O O B-BRAND I-BRAND I-BRAND I-BRAND I-BRAND O B-MODEL I-MODEL I-MODEL I-MODEL I-MODEL I-MODEL I-MODEL,アカネ電機|U735-10|ブラック
T01866,グリーン Ｍ８０３８５ 腕時計 ゲンブ,ゲンブ,M803-85,グリーン,B-COLOR I-COLOR I-COLOR I-COLOR O B-MODEL I-MODEL I-MODEL I-MODEL I-MODEL I-MODEL O O O O O B-BRAND I-BRAND I-BRAND,ゲンブ|M803-85|グリーン
T01867,デイパック レッド KURO E65491,KURO,E654-91,レッド,O O O O O O B-COLOR I-COLOR I-COLOR O B-BRAND I-BRAND I-BRAND I-BRAND O B-MODEL I-MODEL I-MODEL I-MODEL I-MODEL I-MODEL,KURO|E654-91|レッド
T01868,ノートパソコン ネイビー E352-95 KURO,KURO,E352-95,ネイビー,O O O O O O O O B-COLOR I-COLOR I-COLOR I-COLOR O B-MODEL I-MODEL I-MODEL I-MODEL I-MODEL I-MODEL I-MODEL O B-BRAND I-BRAND I-BRAND I-BRAND,KURO|E352-95|ネイビー
T01869,ミドリワークス 冷蔵庫 O650-87 ブラック,ミドリワークス,O650-87,ブラック,B-BRAND I-BRAND I-BRAND I-BRAND I-BRAND I-BRAND I-BRAND O O O O O B-MODEL I-MODEL I-MODEL I-MODEL I-MODEL I-MODEL I-MODEL O B-COLOR I-COLOR I-COLOR I-COLOR,ミドリワークス|O650-87|ブラック
T01870,グリーン ノースピーク イヤホン C59044,ノースピーク,C590-44,グリーン,B-COLOR I-COLOR I-COLOR I-COLOR O B-BRAND I-BRAND I-BRAND I-BRAND I-BRAND I-BRAND O O O O O O B-MODEL I-MODEL I-MODEL I-MODEL I-MODEL I-MODEL,ノースピーク|C590-44|グリーン
T01871,洗濯機ミドリワークスＦ９５３７６シルバー,ミドリワークス,F953-76,シルバー,O O O B-BRAND I-BRAND I-BRAND I-BRAND I-BRAND I-BRAND I-BRAND B-MODEL I-MODEL I-MODEL I-MODEL I-MODEL I-MODEL B-COLOR I-COLOR I-COLOR I-COLOR,ミドリワークス|F953-76|シルバー
T01872,《アウトレット》A159-82 ハヤブサ ブラック 掃除機,ハヤブサ,A159-82,ブラック,O O O O O O O O B-MODEL I-MODEL I-MODEL I-MODEL I-MODEL I-MODEL I-MODEL O B-BRAND I-BRAND I-BRAND I-BRAND O B-COLOR I-COLOR I-COLOR I-COLOR O O O O,ハヤブサ|A159-82|ブラック
T01873,腕時計Ｖ４２４２３シルバー,,V424-23,シルバー,O O O B-MODEL I-MODEL I-MODEL I-MODEL I-MODEL I-MODEL B-COLOR I-COLOR I-COLOR I-COLOR,|V424-23|シルバー
T01874,【即日発送】ホワイト ノースピーク L198-42 イヤホン,ノースピーク,L198-42,ホワイト,O O O O O O B-COLOR I-COLOR I-COLOR I-COLOR O B-BRAND I-BRAND I-BRAND I-BRAND I-BRAND I-BRAND O B-MODEL I-MODEL I-MODEL I-MODEL I-MODEL I-MODEL I-MODEL O O O O O,ノースピーク|L198-42|ホワイト
T01875,腕時計 Ｖ１５１－８６ グリーン ソライロ,ソライロ,V151-86,グリーン,O O O O B-MODEL I-MODEL I-MODEL I-MODEL I-MODEL I-MODEL I-MODEL O B-COLOR I-COLOR I-COLOR I-COLOR O B-BRAND I-BRAND I-BRAND I-BRAND,ソライロ|V151-86|グリーン
T01876,★新品未使用★レッド 腕時計 T58451 ミドリワークス,ミドリワークス,T584-51,レッド,O O O O O O O B-COLOR I-COLOR I-COLOR O O O O O B-MODEL I-MODEL I-MODEL I-MODEL I-MODEL I-MODEL O B-BRAND I-BRAND I-BRAND I-BRAND I-BRAND I-BRAND I-BRAND,ミドリワークス|T584-51|レッド
T01877,N139-21洗濯機ソライログリーン,ソライロ,N139-21,グリーン,B-MODEL I-MODEL I-MODEL I-MODEL I-MODEL I-MODEL I-MODEL O O O B-BRAND I-BRAND I-BRAND I-BRAND B-COLOR I-COLOR I-COLOR I-COLOR,ソライロ|N139-21|グリーン
T01878,《アウトレット》D549-76 ネイビー ノースピーク ノートパソコン,ノースピーク,D549-76,ネイビー,O O O O O O O O B-MODEL I-MODEL I-MODEL I-MODEL I-MODEL I-MODEL I-MODEL O B-COLOR I-COLOR I-COLOR I-COLOR O B-BRAND I-BRAND I-BRAND I-BRAND I-BRAND I-BRAND O O O O O O O O,ノースピーク|D549-76|ネイビー
T01879,◆正規品◆ブラック D937-36 イヤホン TSUBAKI,TSUBAKI,D937-36,ブラック,O O O O O B-COLOR I-COLOR I-COLOR I-COLOR O B-MODEL I-MODEL I-MODEL I-MODEL I-MODEL I-MODEL I-MODEL O O O O O O B-BRAND I-BRAND I-BRAND I-BRAND I-BRAND I-BRAND I-BRAND,TSUBAKI|D937-36|ブラック
T01880,ノースピーク C29788 ブラック 冷蔵庫,ノースピーク,C297-88,ブラック,B-BRAND I-BRAND I-BRAND I-BRAND I-BRAND I-BRAND O B-MODEL I-MODEL I-MODEL I-MODEL I-MODEL I-MODEL O B-COLOR I-COLOR I-COLOR I-COLOR O O O O,ノースピーク|C297-88|ブラック
T01881,Ｚ３２８－１６ ノートパソコン ソライロ グリーン,ソライロ,Z328-16,グリーン,B-MODEL I-MODEL I-MODEL I-MODEL I-MODEL I-MODEL I-MODEL O O O O O O O O O B-BRAND I-BRAND I-BRAND I-BRAND O B-COLOR I-COLOR I-COLOR I-COLOR,ソライロ|Z328-16|グリーン
T01882,ホワイトY89847洗濯機,,Y898-47,ホワイト,B-COLOR I-COLOR I-COLOR I-COLOR B-MODEL I-MODEL I-MODEL I-MODEL I-MODEL I-MODEL O O O,|Y898-47|ホワイト
T01883,洗濯機 R125-30 ネイビー オオゾラ,オオゾラ,R125-30,ネイビー,O O O O B-MODEL I-MODEL I-MODEL I-MODEL I-MODEL I-MODEL I-MODEL O B-COLOR I-COLOR I-COLOR I-COLOR O B-BRAND I-BRAND I-BRAND I-BRAND,オオゾラ|R125-30|ネイビー
T01884,デイパック ハヤブサ ネイビー Ｏ７２７２０,ハヤブサ,O727-20,ネイビー,O O O O O O B-BRAND I-BRAND I-BRAND I-BRAND O B-COLOR I-COLOR I-COLOR I-COLOR O B-MODEL I-MODEL I-MODEL I-MODEL I-MODEL I-MODEL,ハヤブサ|O727-20|ネイビー
T01885,【送料無料】ノースピークＥ６０８６３ネイビーノートパソコン,ノースピーク,E608-63,ネイビー,O O O O O O B-BRAND I-BRAND I-BRAND I-BRAND I-BRAND I-BRAND B-MODEL I-MODEL I-MODEL I-MODEL I-MODEL I-MODEL B-COLOR I-COLOR I-COLOR I-COLOR O O O O O O O,ノースピーク|E608-63|ネイビー
T01886,ノートパソコン シルバー E50182 ゲンブ,ゲンブ,E501-82,シルバー,O O O O O O O O B-COLOR I-COLOR I-COLOR I-COLOR O B-MODEL I-MODEL I-MODEL I-MODEL I-MODEL I-MODEL O B-BRAND I-BRAND I-BRAND,ゲンブ|E501-82|シルバー
T01887,腕時計 M397-80 シルバー,,M397-80,シルバー,O O O O B-MODEL I-MODEL I-MODEL I-MODEL I-MODEL I-MODEL I-MODEL O B-COLOR I-COLOR I-COLOR I-COLOR,|M397-80|シルバー
T01888,Ｑ２３３－３５ホワイトノースピークスニーカー,ノースピーク,Q233-35,ホワイト,B-MODEL I-MODEL I-MODEL I-MODEL I-MODEL I-MODEL I-MODEL B-COLOR I-COLOR I-COLOR I-COLOR B-BRAND I-BRAND I-BRAND I-BRAND I-BRAND I-BRAND O O O O O,ノースピーク|Q233-35|ホワイト
T01889,グリーン77922デイパックオオゾラ,オオゾラ,K779-22,グリーン,B-COLOR I-COLOR I-COLOR I-COLOR O O O O O O O O O O B-BRAND I-BRAND I-BRAND I-BRAND,オオゾラ|K779-22|グリーン
T01890,★新品未使用★300-51ネイビーオオゾライヤホン,オオゾラ,O300-51,ネイビー,O O O O O O O O O O O O O B-COLOR I-COLOR I-COLOR I-COLOR B-BRAND I-BRAND I-BRAND I-BRAND O O O O,オオゾラ|O300-51|ネイビー
T01891,ブラック ノートパソコン X71430 オオゾラ,オオゾラ,X714-30,ブラック,B-COLOR I-COLOR I-COLOR I-COLOR O O O O O O O O O B-MODEL I-MODEL I-MODEL I-MODEL I-MODEL I-MODEL O B-BRAND I-BRAND I-BRAND I-BRAND,オオゾラ|X714-30|ブラック
T01892,ホワイト Ｄ５４２－８７ イヤホン オオゾラ,オオゾラ,D542-87,ホワイト,B-COLOR I-COLOR I-COLOR I-COLOR O B-MODEL I-MODEL I-MODEL I-MODEL I-MODEL I-MODEL I-MODEL O O O O O O B-BRAND I-BRAND I-BRAND I-BRAND,オオゾラ|D542-87|ホワイト
T01893,アカネ電機 レッド スニーカー R992-28,アカネ電機,R992-28,レッド,B-BRAND I-BRAND I-BRAND I-BRAND I-BRAND O B-COLOR I-COLOR I-COLOR O O O O O O O B-MODEL I-MODEL I-MODEL I-MODEL I-MODEL I-MODEL I-MODEL,アカネ電機|R992-28|レッド
T01894,Ｌ２１５－９８ グリーン ミドリワークス スニーカー,ミドリワークス,L215-98,グリーン,B-MODEL I-MODEL I-MODEL I-MODEL I-MODEL I-MODEL I-MODEL O B-COLOR I-COLOR I-COLOR I-COLOR O B-BRAND I-BRAND I-BRAND I-BRAND I-BRAND I-BRAND I-BRAND O O O O O O,ミドリワークス|L215-98|グリーン
T01895,ハヤブサ冷蔵庫ホワイトO7494-9,ハヤブサ,O749-49,ホワイト,B-BRAND I-BRAND I-BRAND I-BRAND O O O B-COLOR I-COLOR I-COLOR I-COLOR O O O O O O O,ハヤブサ|O749-49|ホワイト
T01896,Ｖ９１８－６７掃除機ブラックゲンブ,ゲンブ,V918-67,ブラック,B-MODEL I-MODEL I-MODEL I-MODEL I-MODEL I-MODEL I-MODEL O O O B-COLOR I-COLOR I-COLOR I-COLOR B-BRAND I-BRAND I-BRAND,ゲンブ|V918-67|ブラック
T01897,《アウトレット》レッド冷蔵庫Ｐ３７７－８３,,P377-83,レッド,O O O O O O O O B-COLOR I-COLOR I-COLOR O O O B-MODEL I-MODEL I-MODEL I-MODEL I-MODEL I-MODEL I-MODEL,|P377-83|レッド
T01898,ノースピーク K853-25 グリーン 腕時計,ノースピーク,K853-25,グリーン,B-BRAND I-BRAND I-BRAND I-BRAND I-BRAND I-BRAND O B-MODEL I-MODEL I-MODEL I-MODEL I-MODEL I-MODEL I-MODEL O B-COLOR I-COLOR I-COLOR I-COLOR O O O O,ノースピーク|K853-25|グリーン
T01899,ネイビー 洗濯機 N16-394,,N163-94,ネイビー,B-COLOR I-COLOR I-COLOR I-COLOR O O O O O O O O O O O O,|N163-94|ネイビー
T01900,◆正規品◆グーリン P813-68 アカネ電機 腕時計,アカネ電機,P813-68,グリーン,O O O O O O O O O O B-MODEL I-MODEL I-MODEL I-MODEL I-MODEL I-MODEL I-MODEL O B-BRAND I-BRAND I-BRAND I-BRAND I-BRAND O O O O,アカネ電機|P813-68|グリーン
T01901,I77355掃除機シルバー,,I773-55,シルバー,B-MODEL I-MODEL I-MODEL I-MODEL I-MODEL I-MODEL O O O B-COLOR I-COLOR I-COLOR I-COLOR,|I773-55|シルバー
T01902,◆正規品◆シラユキ イヤホン Ｆ２０７－８１ ラブック,シラユキ,F207-81,ブラック,O O O O O B-BRAND I-BRAND I-BRAND I-BRAND O O O O O O B-MODEL I-MODEL I-MODEL I-MODEL I-MODEL I-MODEL I-MODEL O O O O O,シラユキ|F207-81|ブラック
T01903,アカネ電機 ブラック F279-44 イヤホン,アカネ電機,F279-44,ブラック,B-BRAND I-BRAND I-BRAND I-BRAND I-BRAND O B-COLOR I-COLOR I-COLOR I-COLOR O B-MODEL I-MODEL I-MODEL I-MODEL I-MODEL I-MODEL I-MODEL O O O O O,アカネ電機|F279-44|ブラック
T01904,Q577-25ゲンブイヤホンネイビー,ゲンブ,Q577-25,ネイビー,B-MODEL I-MODEL I-MODEL I-MODEL I-MODEL I-MODEL I-MODEL B-BRAND I-BRAND I-BRAND O O O O B-COLOR I-COLOR I-COLOR I-COLOR,ゲンブ|Q577-25|ネイビー
T01905,冷蔵庫Ｊ５５７－８５ホワイト,,J557-85,ホワイト,O O O B-MODEL I-MODEL I-MODEL I-MODEL I-MODEL I-MODEL I-MODEL B-COLOR I-COLOR I-COLOR I-COLOR,|J557-85|ホワイト
T01906,イヤホン ハヤブサ Q791-82 ネイビー,ハヤブサ,Q791-82,ネイビー,O O O O O B-BRAND I-BRAND I-BRAND I-BRAND O B-MODEL I-MODEL I-MODEL I-MODEL I-MODEL I-MODEL I-MODEL O B-COLOR I-COLOR I-COLOR I-COLOR,ハヤブサ|Q791-82|ネイビー
T01907,《アウトレット》Q17452 洗濯機 ネイビー,,Q174-52,ネイビー,O O O O O O O O B-MODEL I-MODEL I-MODEL I-MODEL I-MODEL I-MODEL O O O O O B-COLOR I-COLOR I-COLOR I-COLOR,|Q174-52|ネイビー
T01908,イヤホンD61737ミドリワークスシルバー,ミドリワークス,D617-37,シルバー,O O O O B-MODEL I-MODEL I-MODEL I-MODEL I-MODEL I-MODEL B-BRAND I-BRAND I-BRAND I-BRAND I-BRAND I-BRAND I-BRAND B-COLOR I-COLOR I-COLOR I-COLOR,ミドリワークス|D617-37|シルバー
T01909,洗濯機 シバー I525-21,,I525-21,シルバー,O O O O O O O O B-MODEL I-MODEL I-MODEL I-MODEL I-MODEL I-MODEL I-MODEL,|I525-21|シルバー
T01910,ホワイト 洗濯機 M801-34 ゲンブ,ゲンブ,M801-34,ホワイト,B-COLOR I-COLOR I-COLOR I-COLOR O O O O O B-MODEL I-MODEL I-MODEL I-MODEL I-MODEL I-MODEL I-MODEL O B-BRAND I-BRAND I-BRAND,ゲンブ|M801-34|ホワイト
T01911,◆正規品◆H423-76 アカネ電機 グリーン 冷蔵庫,アカネ電機,H423-76,グリーン,O O O O O B-MODEL I-MODEL I-MODEL I-MODEL I-MODEL I-MODEL I-MODEL O B-BRAND I-BRAND I-BRAND I-BRAND I-BRAND O B-COLOR I-COLOR I-COLOR I-COLOR O O O O,アカネ電機|H423-76|グリーン
T01912,ハヤブサ 腕時計 グリーン V199-73,ハヤブサ,V199-73,グリーン,B-BRAND I-BRAND I-BRAND I-BRAND O O O O O B-COLOR I-COLOR I-COLOR I-COLOR O B-MODEL I-MODEL I-MODEL I-MODEL I-MODEL I-MODEL I-MODEL,ハヤブサ|V199-73|グリーン
T01913,ブラック Ｐ９４５－８３ 腕時計 TSUBAKI,TSUBAKI,P945-83,ブラック,B-COLOR I-COLOR I-COLOR I-COLOR O B-MODEL I-MODEL I-MODEL I-MODEL I-MODEL I-MODEL I-MODEL O O O O O B-BRAND I-BRAND I-BRAND I-BRAND I-BRAND I-BRAND I-BRAND,TSUBAKI|P945-83|ブラック
T01914,【即日発送】KURO イヤホン D543-39 レッド,KURO,D543-39,レッド,O O O O O O B-BRAND I-BRAND I-BRAND I-BRAND O O O O O O B-MODEL I-MODEL I-MODEL I-MODEL I-MODEL I-MODEL I-MODEL O B-COLOR I-COLOR I-COLOR,KURO|D543-39|レッド
T01915,ソライロノートパソコンホワイトY55754,ソライロ,Y557-54,ホワイト,B-BRAND I-BRAND I-BRAND I-BRAND O O O O O O O B-COLOR I-COLOR I-COLOR I-COLOR B-MODEL I-MODEL I-MODEL I-MODEL I-MODEL I-MODEL,ソライロ|Y557-54|ホワイト
T01916,【即日発送】ソライロ 掃除機 ネイビー K66319,ソライロ,K663-19,ネイビー,O O O O O O B-BRAND I-BRAND I-BRAND I-BRAND O O O O O B-COLOR I-COLOR I-COLOR I-COLOR O B-MODEL I-MODEL I-MODEL I-MODEL I-MODEL I-MODEL,ソライロ|K663-19|ネイビー
T01917,アカネ電機 L449-81 掃除機 シルバー,アカネ電機,L449-81,シルバー,B-BRAND I-BRAND I-BRAND I-BRAND I-BRAND O B-MODEL I-MODEL I-MODEL I-MODEL I-MODEL I-MODEL I-MODEL O O O O O B-COLOR I-COLOR I-COLOR I-COLOR,アカネ電機|L449-81|シルバー
T01918,K177-46 イヤホン KURO ホワイト,KURO,K177-46,ホワイト,B-MODEL I-MODEL I-MODEL I-MODEL I-MODEL I-MODEL I-MODEL O O O O O O B-BRAND I-BRAND I-BRAND I-BRAND O B-COLOR I-COLOR I-COLOR I-COLOR,KURO|K177-46|ホワイト
T01919,グリーン 掃除機 シラユキ K372-74,シラユキ,K372-74,グリーン,B-COLOR I-COLOR I-COLOR I-COLOR O O O O O B-BRAND I-BRAND I-BRAND I-BRAND O B-MODEL I-MODEL I-MODEL I-MODEL I-MODEL I-MODEL I-MODEL,シラユキ|K372-74|グリーン
T01920,ノートパソコン ホワイト ハヤブサ B270-15,ハヤブサ,B270-15,ホワイト,O O O O O O O O B-COLOR I-COLOR I-COLOR I-COLOR O B-BRAND I-BRAND I-BRAND I-BRAND O B-MODEL I-MODEL I-MODEL I-MODEL I-MODEL I-MODEL I-MODEL,ハヤブサ|B270-15|ホワイト
T01921,シラユキA891-93腕時計レッド,シラユキ,A891-93,レッド,B-BRAND I-BRAND I-BRAND I-BRAND B-MODEL I-MODEL I-MODEL I-MODEL I-MODEL I-MODEL I-MODEL O O O B-COLOR I-COLOR I-COLOR,シラユキ|A891-93|レッド
T01922,イヤホンソライロＧ９９２２４シルバー,ソライロ,G992-24,シルバー,O O O O B-BRAND I-BRAND I-BRAND I-BRAND B-MODEL I-MODEL I-MODEL I-MODEL I-MODEL I-MODEL B-COLOR I-COLOR I-COLOR I-COLOR,ソライロ|G992-24|シルバー
T01923,Ｂ８９５－１５デイパックシルバー,,B895-15,シルバー,B-MODEL I-MODEL I-MODEL I-MODEL I-MODEL I-MODEL I-MODEL O O O O O B-COLOR I-COLOR I-COLOR I-COLOR,|B895-15|シルバー
T01924,デイパック ゲンブ Ｏ４０４７９ ホワイト,ゲンブ,O404-79,ホワイト,O O O O O O B-BRAND I-BRAND I-BRAND O B-MODEL I-MODEL I-MODEL I-MODEL I-MODEL I-MODEL O B-COLOR I-COLOR I-COLOR I-COLOR,ゲンブ|O404-79|ホワイト
T01925,KURO シルバ 洗濯機 W37847,KURO,W378-47,シルバー,B-BRAND I-BRAND I-BRAND I-BRAND O O O O O O O O O B-MODEL I-MODEL I-MODEL I-MODEL I-MODEL I-MODEL,KURO|W378-47|シルバー
T01926,P88883ノートパソコンネイビー,,P888-83,ネイビー,B-MODEL I-MODEL I-MODEL I-MODEL I-MODEL I-MODEL O O O O O O O B-COLOR I-COLOR I-COLOR I-COLOR,|P888-83|ネイビー
T01927,J32725 グリーン 冷蔵庫 ゲンブ,ゲンブ,J327-25,グリーン,B-MODEL I-MODEL I-MODEL I-MODEL I-MODEL I-MODEL O B-COLOR I-COLOR I-COLOR I-COLOR O O O O O B-BRAND I-BRAND I-BRAND,ゲンブ|J327-25|グリーン
T01928,C621-35 レッド アカネ電機 冷蔵庫,アカネ電機,C621-35,レッド,B-MODEL I-MODEL I-MODEL I-MODEL I-MODEL I-MODEL I-MODEL O B-COLOR I-COLOR I-COLOR O B-BRAND I-BRAND I-BRAND I-BRAND I-BRAND O O O O,アカネ電機|C621-35|レッド
T01929,ネイビー ミドリワークス 冷蔵庫 Ｋ１１３１８,ミドリワークス,K113-18,ネイビー,B-COLOR I-COLOR I-COLOR I-COLOR O B-BRAND I-BRAND I-BRAND I-BRAND I-BRAND I-BRAND I-BRAND O O O O O B-MODEL I-MODEL I-MODEL I-MODEL I-MODEL I-MODEL,ミドリワークス|K113-18|ネイビー
T01930,腕時計 ホワイト V542-61 シラユキ,シラユキ,V542-61,ホワイト,O O O O B-COLOR I-COLOR I-COLOR I-COLOR O B-MODEL I-MODEL I-MODEL I-MODEL I-MODEL I-MODEL I-MODEL O B-BRAND I-BRAND I-BRAND I-BRAND,シラユキ|V542-61|ホワイト
T01931,洗濯機N671-71ホワイトアカネ電機,アカネ電機,N671-71,ホワイト,O O O B-MODEL I-MODEL I-MODEL I-MODEL I-MODEL I-MODEL I-MODEL B-COLOR I-COLOR I-COLOR I-COLOR B-BRAND I-BRAND I-BRAND I-BRAND I-BRAND,アカネ電機|N671-71|ホワイト
T01932,【送料無料】Z795-56腕時計ソライロネイビー,ソライロ,Z795-56,ネイビー,O O O O O O B-MODEL I-MODEL I-MODEL I-MODEL I-MODEL I-MODEL I-MODEL O O O B-BRAND I-BRAND I-BRAND I-BRAND B-COLOR I-COLOR I-COLOR I-COLOR,ソライロ|Z795-56|ネイビー
T01933,洗濯機 D824-88 ノースピーク ネイビー,ノースピーク,D824-88,ネイビー,O O O O B-MODEL I-MODEL I-MODEL I-MODEL I-MODEL I-MODEL I-MODEL O B-BRAND I-BRAND I-BRAND I-BRAND I-BRAND I-BRAND O B-COLOR I-COLOR I-COLOR I-COLOR,ノースピーク|D824-88|ネイビー
T01934,【即日発送】Ｔ３２８－３０ イヤホン TSUBAKI レッド,TSUBAKI,T328-30,レッド,O O O O O O B-MODEL I-MODEL I-MODEL I-MODEL I-MODEL I-MODEL I-MODEL O O O O O O B-BRAND I-BRAND I-BRAND I-BRAND I-BRAND I-BRAND I-BRAND O B-COLOR I-COLOR I-COLOR,TSUBAKI|T328-30|レッド
T01935,洗濯機シルバーY272-40ゲンブ,ゲンブ,Y272-40,シルバー,O O O B-COLOR I-COLOR I-COLOR I-COLOR B-MODEL I-MODEL I-MODEL I-MODEL I-MODEL I-MODEL I-MODEL B-BRAND I-BRAND I-BRAND,ゲンブ|Y272-40|シルバー
T01936,Q826-21シルバーゲンブスニーカー,ゲンブ,Q826-21,シルバー,B-MODEL I-MODEL I-MODEL I-MODEL I-MODEL I-MODEL I-MODEL B-COLOR I-COLOR I-COLOR I-COLOR B-BRAND I-BRAND I-BRAND O O O O O,ゲンブ|Q826-21|シルバー
T01937,《アウトレット》Z990-69 シルバー ハヤブサ デイパック,ハヤブサ,Z990-69,シルバー,O O O O O O O O B-MODEL I-MODEL I-MODEL I-MODEL I-MODEL I-MODEL I-MODEL O B-COLOR I-COLOR I-COLOR I-COLOR O B-BRAND I-BRAND I-BRAND I-BRAND O O O O O O,ハヤブサ|Z990-69|シルバー
T01938,レッドスニーカーTSUBAKIＯ３３３－２７,TSUBAKI,O333-27,レッド,B-COLOR I-COLOR I-COLOR O O O O O B-BRAND I-BRAND I-BRAND I-BRAND I-BRAND I-BRAND I-BRAND B-MODEL I-MODEL I-MODEL I-MODEL I-MODEL I-MODEL I-MODEL,TSUBAKI|O333-27|レッド
T01939,E50043 ソライロ レッド ノートパソコン,ソライロ,E500-43,レッド,B-MODEL I-MODEL I-MODEL I-MODEL I-MODEL I-MODEL O B-BRAND I-BRAND I-BRAND I-BRAND O B-COLOR I-COLOR I-COLOR O O O O O O O O,ソライロ|E500-43|レッド
T01940,【即日発送】ホワイト Ｄ７９３３２ スニーカー ソライロ,ソライロ,D793-32,ホワイト,O O O O O O B-COLOR I-COLOR I-COLOR I-COLOR O B-MODEL I-MODEL I-MODEL I-MODEL I-MODEL I-MODEL O O O O O O O B-BRAND I-BRAND I-BRAND I-BRAND,ソライロ|D793-32|ホワイト
T01941,◆正規品◆ゲンブ D886-52 洗濯機 ネイビー,ゲンブ,D886-52,ネイビー,O O O O O B-BRAND I-BRAND I-BRAND O B-MODEL I-MODEL I-MODEL I-MODEL I-MODEL I-MODEL I-MODEL O O O O O B-COLOR I-COLOR I-COLOR I-COLOR,ゲンブ|D886-52|ネイビー
T01942,【即日発送】アカネ電機 洗濯機 ブラック L79877,アカネ電機,L798-77,ブラック,O O O O O O B-BRAND I-BRAND I-BRAND I-BRAND I-BRAND O O O O O B-COLOR I-COLOR I-COLOR I-COLOR O B-MODEL I-MODEL I-MODEL I-MODEL I-MODEL I-MODEL,アカネ電機|L798-77|ブラック
T01943,★新品未使用★アカネ電機 ブラック R422-60 冷蔵庫,アカネ電機,R422-60,ブラック,O O O O O O O B-BRAND I-BRAND I-BRAND I-BRAND I-BRAND O B-COLOR I-COLOR I-COLOR I-COLOR O B-MODEL I-MODEL I-MODEL I-MODEL I-MODEL I-MODEL I-MODEL O O O O,アカネ電機|R422-60|ブラック
T01944,アカネ電機洗濯機Q301-63レッド,アカネ電機,Q301-63,レッド,B-BRAND I-BRAND I-BRAND I-BRAND I-BRAND O O O B-MODEL I-MODEL I-MODEL I-MODEL I-MODEL I-MODEL I-MODEL B-COLOR I-COLOR I-COLOR,アカネ電機|Q301-63|レッド
T01945,ノースピーク 掃除機 Ｎ１８１－９２ シルバー,ノースピーク,N181-92,シルバー,B-BRAND I-BRAND I-BRAND I-BRAND I-BRAND I-BRAND O O O O O B-MODEL I-MODEL I-MODEL I-MODEL I-MODEL I-MODEL I-MODEL O B-COLOR I-COLOR I-COLOR I-COLOR,ノースピーク|N181-92|シルバー
T01946,Ｅ６３８－４４ ホワイト 掃除機 KURO,KURO,E638-44,ホワイト,B-MODEL I-MODEL I-MODEL I-MODEL I-MODEL I-MODEL I-MODEL O B-COLOR I-COLOR I-COLOR I-COLOR O O O O O B-BRAND I-BRAND I-BRAND I-BRAND,KURO|E638-44|ホワイト
T01947,G762-62 腕時計 レッド ノースピーク,ノースピーク,G762-62,レッド,B-MODEL I-MODEL I-MODEL I-MODEL I-MODEL I-MODEL I-MODEL O O O O O B-COLOR I-COLOR I-COLOR O B-BRAND I-BRAND I-BRAND I-BRAND I-BRAND I-BRAND,ノースピーク|G762-62|レッド
T01948,Ｇ３４４－１８デイパックアカネ電機ホワイト,アカネ電機,G344-18,ホワイト,B-MODEL I-MODEL I-MODEL I-MODEL I-MODEL I-MODEL I-MODEL O O O O O B-BRAND I-BRAND I-BRAND I-BRAND I-BRAND B-COLOR I-COLOR I-COLOR I-COLOR,アカネ電機|G344-18|ホワイト
T01949,M75457 デイパック レッド,,M574-57,レッド,O O O O O O O O O O O O O B-COLOR I-COLOR I-COLOR,|M574-57|レッド
T01950,◆正規品◆ノートパソコン ブラック Z368-9 シラユキ,シラユキ,Z368-49,ブラック,O O O O O O O O O O O O O B-COLOR I-COLOR I-COLOR I-COLOR O O O O O O O O B-BRAND I-BRAND I-BRAND I-BRAND,シラユキ|Z368-49|ブラック
T01951,レッド 冷蔵庫 ミドリワークス J237-93,ミドリワークス,J237-93,レッド,B-COLOR I-COLOR I-COLOR O O O O O B-BRAND I-BRAND I-BRAND I-BRAND I-BRAND I-BRAND I-BRAND O B-MODEL I-MODEL I-MODEL I-MODEL I-MODEL I-MODEL I-MODEL,ミドリワークス|J237-93|レッド
T01952,ネイビーデイパックC751-19ハヤブサ,ハヤブサ,C751-19,ネイビー,B-COLOR I-COLOR I-COLOR I-COLOR O O O O O B-MODEL I-MODEL I-MODEL I-MODEL I-MODEL I-MODEL I-MODEL B-BRAND I-BRAND I-BRAND I-BRAND,ハヤブサ|C751-19|ネイビー
T01953,Z609-8ノースピーク腕時計ホワイト,ノースピーク,Z609-87,ホワイト,O O O O O O B-BRAND I-BRAND I-BRAND I-BRAND I-BRAND I-BRAND O O O B-COLOR I-COLOR I-COLOR I-COLOR,ノースピーク|Z609-87|ホワイト
T01954,シルバー B481-17 掃除機 KURO,KURO,B481-17,シルバー,B-COLOR I-COLOR I-COLOR I-COLOR O B-MODEL I-MODEL I-MODEL I-MODEL I-MODEL I-MODEL I-MODEL O O O O O B-BRAND I-BRAND I-BRAND I-BRAND,KURO|B481-17|シルバー
T01955,ネイビー C19360 ソライロ 冷蔵庫,ソライロ,C193-60,ネイビー,B-COLOR I-COLOR I-COLOR I-COLOR O B-MODEL I-MODEL I-MODEL I-MODEL I-MODEL I-MODEL O B-BRAND I-BRAND I-BRAND I-BRAND O O O O,ソライロ|C193-60|ネイビー
T01956,Ｄ４２４－１４シラユキノートパソコンシルバー,シラユキ,D424-14,シルバー,B-MODEL I-MODEL I-MODEL I-MODEL I-MODEL I-MODEL I-MODEL B-BRAND I-BRAND I-BRAND I-BRAND O O O O O O O B-COLOR I-COLOR I-COLOR I-COLOR,シラユキ|D424-14|シルバー
T01957,腕時計レッドY144-35,,Y144-35,レッド,O O O B-COLOR I-COLOR I-COLOR B-MODEL I-MODEL I-MODEL I-MODEL I-MODEL I-MODEL I-MODEL,|Y144-35|レッド
T01958,イヤホン アカネ電機 T614-38 ブラック,アカネ電機,T614-38,ブラック,O O O O O B-BRAND I-BRAND I-BRAND I-BRAND I-BRAND O B-MODEL I-MODEL I-MODEL I-MODEL I-MODEL I-MODEL I-MODEL O B-COLOR I-COLOR I-COLOR I-COLOR,アカネ電機|T614-38|ブラック
T01959,《アウトレット》掃除機 ホワイト ミドリワークス M620-98,ミドリワークス,M620-98,ホワイト,O O O O O O O O O O O O B-COLOR I-COLOR I-COLOR I-COLOR O B-BRAND I-BRAND I-BRAND I-BRAND I-BRAND I-BRAND I-BRAND O B-MODEL I-MODEL I-MODEL I-MODEL I-MODEL I-MODEL I-MODEL,ミドリワークス|M620-98|ホワイト
T01960,グリーンＴ３３０３２腕時計TSUBAKI,TSUBAKI,T330-32,グリーン,B-COLOR I-COLOR I-COLOR I-COLOR B-MODEL I-MODEL I-MODEL I-MODEL I-MODEL I-MODEL O O O B-BRAND I-BRAND I-BRAND I-BRAND I-BRAND I-BRAND I-BRAND,TSUBAKI|T330-32|グリーン
T01961,《アウトレット》イヤホンホワイトF878-25シラユキ,シラユキ,F878-25,ホワイト,O O O O O O O O O O O O B-COLOR I-COLOR I-COLOR I-COLOR B-MODEL I-MODEL I-MODEL I-MODEL I-MODEL I-MODEL I-MODEL B-BRAND I-BRAND I-BRAND I-BRAND,シラユキ|F878-25|ホワイト
T01962,【送料無料】ノースピーク S295-91 ノートパソコン レッド,ノースピーク,S295-91,レッド,O O O O O O B-BRAND I-BRAND I-BRAND I-BRAND I-BRAND I-BRAND O B-MODEL I-MODEL I-MODEL I-MODEL I-MODEL I-MODEL I-MODEL O O O O O O O O O B-COLOR I-COLOR I-COLOR,ノースピーク|S295-91|レッド
T01963,《アウトレット》ネイビー ノースピーク 掃除機 E417-88,ノースピーク,E417-88,ネイビー,O O O O O O O O B-COLOR I-COLOR I-COLOR I-COLOR O B-BRAND I-BRAND I-BRAND I-BRAND I-BRAND I-BRAND O O O O O B-MODEL I-MODEL I-MODEL I-MODEL I-MODEL I-MODEL I-MODEL,ノースピーク|E417-88|ネイビー
T01964,洗濯機グリーンソライロY329-51,ソライロ,Y329-51,グリーン,O O O B-COLOR I-COLOR I-COLOR I-COLOR B-BRAND I-BRAND I-BRAND I-BRAND B-MODEL I-MODEL I-MODEL I-MODEL I-MODEL I-MODEL I-MODEL,ソライロ|Y329-51|グリーン
T01965,レッドデイパックKUROU20074,KURO,U200-74,レッド,B-COLOR I-COLOR I-COLOR O O O O O B-BRAND I-BRAND I-BRAND I-BRAND B-MODEL I-MODEL I-MODEL I-MODEL I-MODEL I-MODEL,KURO|U200-74|レッド
T01966,冷蔵庫KUROシルバーＪ８４３３７,KURO,J843-37,シルバー,O O O B-BRAND I-BRAND I-BRAND I-BRAND B-COLOR I-COLOR I-COLOR I-COLOR B-MODEL I-MODEL I-MODEL I-MODEL I-MODEL I-MODEL,KURO|J843-37|シルバー
T01967,洗濯機 ネイビー TSUBAKI T750-37,TSUBAKI,T750-37,ネイビー,O O O O B-COLOR I-COLOR I-COLOR I-COLOR O B-BRAND I-BRAND I-BRAND I-BRAND I-BRAND I-BRAND I-BRAND O B-MODEL I-MODEL I-MODEL I-MODEL I-MODEL I-MODEL I-MODEL,TSUBAKI|T750-37|ネイビー
T01968,デイパック ブラック TSUBAKI X523-44,TSUBAKI,X523-44,ブラック,O O O O O O B-COLOR I-COLOR I-COLOR I-COLOR O B-BRAND I-BRAND I-BRAND I-BRAND I-BRAND I-BRAND I-BRAND O B-MODEL I-MODEL I-MODEL I-MODEL I-MODEL I-MODEL I-MODEL,TSUBAKI|X523-44|ブラック
T01969,ノースピーク W179-65 スニーカー ブラック,ノースピーク,W179-65,ブラック,B-BRAND I-BRAND I-BRAND I-BRAND I-BRAND I-BRAND O B-MODEL I-MODEL I-MODEL I-MODEL I-MODEL I-MODEL I-MODEL O O O O O O O B-COLOR I-COLOR I-COLOR I-COLOR,ノースピーク|W179-65|ブラック
T01970,レッド 冷蔵庫 C526-65,,C526-65,レッド,B-COLOR I-COLOR I-COLOR O O O O O B-MODEL I-MODEL I-MODEL I-MODEL I-MODEL I-MODEL I-MODEL,|C526-65|レッド
T01971,◆正規品◆グリーンZ546-71洗濯機アカネ電機,アカネ電機,Z546-71,グリーン,O O O O O B-COLOR I-COLOR I-COLOR I-COLOR B-MODEL I-MODEL I-MODEL I-MODEL I-MODEL I-MODEL I-MODEL O O O B-BRAND I-BRAND I-BRAND I-BRAND I-BRAND,アカネ電機|Z546-71|グリーン
T01972,Ｇ７１１－２５ 洗濯機 シルバー TSUBAKI,TSUBAKI,G711-25,シルバー,B-MODEL I-MODEL I-MODEL I-MODEL I-MODEL I-MODEL I-MODEL O O O O O B-COLOR I-COLOR I-COLOR I-COLOR O B-BRAND I-BRAND I-BRAND I-BRAND I-BRAND I-BRAND I-BRAND,TSUBAKI|G711-25|シルバー
T01973,ノースピーク冷蔵庫レッドN23618,ノースピーク,N236-18,レッド,B-BRAND I-BRAND I-BRAND I-BRAND I-BRAND I-BRAND O O O B-COLOR I-COLOR I-COLOR B-MODEL I-MODEL I-MODEL I-MODEL I-MODEL I-MODEL,ノースピーク|N236-18|レッド
T01974,S921-86 グリーン 冷蔵庫,,S921-86,グリーン,B-MODEL I-MODEL I-MODEL I-MODEL I-MODEL I-MODEL I-MODEL O B-COLOR I-COLOR I-COLOR I-COLOR O O O O,|S921-86|グリーン
T01975,ホワイト TSUBAKI イヤホン Ｋ３７７８７,TSUBAKI,K377-87,ホワイト,B-COLOR I-COLOR I-COLOR I-COLOR O B-BRAND I-BRAND I-BRAND I-BRAND I-BRAND I-BRAND I-BRAND O O O O O O B-MODEL I-MODEL I-MODEL I-MODEL I-MODEL I-MODEL,TSUBAKI|K377-87|ホワイト
T01976,A38223ノートパソコンブラック,,A382-23,ブラック,B-MODEL I-MODEL I-MODEL I-MODEL I-MODEL I-MODEL O O O O O O O B-COLOR I-COLOR I-COLOR I-COLOR,|A382-23|ブラック
T01977,ハヤブサ 冷蔵庫 Ｔ４７６－９０ レッド,ハヤブサ,T476-90,レッド,B-BRAND I-BRAND I-BRAND I-BRAND O O O O O B-MODEL I-MODEL I-MODEL I-MODEL I-MODEL I-MODEL I-MODEL O B-COLOR I-COLOR I-COLOR,ハヤブサ|T476-90|レッド
T01978,ゲンブ ネイビー X156-52 イヤホン,ゲンブ,X156-52,ネイビー,B-BRAND I-BRAND I-BRAND O B-COLOR I-COLOR I-COLOR I-COLOR O B-MODEL I-MODEL I-MODEL I-MODEL I-MODEL I-MODEL I-MODEL O O O O O,ゲンブ|X156-52|ネイビー
T01979,シルバー 掃除機 M984-52,,M984-52,シルバー,B-COLOR I-COLOR I-COLOR I-COLOR O O O O O B-MODEL I-MODEL I-MODEL I-MODEL I-MODEL I-MODEL I-MODEL,|M984-52|シルバー
T01980,★新品未使用★シルバー 冷蔵庫H 915-50,,H915-50,シルバー,O O O O O O O B-COLOR I-COLOR I-COLOR I-COLOR O O O O O O O O O O O O,|H915-50|シルバー
T01981,G468-94 グリーン ノースピーク ノートパソコン,ノースピーク,G468-94,グリーン,B-MODEL I-MODEL I-MODEL I-MODEL I-MODEL I-MODEL I-MODEL O B-COLOR I-COLOR I-COLOR I-COLOR O B-BRAND I-BRAND I-BRAND I-BRAND I-BRAND I-BRAND O O O O O O O O,ノースピーク|G468-94|グリーン
T01982,レッド Ｆ７０８－１０ ソライロ 腕時計,ソライロ,F708-10,レッド,B-COLOR I-COLOR I-COLOR O B-MODEL I-MODEL I-MODEL I-MODEL I-MODEL I-MODEL I-MODEL O B-BRAND I-BRAND I-BRAND I-BRAND O O O O,ソライロ|F708-10|レッド
T01983,洗濯機 グリーン X1824,,X138-24,グリーン,O O O O B-COLOR I-COLOR I-COLOR I-COLOR O O O O O O,|X138-24|グリーン
T01984,P119-89ハヤブサ冷蔵庫シルバー,ハヤブサ,P119-89,シルバー,B-MODEL I-MODEL I-MODEL I-MODEL I-MODEL I-MODEL I-MODEL B-BRAND I-BRAND I-BRAND I-BRAND O O O B-COLOR I-COLOR I-COLOR I-COLOR,ハヤブサ|P119-89|シルバー
T01985,Ｈ８２５５７ネイビーオオゾラデイパック,オオゾラ,H825-57,ネイビー,B-MODEL I-MODEL I-MODEL I-MODEL I-MODEL I-MODEL B-COLOR I-COLOR I-COLOR I-COLOR B-BRAND I-BRAND I-BRAND I-BRAND O O O O O,オオゾラ|H825-57|ネイビー
T01986,アカネ電機I56780レッドノートパソコン,アカネ電機,I567-80,レッド,B-BRAND I-BRAND I-BRAND I-BRAND I-BRAND B-MODEL I-MODEL I-MODEL I-MODEL I-MODEL I-MODEL B-COLOR I-COLOR I-COLOR O O O O O O O,アカネ電機|I567-80|レッド
T01987,M62272ミドリワークスネイビーデイパック,ミドリワークス,M622-72,ネイビー,B-MODEL I-MODEL I-MODEL I-MODEL I-MODEL I-MODEL B-BRAND I-BRAND I-BRAND I-BRAND I-BRAND I-BRAND I-BRAND B-COLOR I-COLOR I-COLOR I-COLOR O O O O O,ミドリワークス|M622-72|ネイビー
T01988,ミドリワークスY388-80冷蔵庫ネイビー,ミドリワークス,Y388-80,ネイビー,B-BRAND I-BRAND I-BRAND I-BRAND I-BRAND I-BRAND I-BRAND B-MODEL I-MODEL I-MODEL I-MODEL I-MODEL I-MODEL I-MODEL O O O B-COLOR I-COLOR I-COLOR I-COLOR,ミドリワークス|Y388-80|ネイビー
T01989,Ｊ２６４１８ハヤブサ洗濯機ブラック,ハヤブサ,J264-18,ブラック,B-MODEL I-MODEL I-MODEL I-MODEL I-MODEL I-MODEL B-BRAND I-BRAND I-BRAND I-BRAND O O O B-COLOR I-COLOR I-COLOR I-COLOR,ハヤブサ|J264-18|ブラック
T01990,ソライロ 洗濯機 レッド W47624,ソライロ,W476-24,レッド,B-BRAND I-BRAND I-BRAND I-BRAND O O O O O B-COLOR I-COLOR I-COLOR O B-MODEL I-MODEL I-MODEL I-MODEL I-MODEL I-MODEL,ソライロ|W476-24|レッド
T01991,ブラック ノートパソコン ゲンブ G923-89,ゲンブ,G923-89,ブラック,B-COLOR I-COLOR I-COLOR I-COLOR O O O O O O O O O B-BRAND I-BRAND I-BRAND O B-MODEL I-MODEL I-MODEL I-MODEL I-MODEL I-MODEL I-MODEL,ゲンブ|G923-89|ブラック
T01992,【即日発送】D987-92 シルバー ソライロ スニーカー,ソライロ,D987-92,シルバー,O O O O O O B-MODEL I-MODEL I-MODEL I-MODEL I-MODEL I-MODEL I-MODEL O B-COLOR I-COLOR I-COLOR I-COLOR O B-BRAND I-BRAND I-BRAND I-BRAND O O O O O O,ソライロ|D987-92|シルバー
T01993,Ｈ７８３－５０グリーン腕時計,,H783-50,グリーン,B-MODEL I-MODEL I-MODEL I-MODEL I-MODEL I-MODEL I-MODEL B-COLOR I-COLOR I-COLOR I-COLOR O O O,|H783-50|グリーン
T01994,M829-69 ハヤブサ レッド 掃除機,ハヤブサ,M829-69,レッド,B-MODEL I-MODEL I-MODEL I-MODEL I-MODEL I-MODEL I-MODEL O B-BRAND I-BRAND I-BRAND I-BRAND O B-COLOR I-COLOR I-COLOR O O O O,ハヤブサ|M829-69|レッド
T01995,D435-55 ブラック デイパック,,D435-55,ブラック,B-MODEL I-MODEL I-MODEL I-MODEL I-MODEL I-MODEL I-MODEL O B-COLOR I-COLOR I-COLOR I-COLOR O O O O O O,|D435-55|ブラック
T01996,E663-66 ミドリワークス ブラック イヤホン,ミドリワークス,E663-66,ブラック,B-MODEL I-MODEL I-MODEL I-MODEL I-MODEL I-MODEL I-MODEL O B-BRAND I-BRAND I-BRAND I-BRAND I-BRAND I-BRAND I-BRAND O B-COLOR I-COLOR I-COLOR I-COLOR O O O O O,ミドリワークス|E663-66|ブラック
T01997,Z369-28 ノートパソコンホ ワイト,,Z369-28,ホワイト,B-MODEL I-MODEL I-MODEL I-MODEL I-MODEL I-MODEL I-MODEL O O O O O O O O O O O O O,|Z369-28|ホワイト
T01998,《アウトレット》ノースピークネイビー掃除機W557-95,ノースピーク,W557-95,ネイビー,O O O O O O O O B-BRAND I-BRAND I-BRAND I-BRAND I-BRAND I-BRAND B-COLOR I-COLOR I-COLOR I-COLOR O O O B-MODEL I-MODEL I-MODEL I-MODEL I-MODEL I-MODEL I-MODEL,ノースピーク|W557-95|ネイビー
T01999,V493-6 レッド 掃除機,,V493-26,レッド,O O O O O O O B-COLOR I-COLOR I-COLOR O O O O,|V493-26|レッド
T02000,【送料無料】TSUBAKI シルバー I990-80 スニーカー,TSUBAKI,I990-80,シルバー,O O O O O O B-BRAND I-BRAND I-BRAND I-BRAND I-BRAND I-BRAND I-BRAND O B-COLOR I-COLOR I-COLOR I-COLOR O B-MODEL I-MODEL I-MODEL I-MODEL I-MODEL I-MODEL I-MODEL O O O O O O,TSUBAKI|I990-80|シルバー
T02001,【即日発】レッドイヤホンW444-62,,W444-62,レッド,O O O O O B-COLOR I-COLOR I-COLOR O O O O B-MODEL I-MODEL I-MODEL I-MODEL I-MODEL I-MODEL I-MODEL,|W444-62|レッド
T02002,【送料無料】レッド G876-45 ミドリワークス ノートパソコン,ミドリワークス,G876-45,レッド,O O O O O O B-COLOR I-COLOR I-COLOR O B-MODEL I-MODEL I-MODEL I-MODEL I-MODEL I-MODEL I-MODEL O B-BRAND I-BRAND I-BRAND I-BRAND I-BRAND I-BRAND I-BRAND O O O O O O O O,ミドリワークス|G876-45|レッド
T02003,★新品未使用★掃除機グリーンアカネ電機Ｏ３２９４８,アカネ電機,O329-48,グリーン,O O O O O O O O O O B-COLOR I-COLOR I-COLOR I-COLOR B-BRAND I-BRAND I-BRAND I-BRAND I-BRAND B-MODEL I-MODEL I-MODEL I-MODEL I-MODEL I-MODEL,アカネ電機|O329-48|グリーン
T02004,R472-72 ブラック 冷蔵庫,,R472-72,ブラック,B-MODEL I-MODEL I-MODEL I-MODEL I-MODEL I-MODEL I-MODEL O B-COLOR I-COLOR I-COLOR I-COLOR O O O O,|R472-72|ブラック
T02005,【送料無料】洗濯機 レッド V346-38 TSUBAKI,TSUBAKI,V346-83,レッド,O O O O O O O O O O B-COLOR I-COLOR I-COLOR O O O O O O O O O B-BRAND I-BRAND I-BRAND I-BRAND I-BRAND I-BRAND I-BRAND,TSUBAKI|V346-83|レッド
T02006,P960-75 掃除機 ネイビー オオゾラ,オオゾラ,P960-75,ネイビー,B-MODEL I-MODEL I-MODEL I-MODEL I-MODEL I-MODEL I-MODEL O O O O O B-COLOR I-COLOR I-COLOR I-COLOR O B-BRAND I-BRAND I-BRAND I-BRAND,オオゾラ|P960-75|ネイビー
T02007,K54586ホワイト腕時計,,K545-86,ホワイト,B-MODEL I-MODEL I-MODEL I-MODEL I-MODEL I-MODEL B-COLOR I-COLOR I-COLOR I-COLOR O O O,|K545-86|ホワイト
T02008,T740-41スニーカーホワイト,,T740-41,ホワイト,B-MODEL I-MODEL I-MODEL I-MODEL I-MODEL I-MODEL I-MODEL O O O O O B-COLOR I-COLOR I-COLOR I-COLOR,|T740-41|ホワイト
T02009,シルバーＷ４４０９４冷蔵庫ソライロ,ソライロ,W440-94,シルバー,B-COLOR I-COLOR I-COLOR I-COLOR B-MODEL I-MODEL I-MODEL I-MODEL I-MODEL I-MODEL O O O B-BRAND I-BRAND I-BRAND I-BRAND,ソライロ|W440-94|シルバー
T02010,シルバー Q432-22 イヤホン ノースピーク,ノースピーク,Q432-22,シルバー,B-COLOR I-COLOR I-COLOR I-COLOR O B-MODEL I-MODEL I-MODEL I-MODEL I-MODEL I-MODEL I-MODEL O O O O O O B-BRAND I-BRAND I-BRAND I-BRAND I-BRAND I-BRAND,ノースピーク|Q432-22|シルバー
T02011,KURO グリーン L299-14 掃除機,KURO,L299-14,グリーン,B-BRAND I-BRAND I-BRAND I-BRAND O B-COLOR I-COLOR I-COLOR I-COLOR O B-MODEL I-MODEL I-MODEL I-MODEL I-MODEL I-MODEL I-MODEL O O O O,KURO|L299-14|グリーン
T02012,掃除機 ホワイト J884-74 シラユキ,シラユキ,J884-74,ホワイト,O O O O B-COLOR I-COLOR I-COLOR I-COLOR O B-MODEL I-MODEL I-MODEL I-MODEL I-MODEL I-MODEL I-MODEL O B-BRAND I-BRAND I-BRAND I-BRAND,シラユキ|J884-74|ホワイト
T02013,【送料無料】C634-60 ゲンブ 冷蔵庫 レッド,ゲンブ,C634-60,レッド,O O O O O O B-MODEL I-MODEL I-MODEL I-MODEL I-MODEL I-MODEL I-MODEL O B-BRAND I-BRAND I-BRAND O O O O O B-COLOR I-COLOR I-COLOR,ゲンブ|C634-60|レッド
T02014,ブラック イヤホン ノースピーク T734-10,ノースピーク,T734-10,ブラック,B-COLOR I-COLOR I-COLOR I-COLOR O O O O O O B-BRAND I-BRAND I-BRAND I-BRAND I-BRAND I-BRAND O B-MODEL I-MODEL I-MODEL I-MODEL I-MODEL I-MODEL I-MODEL,ノースピーク|T734-10|ブラック
T02015,J91537 レッド KURO 冷蔵庫,KURO,J915-37,レッド,B-MODEL I-MODEL I-MODEL I-MODEL I-MODEL I-MODEL O B-COLOR I-COLOR I-COLOR O B-BRAND I-BRAND I-BRAND I-BRAND O O O O,KURO|J915-37|レッド
T02016,O40186デイパックシルバー,,O401-86,シルバー,B-MODEL I-MODEL I-MODEL I-MODEL I-MODEL I-MODEL O O O O O B-COLOR I-COLOR I-COLOR I-COLOR,|O401-86|シルバー
T02017,ノートパソコンシルバーQ208-72ソライロ,ソライロ,Q208-72,シルバー,O O O O O O O B-COLOR I-COLOR I-COLOR I-COLOR B-MODEL I-MODEL I-MODEL I-MODEL I-MODEL I-MODEL I-MODEL B-BRAND I-BRAND I-BRAND I-BRAND,ソライロ|Q208-72|シルバー
T02018,ノートパソコンＬ９６４－８０TSUBAKIホワイト,TSUBAKI,L964-80,ホワイト,O O O O O O O B-MODEL I-MODEL I-MODEL I-MODEL I-MODEL I-MODEL I-MODEL B-BRAND I-BRAND I-BRAND I-BRAND I-BRAND I-BRAND I-BRAND B-COLOR I-COLOR I-COLOR I-COLOR,TSUBAKI|L964-80|ホワイト
T02019,【送料無料】グリーンＡ３６６８０ゲンブ冷蔵庫,ゲンブ,A366-80,グリーン,O O O O O O B-COLOR I-COLOR I-COLOR I-COLOR B-MODEL I-MODEL I-MODEL I-MODEL I-MODEL I-MODEL B-BRAND I-BRAND I-BRAND O O O,ゲンブ|A366-80|グリーン
T02020,グリーン J54977 洗濯機,,J549-77,グリーン,B-COLOR I-COLOR I-COLOR I-COLOR O B-MODEL I-MODEL I-MODEL I-MODEL I-MODEL I-MODEL O O O O,|J549-77|グリーン
T02021,ノートパソコン グリーン KURO Ｂ４５４７８,KURO,B454-78,グリーン,O O O O O O O O B-COLOR I-COLOR I-COLOR I-COLOR O B-BRAND I-BRAND I-BRAND I-BRAND O B-MODEL I-MODEL I-MODEL I-MODEL I-MODEL I-MODEL,KURO|B454-78|グリーン
T02022,グリーンハヤブサJ480-91冷蔵庫,ハヤブサ,J480-91,グリーン,B-COLOR I-COLOR I-COLOR I-COLOR B-BRAND I-BRAND I-BRAND I-BRAND B-MODEL I-MODEL I-MODEL I-MODEL I-MODEL I-MODEL I-MODEL O O O,ハヤブサ|J480-91|グリーン
T02023,【即日発送】ネイビーB364-80冷蔵庫ハヤブサ,ハヤブサ,B364-80,ネイビー,O O O O O O B-COLOR I-COLOR I-COLOR I-COLOR B-MODEL I-MODEL I-MODEL I-MODEL I-MODEL I-MODEL I-MODEL O O O B-BRAND I-BRAND I-BRAND I-BRAND,ハヤブサ|B364-80|ネイビー
T02024,ホワイトD865-33KURO掃除機,KURO,D865-33,ホワイト,B-COLOR I-COLOR I-COLOR I-COLOR B-MODEL I-MODEL I-MODEL I-MODEL I-MODEL I-MODEL I-MODEL B-BRAND I-BRAND I-BRAND I-BRAND O O O,KURO|D865-33|ホワイト
T02025,シルバーKURO冷蔵庫A421-49,KURO,A421-49,シルバー,B-COLOR I-COLOR I-COLOR I-COLOR B-BRAND I-BRAND I-BRAND I-BRAND O O O B-MODEL I-MODEL I-MODEL I-MODEL I-MODEL I-MODEL I-MODEL,KURO|A421-49|シルバー
T02026,Ｅ８１３－５５ ブラック ミドリワークス 掃除機,ミドリワークス,E813-55,ブラック,B-MODEL I-MODEL I-MODEL I-MODEL I-MODEL I-MODEL I-MODEL O B-COLOR I-COLOR I-COLOR I-COLOR O B-BRAND I-BRAND I-BRAND I-BRAND I-BRAND I-BRAND I-BRAND O O O O,ミドリワークス|E813-55|ブラック
T02027,◆正規品◆アカネ電機 B79649 ノートパソコン レッド,アカネ電機,B796-49,レッド,O O O O O B-BRAND I-BRAND I-BRAND I-BRAND I-BRAND O B-MODEL I-MODEL I-MODEL I-MODEL I-MODEL I-MODEL O O O O O O O O O B-COLOR I-COLOR I-COLOR,アカネ電機|B796-49|レッド
T02028,ホワイト 腕時計 Q197-46,,Q197-46,ホワイト,B-COLOR I-COLOR I-COLOR I-COLOR O O O O O B-MODEL I-MODEL I-MODEL I-MODEL I-MODEL I-MODEL I-MODEL,|Q197-46|ホワイト
T02029,◆正規品◆洗濯機ブラックソライロJ63791,ソライロ,J637-91,ブラック,O O O O O O O O B-COLOR I-COLOR I-COLOR I-COLOR B-BRAND I-BRAND I-BRAND I-BRAND B-MODEL I-MODEL I-MODEL I-MODEL I-MODEL I-MODEL,ソライロ|J637-91|ブラック
T02030,ハヤブサ S58346 洗濯機 ネイビー,ハヤブサ,S853-46,ネイビー,B-BRAND I-BRAND I-BRAND I-BRAND O O O O O O O O O O O O B-COLOR I-COLOR I-COLOR I-COLOR,ハヤブサ|S853-46|ネイビー
T02031,ミリワークス スニーカー ホワイト N60030,ミドリワークス,N600-30,ホワイト,O O O O O O O O O O O O O B-COLOR I-COLOR I-COLOR I-COLOR O B-MODEL I-MODEL I-MODEL I-MODEL I-MODEL I-MODEL,ミドリワークス|N600-30|ホワイト
T02032,《アウトレット》イヤホン ネイビー B733-60,,B733-60,ネイビー,O O O O O O O O O O O O O B-COLOR I-COLOR I-COLOR I-COLOR O B-MODEL I-MODEL I-MODEL I-MODEL I-MODEL I-MODEL I-MODEL,|B733-60|ネイビー
T02033,Ｒ３９８－５４ グリーン ノースピーク デイパック,ノースピーク,R398-54,グリーン,B-MODEL I-MODEL I-MODEL I-MODEL I-MODEL I-MODEL I-MODEL O B-COLOR I-COLOR I-COLOR I-COLOR O B-BRAND I-BRAND I-BRAND I-BRAND I-BRAND I-BRAND O O O O O O,ノースピーク|R398-54|グリーン
T02034,グリーン K887-46 腕時計,,K887-46,グリーン,B-COLOR I-COLOR I-COLOR I-COLOR O B-MODEL I-MODEL I-MODEL I-MODEL I-MODEL I-MODEL I-MODEL O O O O,|K887-46|グリーン
T02035,イヤホンM87370ミドリワークスホワイト,ミドリワークス,M873-70,ホワイト,O O O O B-MODEL I-MODEL I-MODEL I-MODEL I-MODEL I-MODEL B-BRAND I-BRAND I-BRAND I-BRAND I-BRAND I-BRAND I-BRAND B-COLOR I-COLOR I-COLOR I-COLOR,ミドリワークス|M873-70|ホワイト
T02036,★新品未使用★洗濯機 グリーン ノースピーク Ｕ２０２－６６,ノースピーク,U202-66,グリーン,O O O O O O O O O O O B-COLOR I-COLOR I-COLOR I-COLOR O B-BRAND I-BRAND I-BRAND I-BRAND I-BRAND I-BRAND O B-MODEL I-MODEL I-MODEL I-MODEL I-MODEL I-MODEL I-MODEL,ノースピーク|U202-66|グリーン
T02037,イヤホン O530-45 グリーン,,O530-45,グリーン,O O O O O B-MODEL I-MODEL I-MODEL I-MODEL I-MODEL I-MODEL I-MODEL O B-COLOR I-COLOR I-COLOR I-COLOR,|O530-45|グリーン
T02038,スニーカー Ｖ３２６１５ ブラック TSUBAKI,TSUBAKI,V326-15,ブラック,O O O O O O B-MODEL I-MODEL I-MODEL I-MODEL I-MODEL I-MODEL O B-COLOR I-COLOR I-COLOR I-COLOR O B-BRAND I-BRAND I-BRAND I-BRAND I-BRAND I-BRAND I-BRAND,TSUBAKI|V326-15|ブラック
T02039,レッド 冷蔵庫 H75680 ノースピーク,ノースピーク,H756-80,レッド,B-COLOR I-COLOR I-COLOR O O O O O B-MODEL I-MODEL I-MODEL I-MODEL I-MODEL I-MODEL O B-BRAND I-BRAND I-BRAND I-BRAND I-BRAND I-BRAND,ノースピーク|H756-80|レッド
T02040,ハヤブサ レッド 腕時計Ｚ８２１－６１,ハヤブサ,Z821-61,レッド,B-BRAND I-BRAND I-BRAND I-BRAND O B-COLOR I-COLOR I-COLOR O O O O B-MODEL I-MODEL I-MODEL I-MODEL I-MODEL I-MODEL I-MODEL,ハヤブサ|Z821-61|レッド
T02041,★新品未使用★ブラック KURO デイパック S77862,KURO,S778-62,ブラック,O O O O O O O B-COLOR I-COLOR I-COLOR I-COLOR O B-BRAND I-BRAND I-BRAND I-BRAND O O O O O O O B-MODEL I-MODEL I-MODEL I-MODEL I-MODEL I-MODEL,KURO|S778-62|ブラック
T02042,ブラック X28464 TSUBAKI 腕時計,TSUBAKI,X284-64,ブラック,B-COLOR I-COLOR I-COLOR I-COLOR O B-MODEL I-MODEL I-MODEL I-MODEL I-MODEL I-MODEL O B-BRAND I-BRAND I-BRAND I-BRAND I-BRAND I-BRAND I-BRAND O O O O,TSUBAKI|X284-64|ブラック
T02043,ノースピーク ホワイト 腕時計 F69595,ノースピーク,F695-95,ホワイト,B-BRAND I-BRAND I-BRAND I-BRAND I-BRAND I-BRAND O B-COLOR I-COLOR I-COLOR I-COLOR O O O O O B-MODEL I-MODEL I-MODEL I-MODEL I-MODEL I-MODEL,ノースピーク|F695-95|ホワイト
T02044,【送料無料】ンブノートパソコンR286-98ホワイト,ゲンブ,R286-98,ホワイト,O O O O O O O O O O O O O O O B-MODEL I-MODEL I-MODEL I-MODEL I-MODEL I-MODEL I-MODEL B-COLOR I-COLOR I-COLOR I-COLOR,ゲンブ|R286-98|ホワイト
T02045,TSUBAKI 冷蔵庫 ブラック K319-65,TSUBAKI,K319-65,ブラック,B-BRAND I-BRAND I-BRAND I-BRAND I-BRAND I-BRAND I-BRAND O O O O O B-COLOR I-COLOR I-COLOR I-COLOR O B-MODEL I-MODEL I-MODEL I-MODEL I-MODEL I-MODEL I-MODEL,TSUBAKI|K319-65|ブラック
T02046,ミドリワークス ブラック 洗濯機 Ｈ３１２６５,ミドリワークス,H312-65,ブラック,B-BRAND I-BRAND I-BRAND I-BRAND I-BRAND I-BRAND I-BRAND O B-COLOR I-COLOR I-COLOR I-COLOR O O O O O B-MODEL I-MODEL I-MODEL I-MODEL I-MODEL I-MODEL,ミドリワークス|H312-65|ブラック
T02047,【送料無料】ハヤブサ グリーン スニーカー K755-12,ハヤブサ,K755-12,グリーン,O O O O O O B-BRAND I-BRAND I-BRAND I-BRAND O B-COLOR I-COLOR I-COLOR I-COLOR O O O O O O O B-MODEL I-MODEL I-MODEL I-MODEL I-MODEL I-MODEL I-MODEL,ハヤブサ|K755-12|グリーン
T02048,腕時計F173-91レッドオオゾラ,オオゾラ,F173-91,レッド,O O O B-MODEL I-MODEL I-MODEL I-MODEL I-MODEL I-MODEL I-MODEL B-COLOR I-COLOR I-COLOR B-BRAND I-BRAND I-BRAND I-BRAND,オオゾラ|F173-91|レッド
T02049,Ｐ２０４－４６シルバーKURO冷蔵庫,KURO,P204-46,シルバー,B-MODEL I-MODEL I-MODEL I-MODEL I-MODEL I-MODEL I-MODEL B-COLOR I-COLOR I-COLOR I-COLOR B-BRAND I-BRAND I-BRAND I-BRAND O O O,KURO|P204-46|シルバー
T02050,G263-24イヤホンKUROレッド,KURO,G236-24,レッド,O O O O O O O O O O O B-BRAND I-BRAND I-BRAND I-BRAND B-COLOR I-COLOR I-COLOR,KURO|G236-24|レッド
T02051,ネイビー W769-93 ノートパソコン KURO,KURO,W769-93,ネイビー,B-COLOR I-COLOR I-COLOR I-COLOR O B-MODEL I-MODEL I-MODEL I-MODEL I-MODEL I-MODEL I-MODEL O O O O O O O O O B-BRAND I-BRAND I-BRAND I-BRAND,KURO|W769-93|ネイビー
T02052,ブラックミドリワークスH48429掃除機,ミドリワークス,H484-29,ブラック,B-COLOR I-COLOR I-COLOR I-COLOR B-BRAND I-BRAND I-BRAND I-BRAND I-BRAND I-BRAND I-BRAND B-MODEL I-MODEL I-MODEL I-MODEL I-MODEL I-MODEL O O O,ミドリワークス|H484-29|ブラック
T02053,Z476-31掃除機ホワイトTSUBAKI,TSUBAKI,Z476-31,ホワイト,B-MODEL I-MODEL I-MODEL I-MODEL I-MODEL I-MODEL I-MODEL O O O B-COLOR I-COLOR I-COLOR I-COLOR B-BRAND I-BRAND I-BRAND I-BRAND I-BRAND I-BRAND I-BRAND,TSUBAKI|Z476-31|ホワイト
T02054,D910-51 ノートパソコン グリーン,,D910-51,グリーン,B-MODEL I-MODEL I-MODEL I-MODEL I-MODEL I-MODEL I-MODEL O O O O O O O O O B-COLOR I-COLOR I-COLOR I-COLOR,|D910-51|グリーン
T02055,レッドE445-19ノートパソコン,,E445-19,レッド,B-COLOR I-COLOR I-COLOR B-MODEL I-MODEL I-MODEL I-MODEL I-MODEL I-MODEL I-MODEL O O O O O O O,|E445-19|レッド
T02056,レッド 冷蔵庫 W31856,,W318-56,レッド,B-COLOR I-COLOR I-COLOR O O O O O B-MODEL I-MODEL I-MODEL I-MODEL I-MODEL I-MODEL,|W318-56|レッド
T02057,ネイビー ゲンブ 掃除機 B219-15,ゲンブ,B219-15,ネイビー,B-COLOR I-COLOR I-COLOR I-COLOR O B-BRAND I-BRAND I-BRAND O O O O O B-MODEL I-MODEL I-MODEL I-MODEL I-MODEL I-MODEL I-MODEL,ゲンブ|B219-15|ネイビー
T02058,★新品未使用★I78461ノートパソコンハヤブサグリーン,ハヤブサ,I784-61,グリーン,O O O O O O O B-MODEL I-MODEL I-MODEL I-MODEL I-MODEL I-MODEL O O O O O O O B-BRAND I-BRAND I-BRAND I-BRAND B-COLOR I-COLOR I-COLOR I-COLOR,ハヤブサ|I784-61|グリーン
T02059,グリーン D162-93 ゲンブ デイパック,ゲンブ,D162-93,グリーン,B-COLOR I-COLOR I-COLOR I-COLOR O B-MODEL I-MODEL I-MODEL I-MODEL I-MODEL I-MODEL I-MODEL O B-BRAND I-BRAND I-BRAND O O O O O O,ゲンブ|D162-93|グリーン
T02060,V62061洗濯機ネイビー,,V620-61,ネイビー,B-MODEL I-MODEL I-MODEL I-MODEL I-MODEL I-MODEL O O O B-COLOR I-COLOR I-COLOR I-COLOR,|V620-61|ネイビー
T02061,【即日発送】イヤホン ホワイト Q48493,,Q484-93,ホワイト,O O O O O O O O O O O B-COLOR I-COLOR I-COLOR I-COLOR O B-MODEL I-MODEL I-MODEL I-MODEL I-MODEL I-MODEL,|Q484-93|ホワイト
T02062,ブラック ゲンブ Ｂ１３８－５１ 洗濯機,ゲンブ,B138-51,ブラック,B-COLOR I-COLOR I-COLOR I-COLOR O B-BRAND I-BRAND I-BRAND O B-MODEL I-MODEL I-MODEL I-MODEL I-MODEL I-MODEL I-MODEL O O O O,ゲンブ|B138-51|ブラック
T02063,ソライロブラックC527-58冷蔵庫,ソライロ,C527-58,ブラック,B-BRAND I-BRAND I-BRAND I-BRAND B-COLOR I-COLOR I-COLOR I-COLOR B-MODEL I-MODEL I-MODEL I-MODEL I-MODEL I-MODEL I-MODEL O O O,ソライロ|C527-58|ブラック
T02064,《アウトレット》B77914 アカネ電機 スニーカー グリーン,アカネ電機,B779-14,グリーン,O O O O O O O O B-MODEL I-MODEL I-MODEL I-MODEL I-MODEL I-MODEL O B-BRAND I-BRAND I-BRAND I-BRAND I-BRAND O O O O O O O B-COLOR I-COLOR I-COLOR I-COLOR,アカネ電機|B779-14|グリーン
T02065,TSUBAKI シルバー 腕時計 X34619,TSUBAKI,X346-19,シルバー,B-BRAND I-BRAND I-BRAND I-BRAND I-BRAND I-BRAND I-BRAND O B-COLOR I-COLOR I-COLOR I-COLOR O O O O O B-MODEL I-MODEL I-MODEL I-MODEL I-MODEL I-MODEL,TSUBAKI|X346-19|シルバー
T02066,スニーカー レッド ミドリワークス V14192,ミドリワークス,V141-92,レッド,O O O O O O B-COLOR I-COLOR I-COLOR O B-BRAND I-BRAND I-BRAND I-BRAND I-BRAND I-BRAND I-BRAND O B-MODEL I-MODEL I-MODEL I-MODEL I-MODEL I-MODEL,ミドリワークス|V141-92|レッド
T02067,【即日発送】ホワイト W68431 冷蔵庫,,W684-31,ホワイト,O O O O O O B-COLOR I-COLOR I-COLOR I-COLOR O B-MODEL I-MODEL I-MODEL I-MODEL I-MODEL I-MODEL O O O O,|W684-31|ホワイト
T02068,ソライログリーン掃除機B914-34,ソライロ,B914-34,グリーン,B-BRAND I-BRAND I-BRAND I-BRAND B-COLOR I-COLOR I-COLOR I-COLOR O O O B-MODEL I-MODEL I-MODEL I-MODEL I-MODEL I-MODEL I-MODEL,ソライロ|B914-34|グリーン
T02069,◆正規品◆イヤホンネイビーオオゾラE24197,オオゾラ,E241-97,ネイビー,O O O O O O O O O B-COLOR I-COLOR I-COLOR I-COLOR B-BRAND I-BRAND I-BRAND I-BRAND B-MODEL I-MODEL I-MODEL I-MODEL I-MODEL I-MODEL,オオゾラ|E241-97|ネイビー
T02070,ネイビーP249-96腕時計ノースピーク,ノースピーク,P249-96,ネイビー,B-COLOR I-COLOR I-COLOR I-COLOR B-MODEL I-MODEL I-MODEL I-MODEL I-MODEL I-MODEL I-MODEL O O O B-BRAND I-BRAND I-BRAND I-BRAND I-BRAND I-BRAND,ノースピーク|P249-96|ネイビー
T02071,腕時計シルバーソライロA27968,ソライロ,A279-68,シルバー,O O O B-COLOR I-COLOR I-COLOR I-COLOR B-BRAND I-BRAND I-BRAND I-BRAND B-MODEL I-MODEL I-MODEL I-MODEL I-MODEL I-MODEL,ソライロ|A279-68|シルバー
T02072,Ｕ４３５－７５ ホワイト ノートパソコン オオゾラ,オオゾラ,U435-75,ホワイト,B-MODEL I-MODEL I-MODEL I-MODEL I-MODEL I-MODEL I-MODEL O B-COLOR I-COLOR I-COLOR I-COLOR O O O O O O O O O B-BRAND I-BRAND I-BRAND I-BRAND,オオゾラ|U435-75|ホワイト
T02073,ミドリワークス 洗濯機 N691-91 グリーン,ミドリワークス,N691-91,グリーン,B-BRAND I-BRAND I-BRAND I-BRAND I-BRAND I-BRAND I-BRAND O O O O O B-MODEL I-MODEL I-MODEL I-MODEL I-MODEL I-MODEL I-MODEL O B-COLOR I-COLOR I-COLOR I-COLOR,ミドリワークス|N691-91|グリーン
T02074,【即日発送】ノトーパソコンK758-87シルバー,,K758-87,シルバー,O O O O O O O O O O O O O B-MODEL I-MODEL I-MODEL I-MODEL I-MODEL I-MODEL I-MODEL B-COLOR I-COLOR I-COLOR I-COLOR,|K758-87|シルバー
T02075,掃除機ブラックM547-14KURO,KURO,M547-14,ブラック,O O O B-COLOR I-COLOR I-COLOR I-COLOR B-MODEL I-MODEL I-MODEL I-MODEL I-MODEL I-MODEL I-MODEL B-BRAND I-BRAND I-BRAND I-BRAND,KURO|M547-14|ブラック
T02076,ネイビーアカネ電機Ｎ１９７－３３洗濯機,アカネ電機,N197-33,ネイビー,B-COLOR I-COLOR I-COLOR I-COLOR B-BRAND I-BRAND I-BRAND I-BRAND I-BRAND B-MODEL I-MODEL I-MODEL I-MODEL I-MODEL I-MODEL I-MODEL O O O,アカネ電機|N197-33|ネイビー
T02077,【送料無料】ホワイト H488-31 ソライロ ノートパソコン,ソライロ,H488-31,ホワイト,O O O O O O B-COLOR I-COLOR I-COLOR I-COLOR O B-MODEL I-MODEL I-MODEL I-MODEL I-MODEL I-MODEL I-MODEL O B-BRAND I-BRAND I-BRAND I-BRAND O O O O O O O O,ソライロ|H488-31|ホワイト
T02078,デイパックソライロＸ７３５－７０グリーン,ソライロ,X735-70,グリーン,O O O O O B-BRAND I-BRAND I-BRAND I-BRAND B-MODEL I-MODEL I-MODEL I-MODEL I-MODEL I-MODEL I-MODEL B-COLOR I-COLOR I-COLOR I-COLOR,ソライロ|X735-70|グリーン
T02079,ネイビー Ｏ６９５－９１ 洗濯機,,O695-91,ネイビー,B-COLOR I-COLOR I-COLOR I-COLOR O B-MODEL I-MODEL I-MODEL I-MODEL I-MODEL I-MODEL I-MODEL O O O O,|O695-91|ネイビー
T02080,ノースピークデイパックI50392グリーン,ノースピーク,I503-92,グリーン,B-BRAND I-BRAND I-BRAND I-BRAND I-BRAND I-BRAND O O O O O B-MODEL I-MODEL I-MODEL I-MODEL I-MODEL I-MODEL B-COLOR I-COLOR I-COLOR I-COLOR,ノースピーク|I503-92|グリーン
T02081,G659-19ブラックソライロノートパソコン,ソライロ,G659-19,ブラック,B-MODEL I-MODEL I-MODEL I-MODEL I-MODEL I-MODEL I-MODEL B-COLOR I-COLOR I-COLOR I-COLOR B-BRAND I-BRAND I-BRAND I-BRAND O O O O O O O,ソライロ|G659-19|ブラック
T02082,ブラック R727-61 ノースピーク 洗濯機,ノースピーク,R727-61,ブラック,B-COLOR I-COLOR I-COLOR I-COLOR O B-MODEL I-MODEL I-MODEL I-MODEL I-MODEL I-MODEL I-MODEL O B-BRAND I-BRAND I-BRAND I-BRAND I-BRAND I-BRAND O O O O,ノースピーク|R727-61|ブラック
T02083,ノースピークブラッデイパックW248-48,ノースピーク,W248-48,ブラック,B-BRAND I-BRAND I-BRAND I-BRAND I-BRAND I-BRAND O O O O O O O O B-MODEL I-MODEL I-MODEL I-MODEL I-MODEL I-MODEL I-MODEL,ノースピーク|W248-48|ブラック
T02084,M868-86 ノースピーク ホワイト デイパック,ノースピーク,M868-86,ホワイト,B-MODEL I-MODEL I-MODEL I-MODEL I-MODEL I-MODEL I-MODEL O B-BRAND I-BRAND I-BRAND I-BRAND I-BRAND I-BRAND O B-COLOR I-COLOR I-COLOR I-COLOR O O O O O O,ノースピーク|M868-86|ホワイト
T02085,U42416シルバー腕時計,,U424-16,シルバー,B-MODEL I-MODEL I-MODEL I-MODEL I-MODEL I-MODEL B-COLOR I-COLOR I-COLOR I-COLOR O O O,|U424-16|シルバー
T02086,TSUBAKI 腕時計 L173-90 シルバー,TSUBAKI,L173-90,シルバー,B-BRAND I-BRAND I-BRAND I-BRAND I-BRAND I-BRAND I-BRAND O O O O O B-MODEL I-MODEL I-MODEL I-MODEL I-MODEL I-MODEL I-MODEL O B-COLOR I-COLOR I-COLOR I-COLOR,TSUBAKI|L173-90|シルバー
T02087,ネイビーV692-21ノートパソコン,,V692-21,ネイビー,B-COLOR I-COLOR I-COLOR I-COLOR B-MODEL I-MODEL I-MODEL I-MODEL I-MODEL I-MODEL I-MODEL O O O O O O O,|V692-21|ネイビー
T02088,ミドリワークス ノートパソコン Q352-62 ホワイト,ミドリワークス,Q352-62,ホワイト,B-BRAND I-BRAND I-BRAND I-BRAND I-BRAND I-BRAND I-BRAND O O O O O O O O O B-MODEL I-MODEL I-MODEL I-MODEL I-MODEL I-MODEL I-MODEL O B-COLOR I-COLOR I-COLOR I-COLOR,ミドリワークス|Q352-62|ホワイト
T02089,H882-31 掃除機 シルバー ゲンブ,ゲンブ,H882-31,シルバー,B-MODEL I-MODEL I-MODEL I-MODEL I-MODEL I-MODEL I-MODEL O O O O O B-COLOR I-COLOR I-COLOR I-COLOR O B-BRAND I-BRAND I-BRAND,ゲンブ|H882-31|シルバー
T02090,《ウトレット》ゲンブレッドF633-34イヤホン,ゲンブ,F633-34,レッド,O O O O O O O B-BRAND I-BRAND I-BRAND B-COLOR I-COLOR I-COLOR B-MODEL I-MODEL I-MODEL I-MODEL I-MODEL I-MODEL I-MODEL O O O O,ゲンブ|F633-34|レッド
T02091,アカネ電機 ブラック 掃除機 Ｊ９６４５,アカネ電機,J796-45,ブラック,B-BRAND I-BRAND I-BRAND I-BRAND I-BRAND O B-COLOR I-COLOR I-COLOR I-COLOR O O O O O O O O O O,アカネ電機|J796-45|ブラック
T02092,KURO グリーン デイパック Ｌ７６５５６,KURO,L765-56,グリーン,B-BRAND I-BRAND I-BRAND I-BRAND O B-COLOR I-COLOR I-COLOR I-COLOR O O O O O O O B-MODEL I-MODEL I-MODEL I-MODEL I-MODEL I-MODEL,KURO|L765-56|グリーン
T02093,ネイビーノースピーク腕時計V520-53,ノースピーク,V520-53,ネイビー,B-COLOR I-COLOR I-COLOR I-COLOR B-BRAND I-BRAND I-BRAND I-BRAND I-BRAND I-BRAND O O O B-MODEL I-MODEL I-MODEL I-MODEL I-MODEL I-MODEL I-MODEL,ノースピーク|V520-53|ネイビー
T02094,ノートパソコン シルバー TSUBAKI J24117,TSUBAKI,J241-17,シルバー,O O O O O O O O B-COLOR I-COLOR I-COLOR I-COLOR O B-BRAND I-BRAND I-BRAND I-BRAND I-BRAND I-BRAND I-BRAND O B-MODEL I-MODEL I-MODEL I-MODEL I-MODEL I-MODEL,TSUBAKI|J241-17|シルバー
T02095,◆正規品◆ネイビーノートパソコンTSUBAKIW62243,TSUBAKI,W622-43,ネイビー,O O O O O B-COLOR I-COLOR I-COLOR I-COLOR O O O O O O O B-BRAND I-BRAND I-BRAND I-BRAND I-BRAND I-BRAND I-BRAND B-MODEL I-MODEL I-MODEL I-MODEL I-MODEL I-MODEL,TSUBAKI|W622-43|ネイビー
T02096,シルバーデイパックT487-71オオゾラ,オオゾラ,T487-71,シルバー,B-COLOR I-COLOR I-COLOR I-COLOR O O O O O B-MODEL I-MODEL I-MODEL I-MODEL I-MODEL I-MODEL I-MODEL B-BRAND I-BRAND I-BRAND I-BRAND,オオゾラ|T487-71|シルバー
T02097,掃除機Q394-22グリーン,,Q394-22,グリーン,O O O B-MODEL I-MODEL I-MODEL I-MODEL I-MODEL I-MODEL I-MODEL B-COLOR I-COLOR I-COLOR I-COLOR,|Q394-22|グリーン
T02098,腕時計Y575-53ブラックKURO,KURO,Y575-53,ブラック,O O O B-MODEL I-MODEL I-MODEL I-MODEL I-MODEL I-MODEL I-MODEL B-COLOR I-COLOR I-COLOR I-COLOR B-BRAND I-BRAND I-BRAND I-BRAND,KURO|Y575-53|ブラック
T02099,アカ電ネ機 レッド Ｒ４３１１６ 冷蔵庫,アカネ電機,R431-16,レッド,O O O O O O B-COLOR I-COLOR I-COLOR O B-MODEL I-MODEL I-MODEL I-MODEL I-MODEL I-MODEL O O O O,アカネ電機|R431-16|レッド
T02100,冷蔵庫 ノースピーク Z978-66 シルバー,ノースピーク,Z978-66,シルバー,O O O O B-BRAND I-BRAND I-BRAND I-BRAND I-BRAND I-BRAND O B-MODEL I-MODEL I-MODEL I-MODEL I-MODEL I-MODEL I-MODEL O B-COLOR I-COLOR I-COLOR I-COLOR,ノースピーク|Z978-66|シルバー
T02101,シルバー 洗濯機 Ａ８２６５２,,A826-52,シルバー,B-COLOR I-COLOR I-COLOR I-COLOR O O O O O B-MODEL I-MODEL I-MODEL I-MODEL I-MODEL I-MODEL,|A826-52|シルバー
T02102,I99853 ブラック 掃除機 ソライロ,ソライロ,I998-53,ブラック,B-MODEL I-MODEL I-MODEL I-MODEL I-MODEL I-MODEL O B-COLOR I-COLOR I-COLOR I-COLOR O O O O O B-BRAND I-BRAND I-BRAND I-BRAND,ソライロ|I998-53|ブラック
T02103,P70048 ノートパソコン KURO グリーン,KURO,P700-48,グリーン,B-MODEL I-MODEL I-MODEL I-MODEL I-MODEL I-MODEL O O O O O O O O O B-BRAND I-BRAND I-BRAND I-BRAND O B-COLOR I-COLOR I-COLOR I-COLOR,KURO|P700-48|グリーン
T02104,冷蔵庫 ゲンブ ネイビー O560-90,ゲンブ,O560-90,ネイビー,O O O O B-BRAND I-BRAND I-BRAND O B-COLOR I-COLOR I-COLOR I-COLOR O B-MODEL I-MODEL I-MODEL I-MODEL I-MODEL I-MODEL I-MODEL,ゲンブ|O560-90|ネイビー
T02105,レッドデイパックW490-11ハヤブサ,ハヤブサ,W490-11,レッド,B-COLOR I-COLOR I-COLOR O O O O O B-MODEL I-MODEL I-MODEL I-MODEL I-MODEL I-MODEL I-MODEL B-BRAND I-BRAND I-BRAND I-BRAND,ハヤブサ|W490-11|レッド
T02106,シルバー 腕時計 B702-91 KURO,KURO,B702-91,シルバー,B-COLOR I-COLOR I-COLOR I-COLOR O O O O O B-MODEL I-MODEL I-MODEL I-MODEL I-MODEL I-MODEL I-MODEL O B-BRAND I-BRAND I-BRAND I-BRAND,KURO|B702-91|シルバー
T02107,【即日発送】シルバー イヤホン Ｒ３７１－７４,,R371-74,シルバー,O O O O O O B-COLOR I-COLOR I-COLOR I-COLOR O O O O O O B-MODEL I-MODEL I-MODEL I-MODEL I-MODEL I-MODEL I-MODEL,|R371-74|シルバー
T02108,Ｏ９１５－６２ ネイビー イヤホン シラユキ,シラユキ,O915-62,ネイビー,B-MODEL I-MODEL I-MODEL I-MODEL I-MODEL I-MODEL I-MODEL O B-COLOR I-COLOR I-COLOR I-COLOR O O O O O O B-BRAND I-BRAND I-BRAND I-BRAND,シラユキ|O915-62|ネイビー
T02109,Y607-62洗濯機ノースピークグリーン,ノースピーク,Y607-62,グリーン,B-MODEL I-MODEL I-MODEL I-MODEL I-MODEL I-MODEL I-MODEL O O O B-BRAND I-BRAND I-BRAND I-BRAND I-BRAND I-BRAND B-COLOR I-COLOR I-COLOR I-COLOR,ノースピーク|Y607-62|グリーン
T02110,【送料無料レッド ノースピーク イヤホン Ｘ１０９－５９,ノースピーク,X109-59,レッド,O O O O O B-COLOR I-COLOR I-COLOR O B-BRAND I-BRAND I-BRAND I-BRAND I-BRAND I-BRAND O O O O O O B-MODEL I-MODEL I-MODEL I-MODEL I-MODEL I-MODEL I-MODEL,ノースピーク|X109-59|レッド
T02111,レッドI11717掃除機,,I117-17,レッド,B-COLOR I-COLOR I-COLOR B-MODEL I-MODEL I-MODEL I-MODEL I-MODEL I-MODEL O O O,|I117-17|レッド
T02112,冷蔵庫 ゲンブ ブラック Ｍ７１５－３６,ゲンブ,M715-36,ブラック,O O O O B-BRAND I-BRAND I-BRAND O B-COLOR I-COLOR I-COLOR I-COLOR O B-MODEL I-MODEL I-MODEL I-MODEL I-MODEL I-MODEL I-MODEL,ゲンブ|M715-36|ブラック
T02113,ブラック ノートパソコン C638-45 ゲンブ,ゲンブ,C638-45,ブラック,B-COLOR I-COLOR I-COLOR I-COLOR O O O O O O O O O B-MODEL I-MODEL I-MODEL I-MODEL I-MODEL I-MODEL I-MODEL O B-BRAND I-BRAND I-BRAND,ゲンブ|C638-45|ブラック
T02114,ホワイトノースピークＦ４９０－３７腕時計,ノースピーク,F490-37,ホワイト,B-COLOR I-COLOR I-COLOR I-COLOR B-BRAND I-BRAND I-BRAND I-BRAND I-BRAND I-BRAND B-MODEL I-MODEL I-MODEL I-MODEL I-MODEL I-MODEL I-MODEL O O O,ノースピーク|F490-37|ホワイト
T02115,洗濯機 C933-28 ッド,,C933-28,レッド,O O O O B-MODEL I-MODEL I-MODEL I-MODEL I-MODEL I-MODEL I-MODEL O O O,|C933-28|レッド
T02116,グリーンP665-53イヤホンオオゾラ,オオゾラ,P665-53,グリーン,B-COLOR I-COLOR I-COLOR I-COLOR B-MODEL I-MODEL I-MODEL I-MODEL I-MODEL I-MODEL I-MODEL O O O O B-BRAND I-BRAND I-BRAND I-BRAND,オオゾラ|P665-53|グリーン
T02117,レッド Ｓ９２３－７１ KURO 掃除機,KURO,S923-71,レッド,B-COLOR I-COLOR I-COLOR O B-MODEL I-MODEL I-MODEL I-MODEL I-MODEL I-MODEL I-MODEL O B-BRAND I-BRAND I-BRAND I-BRAND O O O O,KURO|S923-71|レッド
T02118,掃除機 Ｏ９０６－３８ シラユキ ホワイト,シラユキ,O906-38,ホワイト,O O O O B-MODEL I-MODEL I-MODEL I-MODEL I-MODEL I-MODEL I-MODEL O B-BRAND I-BRAND I-BRAND I-BRAND O B-COLOR I-COLOR I-COLOR I-COLOR,シラユキ|O906-38|ホワイト
T02119,F484-11シルバー洗濯機,,F484-11,シルバー,B-MODEL I-MODEL I-MODEL I-MODEL I-MODEL I-MODEL I-MODEL B-COLOR I-COLOR I-COLOR I-COLOR O O O,|F484-11|シルバー
T02120,イヤホンハヤブサP485-86グリーン,ハヤブサ,P485-86,グリーン,O O O O B-BRAND I-BRAND I-BRAND I-BRAND B-MODEL I-MODEL I-MODEL I-MODEL I-MODEL I-MODEL I-MODEL B-COLOR I-COLOR I-COLOR I-COLOR,ハヤブサ|P485-86|グリーン
T02121,P639-13 シルバー ノートパソコン ゲンブ,ゲンブ,P639-13,シルバー,B-MODEL I-MODEL I-MODEL I-MODEL I-MODEL I-MODEL I-MODEL O B-COLOR I-COLOR I-COLOR I-COLOR O O O O O O O O O B-BRAND I-BRAND I-BRAND,ゲンブ|P639-13|シルバー
T02122,シルバー 腕時計 J692-80,,J692-80,シルバー,B-COLOR I-COLOR I-COLOR I-COLOR O O O O O B-MODEL I-MODEL I-MODEL I-MODEL I-MODEL I-MODEL I-MODEL,|J692-80|シルバー
T02123,★新品未使用★ネイビーTSUBAKI腕時計D25584,TSUBAKI,D255-84,ネイビー,O O O O O O O B-COLOR I-COLOR I-COLOR I-COLOR B-BRAND I-BRAND I-BRAND I-BRAND I-BRAND I-BRAND I-BRAND O O O B-MODEL I-MODEL I-MODEL I-MODEL I-MODEL I-MODEL,TSUBAKI|D255-84|ネイビー
T02124,ゲンブネイビーT537-12洗濯機,ゲンブ,T537-12,ネイビー,B-BRAND I-BRAND I-BRAND B-COLOR I-COLOR I-COLOR I-COLOR B-MODEL I-MODEL I-MODEL I-MODEL I-MODEL I-MODEL I-MODEL O O O,ゲンブ|T537-12|ネイビー
T02125,TSUBAKI ブラック 掃除機 B544-76,TSUBAKI,B544-76,ブラック,B-BRAND I-BRAND I-BRAND I-BRAND I-BRAND I-BRAND I-BRAND O B-COLOR I-COLOR I-COLOR I-COLOR O O O O O B-MODEL I-MODEL I-MODEL I-MODEL I-MODEL I-MODEL I-MODEL,TSUBAKI|B544-76|ブラック
T02126,レッド 冷蔵庫 KURO S491-91,KURO,S491-91,レッド,B-COLOR I-COLOR I-COLOR O O O O O B-BRAND I-BRAND I-BRAND I-BRAND O B-MODEL I-MODEL I-MODEL I-MODEL I-MODEL I-MODEL I-MODEL,KURO|S491-91|レッド
T02127,◆正規品◆KUROノートパソコンY931-56レッド,KURO,Y931-56,レッド,O O O O O B-BRAND I-BRAND I-BRAND I-BRAND O O O O O O O B-MODEL I-MODEL I-MODEL I-MODEL I-MODEL I-MODEL I-MODEL B-COLOR I-COLOR I-COLOR,KURO|Y931-56|レッド
T02128,【即日発送】掃除機 グリーン X101-43,,X101-43,グリーン,O O O O O O O O O O B-COLOR I-COLOR I-COLOR I-COLOR O B-MODEL I-MODEL I-MODEL I-MODEL I-MODEL I-MODEL I-MODEL,|X101-43|グリーン
T02129,F44815ゲンブスニーカーホワイト,ゲンブ,F448-15,ホワイト,B-MODEL I-MODEL I-MODEL I-MODEL I-MODEL I-MODEL B-BRAND I-BRAND I-BRAND O O O O O B-COLOR I-COLOR I-COLOR I-COLOR,ゲンブ|F448-15|ホワイト
T02130,洗濯機 グリーン P910-18,,P910-18,グリーン,O O O O B-COLOR I-COLOR I-COLOR I-COLOR O B-MODEL I-MODEL I-MODEL I-MODEL I-MODEL I-MODEL I-MODEL,|P910-18|グリーン
T02131,Ａ１８９－６３ スニーカー ネイビー,,A189-63,ネイビー,B-MODEL I-MODEL I-MODEL I-MODEL I-MODEL I-MODEL I-MODEL O O O O O O O B-COLOR I-COLOR I-COLOR I-COLOR,|A189-63|ネイビー
T02132,◆正規品◆シルバー 腕時計 S33174 ゲンブ,ゲンブ,S331-74,シルバー,O O O O O B-COLOR I-COLOR I-COLOR I-COLOR O O O O O B-MODEL I-MODEL I-MODEL I-MODEL I-MODEL I-MODEL O B-BRAND I-BRAND I-BRAND,ゲンブ|S331-74|シルバー
T02133,洗濯機 グリーン G62113,,G621-13,グリーン,O O O O B-COLOR I-COLOR I-COLOR I-COLOR O B-MODEL I-MODEL I-MODEL I-MODEL I-MODEL I-MODEL,|G621-13|グリーン
T02134,スニーカーオオゾラネイビーC28326,オオゾラ,C283-26,ネイビー,O O O O O B-BRAND I-BRAND I-BRAND I-BRAND B-COLOR I-COLOR I-COLOR I-COLOR B-MODEL I-MODEL I-MODEL I-MODEL I-MODEL I-MODEL,オオゾラ|C283-26|ネイビー
T02135,ネイビー ゲンブ A885-30 掃除機,ゲンブ,A885-30,ネイビー,B-COLOR I-COLOR I-COLOR I-COLOR O B-BRAND I-BRAND I-BRAND O B-MODEL I-MODEL I-MODEL I-MODEL I-MODEL I-MODEL I-MODEL O O O O,ゲンブ|A885-30|ネイビー
T02136,★新未使用★腕時計 Y398-97 ホワイト,,Y398-97,ホワイト,O O O O O O O O O O B-MODEL I-MODEL I-MODEL I-MODEL I-MODEL I-MODEL I-MODEL O B-COLOR I-COLOR I-COLOR I-COLOR,|Y398-97|ホワイト
T02137,KURO イヤホン P58358 シルーバ,KURO,P583-58,シルバー,B-BRAND I-BRAND I-BRAND I-BRAND O O O O O O B-MODEL I-MODEL I-MODEL I-MODEL I-MODEL I-MODEL O O O O O,KURO|P583-58|シルバー
T02138,イヤホン TSUBAKI グリーン E940-90,TSUBAKI,E940-90,グリーン,O O O O O B-BRAND I-BRAND I-BRAND I-BRAND I-BRAND I-BRAND I-BRAND O B-COLOR I-COLOR I-COLOR I-COLOR O B-MODEL I-MODEL I-MODEL I-MODEL I-MODEL I-MODEL I-MODEL,TSUBAKI|E940-90|グリーン
T02139,【即日発送】ノートパソコンシルバーS343-83ハヤブサ,ハヤブサ,S343-83,シルバー,O O O O O O O O O O O O O B-COLOR I-COLOR I-COLOR I-COLOR B-MODEL I-MODEL I-MODEL I-MODEL I-MODEL I-MODEL I-MODEL B-BRAND I-BRAND I-BRAND I-BRAND,ハヤブサ|S343-83|シルバー
T02140,K11-39 ホワイト 洗濯機 TSUBAKI,TSUBAKI,K114-39,ホワイト,O O O O O O O B-COLOR I-COLOR I-COLOR I-COLOR O O O O O B-BRAND I-BRAND I-BRAND I-BRAND I-BRAND I-BRAND I-BRAND,TSUBAKI|K114-39|ホワイト
T02141,ハヤブサ ホワイト ノートパソコン K51218,ハヤブサ,K512-18,ホワイト,B-BRAND I-BRAND I-BRAND I-BRAND O B-COLOR I-COLOR I-COLOR I-COLOR O O O O O O O O O B-MODEL I-MODEL I-MODEL I-MODEL I-MODEL I-MODEL,ハヤブサ|K512-18|ホワイト
T02142,N308-63ネイーゲンブ掃除機,ゲンブ,N308-63,ネイビー,B-MODEL I-MODEL I-MODEL I-MODEL I-MODEL I-MODEL I-MODEL O O O B-BRAND I-BRAND I-BRAND O O O,ゲンブ|N308-63|ネイビー
T02143,★新品未使用★ネイビー F978-39 ソライロ デイパック,ソライロ,F978-39,ネイビー,O O O O O O O B-COLOR I-COLOR I-COLOR I-COLOR O B-MODEL I-MODEL I-MODEL I-MODEL I-MODEL I-MODEL I-MODEL O B-BRAND I-BRAND I-BRAND I-BRAND O O O O O O,ソライロ|F978-39|ネイビー
T02144,★新品未使用★腕時計 オオゾラ K943-17 ネイビー,オオゾラ,K943-17,ネイビー,O O O O O O O O O O O B-BRAND I-BRAND I-BRAND I-BRAND O B-MODEL I-MODEL I-MODEL I-MODEL I-MODEL I-MODEL I-MODEL O B-COLOR I-COLOR I-COLOR I-COLOR,オオゾラ|K943-17|ネイビー
T02145,レッド 掃除機 アカネ電機 Ｂ４１２８０,アカネ電機,B412-80,レッド,B-COLOR I-COLOR I-COLOR O O O O O B-BRAND I-BRAND I-BRAND I-BRAND I-BRAND O B-MODEL I-MODEL I-MODEL I-MODEL I-MODEL I-MODEL,アカネ電機|B412-80|レッド
T02146,I397-16 オオゾラ ブラック 冷蔵庫,オオゾラ,I397-16,ブラック,B-MODEL I-MODEL I-MODEL I-MODEL I-MODEL I-MODEL I-MODEL O B-BRAND I-BRAND I-BRAND I-BRAND O B-COLOR I-COLOR I-COLOR I-COLOR O O O O,オオゾラ|I397-16|ブラック
T02147,シルバー ゲンブ Ｚ３７６－１３ 掃除機,ゲンブ,Z376-13,シルバー,B-COLOR I-COLOR I-COLOR I-COLOR O B-BRAND I-BRAND I-BRAND O B-MODEL I-MODEL I-MODEL I-MODEL I-MODEL I-MODEL I-MODEL O O O O,ゲンブ|Z376-13|シルバー
T02148,ネイビー 洗濯機 I124-74,,I124-74,ネイビー,B-COLOR I-COLOR I-COLOR I-COLOR O O O O O B-MODEL I-MODEL I-MODEL I-MODEL I-MODEL I-MODEL I-MODEL,|I124-74|ネイビー
T02149,ミドリワークス Ｃ７０４－５９ ノートパソコン ブラック,ミドリワークス,C704-59,ブラック,B-BRAND I-BRAND I-BRAND I-BRAND I-BRAND I-BRAND I-BRAND O B-MODEL I-MODEL I-MODEL I-MODEL I-MODEL I-MODEL I-MODEL O O O O O O O O O B-COLOR I-COLOR I-COLOR I-COLOR,ミドリワークス|C704-59|ブラック
T02150,★新品未使用★Ｘ９７７－１２腕時計ハヤブサホワイト,ハヤブサ,X977-12,ホワイト,O O O O O O O B-MODEL I-MODEL I-MODEL I-MODEL I-MODEL I-MODEL I-MODEL O O O B-BRAND I-BRAND I-BRAND I-BRAND B-COLOR I-COLOR I-COLOR I-COLOR,ハヤブサ|X977-12|ホワイト
T02151,アカネ電機 イヤホン Z22512 ネイビー,アカネ電機,Z225-12,ネイビー,B-BRAND I-BRAND I-BRAND I-BRAND I-BRAND O O O O O O B-MODEL I-MODEL I-MODEL I-MODEL I-MODEL I-MODEL O B-COLOR I-COLOR I-COLOR I-COLOR,アカネ電機|Z225-12|ネイビー
T02152,ミドリワークス 腕時計 R619-97 シルバー,ミドリワークス,R619-97,シルバー,B-BRAND I-BRAND I-BRAND I-BRAND I-BRAND I-BRAND I-BRAND O O O O O B-MODEL I-MODEL I-MODEL I-MODEL I-MODEL I-MODEL I-MODEL O B-COLOR I-COLOR I-COLOR I-COLOR,ミドリワークス|R619-97|シルバー
T02153,Ｙ６７０－７３ レッド 洗濯機 TSUBAKI,TSUBAKI,Y670-73,レッド,B-MODEL I-MODEL I-MODEL I-MODEL I-MODEL I-MODEL I-MODEL O B-COLOR I-COLOR I-COLOR O O O O O B-BRAND I-BRAND I-BRAND I-BRAND I-BRAND I-BRAND I-BRAND,TSUBAKI|Y670-73|レッド
T02154,◆正規品◆シルバー スニーカー M440-19 アカネ電機,アカネ電機,M440-19,シルバー,O O O O O B-COLOR I-COLOR I-COLOR I-COLOR O O O O O O O B-MODEL I-MODEL I-MODEL I-MODEL I-MODEL I-MODEL I-MODEL O B-BRAND I-BRAND I-BRAND I-BRAND I-BRAND,アカネ電機|M440-19|シルバー
T02155,シルバー ミドリワークス ノートパソコン Ｆ７１２－３９,ミドリワークス,F712-39,シルバー,B-COLOR I-COLOR I-COLOR I-COLOR O B-BRAND I-BRAND I-BRAND I-BRAND I-BRAND I-BRAND I-BRAND O O O O O O O O O B-MODEL I-MODEL I-MODEL I-MODEL I-MODEL I-MODEL I-MODEL,ミドリワークス|F712-39|シルバー
T02156,B69358 ネイビー 掃除機 ノースピーク,ノースピーク,B693-58,ネイビー,B-MODEL I-MODEL I-MODEL I-MODEL I-MODEL I-MODEL O B-COLOR I-COLOR I-COLOR I-COLOR O O O O O B-BRAND I-BRAND I-BRAND I-BRAND I-BRAND I-BRAND,ノースピーク|B693-58|ネイビー
T02157,スニーカー L851-16 ネイビー SUBAKI,TSUBAKI,L851-16,ネイビー,O O O O O O B-MODEL I-MODEL I-MODEL I-MODEL I-MODEL I-MODEL I-MODEL O B-COLOR I-COLOR I-COLOR I-COLOR O O O O O O O,TSUBAKI|L851-16|ネイビー
T02158,ゲンブ Z476-98 シルバー 洗濯機,ゲンブ,Z476-98,シルバー,B-BRAND I-BRAND I-BRAND O B-MODEL I-MODEL I-MODEL I-MODEL I-MODEL I-MODEL I-MODEL O B-COLOR I-COLOR I-COLOR I-COLOR O O O O,ゲンブ|Z476-98|シルバー
T02159,ノートパソコン ハヤブサ シルバー M89371,ハヤブサ,M893-71,シルバー,O O O O O O O O B-BRAND I-BRAND I-BRAND I-BRAND O B-COLOR I-COLOR I-COLOR I-COLOR O B-MODEL I-MODEL I-MODEL I-MODEL I-MODEL I-MODEL,ハヤブサ|M893-71|シルバー
T02160,P833-29掃除機ブラックオオゾラ,オオゾラ,P833-29,ブラック,B-MODEL I-MODEL I-MODEL I-MODEL I-MODEL I-MODEL I-MODEL O O O B-COLOR I-COLOR I-COLOR I-COLOR B-BRAND I-BRAND I-BRAND I-BRAND,オオゾラ|P833-29|ブラック
T02161,腕時計 M600-83 ネイビー アカネ電機,アカネ電機,M600-83,ネイビー,O O O O B-MODEL I-MODEL I-MODEL I-MODEL I-MODEL I-MODEL I-MODEL O B-COLOR I-COLOR I-COLOR I-COLOR O B-BRAND I-BRAND I-BRAND I-BRAND I-BRAND,アカネ電機|M600-83|ネイビー
T02162,《アウトレット》G588-21 グリーン KURO スニーカー,KURO,G588-21,グリーン,O O O O O O O O B-MODEL I-MODEL I-MODEL I-MODEL I-MODEL I-MODEL I-MODEL O B-COLOR I-COLOR I-COLOR I-COLOR O B-BRAND I-BRAND I-BRAND I-BRAND O O O O O O,KURO|G588-21|グリーン
T02163,《アウレトット》ブラック イヤホン L31978,,L319-78,ブラック,O O O O O O O O B-COLOR I-COLOR I-COLOR I-COLOR O O O O O O B-MODEL I-MODEL I-MODEL I-MODEL I-MODEL I-MODEL,|L319-78|ブラック
T02164,【即日発送】B605-21 レッド ノートパソコン アカネ電機,アカネ電機,B605-21,レッド,O O O O O O B-MODEL I-MODEL I-MODEL I-MODEL I-MODEL I-MODEL I-MODEL O B-COLOR I-COLOR I-COLOR O O O O O O O O O B-BRAND I-BRAND I-BRAND I-BRAND I-BRAND,アカネ電機|B605-21|レッド
T02165,シルバーJ911-79掃除機ノースピーク,ノースピーク,J911-79,シルバー,B-COLOR I-COLOR I-COLOR I-COLOR B-MODEL I-MODEL I-MODEL I-MODEL I-MODEL I-MODEL I-MODEL O O O B-BRAND I-BRAND I-BRAND I-BRAND I-BRAND I-BRAND,ノースピーク|J911-79|シルバー
T02166,TSUBAKI J61876 ホワイト デイパック,TSUBAKI,J618-76,ホワイト,B-BRAND I-BRAND I-BRAND I-BRAND I-BRAND I-BRAND I-BRAND O B-MODEL I-MODEL I-MODEL I-MODEL I-MODEL I-MODEL O B-COLOR I-COLOR I-COLOR I-COLOR O O O O O O,TSUBAKI|J618-76|ホワイト
T02167,◆正規品◆Ｈ７０２－５０シルバー洗濯機,,H702-50,シルバー,O O O O O B-MODEL I-MODEL I-MODEL I-MODEL I-MODEL I-MODEL I-MODEL B-COLOR I-COLOR I-COLOR I-COLOR O O O,|H702-50|シルバー
T02168,ホイワトT115-96アカネ電機イヤホン,アカネ電機,T115-96,ホワイト,O O O O B-MODEL I-MODEL I-MODEL I-MODEL I-MODEL I-MODEL I-MODEL B-BRAND I-BRAND I-BRAND I-BRAND I-BRAND O O O O,アカネ電機|T115-96|ホワイト
T02169,《アウトレット》R89485シルバー冷蔵庫ミドリワークス,ミドリワークス,R894-85,シルバー,O O O O O O O O B-MODEL I-MODEL I-MODEL I-MODEL I-MODEL I-MODEL B-COLOR I-COLOR I-COLOR I-COLOR O O O B-BRAND I-BRAND I-BRAND I-BRAND I-BRAND I-BRAND I-BRAND,ミドリワークス|R894-85|シルバー
T02170,N552-32ノースピーク冷蔵庫ネイビー,ノースピーク,N552-32,ネイビー,B-MODEL I-MODEL I-MODEL I-MODEL I-MODEL I-MODEL I-MODEL B-BRAND I-BRAND I-BRAND I-BRAND I-BRAND I-BRAND O O O B-COLOR I-COLOR I-COLOR I-COLOR,ノースピーク|N552-32|ネイビー
T02171,ネイビーI946-51ミドリワークス冷蔵庫,ミドリワークス,I946-51,ネイビー,B-COLOR I-COLOR I-COLOR I-COLOR B-MODEL I-MODEL I-MODEL I-MODEL I-MODEL I-MODEL I-MODEL B-BRAND I-BRAND I-BRAND I-BRAND I-BRAND I-BRAND I-BRAND O O O,ミドリワークス|I946-51|ネイビー
T02172,アカネ電機 腕時計 H429-27 レッド,アカネ電機,H429-27,レッド,B-BRAND I-BRAND I-BRAND I-BRAND I-BRAND O O O O O B-MODEL I-MODEL I-MODEL I-MODEL I-MODEL I-MODEL I-MODEL O B-COLOR I-COLOR I-COLOR,アカネ電機|H429-27|レッド
T02173,G513-63 冷蔵庫 ネビイー,,G513-63,ネイビー,B-MODEL I-MODEL I-MODEL I-MODEL I-MODEL I-MODEL I-MODEL O O O O O O O O O,|G513-63|ネイビー
T02174,ブラック 掃除機 H71692 KURO,KURO,H716-92,ブラック,B-COLOR I-COLOR I-COLOR I-COLOR O O O O O B-MODEL I-MODEL I-MODEL I-MODEL I-MODEL I-MODEL O B-BRAND I-BRAND I-BRAND I-BRAND,KURO|H716-92|ブラック
T02175,D12120 ノートパソコン ネイビー,,D121-20,ネイビー,B-MODEL I-MODEL I-MODEL I-MODEL I-MODEL I-MODEL O O O O O O O O O B-COLOR I-COLOR I-COLOR I-COLOR,|D121-20|ネイビー
T02176,Ｚ８３９－９５ シルバー ハヤブサ 洗濯機,ハヤブサ,Z839-95,シルバー,B-MODEL I-MODEL I-MODEL I-MODEL I-MODEL I-MODEL I-MODEL O B-COLOR I-COLOR I-COLOR I-COLOR O B-BRAND I-BRAND I-BRAND I-BRAND O O O O,ハヤブサ|Z839-95|シルバー
T02177,ノートパソコンW792-36ハヤブサホワイト,ハヤブサ,W792-36,ホワイト,O O O O O O O B-MODEL I-MODEL I-MODEL I-MODEL I-MODEL I-MODEL I-MODEL B-BRAND I-BRAND I-BRAND I-BRAND B-COLOR I-COLOR I-COLOR I-COLOR,ハヤブサ|W792-36|ホワイト
T02178,R524-14 ホワイト 洗濯機 シラユキ,シラユキ,R524-14,ホワイト,B-MODEL I-MODEL I-MODEL I-MODEL I-MODEL I-MODEL I-MODEL O B-COLOR I-COLOR I-COLOR I-COLOR O O O O O B-BRAND I-BRAND I-BRAND I-BRAND,シラユキ|R524-14|ホワイト
T02179,◆正規品◆ハブサR695-13シルバースニーカー,ハヤブサ,R695-13,シルバー,O O O O O O O O B-MODEL I-MODEL I-MODEL I-MODEL I-MODEL I-MODEL I-MODEL B-COLOR I-COLOR I-COLOR I-COLOR O O O O O,ハヤブサ|R695-13|シルバー
T02180,オオゾラ 掃除機 レッド Y144-82,オオゾラ,Y144-82,レッド,B-BRAND I-BRAND I-BRAND I-BRAND O O O O O B-COLOR I-COLOR I-COLOR O B-MODEL I-MODEL I-MODEL I-MODEL I-MODEL I-MODEL I-MODEL,オオゾラ|Y144-82|レッド
T02181,★新品未使用★ハヤブサ Ｃ６４１４９ グリーン イヤホン,ハヤブサ,C641-49,グリーン,O O O O O O O B-BRAND I-BRAND I-BRAND I-BRAND O B-MODEL I-MODEL I-MODEL I-MODEL I-MODEL I-MODEL O B-COLOR I-COLOR I-COLOR I-COLOR O O O O O,ハヤブサ|C641-49|グリーン
T02182,《アウトレット》K12637ゲンブブラックノートパソコン,ゲンブ,K126-37,ブラック,O O O O O O O O B-MODEL I-MODEL I-MODEL I-MODEL I-MODEL I-MODEL B-BRAND I-BRAND I-BRAND B-COLOR I-COLOR I-COLOR I-COLOR O O O O O O O,ゲンブ|K126-37|ブラック
T02183,デイパック ネイビー M132-64,,M132-64,ネイビー,O O O O O O B-COLOR I-COLOR I-COLOR I-COLOR O B-MODEL I-MODEL I-MODEL I-MODEL I-MODEL I-MODEL I-MODEL,|M132-64|ネイビー
T02184,【即日発送】KURO ホワイト T191-20 ノートパソコン,KURO,T191-20,ホワイト,O O O O O O B-BRAND I-BRAND I-BRAND I-BRAND O B-COLOR I-COLOR I-COLOR I-COLOR O B-MODEL I-MODEL I-MODEL I-MODEL I-MODEL I-MODEL I-MODEL O O O O O O O O,KURO|T191-20|ホワイト
T02185,Ｔ２０４－８６イヤホンシラユキネイビー,シラユキ,T204-86,ネイビー,B-MODEL I-MODEL I-MODEL I-MODEL I-MODEL I-MODEL I-MODEL O O O O B-BRAND I-BRAND I-BRAND I-BRAND B-COLOR I-COLOR I-COLOR I-COLOR,シラユキ|T204-86|ネイビー
T02186,洗濯機 シルバー N108-46,,N108-46,シルバー,O O O O B-COLOR I-COLOR I-COLOR I-COLOR O B-MODEL I-MODEL I-MODEL I-MODEL I-MODEL I-MODEL I-MODEL,|N108-46|シルバー
T02187,◆正規品◆デイパック ホワイト KURO O452-12,KURO,O425-12,ホワイト,O O O O O O O O O O O B-COLOR I-COLOR I-COLOR I-COLOR O B-BRAND I-BRAND I-BRAND I-BRAND O O O O O O O O,KURO|O425-12|ホワイト
T02188,ネイビー腕時計ソライロＢ８８５－２７,ソライロ,B885-27,ネイビー,B-COLOR I-COLOR I-COLOR I-COLOR O O O B-BRAND I-BRAND I-BRAND I-BRAND B-MODEL I-MODEL I-MODEL I-MODEL I-MODEL I-MODEL I-MODEL,ソライロ|B885-27|ネイビー
T02189,【即日発送】ブラックTSUBAKI腕時計Ｉ６９２－１１,TSUBAKI,I692-11,ブラック,O O O O O O B-COLOR I-COLOR I-COLOR I-COLOR B-BRAND I-BRAND I-BRAND I-BRAND I-BRAND I-BRAND I-BRAND O O O B-MODEL I-MODEL I-MODEL I-MODEL I-MODEL I-MODEL I-MODEL,TSUBAKI|I692-11|ブラック
T02190,ネイビースニーカーハヤブサY85686,ハヤブサ,Y856-86,ネイビー,B-COLOR I-COLOR I-COLOR I-COLOR O O O O O B-BRAND I-BRAND I-BRAND I-BRAND B-MODEL I-MODEL I-MODEL I-MODEL I-MODEL I-MODEL,ハヤブサ|Y856-86|ネイビー
T02191,Q178-78 ホワイト ノースピーク 洗濯機,ノースピーク,Q178-78,ホワイト,B-MODEL I-MODEL I-MODEL I-MODEL I-MODEL I-MODEL I-MODEL O B-COLOR I-COLOR I-COLOR I-COLOR O B-BRAND I-BRAND I-BRAND I-BRAND I-BRAND I-BRAND O O O O,ノースピーク|Q178-78|ホワイト
T02192,M234-75オオゾラシルバーノートパソコン,オオゾラ,M234-75,シルバー,B-MODEL I-MODEL I-MODEL I-MODEL I-MODEL I-MODEL I-MODEL B-BRAND I-BRAND I-BRAND I-BRAND B-COLOR I-COLOR I-COLOR I-COLOR O O O O O O O,オオゾラ|M234-75|シルバー
T02193,《アウトレット》スニーカー グリーン D65144 アカネ電機,アカネ電機,D651-44,グリーン,O O O O O O O O O O O O O O B-COLOR I-COLOR I-COLOR I-COLOR O B-MODEL I-MODEL I-MODEL I-MODEL I-MODEL I-MODEL O B-BRAND I-BRAND I-BRAND I-BRAND I-BRAND,アカネ電機|D651-44|グリーン
T02194,シルバー スニーカー ソライロＴ ６７３－４４,ソライロ,T673-44,シルバー,B-COLOR I-COLOR I-COLOR I-COLOR O O O O O O O B-BRAND I-BRAND I-BRAND I-BRAND O O O O O O O O,ソライロ|T673-44|シルバー
T02195,◆正規品◆M84197シルバーミドリワークスデイパック,ミドリワークス,M841-97,シルバー,O O O O O B-MODEL I-MODEL I-MODEL I-MODEL I-MODEL I-MODEL B-COLOR I-COLOR I-COLOR I-COLOR B-BRAND I-BRAND I-BRAND I-BRAND I-BRAND I-BRAND I-BRAND O O O O O,ミドリワークス|M841-97|シルバー
T02196,レッドオオゾラ洗濯機P849-28,オオゾラ,P849-28,レッド,B-COLOR I-COLOR I-COLOR B-BRAND I-BRAND I-BRAND I-BRAND O O O B-MODEL I-MODEL I-MODEL I-MODEL I-MODEL I-MODEL I-MODEL,オオゾラ|P849-28|レッド
T02197,イヤホン C926-71 ブラック,,C926-71,ブラック,O O O O O B-MODEL I-MODEL I-MODEL I-MODEL I-MODEL I-MODEL I-MODEL O B-COLOR I-COLOR I-COLOR I-COLOR,|C926-71|ブラック
T02198,デイパック ブラック KURO L269-67,KURO,L269-67,ブラック,O O O O O O B-COLOR I-COLOR I-COLOR I-COLOR O B-BRAND I-BRAND I-BRAND I-BRAND O B-MODEL I-MODEL I-MODEL I-MODEL I-MODEL I-MODEL I-MODEL,KURO|L269-67|ブラック
T02199,X35793 ゲンブ ホワイト ノートパソコン,ゲンブ,X357-93,ホワイト,B-MODEL I-MODEL I-MODEL I-MODEL I-MODEL I-MODEL O B-BRAND I-BRAND I-BRAND O B-COLOR I-COLOR I-COLOR I-COLOR O O O O O O O O,ゲンブ|X357-93|ホワイト
T02200,O78337冷蔵庫シルバー,,O738-37,シルバー,O O O O O O O O O B-COLOR I-COLOR I-COLOR I-COLOR,|O738-37|シルバー
T02201,KURO シルバー 冷蔵庫 T84418,KURO,T844-18,シルバー,B-BRAND I-BRAND I-BRAND I-BRAND O B-COLOR I-COLOR I-COLOR I-COLOR O O O O O B-MODEL I-MODEL I-MODEL I-MODEL I-MODEL I-MODEL,KURO|T844-18|シルバー
T02202,T92315 ハヤブサ 冷蔵庫 ブラック,ハヤブサ,T923-15,ブラック,B-MODEL I-MODEL I-MODEL I-MODEL I-MODEL I-MODEL O B-BRAND I-BRAND I-BRAND I-BRAND O O O O O B-COLOR I-COLOR I-COLOR I-COLOR,ハヤブサ|T923-15|ブラック
T02203,《アウトレット》レッド オオゾラ U634-30 デイパック,オオゾラ,U634-30,レッド,O O O O O O O O B-COLOR I-COLOR I-COLOR O B-BRAND I-BRAND I-BRAND I-BRAND O B-MODEL I-MODEL I-MODEL I-MODEL I-MODEL I-MODEL I-MODEL O O O O O O,オオゾラ|U634-30|レッド
T02204,デイパック アカネ電機 U429-38 グリーン,アカネ電機,U429-38,グリーン,O O O O O O B-BRAND I-BRAND I-BRAND I-BRAND I-BRAND O B-MODEL I-MODEL I-MODEL I-MODEL I-MODEL I-MODEL I-MODEL O B-COLOR I-COLOR I-COLOR I-COLOR,アカネ電機|U429-38|グリーン
T02205,グリーン K61168 スニーカー,,K611-68,グリーン,B-COLOR I-COLOR I-COLOR I-COLOR O B-MODEL I-MODEL I-MODEL I-MODEL I-MODEL I-MODEL O O O O O O,|K611-68|グリーン
T02206,★新品未使用★ノートパソコン Ｍ２２８－４８ ゲンブ ブラック,ゲンブ,M228-48,ブラック,O O O O O O O O O O O O O O O B-MODEL I-MODEL I-MODEL I-MODEL I-MODEL I-MODEL I-MODEL O B-BRAND I-BRAND I-BRAND O B-COLOR I-COLOR I-COLOR I-COLOR,ゲンブ|M228-48|ブラック
T02207,《アウトレット》B81095 シルバー 冷蔵庫 シラユキ,シラユキ,B810-95,シルバー,O O O O O O O O B-MODEL I-MODEL I-MODEL I-MODEL I-MODEL I-MODEL O B-COLOR I-COLOR I-COLOR I-COLOR O O O O O B-BRAND I-BRAND I-BRAND I-BRAND,シラユキ|B810-95|シルバー
T02208,《アウトレット》アカネ電機 レッド 掃除機 A385-74,アカネ電機,A385-74,レッド,O O O O O O O O B-BRAND I-BRAND I-BRAND I-BRAND I-BRAND O B-COLOR I-COLOR I-COLOR O O O O O B-MODEL I-MODEL I-MODEL I-MODEL I-MODEL I-MODEL I-MODEL,アカネ電機|A385-74|レッド
T02209,【送料無料】オオゾラH754-37スニーカーシルバー,オオゾラ,H754-37,シルバー,O O O O O O B-BRAND I-BRAND I-BRAND I-BRAND B-MODEL I-MODEL I-MODEL I-MODEL I-MODEL I-MODEL I-MODEL O O O O O B-COLOR I-COLOR I-COLOR I-COLOR,オオゾラ|H754-37|シルバー
T02210,◆正規品◆TSUBAKI グリーン Ｇ８７９－３２ スニーカー,TSUBAKI,G879-32,グリーン,O O O O O B-BRAND I-BRAND I-BRAND I-BRAND I-BRAND I-BRAND I-BRAND O B-COLOR I-COLOR I-COLOR I-COLOR O B-MODEL I-MODEL I-MODEL I-MODEL I-MODEL I-MODEL I-MODEL O O O O O O,TSUBAKI|G879-32|グリーン
T02211,P592-40 ノートパソコン グリーン,,P592-40,グリーン,B-MODEL I-MODEL I-MODEL I-MODEL I-MODEL I-MODEL I-MODEL O O O O O O O O O B-COLOR I-COLOR I-COLOR I-COLOR,|P592-40|グリーン
T02212,《アウトレット》A373-29腕時計シルバーミドリワークス,ミドリワークス,A373-29,シルバー,O O O O O O O O B-MODEL I-MODEL I-MODEL I-MODEL I-MODEL I-MODEL I-MODEL O O O B-COLOR I-COLOR I-COLOR I-COLOR B-BRAND I-BRAND I-BRAND I-BRAND I-BRAND I-BRAND I-BRAND,ミドリワークス|A373-29|シルバー
T02213,ハヤブサ イヤホン Ｅ５１３－５７ ネイビー,ハヤブサ,E513-57,ネイビー,B-BRAND I-BRAND I-BRAND I-BRAND O O O O O O B-MODEL I-MODEL I-MODEL I-MODEL I-MODEL I-MODEL I-MODEL O B-COLOR I-COLOR I-COLOR I-COLOR,ハヤブサ|E513-57|ネイビー
T02214,ブラック 掃除機 T69-96,,T698-96,ブラック,B-COLOR I-COLOR I-COLOR I-COLOR O O O O O O O O O O O,|T698-96|ブラック
T02215,レッドR761-45デイパックアカネ電機,アカネ電機,R761-45,レッド,B-COLOR I-COLOR I-COLOR B-MODEL I-MODEL I-MODEL I-MODEL I-MODEL I-MODEL I-MODEL O O O O O B-BRAND I-BRAND I-BRAND I-BRAND I-BRAND,アカネ電機|R761-45|レッド
T02216,ブラック洗濯機ミドリワークスW976-74,ミドリワークス,W976-74,ブラック,B-COLOR I-COLOR I-COLOR I-COLOR O O O B-BRAND I-BRAND I-BRAND I-BRAND I-BRAND I-BRAND I-BRAND B-MODEL I-MODEL I-MODEL I-MODEL I-MODEL I-MODEL I-MODEL,ミドリワークス|W976-74|ブラック
T02217,オオゾラ G033-70 ノートパソコン レッド,オオゾラ,G303-70,レッド,B-BRAND I-BRAND I-BRAND I-BRAND O O O O O O O O O O O O O O O O O B-COLOR I-COLOR I-COLOR,オオゾラ|G303-70|レッド
T02218,《アウトレット》C477-44レッドTSUBAKIデイパック,TSUBAKI,C477-44,レッド,O O O O O O O O B-MODEL I-MODEL I-MODEL I-MODEL I-MODEL I-MODEL I-MODEL B-COLOR I-COLOR I-COLOR B-BRAND I-BRAND I-BRAND I-BRAND I-BRAND I-BRAND I-BRAND O O O O O,TSUBAKI|C477-44|レッド
T02219,ミドリワークス スニーカー W50594 ブラック,ミドリワークス,W505-94,ブラック,B-BRAND I-BRAND I-BRAND I-BRAND I-BRAND I-BRAND I-BRAND O O O O O O O B-MODEL I-MODEL I-MODEL I-MODEL I-MODEL I-MODEL O B-COLOR I-COLOR I-COLOR I-COLOR,ミドリワークス|W505-94|ブラック
T02220,T541-30 グリーン ノーパトソコン,,T541-30,グリーン,B-MODEL I-MODEL I-MODEL I-MODEL I-MODEL I-MODEL I-MODEL O B-COLOR I-COLOR I-COLOR I-COLOR O O O O O O O O,|T541-30|グリーン
T02221,スニーカーT905-63グリーンノースピーク,ノースピーク,T905-63,グリーン,O O O O O B-MODEL I-MODEL I-MODEL I-MODEL I-MODEL I-MODEL I-MODEL B-COLOR I-COLOR I-COLOR I-COLOR B-BRAND I-BRAND I-BRAND I-BRAND I-BRAND I-BRAND,ノースピーク|T905-63|グリーン
T02222,TSUBAKI V938-69 ノートパソコン ブラック,TSUBAKI,V938-69,ブラック,B-BRAND I-BRAND I-BRAND I-BRAND I-BRAND I-BRAND I-BRAND O B-MODEL I-MODEL I-MODEL I-MODEL I-MODEL I-MODEL I-MODEL O O O O O O O O O B-COLOR I-COLOR I-COLOR I-COLOR,TSUBAKI|V938-69|ブラック
T02223,スニーカー I728-28 ホワイト,,I728-28,ホワイト,O O O O O O B-MODEL I-MODEL I-MODEL I-MODEL I-MODEL I-MODEL I-MODEL O B-COLOR I-COLOR I-COLOR I-COLOR,|I728-28|ホワイト
T02224,ホワイト 洗濯機 ソライロ Ｆ７７２－６０,ソライロ,F772-60,ホワイト,B-COLOR I-COLOR I-COLOR I-COLOR O O O O O B-BRAND I-BRAND I-BRAND I-BRAND O B-MODEL I-MODEL I-MODEL I-MODEL I-MODEL I-MODEL I-MODEL,ソライロ|F772-60|ホワイト
T02225,ノートパソコン シルバー アカネ電機 R282-76,アカネ電機,R282-76,シルバー,O O O O O O O O B-COLOR I-COLOR I-COLOR I-COLOR O B-BRAND I-BRAND I-BRAND I-BRAND I-BRAND O B-MODEL I-MODEL I-MODEL I-MODEL I-MODEL I-MODEL I-MODEL,アカネ電機|R282-76|シルバー
T02226,★新品未使用★B327-14ハヤブサネイビーートパソコン,ハヤブサ,B327-14,ネイビー,O O O O O O O B-MODEL I-MODEL I-MODEL I-MODEL I-MODEL I-MODEL I-MODEL B-BRAND I-BRAND I-BRAND I-BRAND B-COLOR I-COLOR I-COLOR I-COLOR O O O O O O,ハヤブサ|B327-14|ネイビー
T02227,グリーン Z80054 ノートパソコン ハヤブサ,ハヤブサ,Z800-54,グリーン,B-COLOR I-COLOR I-COLOR I-COLOR O B-MODEL I-MODEL I-MODEL I-MODEL I-MODEL I-MODEL O O O O O O O O O B-BRAND I-BRAND I-BRAND I-BRAND,ハヤブサ|Z800-54|グリーン
T02228,【即日発送】S931-68 ホワイト ゲンブ イヤホン,ゲンブ,S931-68,ホワイト,O O O O O O B-MODEL I-MODEL I-MODEL I-MODEL I-MODEL I-MODEL I-MODEL O B-COLOR I-COLOR I-COLOR I-COLOR O B-BRAND I-BRAND I-BRAND O O O O O,ゲンブ|S931-68|ホワイト
T02229,★新品未使用★ノートパソコン V255-48 ハヤブサ レッド,ハヤブサ,V255-48,レッド,O O O O O O O O O O O O O O O B-MODEL I-MODEL I-MODEL I-MODEL I-MODEL I-MODEL I-MODEL O B-BRAND I-BRAND I-BRAND I-BRAND O B-COLOR I-COLOR I-COLOR,ハヤブサ|V255-48|レッド
T02230,KURO洗濯機レッドT595-35,KURO,T595-35,レッド,B-BRAND I-BRAND I-BRAND I-BRAND O O O B-COLOR I-COLOR I-COLOR B-MODEL I-MODEL I-MODEL I-MODEL I-MODEL I-MODEL I-MODEL,KURO|T595-35|レッド
T02231,【即日発送】J934-70 ホワイト 腕時計 ソライロ,ソライロ,J934-70,ホワイト,O O O O O O B-MODEL I-MODEL I-MODEL I-MODEL I-MODEL I-MODEL I-MODEL O B-COLOR I-COLOR I-COLOR I-COLOR O O O O O B-BRAND I-BRAND I-BRAND I-BRAND,ソライロ|J934-70|ホワイト
T02232,★新品未使用★スニーカーV113-89シラユキレッド,シラユキ,V113-89,レッド,O O O O O O O O O O O O B-MODEL I-MODEL I-MODEL I-MODEL I-MODEL I-MODEL I-MODEL B-BRAND I-BRAND I-BRAND I-BRAND B-COLOR I-COLOR I-COLOR,シラユキ|V113-89|レッド
T02233,N860-72シルバーKUROノートパコン,KURO,N860-72,シルバー,B-MODEL I-MODEL I-MODEL I-MODEL I-MODEL I-MODEL I-MODEL B-COLOR I-COLOR I-COLOR I-COLOR B-BRAND I-BRAND I-BRAND I-BRAND O O O O O O,KURO|N860-72|シルバー
T02234,★新品未使用★U21171 レッド ノートパソコン,,U211-71,レッド,O O O O O O O B-MODEL I-MODEL I-MODEL I-MODEL I-MODEL I-MODEL O B-COLOR I-COLOR I-COLOR O O O O O O O O,|U211-71|レッド
T02235,Y662-78ルシバーシラユキ冷蔵庫,シラユキ,Y662-78,シルバー,B-MODEL I-MODEL I-MODEL I-MODEL I-MODEL I-MODEL I-MODEL O O O O B-BRAND I-BRAND I-BRAND I-BRAND O O O,シラユキ|Y662-78|シルバー
T02236,冷蔵庫 Ｚ９６６３１ ノースピーク ブラック,ノースピーク,Z966-31,ブラック,O O O O B-MODEL I-MODEL I-MODEL I-MODEL I-MODEL I-MODEL O B-BRAND I-BRAND I-BRAND I-BRAND I-BRAND I-BRAND O B-COLOR I-COLOR I-COLOR I-COLOR,ノースピーク|Z966-31|ブラック
T02237,スニーカー J870-20 ブラック アカネ電機,アカネ電機,J870-20,ブラック,O O O O O O B-MODEL I-MODEL I-MODEL I-MODEL I-MODEL I-MODEL I-MODEL O B-COLOR I-COLOR I-COLOR I-COLOR O B-BRAND I-BRAND I-BRAND I-BRAND I-BRAND,アカネ電機|J870-20|ブラック
T02238,レッド スニーカー I638-94 ソライロ,ソライロ,I638-94,レッド,B-COLOR I-COLOR I-COLOR O O O O O O O B-MODEL I-MODEL I-MODEL I-MODEL I-MODEL I-MODEL I-MODEL O B-BRAND I-BRAND I-BRAND I-BRAND,ソライロ|I638-94|レッド
T02239,◆正規品◆T580-48TSUBAKIシルバースニーカー,TSUBAKI,T580-48,シルバー,O O O O O B-MODEL I-MODEL I-MODEL I-MODEL I-MODEL I-MODEL I-MODEL B-BRAND I-BRAND I-BRAND I-BRAND I-BRAND I-BRAND I-BRAND B-COLOR I-COLOR I-COLOR I-COLOR O O O O O,TSUBAKI|T580-48|シルバー
T02240,ノーピスークＨ４９２８８グリーンイヤホン,ノースピーク,H492-88,グリーン,O O O O O O B-MODEL I-MODEL I-MODEL I-MODEL I-MODEL I-MODEL B-COLOR I-COLOR I-COLOR I-COLOR O O O O,ノースピーク|H492-88|グリーン
T02241,★新品未使用★Y45980腕時計シルバー,,Y459-80,シルバー,O O O O O O O B-MODEL I-MODEL I-MODEL I-MODEL I-MODEL I-MODEL O O O B-COLOR I-COLOR I-COLOR I-COLOR,|Y459-80|シルバー
T02242,ソライロ シルバー デイパック U307-21,ソライロ,U307-21,シルバー,B-BRAND I-BRAND I-BRAND I-BRAND O B-COLOR I-COLOR I-COLOR I-COLOR O O O O O O O B-MODEL I-MODEL I-MODEL I-MODEL I-MODEL I-MODEL I-MODEL,ソライロ|U307-21|シルバー
T02243,KUROX661-31洗濯機シルーバ,KURO,X661-31,シルバー,B-BRAND I-BRAND I-BRAND I-BRAND B-MODEL I-MODEL I-MODEL I-MODEL I-MODEL I-MODEL I-MODEL O O O O O O O,KURO|X661-31|シルバー
T02244,ホワイト O989-55 イヤホン,,O989-55,ホワイト,B-COLOR I-COLOR I-COLOR I-COLOR O B-MODEL I-MODEL I-MODEL I-MODEL I-MODEL I-MODEL I-MODEL O O O O O,|O989-55|ホワイト
T02245,シルバー P686-77 デイパック ノーピーク,ノースピーク,P686-77,シルバー,B-COLOR I-COLOR I-COLOR I-COLOR O B-MODEL I-MODEL I-MODEL I-MODEL I-MODEL I-MODEL I-MODEL O O O O O O O O O O O O,ノースピーク|P686-77|シルバー
T02246,ブラックスニーカーＹ７７５－７４シラユキ,シラユキ,Y757-74,ブラック,B-COLOR I-COLOR I-COLOR I-COLOR O O O O O O O O O O O O B-BRAND I-BRAND I-BRAND I-BRAND,シラユキ|Y757-74|ブラック
T02247,K913-20 ノートパソコン KURO ホワイト,KURO,K913-20,ホワイト,B-MODEL I-MODEL I-MODEL I-MODEL I-MODEL I-MODEL I-MODEL O O O O O O O O O B-BRAND I-BRAND I-BRAND I-BRAND O B-COLOR I-COLOR I-COLOR I-COLOR,KURO|K913-20|ホワイト
T02248,★新品未使用★F92763 ノースピーク グリーン 冷蔵庫,ノースピーク,F927-63,グリーン,O O O O O O O B-MODEL I-MODEL I-MODEL I-MODEL I-MODEL I-MODEL O B-BRAND I-BRAND I-BRAND I-BRAND I-BRAND I-BRAND O B-COLOR I-COLOR I-COLOR I-COLOR O O O O,ノースピーク|F927-63|グリーン
T02249,Q726-49ホワイト腕時計,,Q726-49,ホワイト,B-MODEL I-MODEL I-MODEL I-MODEL I-MODEL I-MODEL I-MODEL B-COLOR I-COLOR I-COLOR I-COLOR O O O,|Q726-49|ホワイト
T02250,ノートパソコン ネイビー E594-84,,E594-84,ネイビー,O O O O O O O O B-COLOR I-COLOR I-COLOR I-COLOR O B-MODEL I-MODEL I-MODEL I-MODEL I-MODEL I-MODEL I-MODEL,|E594-84|ネイビー
T02251,シラユキ デイパック U375-44 ホワイト,シラユキ,U375-44,ホワイト,B-BRAND I-BRAND I-BRAND I-BRAND O O O O O O O B-MODEL I-MODEL I-MODEL I-MODEL I-MODEL I-MODEL I-MODEL O B-COLOR I-COLOR I-COLOR I-COLOR,シラユキ|U375-44|ホワイト
T02252,グリーン 腕時計 G403-37 ソライロ,ソライロ,G403-37,グリーン,B-COLOR I-COLOR I-COLOR I-COLOR O O O O O B-MODEL I-MODEL I-MODEL I-MODEL I-MODEL I-MODEL I-MODEL O B-BRAND I-BRAND I-BRAND I-BRAND,ソライロ|G403-37|グリーン
T02253,ノートパソコン ブラック ミドリワークス N416-52,ミドリワークス,N416-52,ブラック,O O O O O O O O B-COLOR I-COLOR I-COLOR I-COLOR O B-BRAND I-BRAND I-BRAND I-BRAND I-BRAND I-BRAND I-BRAND O B-MODEL I-MODEL I-MODEL I-MODEL I-MODEL I-MODEL I-MODEL,ミドリワークス|N416-52|ブラック
T02254,J847-11 ブラックイヤホン,,J847-11,ブラック,B-MODEL I-MODEL I-MODEL I-MODEL I-MODEL I-MODEL I-MODEL O B-COLOR I-COLOR I-COLOR I-COLOR O O O O,|J847-11|ブラック
T02255,ブラック ノートパソコン X209-60 ゲンブ,ゲンブ,X209-60,ブラック,B-COLOR I-COLOR I-COLOR I-COLOR O O O O O O O O O B-MODEL I-MODEL I-MODEL I-MODEL I-MODEL I-MODEL I-MODEL O B-BRAND I-BRAND I-BRAND,ゲンブ|X209-60|ブラック
T02256,イヤホン F86026 ハヤブサ ネイビー,ハヤブサ,F860-26,ネイビー,O O O O O B-MODEL I-MODEL I-MODEL I-MODEL I-MODEL I-MODEL O B-BRAND I-BRAND I-BRAND I-BRAND O B-COLOR I-COLOR I-COLOR I-COLOR,ハヤブサ|F860-26|ネイビー
T02257,【送料無料】ブラック腕時計KUROＲ８５３－７１,KURO,R853-71,ブラック,O O O O O O B-COLOR I-COLOR I-COLOR I-COLOR O O O B-BRAND I-BRAND I-BRAND I-BRAND B-MODEL I-MODEL I-MODEL I-MODEL I-MODEL I-MODEL I-MODEL,KURO|R853-71|ブラック
T02258,冷蔵庫 グリーン ソライロ U14512,ソライロ,U145-12,グリーン,O O O O B-COLOR I-COLOR I-COLOR I-COLOR O B-BRAND I-BRAND I-BRAND I-BRAND O B-MODEL I-MODEL I-MODEL I-MODEL I-MODEL I-MODEL,ソライロ|U145-12|グリーン
T02259,シラユキホワイトノートパソコンQ497-46,シラユキ,Q497-46,ホワイト,B-BRAND I-BRAND I-BRAND I-BRAND B-COLOR I-COLOR I-COLOR I-COLOR O O O O O O O B-MODEL I-MODEL I-MODEL I-MODEL I-MODEL I-MODEL I-MODEL,シラユキ|Q497-46|ホワイト
T02260,レッド KURO N679-83 スニーカー,KURO,N679-83,レッド,B-COLOR I-COLOR I-COLOR O B-BRAND I-BRAND I-BRAND I-BRAND O B-MODEL I-MODEL I-MODEL I-MODEL I-MODEL I-MODEL I-MODEL O O O O O O,KURO|N679-83|レッド
T02261,ネイビー2R5625ノートパソコン,,R256-25,ネイビー,B-COLOR I-COLOR I-COLOR I-COLOR O O O O O O O O O O O O O,|R256-25|ネイビー
T02262,Ｍ４４７－３８ グリーン シラユキ スニーカー,シラユキ,M447-38,グリーン,B-MODEL I-MODEL I-MODEL I-MODEL I-MODEL I-MODEL I-MODEL O B-COLOR I-COLOR I-COLOR I-COLOR O B-BRAND I-BRAND I-BRAND I-BRAND O O O O O O,シラユキ|M447-38|グリーン
T02263,Ｐ６５２－１６シルバーノートパソコン,,P652-16,シルバー,B-MODEL I-MODEL I-MODEL I-MODEL I-MODEL I-MODEL I-MODEL B-COLOR I-COLOR I-COLOR I-COLOR O O O O O O O,|P652-16|シルバー
T02264,【送料無料】ゲンブイヤホンシルバーＦ４８７－５３,ゲンブ,F487-53,シルバー,O O O O O O B-BRAND I-BRAND I-BRAND O O O O B-COLOR I-COLOR I-COLOR I-COLOR B-MODEL I-MODEL I-MODEL I-MODEL I-MODEL I-MODEL I-MODEL,ゲンブ|F487-53|シルバー
T02265,《アウトレット》ソライロデイパックＴ９４８５２グリーン,ソライロ,T948-52,グリーン,O O O O O O O O B-BRAND I-BRAND I-BRAND I-BRAND O O O O O B-MODEL I-MODEL I-MODEL I-MODEL I-MODEL I-MODEL B-COLOR I-COLOR I-COLOR I-COLOR,ソライロ|T948-52|グリーン
T02266,◆正規品◆デイパックシルバーオオゾラＬ９３１－２６,オオゾラ,L931-26,シルバー,O O O O O O O O O O B-COLOR I-COLOR I-COLOR I-COLOR B-BRAND I-BRAND I-BRAND I-BRAND B-MODEL I-MODEL I-MODEL I-MODEL I-MODEL I-MODEL I-MODEL,オオゾラ|L931-26|シルバー
T02267,J814-49腕時計ホワイトゲンブ,ゲンブ,J814-49,ホワイト,B-MODEL I-MODEL I-MODEL I-MODEL I-MODEL I-MODEL I-MODEL O O O B-COLOR I-COLOR I-COLOR I-COLOR B-BRAND I-BRAND I-BRAND,ゲンブ|J814-49|ホワイト
T02268,腕時計ブラックシラユキX70756,シラユキ,X707-56,ブラック,O O O B-COLOR I-COLOR I-COLOR I-COLOR B-BRAND I-BRAND I-BRAND I-BRAND B-MODEL I-MODEL I-MODEL I-MODEL I-MODEL I-MODEL,シラユキ|X707-56|ブラック
T02269,《アウトレット》洗濯機 Z98496 グリーン ハヤブサ,ハヤブサ,Z984-96,グリーン,O O O O O O O O O O O O B-MODEL I-MODEL I-MODEL I-MODEL I-MODEL I-MODEL O B-COLOR I-COLOR I-COLOR I-COLOR O B-BRAND I-BRAND I-BRAND I-BRAND,ハヤブサ|Z984-96|グリーン
T02270,◆正規品◆アカネ電機 洗濯機 I556-17 レッド,アカネ電機,I556-17,レッド,O O O O O B-BRAND I-BRAND I-BRAND I-BRAND I-BRAND O O O O O B-MODEL I-MODEL I-MODEL I-MODEL I-MODEL I-MODEL I-MODEL O B-COLOR I-COLOR I-COLOR,アカネ電機|I556-17|レッド
T02271,【即日発送】イヤホン ブラック Y98445,,Y984-45,ブラック,O O O O O O O O O O O B-COLOR I-COLOR I-COLOR I-COLOR O B-MODEL I-MODEL I-MODEL I-MODEL I-MODEL I-MODEL,|Y984-45|ブラック
T02272,スニーカー D619-74 アカネ電機 レッド,アカネ電機,D619-74,レッド,O O O O O O B-MODEL I-MODEL I-MODEL I-MODEL I-MODEL I-MODEL I-MODEL O B-BRAND I-BRAND I-BRAND I-BRAND I-BRAND O B-COLOR I-COLOR I-COLOR,アカネ電機|D619-74|レッド
T02273,G734-73 TSUBAKI ホワイト スニーカー,TSUBAKI,G734-73,ホワイト,B-MODEL I-MODEL I-MODEL I-MODEL I-MODEL I-MODEL I-MODEL O B-BRAND I-BRAND I-BRAND I-BRAND I-BRAND I-BRAND I-BRAND O B-COLOR I-COLOR I-COLOR I-COLOR O O O O O O,TSUBAKI|G734-73|ホワイト
T02274,腕時計 ミドリワークス グリーン P729-66,ミドリワークス,P729-66,グリーン,O O O O B-BRAND I-BRAND I-BRAND I-BRAND I-BRAND I-BRAND I-BRAND O B-COLOR I-COLOR I-COLOR I-COLOR O B-MODEL I-MODEL I-MODEL I-MODEL I-MODEL I-MODEL I-MODEL,ミドリワークス|P729-66|グリーン
T02275,【即日発送】Z618-74ミドリワークス冷蔵庫レッド,ミドリワークス,Z618-74,レッド,O O O O O O B-MODEL I-MODEL I-MODEL I-MODEL I-MODEL I-MODEL I-MODEL B-BRAND I-BRAND I-BRAND I-BRAND I-BRAND I-BRAND I-BRAND O O O B-COLOR I-COLOR I-COLOR,ミドリワークス|Z618-74|レッド
T02276,《アウトレット》オオゾライヤホンF511-19レッド,オオゾラ,F511-19,レッド,O O O O O O O O B-BRAND I-BRAND I-BRAND I-BRAND O O O O B-MODEL I-MODEL I-MODEL I-MODEL I-MODEL I-MODEL I-MODEL B-COLOR I-COLOR I-COLOR,オオゾラ|F511-19|レッド
T02277,【送料無料】KURO Ｕ６４４－１７ イヤホン ネイビー,KURO,U644-17,ネイビー,O O O O O O B-BRAND I-BRAND I-BRAND I-BRAND O B-MODEL I-MODEL I-MODEL I-MODEL I-MODEL I-MODEL I-MODEL O O O O O O B-COLOR I-COLOR I-COLOR I-COLOR,KURO|U644-17|ネイビー
T02278,【送料無料】腕時計 シラユキ X27819 シルバー,シラユキ,X278-19,シルバー,O O O O O O O O O O B-BRAND I-BRAND I-BRAND I-BRAND O B-MODEL I-MODEL I-MODEL I-MODEL I-MODEL I-MODEL O B-COLOR I-COLOR I-COLOR I-COLOR,シラユキ|X278-19|シルバー
T02279,◆正規品◆ネイビーH352-54掃除機ミドリワークス,ミドリワークス,H352-54,ネイビー,O O O O O B-COLOR I-COLOR I-COLOR I-COLOR B-MODEL I-MODEL I-MODEL I-MODEL I-MODEL I-MODEL I-MODEL O O O B-BRAND I-BRAND I-BRAND I-BRAND I-BRAND I-BRAND I-BRAND,ミドリワークス|H352-54|ネイビー
T02280,Ｓ５５９１４ TSUBAKI グリーン スニーカー,TSUBAKI,S559-14,グリーン,B-MODEL I-MODEL I-MODEL I-MODEL I-MODEL I-MODEL O B-BRAND I-BRAND I-BRAND I-BRAND I-BRAND I-BRAND I-BRAND O B-COLOR I-COLOR I-COLOR I-COLOR O O O O O O,TSUBAKI|S559-14|グリーン
T02281,洗濯機グリーンハヤブサY39188,ハヤブサ,Y391-88,グリーン,O O O B-COLOR I-COLOR I-COLOR I-COLOR B-BRAND I-BRAND I-BRAND I-BRAND B-MODEL I-MODEL I-MODEL I-MODEL I-MODEL I-MODEL,ハヤブサ|Y391-88|グリーン
T02282,V834-69ブラックソライロ冷庫蔵,ソライロ,V834-69,ブラック,B-MODEL I-MODEL I-MODEL I-MODEL I-MODEL I-MODEL I-MODEL B-COLOR I-COLOR I-COLOR I-COLOR B-BRAND I-BRAND I-BRAND I-BRAND O O O,ソライロ|V834-69|ブラック
T02283,イヤホン E637-46 ブラック,,E637-46,ブラック,O O O O O B-MODEL I-MODEL I-MODEL I-MODEL I-MODEL I-MODEL I-MODEL O B-COLOR I-COLOR I-COLOR I-COLOR,|E637-46|ブラック
T02284,ハヤブ G195-56 グリーン イヤホン,ハヤブサ,G195-56,グリーン,O O O O B-MODEL I-MODEL I-MODEL I-MODEL I-MODEL I-MODEL I-MODEL O B-COLOR I-COLOR I-COLOR I-COLOR O O O O O,ハヤブサ|G195-56|グリーン
T02285,【送料無料】ゲンブ デイパック ホワイト E18144,ゲンブ,E181-44,ホワイト,O O O O O O B-BRAND I-BRAND I-BRAND O O O O O O O B-COLOR I-COLOR I-COLOR I-COLOR O B-MODEL I-MODEL I-MODEL I-MODEL I-MODEL I-MODEL,ゲンブ|E181-44|ホワイト
T02286,《アウトレット》掃除機 アカネ電機 Ｅ２７４－８９ ネイビー,アカネ電機,E274-89,ネイビー,O O O O O O O O O O O O B-BRAND I-BRAND I-BRAND I-BRAND I-BRAND O B-MODEL I-MODEL I-MODEL I-MODEL I-MODEL I-MODEL I-MODEL O B-COLOR I-COLOR I-COLOR I-COLOR,アカネ電機|E274-89|ネイビー
T02287,【送料無料】イヤホンホワイトオオゾラB46688,オオゾラ,B466-88,ホワイト,O O O O O O O O O O B-COLOR I-COLOR I-COLOR I-COLOR B-BRAND I-BRAND I-BRAND I-BRAND B-MODEL I-MODEL I-MODEL I-MODEL I-MODEL I-MODEL,オオゾラ|B466-88|ホワイト
T02288,【送料無料】Ｐ９９１－４３ 掃除機 ミドリワークス レッド,ミドリワークス,P991-43,レッド,O O O O O O B-MODEL I-MODEL I-MODEL I-MODEL I-MODEL I-MODEL I-MODEL O O O O O B-BRAND I-BRAND I-BRAND I-BRAND I-BRAND I-BRAND I-BRAND O B-COLOR I-COLOR I-COLOR,ミドリワークス|P991-43|レッド
T02289,KUROO138-26イヤホンレッド,KURO,O138-26,レッド,B-BRAND I-BRAND I-BRAND I-BRAND B-MODEL I-MODEL I-MODEL I-MODEL I-MODEL I-MODEL I-MODEL O O O O B-COLOR I-COLOR I-COLOR,KURO|O138-26|レッド
T02290,グリーンN793-74アカネ電機スニーカー,アカネ電機,N793-74,グリーン,B-COLOR I-COLOR I-COLOR I-COLOR B-MODEL I-MODEL I-MODEL I-MODEL I-MODEL I-MODEL I-MODEL B-BRAND I-BRAND I-BRAND I-BRAND I-BRAND O O O O O,アカネ電機|N793-74|グリーン
T02291,★新品未使用★ホワイト スニーカー I407-19,,I407-19,ホワイト,O O O O O O O B-COLOR I-COLOR I-COLOR I-COLOR O O O O O O O B-MODEL I-MODEL I-MODEL I-MODEL I-MODEL I-MODEL I-MODEL,|I407-19|ホワイト
T02292,◆正規品◆L29681 スニーカー ゲンブ グリーン,ゲンブ,L296-81,グリーン,O O O O O B-MODEL I-MODEL I-MODEL I-MODEL I-MODEL I-MODEL O O O O O O O B-BRAND I-BRAND I-BRAND O B-COLOR I-COLOR I-COLOR I-COLOR,ゲンブ|L296-81|グリーン
T02293,シルバー ノートパソコン ミドリワークス G383-57,ミドリワークス,G383-57,シルバー,B-COLOR I-COLOR I-COLOR I-COLOR O O O O O O O O O B-BRAND I-BRAND I-BRAND I-BRAND I-BRAND I-BRAND I-BRAND O B-MODEL I-MODEL I-MODEL I-MODEL I-MODEL I-MODEL I-MODEL,ミドリワークス|G383-57|シルバー
T02294,《アウトレット》U779-97 掃除機 ノースピーク ブラック,ノースピーク,U779-97,ブラック,O O O O O O O O B-MODEL I-MODEL I-MODEL I-MODEL I-MODEL I-MODEL I-MODEL O O O O O B-BRAND I-BRAND I-BRAND I-BRAND I-BRAND I-BRAND O B-COLOR I-COLOR I-COLOR I-COLOR,ノースピーク|U779-97|ブラック
T02295,洗濯機ッレドゲンブF58487,ゲンブ,F584-87,レッド,O O O O O O B-BRAND I-BRAND I-BRAND B-MODEL I-MODEL I-MODEL I-MODEL I-MODEL I-MODEL,ゲンブ|F584-87|レッド
T02296,J898-94 ホワイト ハヤブサ スニーカー,ハヤブサ,J898-94,ホワイト,B-MODEL I-MODEL I-MODEL I-MODEL I-MODEL I-MODEL I-MODEL O B-COLOR I-COLOR I-COLOR I-COLOR O B-BRAND I-BRAND I-BRAND I-BRAND O O O O O O,ハヤブサ|J898-94|ホワイト
T02297,★新品未使用★デイパックL68361ブラック,,L683-61,ブラック,O O O O O O O O O O O O B-MODEL I-MODEL I-MODEL I-MODEL I-MODEL I-MODEL B-COLOR I-COLOR I-COLOR I-COLOR,|L683-61|ブラック
T02298,U554-85 イヤホン グリーン アカネ電機,アカネ電機,U554-85,グリーン,B-MODEL I-MODEL I-MODEL I-MODEL I-MODEL I-MODEL I-MODEL O O O O O O B-COLOR I-COLOR I-COLOR I-COLOR O B-BRAND I-BRAND I-BRAND I-BRAND I-BRAND,アカネ電機|U554-85|グリーン
T02299,R14081 掃除機 ハヤブサ ネイビー,ハヤブサ,R140-81,ネイビー,B-MODEL I-MODEL I-MODEL I-MODEL I-MODEL I-MODEL O O O O O B-BRAND I-BRAND I-BRAND I-BRAND O B-COLOR I-COLOR I-COLOR I-COLOR,ハヤブサ|R140-81|ネイビー
T02300,D992-64 ホワイト 冷蔵庫,,D992-64,ホワイト,B-MODEL I-MODEL I-MODEL I-MODEL I-MODEL I-MODEL I-MODEL O B-COLOR I-COLOR I-COLOR I-COLOR O O O O,|D992-64|ホワイト
T02301,【即日発送】TSUBAKI G285-67 腕時計 ブラック,TSUBAKI,G285-67,ブラック,O O O O O O B-BRAND I-BRAND I-BRAND I-BRAND I-BRAND I-BRAND I-BRAND O B-MODEL I-MODEL I-MODEL I-MODEL I-MODEL I-MODEL I-MODEL O O O O O B-COLOR I-COLOR I-COLOR I-COLOR,TSUBAKI|G285-67|ブラック
T02302,ノートパソコンD228-91ホワイト,,D228-91,ホワイト,O O O O O O O B-MODEL I-MODEL I-MODEL I-MODEL I-MODEL I-MODEL I-MODEL B-COLOR I-COLOR I-COLOR I-COLOR,|D228-91|ホワイト
T02303,★新品未使用★E66514ハヤブサ掃除機ネイビー,ハヤブサ,E665-14,ネイビー,O O O O O O O B-MODEL I-MODEL I-MODEL I-MODEL I-MODEL I-MODEL B-BRAND I-BRAND I-BRAND I-BRAND O O O B-COLOR I-COLOR I-COLOR I-COLOR,ハヤブサ|E665-14|ネイビー
T02304,レッド ハヤブサ 掃除機 Ｍ３６５－１６,ハヤブサ,M365-16,レッド,B-COLOR I-COLOR I-COLOR O B-BRAND I-BRAND I-BRAND I-BRAND O O O O O B-MODEL I-MODEL I-MODEL I-MODEL I-MODEL I-MODEL I-MODEL,ハヤブサ|M365-16|レッド
T02305,冷蔵庫D31333TSUBAKIグリーン,TSUBAKI,D313-33,グリーン,O O O B-MODEL I-MODEL I-MODEL I-MODEL I-MODEL I-MODEL B-BRAND I-BRAND I-BRAND I-BRAND I-BRAND I-BRAND I-BRAND B-COLOR I-COLOR I-COLOR I-COLOR,TSUBAKI|D313-33|グリーン
T02306,【即日発送】ノートパソコンB196-72ホワイト,,B196-72,ホワイト,O O O O O O O O O O O O O B-MODEL I-MODEL I-MODEL I-MODEL I-MODEL I-MODEL I-MODEL B-COLOR I-COLOR I-COLOR I-COLOR,|B196-72|ホワイト
T02307,《アウトレット》867-49 腕時計 レッド KURO,KURO,L867-49,レッド,O O O O O O O O O O O O O O O O O O O B-COLOR I-COLOR I-COLOR O B-BRAND I-BRAND I-BRAND I-BRAND,KURO|L867-49|レッド
T02308,腕時計 ネビー シラユキ H749-52,シラユキ,H749-52,ネイビー,O O O O O O O O B-BRAND I-BRAND I-BRAND I-BRAND O B-MODEL I-MODEL I-MODEL I-MODEL I-MODEL I-MODEL I-MODEL,シラユキ|H749-52|ネイビー
T02309,イヤホンレッドシラユキＤ２３４６９,シラユキ,D234-69,レッド,O O O O B-COLOR I-COLOR I-COLOR B-BRAND I-BRAND I-BRAND I-BRAND B-MODEL I-MODEL I-MODEL I-MODEL I-MODEL I-MODEL,シラユキ|D234-69|レッド
T02310,シルバー スニーカー ハヤブサ F96791,ハヤブサ,F967-91,シルバー,B-COLOR I-COLOR I-COLOR I-COLOR O O O O O O O B-BRAND I-BRAND I-BRAND I-BRAND O B-MODEL I-MODEL I-MODEL I-MODEL I-MODEL I-MODEL,ハヤブサ|F967-91|シルバー
T02311,★新品未使用★デイパックZ574-85グリーンゲンブ,ゲンブ,Z574-85,グリーン,O O O O O O O O O O O O B-MODEL I-MODEL I-MODEL I-MODEL I-MODEL I-MODEL I-MODEL B-COLOR I-COLOR I-COLOR I-COLOR B-BRAND I-BRAND I-BRAND,ゲンブ|Z574-85|グリーン
T02312,【送料無料】冷蔵庫シルバーW428-33アカネ電機,アカネ電機,W428-33,シルバー,O O O O O O O O O B-COLOR I-COLOR I-COLOR I-COLOR B-MODEL I-MODEL I-MODEL I-MODEL I-MODEL I-MODEL I-MODEL B-BRAND I-BRAND I-BRAND I-BRAND I-BRAND,アカネ電機|W428-33|シルバー
T02313,ノースピークH107-65イヤホンネイビー,ノースピーク,H107-65,ネイビー,B-BRAND I-BRAND I-BRAND I-BRAND I-BRAND I-BRAND B-MODEL I-MODEL I-MODEL I-MODEL I-MODEL I-MODEL I-MODEL O O O O B-COLOR I-COLOR I-COLOR I-COLOR,ノースピーク|H107-65|ネイビー
T02314,レッド スニーカー C784-30,,C784-30,レッド,B-COLOR I-COLOR I-COLOR O O O O O O O B-MODEL I-MODEL I-MODEL I-MODEL I-MODEL I-MODEL I-MODEL,|C784-30|レッド
T02315,ネイビー ノースピーク イヤホン C9848-6,ノースピーク,C984-86,ネイビー,B-COLOR I-COLOR I-COLOR I-COLOR O B-BRAND I-BRAND I-BRAND I-BRAND I-BRAND I-BRAND O O O O O O O O O O O O O,ノースピーク|C984-86|ネイビー
T02316,W58920 腕時計 シラユキ シルバー,シラユキ,W589-20,シルバー,B-MODEL I-MODEL I-MODEL I-MODEL I-MODEL I-MODEL O O O O O B-BRAND I-BRAND I-BRAND I-BRAND O B-COLOR I-COLOR I-COLOR I-COLOR,シラユキ|W589-20|シルバー
T02317,グリーンイヤホンV40160KURO,KURO,V401-60,グリーン,B-COLOR I-COLOR I-COLOR I-COLOR O O O O B-MODEL I-MODEL I-MODEL I-MODEL I-MODEL I-MODEL B-BRAND I-BRAND I-BRAND I-BRAND,KURO|V401-60|グリーン
T02318,オオゾラ冷蔵庫I57828グリーン,オオゾラ,I578-28,グリーン,B-BRAND I-BRAND I-BRAND I-BRAND O O O B-MODEL I-MODEL I-MODEL I-MODEL I-MODEL I-MODEL B-COLOR I-COLOR I-COLOR I-COLOR,オオゾラ|I578-28|グリーン
T02319,ネイビー ノートパソコン X221-80 オオゾラ,オオゾラ,X221-80,ネイビー,B-COLOR I-COLOR I-COLOR I-COLOR O O O O O O O O O B-MODEL I-MODEL I-MODEL I-MODEL I-MODEL I-MODEL I-MODEL O B-BRAND I-BRAND I-BRAND I-BRAND,オオゾラ|X221-80|ネイビー
T02320,ホワイト イヤホン TSUBAKI X702-78,TSUBAKI,X702-78,ホワイト,B-COLOR I-COLOR I-COLOR I-COLOR O O O O O O B-BRAND I-BRAND I-BRAND I-BRAND I-BRAND I-BRAND I-BRAND O B-MODEL I-MODEL I-MODEL I-MODEL I-MODEL I-MODEL I-MODEL,TSUBAKI|X702-78|ホワイト
T02321,【即日発送】P690-60 掃除機 ネイビー アカネ電機,アカネ電機,P690-60,ネイビー,O O O O O O B-MODEL I-MODEL I-MODEL I-MODEL I-MODEL I-MODEL I-MODEL O O O O O B-COLOR I-COLOR I-COLOR I-COLOR O B-BRAND I-BRAND I-BRAND I-BRAND I-BRAND,アカネ電機|P690-60|ネイビー
T02322,【送料無料】冷蔵庫 ハヤブサ Z96150 ホワイト,ハヤブサ,Z961-50,ホワイト,O O O O O O O O O O B-BRAND I-BRAND I-BRAND I-BRAND O B-MODEL I-MODEL I-MODEL I-MODEL I-MODEL I-MODEL O B-COLOR I-COLOR I-COLOR I-COLOR,ハヤブサ|Z961-50|ホワイト
T02323,ゲンブ Ｗ６５０－９８ デイパック ブラック,ゲンブ,W650-98,ブラック,B-BRAND I-BRAND I-BRAND O B-MODEL I-MODEL I-MODEL I-MODEL I-MODEL I-MODEL I-MODEL O O O O O O O B-COLOR I-COLOR I-COLOR I-COLOR,ゲンブ|W650-98|ブラック
T02324,F16068シルバー洗濯機,,F160-68,シルバー,B-MODEL I-MODEL I-MODEL I-MODEL I-MODEL I-MODEL B-COLOR I-COLOR I-COLOR I-COLOR O O O,|F160-68|シルバー
T02325,ノートパソコン ネイビー Ｂ５７６－４７ アカネ電機,アカネ電機,B576-47,ネイビー,O O O O O O O O B-COLOR I-COLOR I-COLOR I-COLOR O B-MODEL I-MODEL I-MODEL I-MODEL I-MODEL I-MODEL I-MODEL O B-BRAND I-BRAND I-BRAND I-BRAND I-BRAND,アカネ電機|B576-47|ネイビー
T02326,ホワイト ハヤブサ V92962 デイパック,ハヤブサ,V929-62,ホワイト,B-COLOR I-COLOR I-COLOR I-COLOR O B-BRAND I-BRAND I-BRAND I-BRAND O B-MODEL I-MODEL I-MODEL I-MODEL I-MODEL I-MODEL O O O O O O,ハヤブサ|V929-62|ホワイト
T02327,ブラック 洗濯機 Ｈ２６３－６８ ミドリワークス,ミドリワークス,H263-68,ブラック,B-COLOR I-COLOR I-COLOR I-COLOR O O O O O B-MODEL I-MODEL I-MODEL I-MODEL I-MODEL I-MODEL I-MODEL O B-BRAND I-BRAND I-BRAND I-BRAND I-BRAND I-BRAND I-BRAND,ミドリワークス|H263-68|ブラック
T02328,ミドリワークスグリーンS67071腕時計,ミドリワークス,S670-71,グリーン,B-BRAND I-BRAND I-BRAND I-BRAND I-BRAND I-BRAND I-BRAND B-COLOR I-COLOR I-COLOR I-COLOR B-MODEL I-MODEL I-MODEL I-MODEL I-MODEL I-MODEL O O O,ミドリワークス|S670-71|グリーン
T02329,KURO洗濯機E20659グリーン,KURO,E206-59,グリーン,B-BRAND I-BRAND I-BRAND I-BRAND O O O B-MODEL I-MODEL I-MODEL I-MODEL I-MODEL I-MODEL B-COLOR I-COLOR I-COLOR I-COLOR,KURO|E206-59|グリーン
T02330,シラユキ 冷蔵庫 レッド P535-30,シラユキ,P535-30,レッド,B-BRAND I-BRAND I-BRAND I-BRAND O O O O O B-COLOR I-COLOR I-COLOR O B-MODEL I-MODEL I-MODEL I-MODEL I-MODEL I-MODEL I-MODEL,シラユキ|P535-30|レッド
T02331,★新品未使用★レッド H29394 スニーカー,,H293-94,レッド,O O O O O O O B-COLOR I-COLOR I-COLOR O B-MODEL I-MODEL I-MODEL I-MODEL I-MODEL I-MODEL O O O O O O,|H293-94|レッド
T02332,Ｏ３４０－８８ シルバー ミドリワークス 洗濯機,ミドリワークス,O340-88,シルバー,B-MODEL I-MODEL I-MODEL I-MODEL I-MODEL I-MODEL I-MODEL O B-COLOR I-COLOR I-COLOR I-COLOR O B-BRAND I-BRAND I-BRAND I-BRAND I-BRAND I-BRAND I-BRAND O O O O,ミドリワークス|O340-88|シルバー
T02333,【送料無料】ハヤブサ B242-36 冷蔵庫 シルバー,ハヤブサ,B242-36,シルバー,O O O O O O B-BRAND I-BRAND I-BRAND I-BRAND O B-MODEL I-MODEL I-MODEL I-MODEL I-MODEL I-MODEL I-MODEL O O O O O B-COLOR I-COLOR I-COLOR I-COLOR,ハヤブサ|B242-36|シルバー
T02334,《アウトレット》ネイビー アカネ電機 ノートパソコン X834-69,アカネ電機,X834-69,ネイビー,O O O O O O O O B-COLOR I-COLOR I-COLOR I-COLOR O B-BRAND I-BRAND I-BRAND I-BRAND I-BRAND O O O O O O O O O B-MODEL I-MODEL I-MODEL I-MODEL I-MODEL I-MODEL I-MODEL,アカネ電機|X834-69|ネイビー
T02335,ブラック デイパック V885-55,,V885-55,ブラック,B-COLOR I-COLOR I-COLOR I-COLOR O O O O O O O B-MODEL I-MODEL I-MODEL I-MODEL I-MODEL I-MODEL I-MODEL,|V885-55|ブラック
T02336,シラユキ ブラック F62240 スニーカー,シラユキ,F622-40,ブラック,B-BRAND I-BRAND I-BRAND I-BRAND O B-COLOR I-COLOR I-COLOR I-COLOR O B-MODEL I-MODEL I-MODEL I-MODEL I-MODEL I-MODEL O O O O O O,シラユキ|F622-40|ブラック
T02337,D453-16ノートパソコンゲンブブラック,ゲンブ,D453-16,ブラック,B-MODEL I-MODEL I-MODEL I-MODEL I-MODEL I-MODEL I-MODEL O O O O O O O B-BRAND I-BRAND I-BRAND B-COLOR I-COLOR I-COLOR I-COLOR,ゲンブ|D453-16|ブラック
T02338,グリーン掃除機ソライロW153-47,ソライロ,W153-47,グリーン,B-COLOR I-COLOR I-COLOR I-COLOR O O O B-BRAND I-BRAND I-BRAND I-BRAND B-MODEL I-MODEL I-MODEL I-MODEL I-MODEL I-MODEL I-MODEL,ソライロ|W153-47|グリーン
T02339,Ｖ６７７－５８ TSUBAKI グリーン デイパック,TSUBAKI,V677-58,グリーン,B-MODEL I-MODEL I-MODEL I-MODEL I-MODEL I-MODEL I-MODEL O B-BRAND I-BRAND I-BRAND I-BRAND I-BRAND I-BRAND I-BRAND O B-COLOR I-COLOR I-COLOR I-COLOR O O O O O O,TSUBAKI|V677-58|グリーン
T02340,ゲンブ H334-70 腕時計 ホワイト,ゲンブ,H334-70,ホワイト,B-BRAND I-BRAND I-BRAND O B-MODEL I-MODEL I-MODEL I-MODEL I-MODEL I-MODEL I-MODEL O O O O O B-COLOR I-COLOR I-COLOR I-COLOR,ゲンブ|H334-70|ホワイト
T02341,O59948レッドシユラキイヤホン,シラユキ,O599-48,レッド,B-MODEL I-MODEL I-MODEL I-MODEL I-MODEL I-MODEL B-COLOR I-COLOR I-COLOR O O O O O O O O,シラユキ|O599-48|レッド
T02342,S439-24洗濯機レッド,,S439-24,レッド,B-MODEL I-MODEL I-MODEL I-MODEL I-MODEL I-MODEL I-MODEL O O O B-COLOR I-COLOR I-COLOR,|S439-24|レッド
T02343,【送料無料】ホワイトK898-32TSUBAKIスニーカー,TSUBAKI,K898-32,ホワイト,O O O O O O B-COLOR I-COLOR I-COLOR I-COLOR B-MODEL I-MODEL I-MODEL I-MODEL I-MODEL I-MODEL I-MODEL B-BRAND I-BRAND I-BRAND I-BRAND I-BRAND I-BRAND I-BRAND O O O O O,TSUBAKI|K898-32|ホワイト
T02344,★新品未使用★レッド冷蔵庫N863-39,,N863-39,レッド,O O O O O O O B-COLOR I-COLOR I-COLOR O O O B-MODEL I-MODEL I-MODEL I-MODEL I-MODEL I-MODEL I-MODEL,|N863-39|レッド
T02345,★新品未使用★H743-26ハヤブサホワイト冷蔵庫,ハヤブサ,H743-26,ホワイト,O O O O O O O B-MODEL I-MODEL I-MODEL I-MODEL I-MODEL I-MODEL I-MODEL B-BRAND I-BRAND I-BRAND I-BRAND B-COLOR I-COLOR I-COLOR I-COLOR O O O,ハヤブサ|H743-26|ホワイト
T02346,《アウトレット》シルバー 冷蔵庫 N64338,,N643-38,シルバー,O O O O O O O O B-COLOR I-COLOR I-COLOR I-COLOR O O O O O B-MODEL I-MODEL I-MODEL I-MODEL I-MODEL I-MODEL,|N643-38|シルバー
T02347,シルバーイヤホンハヤブサC10-44,ハヤブサ,C190-44,シルバー,B-COLOR I-COLOR I-COLOR I-COLOR O O O O B-BRAND I-BRAND I-BRAND I-BRAND O O O O O O,ハヤブサ|C190-44|シルバー
T02348,シルバー KURO I110-96 洗濯機,KURO,I110-96,シルバー,B-COLOR I-COLOR I-COLOR I-COLOR O B-BRAND I-BRAND I-BRAND I-BRAND O B-MODEL I-MODEL I-MODEL I-MODEL I-MODEL I-MODEL I-MODEL O O O O,KURO|I110-96|シルバー
T02349,【送料無料】ブラック Y111-60 シラユキ イヤホン,シラユキ,Y111-60,ブラック,O O O O O O B-COLOR I-COLOR I-COLOR I-COLOR O B-MODEL I-MODEL I-MODEL I-MODEL I-MODEL I-MODEL I-MODEL O B-BRAND I-BRAND I-BRAND I-BRAND O O O O O,シラユキ|Y111-60|ブラック
T02350,D468-30 デイパック レッド オオゾラ,オオゾラ,D468-30,レッド,B-MODEL I-MODEL I-MODEL I-MODEL I-MODEL I-MODEL I-MODEL O O O O O O O B-COLOR I-COLOR I-COLOR O B-BRAND I-BRAND I-BRAND I-BRAND,オオゾラ|D468-30|レッド
T02351,シルバー L556-30 ソライロ イヤホン,ソライロ,L556-30,シルバー,B-COLOR I-COLOR I-COLOR I-COLOR O B-MODEL I-MODEL I-MODEL I-MODEL I-MODEL I-MODEL I-MODEL O B-BRAND I-BRAND I-BRAND I-BRAND O O O O O,ソライロ|L556-30|シルバー
T02352,冷蔵庫 ブラック F542-55 ゲンブ,ゲンブ,F542-55,ブラック,O O O O B-COLOR I-COLOR I-COLOR I-COLOR O B-MODEL I-MODEL I-MODEL I-MODEL I-MODEL I-MODEL I-MODEL O B-BRAND I-BRAND I-BRAND,ゲンブ|F542-55|ブラック
T02353,デイパック O829-41 ブラック,,O829-41,ブラック,O O O O O O B-MODEL I-MODEL I-MODEL I-MODEL I-MODEL I-MODEL I-MODEL O B-COLOR I-COLOR I-COLOR I-COLOR,|O829-41|ブラック
T02354,R975-53 グリーン ノースピーク 掃除機,ノースピーク,R975-53,グリーン,B-MODEL I-MODEL I-MODEL I-MODEL I-MODEL I-MODEL I-MODEL O B-COLOR I-COLOR I-COLOR I-COLOR O B-BRAND I-BRAND I-BRAND I-BRAND I-BRAND I-BRAND O O O O,ノースピーク|R975-53|グリーン
T02355,D179-83 グリーン 冷蔵庫,,D179-83,グリーン,B-MODEL I-MODEL I-MODEL I-MODEL I-MODEL I-MODEL I-MODEL O B-COLOR I-COLOR I-COLOR I-COLOR O O O O,|D179-83|グリーン
T02356,洗濯機 TSUBAKI グリーン Ｗ３１７－９７,TSUBAKI,W317-97,グリーン,O O O O B-BRAND I-BRAND I-BRAND I-BRAND I-BRAND I-BRAND I-BRAND O B-COLOR I-COLOR I-COLOR I-COLOR O B-MODEL I-MODEL I-MODEL I-MODEL I-MODEL I-MODEL I-MODEL,TSUBAKI|W317-97|グリーン
T02357,X633-46 アカネ電機 シルバー 冷蔵庫,アカネ電機,X633-46,シルバー,B-MODEL I-MODEL I-MODEL I-MODEL I-MODEL I-MODEL I-MODEL O B-BRAND I-BRAND I-BRAND I-BRAND I-BRAND O B-COLOR I-COLOR I-COLOR I-COLOR O O O O,アカネ電機|X633-46|シルバー
T02358,洗濯機 ネイビー J923-46 アカネ電機,アカネ電機,J923-46,ネイビー,O O O O B-COLOR I-COLOR I-COLOR I-COLOR O B-MODEL I-MODEL I-MODEL I-MODEL I-MODEL I-MODEL I-MODEL O B-BRAND I-BRAND I-BRAND I-BRAND I-BRAND,アカネ電機|J923-46|ネイビー
T02359,オオゾラ ノートパソコン レッド U355-16,オオゾラ,U355-16,レッド,B-BRAND I-BRAND I-BRAND I-BRAND O O O O O O O O O B-COLOR I-COLOR I-COLOR O B-MODEL I-MODEL I-MODEL I-MODEL I-MODEL I-MODEL I-MODEL,オオゾラ|U355-16|レッド
T02360,【送料無料】L46179 洗濯機 ゲンブ ブラック,ゲンブ,L461-79,ブラック,O O O O O O B-MODEL I-MODEL I-MODEL I-MODEL I-MODEL I-MODEL O O O O O B-BRAND I-BRAND I-BRAND O B-COLOR I-COLOR I-COLOR I-COLOR,ゲンブ|L461-79|ブラック
T02361,【即日発送】レッド掃除機ハヤブサX82847,ハヤブサ,X828-47,レッド,O O O O O O B-COLOR I-COLOR I-COLOR O O O B-BRAND I-BRAND I-BRAND I-BRAND B-MODEL I-MODEL I-MODEL I-MODEL I-MODEL I-MODEL,ハヤブサ|X828-47|レッド
T02362,ノートパソコン K48643 ホワイト アカネ電機,アカネ電機,K486-43,ホワイト,O O O O O O O O B-MODEL I-MODEL I-MODEL I-MODEL I-MODEL I-MODEL O B-COLOR I-COLOR I-COLOR I-COLOR O B-BRAND I-BRAND I-BRAND I-BRAND I-BRAND,アカネ電機|K486-43|ホワイト
T02363,腕時計 シルバー Ｈ６１７－８９,,H617-89,シルバー,O O O O B-COLOR I-COLOR I-COLOR I-COLOR O B-MODEL I-MODEL I-MODEL I-MODEL I-MODEL I-MODEL I-MODEL,|H617-89|シルバー
T02364,腕時計ネイビーF636-96TSUBAKI,TSUBAKI,F636-96,ネイビー,O O O B-COLOR I-COLOR I-COLOR I-COLOR B-MODEL I-MODEL I-MODEL I-MODEL I-MODEL I-MODEL I-MODEL B-BRAND I-BRAND I-BRAND I-BRAND I-BRAND I-BRAND I-BRAND,TSUBAKI|F636-96|ネイビー
T02365,【即日発送】ネイビー ノートパソコン I49416,,I494-16,ネイビー,O O O O O O B-COLOR I-COLOR I-COLOR I-COLOR O O O O O O O O O B-MODEL I-MODEL I-MODEL I-MODEL I-MODEL I-MODEL,|I494-16|ネイビー
T02366,ホワイトＢ３８４９５スニーカー,,B384-95,ホワイト,B-COLOR I-COLOR I-COLOR I-COLOR B-MODEL I-MODEL I-MODEL I-MODEL I-MODEL I-MODEL O O O O O,|B384-95|ホワイト
T02367,◆正規品◆C19325イヤホンネイビー,,C193-25,ネイビー,O O O O O B-MODEL I-MODEL I-MODEL I-MODEL I-MODEL I-MODEL O O O O B-COLOR I-COLOR I-COLOR I-COLOR,|C193-25|ネイビー
T02368,G598-92 冷蔵庫 ノースピーク レッド,ノースピーク,G598-92,レッド,B-MODEL I-MODEL I-MODEL I-MODEL I-MODEL I-MODEL I-MODEL O O O O O B-BRAND I-BRAND I-BRAND I-BRAND I-BRAND I-BRAND O B-COLOR I-COLOR I-COLOR,ノースピーク|G598-92|レッド
T02369,ミドリワークス P818-95 ネイビー スニーカー,ミドリワークス,P818-95,ネイビー,B-BRAND I-BRAND I-BRAND I-BRAND I-BRAND I-BRAND I-BRAND O B-MODEL I-MODEL I-MODEL I-MODEL I-MODEL I-MODEL I-MODEL O B-COLOR I-COLOR I-COLOR I-COLOR O O O O O O,ミドリワークス|P818-95|ネイビー
T02370,★新品未使用★ホワイト A582-75 デイパック ミドリワークス,ミドリワークス,A582-75,ホワイト,O O O O O O O B-COLOR I-COLOR I-COLOR I-COLOR O B-MODEL I-MODEL I-MODEL I-MODEL I-MODEL I-MODEL I-MODEL O O O O O O O B-BRAND I-BRAND I-BRAND I-BRAND I-BRAND I-BRAND I-BRAND,ミドリワークス|A582-75|ホワイト
T02371,★新品未使用★イヤホンM312-54グリーン,,M312-54,グリーン,O O O O O O O O O O O B-MODEL I-MODEL I-MODEL I-MODEL I-MODEL I-MODEL I-MODEL B-COLOR I-COLOR I-COLOR I-COLOR,|M312-54|グリーン
T02372,オオゾラS867-95ネイビーイヤホン,オオゾラ,S867-95,ネイビー,B-BRAND I-BRAND I-BRAND I-BRAND B-MODEL I-MODEL I-MODEL I-MODEL I-MODEL I-MODEL I-MODEL B-COLOR I-COLOR I-COLOR I-COLOR O O O O,オオゾラ|S867-95|ネイビー
T02373,B96784ネイビー冷蔵庫アカネ電機,アカネ電機,B967-84,ネイビー,B-MODEL I-MODEL I-MODEL I-MODEL I-MODEL I-MODEL B-COLOR I-COLOR I-COLOR I-COLOR O O O B-BRAND I-BRAND I-BRAND I-BRAND I-BRAND,アカネ電機|B967-84|ネイビー
T02374,ノースピーク腕時計Ｓ９０４－５４ホワイト,ノースピーク,S904-54,ホワイト,B-BRAND I-BRAND I-BRAND I-BRAND I-BRAND I-BRAND O O O B-MODEL I-MODEL I-MODEL I-MODEL I-MODEL I-MODEL I-MODEL B-COLOR I-COLOR I-COLOR I-COLOR,ノースピーク|S904-54|ホワイト
T02375,★新品未使用★デイパックW192-30シルバーハヤブサ,ハヤブサ,W192-30,シルバー,O O O O O O O O O O O O B-MODEL I-MODEL I-MODEL I-MODEL I-MODEL I-MODEL I-MODEL B-COLOR I-COLOR I-COLOR I-COLOR B-BRAND I-BRAND I-BRAND I-BRAND,ハヤブサ|W192-30|シルバー
T02376,F339-28 ネイビー TSUBAKI ノートパソコン,TSUBAKI,F339-28,ネイビー,B-MODEL I-MODEL I-MODEL I-MODEL I-MODEL I-MODEL I-MODEL O B-COLOR I-COLOR I-COLOR I-COLOR O B-BRAND I-BRAND I-BRAND I-BRAND I-BRAND I-BRAND I-BRAND O O O O O O O O,TSUBAKI|F339-28|ネイビー
T02377,ハヤブサ 864-26 ホワイト 洗濯機,ハヤブサ,O864-26,ホワイト,B-BRAND I-BRAND I-BRAND I-BRAND O O O O O O O O B-COLOR I-COLOR I-COLOR I-COLOR O O O O,ハヤブサ|O864-26|ホワイト
T02378,シルバー 腕時計 G285-43 KURO,KURO,G285-43,シルバー,B-COLOR I-COLOR I-COLOR I-COLOR O O O O O B-MODEL I-MODEL I-MODEL I-MODEL I-MODEL I-MODEL I-MODEL O B-BRAND I-BRAND I-BRAND I-BRAND,KURO|G285-43|シルバー
T02379,V88391 ホワイト オオゾラ スニーカー,オオゾラ,V883-91,ホワイト,B-MODEL I-MODEL I-MODEL I-MODEL I-MODEL I-MODEL O B-COLOR I-COLOR I-COLOR I-COLOR O B-BRAND I-BRAND I-BRAND I-BRAND O O O O O O,オオゾラ|V883-91|ホワイト
T02380,冷蔵庫 W733-26 ブラック ノースピーク,ノースピーク,W733-26,ブラック,O O O O B-MODEL I-MODEL I-MODEL I-MODEL I-MODEL I-MODEL I-MODEL O B-COLOR I-COLOR I-COLOR I-COLOR O B-BRAND I-BRAND I-BRAND I-BRAND I-BRAND I-BRAND,ノースピーク|W733-26|ブラック
T02381,レッド スニーカー C21313,,C213-13,レッド,B-COLOR I-COLOR I-COLOR O O O O O O O B-MODEL I-MODEL I-MODEL I-MODEL I-MODEL I-MODEL,|C213-13|レッド
T02382,【送料無料】デイパックレッドＹ６７３６８TSUBAKI,TSUBAKI,Y673-68,レッド,O O O O O O O O O O O B-COLOR I-COLOR I-COLOR B-MODEL I-MODEL I-MODEL I-MODEL I-MODEL I-MODEL B-BRAND I-BRAND I-BRAND I-BRAND I-BRAND I-BRAND I-BRAND,TSUBAKI|Y673-68|レッド
T02383,ミドリワークスデイパックR373-20ネイビー,ミドリワークス,R373-20,ネイビー,B-BRAND I-BRAND I-BRAND I-BRAND I-BRAND I-BRAND I-BRAND O O O O O B-MODEL I-MODEL I-MODEL I-MODEL I-MODEL I-MODEL I-MODEL B-COLOR I-COLOR I-COLOR I-COLOR,ミドリワークス|R373-20|ネイビー
T02384,Ｄ９４２－８０グリーンミドリワークスデイパック,ミドリワークス,D942-80,グリーン,B-MODEL I-MODEL I-MODEL I-MODEL I-MODEL I-MODEL I-MODEL B-COLOR I-COLOR I-COLOR I-COLOR B-BRAND I-BRAND I-BRAND I-BRAND I-BRAND I-BRAND I-BRAND O O O O O,ミドリワークス|D942-80|グリーン
T02385,ノートパソコンＫ６８８－５４ホワイト,,K688-54,ホワイト,O O O O O O O B-MODEL I-MODEL I-MODEL I-MODEL I-MODEL I-MODEL I-MODEL B-COLOR I-COLOR I-COLOR I-COLOR,|K688-54|ホワイト
T02386,J121-46 洗濯機 レッド ミドリワークス,ミドリワークス,J121-46,レッド,B-MODEL I-MODEL I-MODEL I-MODEL I-MODEL I-MODEL I-MODEL O O O O O B-COLOR I-COLOR I-COLOR O B-BRAND I-BRAND I-BRAND I-BRAND I-BRAND I-BRAND I-BRAND,ミドリワークス|J121-46|レッド
T02387,【即日発送】M10153 掃除機 ゲンブ レッド,ゲンブ,M101-53,レッド,O O O O O O B-MODEL I-MODEL I-MODEL I-MODEL I-MODEL I-MODEL O O O O O B-BRAND I-BRAND I-BRAND O B-COLOR I-COLOR I-COLOR,ゲンブ|M101-53|レッド
T02388,【即日発送】アカネ電機 掃除機 ネイビー B59513,アカネ電機,B595-13,ネイビー,O O O O O O B-BRAND I-BRAND I-BRAND I-BRAND I-BRAND O O O O O B-COLOR I-COLOR I-COLOR I-COLOR O B-MODEL I-MODEL I-MODEL I-MODEL I-MODEL I-MODEL,アカネ電機|B595-13|ネイビー
T02389,U601-85 ハヤブサ ブラック デイパック,ハヤブサ,U601-85,ブラック,B-MODEL I-MODEL I-MODEL I-MODEL I-MODEL I-MODEL I-MODEL O B-BRAND I-BRAND I-BRAND I-BRAND O B-COLOR I-COLOR I-COLOR I-COLOR O O O O O O,ハヤブサ|U601-85|ブラック
T02390,★新品未使用★Ｖ３６６－４７ オオゾラ グリーン ノートパソコン,オオゾラ,V366-47,グリーン,O O O O O O O B-MODEL I-MODEL I-MODEL I-MODEL I-MODEL I-MODEL I-MODEL O B-BRAND I-BRAND I-BRAND I-BRAND O B-COLOR I-COLOR I-COLOR I-COLOR O O O O O O O O,オオゾラ|V366-47|グリーン
T02391,★新品未使用★I56970シルバーゲンブ腕時計,ゲンブ,I569-70,シルバー,O O O O O O O B-MODEL I-MODEL I-MODEL I-MODEL I-MODEL I-MODEL B-COLOR I-COLOR I-COLOR I-COLOR B-BRAND I-BRAND I-BRAND O O O,ゲンブ|I569-70|シルバー
T02392,【送料無料】掃除機 レッド ミドリワークス C923-71,ミドリワークス,C923-71,レッド,O O O O O O O O O O B-COLOR I-COLOR I-COLOR O B-BRAND I-BRAND I-BRAND I-BRAND I-BRAND I-BRAND I-BRAND O B-MODEL I-MODEL I-MODEL I-MODEL I-MODEL I-MODEL I-MODEL,ミドリワークス|C923-71|レッド
T02393,ネイビー C80546 ゲンブ イヤホン,ゲンブ,C805-46,ネイビー,B-COLOR I-COLOR I-COLOR I-COLOR O B-MODEL I-MODEL I-MODEL I-MODEL I-MODEL I-MODEL O B-BRAND I-BRAND I-BRAND O O O O O,ゲンブ|C805-46|ネイビー
T02394,ソライロ Y86566 イヤホン グリーン,ソライロ,Y865-66,グリーン,B-BRAND I-BRAND I-BRAND I-BRAND O B-MODEL I-MODEL I-MODEL I-MODEL I-MODEL I-MODEL O O O O O O B-COLOR I-COLOR I-COLOR I-COLOR,ソライロ|Y865-66|グリーン
T02395,ソライロ デイパック レッド N31354,ソライロ,N313-54,レッド,B-BRAND I-BRAND I-BRAND I-BRAND O O O O O O O B-COLOR I-COLOR I-COLOR O B-MODEL I-MODEL I-MODEL I-MODEL I-MODEL I-MODEL,ソライロ|N313-54|レッド
T02396,ノースピーク A295-90 ブラック イヤホン,ノースピーク,A295-90,ブラック,B-BRAND I-BRAND I-BRAND I-BRAND I-BRAND I-BRAND O B-MODEL I-MODEL I-MODEL I-MODEL I-MODEL I-MODEL I-MODEL O B-COLOR I-COLOR I-COLOR I-COLOR O O O O O,ノースピーク|A295-90|ブラック
T02397,X102-04ブラックイヤホンTSUBAKI,TSUBAKI,X102-40,ブラック,O O O O O O O B-COLOR I-COLOR I-COLOR I-COLOR O O O O B-BRAND I-BRAND I-BRAND I-BRAND I-BRAND I-BRAND I-BRAND,TSUBAKI|X102-40|ブラック
T02398,洗濯機Q26670ネイビー,,Q266-70,ネイビー,O O O B-MODEL I-MODEL I-MODEL I-MODEL I-MODEL I-MODEL B-COLOR I-COLOR I-COLOR I-COLOR,|Q266-70|ネイビー
T02399,《アウトレット》レッド アカネ電機 洗濯機 L26690,アカネ電機,L266-90,レッド,O O O O O O O O B-COLOR I-COLOR I-COLOR O B-BRAND I-BRAND I-BRAND I-BRAND I-BRAND O O O O O B-MODEL I-MODEL I-MODEL I-MODEL I-MODEL I-MODEL,アカネ電機|L266-90|レッド
T02400,G577-93グリーンスニーカー,,G577-93,グリーン,B-MODEL I-MODEL I-MODEL I-MODEL I-MODEL I-MODEL I-MODEL B-COLOR I-COLOR I-COLOR I-COLOR O O O O O,|G577-93|グリーン
T02401,掃除機 レッド Y27120ハ ヤブサ,ハヤブサ,Y271-20,レッド,O O O O B-COLOR I-COLOR I-COLOR O B-MODEL I-MODEL I-MODEL I-MODEL I-MODEL I-MODEL O O O O O,ハヤブサ|Y271-20|レッド
T02402,I802-38ミドリワークスホワイト冷蔵庫,ミドリワークス,I802-38,ホワイト,B-MODEL I-MODEL I-MODEL I-MODEL I-MODEL I-MODEL I-MODEL B-BRAND I-BRAND I-BRAND I-BRAND I-BRAND I-BRAND I-BRAND B-COLOR I-COLOR I-COLOR I-COLOR O O O,ミドリワークス|I802-38|ホワイト
T02403,O47294 デイパック ネイビー,,O472-94,ネイビー,B-MODEL I-MODEL I-MODEL I-MODEL I-MODEL I-MODEL O O O O O O O B-COLOR I-COLOR I-COLOR I-COLOR,|O472-94|ネイビー
T02404,◆正規品◆シラユキ シルバー 洗濯機 Y566-98,シラユキ,Y566-98,シルバー,O O O O O B-BRAND I-BRAND I-BRAND I-BRAND O B-COLOR I-COLOR I-COLOR I-COLOR O O O O O B-MODEL I-MODEL I-MODEL I-MODEL I-MODEL I-MODEL I-MODEL,シラユキ|Y566-98|シルバー
T02405,J442-90 イヤホン TSUABKI ブラック,TSUBAKI,J442-90,ブラック,B-MODEL I-MODEL I-MODEL I-MODEL I-MODEL I-MODEL I-MODEL O O O O O O O O O O O O O O B-COLOR I-COLOR I-COLOR I-COLOR,TSUBAKI|J442-90|ブラック
T02406,レッド シラユキ T525-68 ノートパソコン,シラユキ,T525-68,レッド,B-COLOR I-COLOR I-COLOR O B-BRAND I-BRAND I-BRAND I-BRAND O B-MODEL I-MODEL I-MODEL I-MODEL I-MODEL I-MODEL I-MODEL O O O O O O O O,シラユキ|T525-68|レッド
T02407,◆正規品◆デイパック J14179 オオゾラ ブラック,オオゾラ,J141-79,ブラック,O O O O O O O O O O O B-MODEL I-MODEL I-MODEL I-MODEL I-MODEL I-MODEL O B-BRAND I-BRAND I-BRAND I-BRAND O B-COLOR I-COLOR I-COLOR I-COLOR,オオゾラ|J141-79|ブラック
T02408,《アウトレット》洗濯機ブラックミドリワークスU997-79,ミドリワークス,U997-79,ブラック,O O O O O O O O O O O B-COLOR I-COLOR I-COLOR I-COLOR B-BRAND I-BRAND I-BRAND I-BRAND I-BRAND I-BRAND I-BRAND B-MODEL I-MODEL I-MODEL I-MODEL I-MODEL I-MODEL I-MODEL,ミドリワークス|U997-79|ブラック
T02409,掃除機 オオゾラ H692-98 ネイビー,オオゾラ,H692-98,ネイビー,O O O O B-BRAND I-BRAND I-BRAND I-BRAND O B-MODEL I-MODEL I-MODEL I-MODEL I-MODEL I-MODEL I-MODEL O B-COLOR I-COLOR I-COLOR I-COLOR,オオゾラ|H692-98|ネイビー
T02410,ハヤブサ グリーン E377-71 ノートパソコン,ハヤブサ,E377-71,グリーン,B-BRAND I-BRAND I-BRAND I-BRAND O B-COLOR I-COLOR I-COLOR I-COLOR O B-MODEL I-MODEL I-MODEL I-MODEL I-MODEL I-MODEL I-MODEL O O O O O O O O,ハヤブサ|E377-71|グリーン
T02411,シルバーＱ５７１－４５アカネ電機掃除機,アカネ電機,Q571-45,シルバー,B-COLOR I-COLOR I-COLOR I-COLOR B-MODEL I-MODEL I-MODEL I-MODEL I-MODEL I-MODEL I-MODEL B-BRAND I-BRAND I-BRAND I-BRAND I-BRAND O O O,アカネ電機|Q571-45|シルバー
T02412,ハヤブサ D40859 シルバー スニーカー,ハヤブサ,D408-59,シルバー,B-BRAND I-BRAND I-BRAND I-BRAND O B-MODEL I-MODEL I-MODEL I-MODEL I-MODEL I-MODEL O B-COLOR I-COLOR I-COLOR I-COLOR O O O O O O,ハヤブサ|D408-59|シルバー
T02413,【即日発送】ホワイト スニーカー Ｐ４７７－４４,,P477-44,ホワイト,O O O O O O B-COLOR I-COLOR I-COLOR I-COLOR O O O O O O O B-MODEL I-MODEL I-MODEL I-MODEL I-MODEL I-MODEL I-MODEL,|P477-44|ホワイト
T02414,M82960 デイパック ネイビー,,M829-60,ネイビー,B-MODEL I-MODEL I-MODEL I-MODEL I-MODEL I-MODEL O O O O O O O B-COLOR I-COLOR I-COLOR I-COLOR,|M829-60|ネイビー
T02415,腕時計レッドF604-19ノースピーク,ノースピーク,F604-19,レッド,O O O B-COLOR I-COLOR I-COLOR B-MODEL I-MODEL I-MODEL I-MODEL I-MODEL I-MODEL I-MODEL B-BRAND I-BRAND I-BRAND I-BRAND I-BRAND I-BRAND,ノースピーク|F604-19|レッド
T02416,ソライロ ブラック K104-66 スニーカー,ソライロ,K104-66,ブラック,B-BRAND I-BRAND I-BRAND I-BRAND O B-COLOR I-COLOR I-COLOR I-COLOR O B-MODEL I-MODEL I-MODEL I-MODEL I-MODEL I-MODEL I-MODEL O O O O O O,ソライロ|K104-66|ブラック
T02417,イヤホンY672-80シルバーTSUBAKI,TSUBAKI,Y672-80,シルバー,O O O O B-MODEL I-MODEL I-MODEL I-MODEL I-MODEL I-MODEL I-MODEL B-COLOR I-COLOR I-COLOR I-COLOR B-BRAND I-BRAND I-BRAND I-BRAND I-BRAND I-BRAND I-BRAND,TSUBAKI|Y672-80|シルバー
T02418,《アウトレット》ブラックデパイックミドリワークスR923-74,ミドリワークス,R923-74,ブラック,O O O O O O O O B-COLOR I-COLOR I-COLOR I-COLOR O O O O O B-BRAND I-BRAND I-BRAND I-BRAND I-BRAND I-BRAND I-BRAND B-MODEL I-MODEL I-MODEL I-MODEL I-MODEL I-MODEL I-MODEL,ミドリワークス|R923-74|ブラック
T02419,ブラック KURO 洗機 Z766-20,KURO,Z766-20,ブラック,B-COLOR I-COLOR I-COLOR I-COLOR O B-BRAND I-BRAND I-BRAND I-BRAND O O O O B-MODEL I-MODEL I-MODEL I-MODEL I-MODEL I-MODEL I-MODEL,KURO|Z766-20|ブラック
T02420,★新品未使用★ホワイト I908-81 冷蔵庫,,I908-81,ホワイト,O O O O O O O B-COLOR I-COLOR I-COLOR I-COLOR O B-MODEL I-MODEL I-MODEL I-MODEL I-MODEL I-MODEL I-MODEL O O O O,|I908-81|ホワイト
T02421,U581-22 レッド デイパック ノースピーク,ノースピーク,U581-22,レッド,B-MODEL I-MODEL I-MODEL I-MODEL I-MODEL I-MODEL I-MODEL O B-COLOR I-COLOR I-COLOR O O O O O O O B-BRAND I-BRAND I-BRAND I-BRAND I-BRAND I-BRAND,ノースピーク|U581-22|レッド
T02422,ネイビー V712-48 シラユキ 洗濯機,シラユキ,V712-48,ネイビー,B-COLOR I-COLOR I-COLOR I-COLOR O B-MODEL I-MODEL I-MODEL I-MODEL I-MODEL I-MODEL I-MODEL O B-BRAND I-BRAND I-BRAND I-BRAND O O O O,シラユキ|V712-48|ネイビー
T02423,◆正規品◆ゲンブネイビーQ849-88デイパック,ゲンブ,Q849-88,ネイビー,O O O O O B-BRAND I-BRAND I-BRAND B-COLOR I-COLOR I-COLOR I-COLOR B-MODEL I-MODEL I-MODEL I-MODEL I-MODEL I-MODEL I-MODEL O O O O O,ゲンブ|Q849-88|ネイビー
T02424,【送料無料】洗濯機Y142-67ネイビー,,Y142-67,ネイビー,O O O O O O O O O B-MODEL I-MODEL I-MODEL I-MODEL I-MODEL I-MODEL I-MODEL B-COLOR I-COLOR I-COLOR I-COLOR,|Y142-67|ネイビー
T02425,【送料無料】オオゾラ A949-23 ワイト デイパック,オオゾラ,A949-23,ホワイト,O O O O O O B-BRAND I-BRAND I-BRAND I-BRAND O B-MODEL I-MODEL I-MODEL I-MODEL I-MODEL I-MODEL I-MODEL O O O O O O O O O O,オオゾラ|A949-23|ホワイト
T02426,M930-93ノートパソコンブラック,,M930-93,ブラック,B-MODEL I-MODEL I-MODEL I-MODEL I-MODEL I-MODEL I-MODEL O O O O O O O B-COLOR I-COLOR I-COLOR I-COLOR,|M930-93|ブラック
T02427,★新品未使用★掃除機ブラックTSUBAKIU938-22,TSUBAKI,U938-22,ブラック,O O O O O O O O O O B-COLOR I-COLOR I-COLOR I-COLOR B-BRAND I-BRAND I-BRAND I-BRAND I-BRAND I-BRAND I-BRAND B-MODEL I-MODEL I-MODEL I-MODEL I-MODEL I-MODEL I-MODEL,TSUBAKI|U938-22|ブラック
T02428,TSUBAKIブラックノートパソコンＤ５７１－５７,TSUBAKI,D571-57,ブラック,B-BRAND I-BRAND I-BRAND I-BRAND I-BRAND I-BRAND I-BRAND B-COLOR I-COLOR I-COLOR I-COLOR O O O O O O O B-MODEL I-MODEL I-MODEL I-MODEL I-MODEL I-MODEL I-MODEL,TSUBAKI|D571-57|ブラック
T02429,◆正規品◆シルバー W315-90 掃除機 TSUBAKI,TSUBAKI,W315-90,シルバー,O O O O O B-COLOR I-COLOR I-COLOR I-COLOR O B-MODEL I-MODEL I-MODEL I-MODEL I-MODEL I-MODEL I-MODEL O O O O O B-BRAND I-BRAND I-BRAND I-BRAND I-BRAND I-BRAND I-BRAND,TSUBAKI|W315-90|シルバー
T02430,デイパック Ｊ４７２３１ ソライロ ネイビー,ソライロ,J472-31,ネイビー,O O O O O O B-MODEL I-MODEL I-MODEL I-MODEL I-MODEL I-MODEL O B-BRAND I-BRAND I-BRAND I-BRAND O B-COLOR I-COLOR I-COLOR I-COLOR,ソライロ|J472-31|ネイビー
T02431,シルバー Ｒ５７８－２０ 腕時計,,R578-20,シルバー,B-COLOR I-COLOR I-COLOR I-COLOR O B-MODEL I-MODEL I-MODEL I-MODEL I-MODEL I-MODEL I-MODEL O O O O,|R578-20|シルバー
T02432,★新品未使用★ホワイトKURO洗濯機Y68453,KURO,Y684-53,ホワイト,O O O O O O O B-COLOR I-COLOR I-COLOR I-COLOR B-BRAND I-BRAND I-BRAND I-BRAND O O O B-MODEL I-MODEL I-MODEL I-MODEL I-MODEL I-MODEL,KURO|Y684-53|ホワイト
T02433,ブラックシラユキO973-90掃除機,シラユキ,O973-90,ブラック,B-COLOR I-COLOR I-COLOR I-COLOR B-BRAND I-BRAND I-BRAND I-BRAND B-MODEL I-MODEL I-MODEL I-MODEL I-MODEL I-MODEL I-MODEL O O O,シラユキ|O973-90|ブラック
T02434,ネイビー Ｋ１８３－１４ スニーカー,,K183-14,ネイビー,B-COLOR I-COLOR I-COLOR I-COLOR O B-MODEL I-MODEL I-MODEL I-MODEL I-MODEL I-MODEL I-MODEL O O O O O O,|K183-14|ネイビー
T02435,★新品未使用★ネイビー オオゾラ イヤホン X965-36,オオゾラ,X965-36,ネイビー,O O O O O O O B-COLOR I-COLOR I-COLOR I-COLOR O B-BRAND I-BRAND I-BRAND I-BRAND O O O O O O B-MODEL I-MODEL I-MODEL I-MODEL I-MODEL I-MODEL I-MODEL,オオゾラ|X965-36|ネイビー
T02436,スニーカー P60383 シルバー,,P603-83,シルバー,O O O O O O B-MODEL I-MODEL I-MODEL I-MODEL I-MODEL I-MODEL O B-COLOR I-COLOR I-COLOR I-COLOR,|P603-83|シルバー
T02437,オオゾライヤホンM533-26シルバー,オオゾラ,M533-26,シルバー,B-BRAND I-BRAND I-BRAND I-BRAND O O O O B-MODEL I-MODEL I-MODEL I-MODEL I-MODEL I-MODEL I-MODEL B-COLOR I-COLOR I-COLOR I-COLOR,オオゾラ|M533-26|シルバー
T02438,《アウトレット》F909-89 洗濯機 ブラック,,F909-89,ブラック,O O O O O O O O B-MODEL I-MODEL I-MODEL I-MODEL I-MODEL I-MODEL I-MODEL O O O O O B-COLOR I-COLOR I-COLOR I-COLOR,|F909-89|ブラック
T02439,Y914-71腕時計ゲンブグリーン,ゲンブ,Y914-71,グリーン,B-MODEL I-MODEL I-MODEL I-MODEL I-MODEL I-MODEL I-MODEL O O O B-BRAND I-BRAND I-BRAND B-COLOR I-COLOR I-COLOR I-COLOR,ゲンブ|Y914-71|グリーン
T02440,E706-91 掃除機 レッド,,E706-91,レッド,B-MODEL I-MODEL I-MODEL I-MODEL I-MODEL I-MODEL I-MODEL O O O O O B-COLOR I-COLOR I-COLOR,|E706-91|レッド
T02441,ミドリワークス掃除機Ｆ５２９－９８レッド,ミドリワークス,F529-98,レッド,B-BRAND I-BRAND I-BRAND I-BRAND I-BRAND I-BRAND I-BRAND O O O B-MODEL I-MODEL I-MODEL I-MODEL I-MODEL I-MODEL I-MODEL B-COLOR I-COLOR I-COLOR,ミドリワークス|F529-98|レッド
T02442,グリーン 冷蔵庫 W779-90,,W779-90,グリーン,B-COLOR I-COLOR I-COLOR I-COLOR O O O O O B-MODEL I-MODEL I-MODEL I-MODEL I-MODEL I-MODEL I-MODEL,|W779-90|グリーン
T02443,Ｈ６６１－７９ グリーン ノースピーク 洗濯機,ノースピーク,H661-79,グリーン,B-MODEL I-MODEL I-MODEL I-MODEL I-MODEL I-MODEL I-MODEL O B-COLOR I-COLOR I-COLOR I-COLOR O B-BRAND I-BRAND I-BRAND I-BRAND I-BRAND I-BRAND O O O O,ノースピーク|H661-79|グリーン
T02444,グリーンKUROスニーカーK91876,KURO,K918-76,グリーン,B-COLOR I-COLOR I-COLOR I-COLOR B-BRAND I-BRAND I-BRAND I-BRAND O O O O O B-MODEL I-MODEL I-MODEL I-MODEL I-MODEL I-MODEL,KURO|K918-76|グリーン
T02445,★新品未使用★ノースピークＪ４９３－９３掃除機グリーン,ノースピーク,J493-93,グリーン,O O O O O O O B-BRAND I-BRAND I-BRAND I-BRAND I-BRAND I-BRAND B-MODEL I-MODEL I-MODEL I-MODEL I-MODEL I-MODEL I-MODEL O O O B-COLOR I-COLOR I-COLOR I-COLOR,ノースピーク|J493-93|グリーン
T02446,S318-56 洗濯機 ブラック TSUBAKI,TSUBAKI,S318-56,ブラック,B-MODEL I-MODEL I-MODEL I-MODEL I-MODEL I-MODEL I-MODEL O O O O O B-COLOR I-COLOR I-COLOR I-COLOR O B-BRAND I-BRAND I-BRAND I-BRAND I-BRAND I-BRAND I-BRAND,TSUBAKI|S318-56|ブラック
T02447,スニーカー Ｉ８８２４７ ホワイト オオゾラ,オオゾラ,I882-47,ホワイト,O O O O O O B-MODEL I-MODEL I-MODEL I-MODEL I-MODEL I-MODEL O B-COLOR I-COLOR I-COLOR I-COLOR O B-BRAND I-BRAND I-BRAND I-BRAND,オオゾラ|I882-47|ホワイト
T02448,Y929-78 アカネ電機 レッド スニーカー,アカネ電機,Y929-78,レッド,B-MODEL I-MODEL I-MODEL I-MODEL I-MODEL I-MODEL I-MODEL O B-BRAND I-BRAND I-BRAND I-BRAND I-BRAND O B-COLOR I-COLOR I-COLOR O O O O O O,アカネ電機|Y929-78|レッド
T02449,【送料無料】ネイビー TSUBAKI 腕時計 Ｆ４５７－４０,TSUBAKI,F457-40,ネイビー,O O O O O O B-COLOR I-COLOR I-COLOR I-COLOR O B-BRAND I-BRAND I-BRAND I-BRAND I-BRAND I-BRAND I-BRAND O O O O O B-MODEL I-MODEL I-MODEL I-MODEL I-MODEL I-MODEL I-MODEL,TSUBAKI|F457-40|ネイビー
T02450,掃除機Ｑ６８７－２２グリーン,,Q687-22,グリーン,O O O B-MODEL I-MODEL I-MODEL I-MODEL I-MODEL I-MODEL I-MODEL B-COLOR I-COLOR I-COLOR I-COLOR,|Q687-22|グリーン
T02451,《アウトレット》ホワイト ゲンブ イヤホン D180-73,ゲンブ,D180-73,ホワイト,O O O O O O O O B-COLOR I-COLOR I-COLOR I-COLOR O B-BRAND I-BRAND I-BRAND O O O O O O B-MODEL I-MODEL I-MODEL I-MODEL I-MODEL I-MODEL I-MODEL,ゲンブ|D180-73|ホワイト
T02452,《アウトレット》A81134グリーン洗濯機KURO,KURO,A811-34,グリーン,O O O O O O O O B-MODEL I-MODEL I-MODEL I-MODEL I-MODEL I-MODEL B-COLOR I-COLOR I-COLOR I-COLOR O O O B-BRAND I-BRAND I-BRAND I-BRAND,KURO|A811-34|グリーン
T02453,★新品未使用★ハヤブサ 腕時計 D98169 グリーン,ハヤブサ,D981-69,グリーン,O O O O O O O B-BRAND I-BRAND I-BRAND I-BRAND O O O O O B-MODEL I-MODEL I-MODEL I-MODEL I-MODEL I-MODEL O B-COLOR I-COLOR I-COLOR I-COLOR,ハヤブサ|D981-69|グリーン
T02454,レッド スニーカー Ｔ４２１－７５,,T421-75,レッド,B-COLOR I-COLOR I-COLOR O O O O O O O B-MODEL I-MODEL I-MODEL I-MODEL I-MODEL I-MODEL I-MODEL,|T421-75|レッド
T02455,イヤホン TSUBAKI W46750 グリーン,TSUBAKI,W467-50,グリーン,O O O O O B-BRAND I-BRAND I-BRAND I-BRAND I-BRAND I-BRAND I-BRAND O B-MODEL I-MODEL I-MODEL I-MODEL I-MODEL I-MODEL O B-COLOR I-COLOR I-COLOR I-COLOR,TSUBAKI|W467-50|グリーン
T02456,《アウトレット》腕時計Y87336グリーン,,Y873-36,グリーン,O O O O O O O O O O O B-MODEL I-MODEL I-MODEL I-MODEL I-MODEL I-MODEL B-COLOR I-COLOR I-COLOR I-COLOR,|Y873-36|グリーン
T02457,【即日発送】イヤホン Ｊ９１５４５ ブラック KURO,KURO,J915-45,ブラック,O O O O O O O O O O O B-MODEL I-MODEL I-MODEL I-MODEL I-MODEL I-MODEL O B-COLOR I-COLOR I-COLOR I-COLOR O B-BRAND I-BRAND I-BRAND I-BRAND,KURO|J915-45|ブラック
T02458,アカネ電Ｍ５３５１８ホワイトスニーカー,アカネ電機,M535-18,ホワイト,O O O O B-MODEL I-MODEL I-MODEL I-MODEL I-MODEL I-MODEL B-COLOR I-COLOR I-COLOR I-COLOR O O O O O,アカネ電機|M535-18|ホワイト
T02459,【送料無料】R114-65 レッド 冷蔵庫,,R114-65,レッド,O O O O O O B-MODEL I-MODEL I-MODEL I-MODEL I-MODEL I-MODEL I-MODEL O B-COLOR I-COLOR I-COLOR O O O O,|R114-65|レッド
T02460,ゲンブ デイパック ホワイト X61035,ゲンブ,X610-35,ホワイト,B-BRAND I-BRAND I-BRAND O O O O O O O B-COLOR I-COLOR I-COLOR I-COLOR O B-MODEL I-MODEL I-MODEL I-MODEL I-MODEL I-MODEL,ゲンブ|X610-35|ホワイト
T02461,ブラック 洗濯機 E704-49 ゲンブ,ゲンブ,E704-49,ブラック,B-COLOR I-COLOR I-COLOR I-COLOR O O O O O B-MODEL I-MODEL I-MODEL I-MODEL I-MODEL I-MODEL I-MODEL O B-BRAND I-BRAND I-BRAND,ゲンブ|E704-49|ブラック
T02462,レッド イヤホン Z776-24 ソライロ,ソライロ,Z776-24,レッド,B-COLOR I-COLOR I-COLOR O O O O O O B-MODEL I-MODEL I-MODEL I-MODEL I-MODEL I-MODEL I-MODEL O B-BRAND I-BRAND I-BRAND I-BRAND,ソライロ|Z776-24|レッド
T02463,デイパックＢ６１５－４５ブラックアカネ電機,アカネ電機,B615-45,ブラック,O O O O O B-MODEL I-MODEL I-MODEL I-MODEL I-MODEL I-MODEL I-MODEL B-COLOR I-COLOR I-COLOR I-COLOR B-BRAND I-BRAND I-BRAND I-BRAND I-BRAND,アカネ電機|B615-45|ブラック
T02464,《アウトレット》スニーカー KURO A558-47 ブラック,KURO,A558-47,ブラック,O O O O O O O O O O O O O O B-BRAND I-BRAND I-BRAND I-BRAND O B-MODEL I-MODEL I-MODEL I-MODEL I-MODEL I-MODEL I-MODEL O B-COLOR I-COLOR I-COLOR I-COLOR,KURO|A558-47|ブラック
T02465,ノートパソンコ U217-96 シルバー,,U217-96,シルバー,O O O O O O O O B-MODEL I-MODEL I-MODEL I-MODEL I-MODEL I-MODEL I-MODEL O B-COLOR I-COLOR I-COLOR I-COLOR,|U217-96|シルバー
T02466,E761-69 ソライロ グリーン 腕時計,ソライロ,E761-69,グリーン,B-MODEL I-MODEL I-MODEL I-MODEL I-MODEL I-MODEL I-MODEL O B-BRAND I-BRAND I-BRAND I-BRAND O B-COLOR I-COLOR I-COLOR I-COLOR O O O O,ソライロ|E761-69|グリーン
T02467,《アウトレット》ホワイ ト掃除機 アカネ電機 V647-37,アカネ電機,V647-37,ホワイト,O O O O O O O O O O O O O O O O O B-BRAND I-BRAND I-BRAND I-BRAND I-BRAND O B-MODEL I-MODEL I-MODEL I-MODEL I-MODEL I-MODEL I-MODEL,アカネ電機|V647-37|ホワイト
T02468,シラユキ147-12スニーカーレッド,シラユキ,A147-12,レッド,B-BRAND I-BRAND I-BRAND I-BRAND O O O O O O O O O O O B-COLOR I-COLOR I-COLOR,シラユキ|A147-12|レッド
T02469,ブラック G694-59 掃除機 シラユキ,シラユキ,G694-59,ブラック,B-COLOR I-COLOR I-COLOR I-COLOR O B-MODEL I-MODEL I-MODEL I-MODEL I-MODEL I-MODEL I-MODEL O O O O O B-BRAND I-BRAND I-BRAND I-BRAND,シラユキ|G694-59|ブラック
T02470,腕時計TSUBAKIR351-52グリーン,TSUBAKI,R351-52,グリーン,O O O B-BRAND I-BRAND I-BRAND I-BRAND I-BRAND I-BRAND I-BRAND B-MODEL I-MODEL I-MODEL I-MODEL I-MODEL I-MODEL I-MODEL B-COLOR I-COLOR I-COLOR I-COLOR,TSUBAKI|R351-52|グリーン
T02471,シルバー ミドリワークス 洗濯機 Ｆ２０３６３,ミドリワークス,F203-63,シルバー,B-COLOR I-COLOR I-COLOR I-COLOR O B-BRAND I-BRAND I-BRAND I-BRAND I-BRAND I-BRAND I-BRAND O O O O O B-MODEL I-MODEL I-MODEL I-MODEL I-MODEL I-MODEL,ミドリワークス|F203-63|シルバー
T02472,掃除機L609-18ホワイトノースピーク,ノースピーク,L609-18,ホワイト,O O O B-MODEL I-MODEL I-MODEL I-MODEL I-MODEL I-MODEL I-MODEL B-COLOR I-COLOR I-COLOR I-COLOR B-BRAND I-BRAND I-BRAND I-BRAND I-BRAND I-BRAND,ノースピーク|L609-18|ホワイト
T02473,S86155スニーカーTSUBAKIレッド,TSUBAKI,S861-55,レッド,B-MODEL I-MODEL I-MODEL I-MODEL I-MODEL I-MODEL O O O O O B-BRAND I-BRAND I-BRAND I-BRAND I-BRAND I-BRAND I-BRAND B-COLOR I-COLOR I-COLOR,TSUBAKI|S861-55|レッド
T02474,【即日発送】シルバー 腕時計 T672-95 ソライロ,ソライロ,T672-95,シルバー,O O O O O O B-COLOR I-COLOR I-COLOR I-COLOR O O O O O B-MODEL I-MODEL I-MODEL I-MODEL I-MODEL I-MODEL I-MODEL O B-BRAND I-BRAND I-BRAND I-BRAND,ソライロ|T672-95|シルバー
T02475,◆正規品◆Ｙ３５０－６５ シルバー ゲンブ デイパック,ゲンブ,Y350-65,シルバー,O O O O O B-MODEL I-MODEL I-MODEL I-MODEL I-MODEL I-MODEL I-MODEL O B-COLOR I-COLOR I-COLOR I-COLOR O B-BRAND I-BRAND I-BRAND O O O O O O,ゲンブ|Y350-65|シルバー
T02476,★新品未使用★L739-89 シルバー スニーカー ミドリワークス,ミドリワークス,L739-89,シルバー,O O O O O O O B-MODEL I-MODEL I-MODEL I-MODEL I-MODEL I-MODEL I-MODEL O B-COLOR I-COLOR I-COLOR I-COLOR O O O O O O O B-BRAND I-BRAND I-BRAND I-BRAND I-BRAND I-BRAND I-BRAND,ミドリワークス|L739-89|シルバー
T02477,シルバー Q400-39 腕時計,,Q400-39,シルバー,B-COLOR I-COLOR I-COLOR I-COLOR O B-MODEL I-MODEL I-MODEL I-MODEL I-MODEL I-MODEL I-MODEL O O O O,|Q400-39|シルバー
T02478,レッドQ379-50デイパックノースピーク,ノースピーク,Q379-50,レッド,B-COLOR I-COLOR I-COLOR B-MODEL I-MODEL I-MODEL I-MODEL I-MODEL I-MODEL I-MODEL O O O O O B-BRAND I-BRAND I-BRAND I-BRAND I-BRAND I-BRAND,ノースピーク|Q379-50|レッド
T02479,ノートパソコンシルバーノースピークB609-58,ノースピーク,B609-58,シルバー,O O O O O O O B-COLOR I-COLOR I-COLOR I-COLOR B-BRAND I-BRAND I-BRAND I-BRAND I-BRAND I-BRAND B-MODEL I-MODEL I-MODEL I-MODEL I-MODEL I-MODEL I-MODEL,ノースピーク|B609-58|シルバー
T02480,冷蔵庫 シルバー ノースピーク X457-82,ノースピーク,X457-82,シルバー,O O O O B-COLOR I-COLOR I-COLOR I-COLOR O B-BRAND I-BRAND I-BRAND I-BRAND I-BRAND I-BRAND O B-MODEL I-MODEL I-MODEL I-MODEL I-MODEL I-MODEL I-MODEL,ノースピーク|X457-82|シルバー
T02481,シルバー Ｖ１４３－３６ ミドリワークス デイパック,ミドリワークス,V143-36,シルバー,B-COLOR I-COLOR I-COLOR I-COLOR O B-MODEL I-MODEL I-MODEL I-MODEL I-MODEL I-MODEL I-MODEL O B-BRAND I-BRAND I-BRAND I-BRAND I-BRAND I-BRAND I-BRAND O O O O O O,ミドリワークス|V143-36|シルバー
T02482,◆正規品◆洗濯機 KURO Ｗ８５８－３０ ネイビー,KURO,W858-30,ネイビー,O O O O O O O O O B-BRAND I-BRAND I-BRAND I-BRAND O B-MODEL I-MODEL I-MODEL I-MODEL I-MODEL I-MODEL I-MODEL O B-COLOR I-COLOR I-COLOR I-COLOR,KURO|W858-30|ネイビー
T02483,グリンーY80632スニーカー,,Y806-32,グリーン,O O O O B-MODEL I-MODEL I-MODEL I-MODEL I-MODEL I-MODEL O O O O O,|Y806-32|グリーン
T02484,腕時計レッドB621-83ノースピーク,ノースピーク,B621-83,レッド,O O O B-COLOR I-COLOR I-COLOR B-MODEL I-MODEL I-MODEL I-MODEL I-MODEL I-MODEL I-MODEL B-BRAND I-BRAND I-BRAND I-BRAND I-BRAND I-BRAND,ノースピーク|B621-83|レッド
T02485,【送料無料】冷蔵庫 Ｄ６５５－６１ ハヤブサ ホワイト,ハヤブサ,D655-61,ホワイト,O O O O O O O O O O B-MODEL I-MODEL I-MODEL I-MODEL I-MODEL I-MODEL I-MODEL O B-BRAND I-BRAND I-BRAND I-BRAND O B-COLOR I-COLOR I-COLOR I-COLOR,ハヤブサ|D655-61|ホワイト
T02486,オオゾラ Ｕ２０４－７７ ホワイト ノートパソコン,オオゾラ,U204-77,ホワイト,B-BRAND I-BRAND I-BRAND I-BRAND O B-MODEL I-MODEL I-MODEL I-MODEL I-MODEL I-MODEL I-MODEL O B-COLOR I-COLOR I-COLOR I-COLOR O O O O O O O O,オオゾラ|U204-77|ホワイト
T02487,《アウトレット》デイパック KURO A901-63 ホワイト,KURO,A901-63,ホワイト,O O O O O O O O O O O O O O B-BRAND I-BRAND I-BRAND I-BRAND O B-MODEL I-MODEL I-MODEL I-MODEL I-MODEL I-MODEL I-MODEL O B-COLOR I-COLOR I-COLOR I-COLOR,KURO|A901-63|ホワイト
T02488,スニーカーZ535-13ゲンブブラック,ゲンブ,Z535-13,ブラック,O O O O O B-MODEL I-MODEL I-MODEL I-MODEL I-MODEL I-MODEL I-MODEL B-BRAND I-BRAND I-BRAND B-COLOR I-COLOR I-COLOR I-COLOR,ゲンブ|Z535-13|ブラック
T02489,◆正規品◆M149-54ホワイトシラユキ掃除機,シラユキ,M149-54,ホワイト,O O O O O B-MODEL I-MODEL I-MODEL I-MODEL I-MODEL I-MODEL I-MODEL B-COLOR I-COLOR I-COLOR I-COLOR B-BRAND I-BRAND I-BRAND I-BRAND O O O,シラユキ|M149-54|ホワイト
T02490,◆正規品◆洗濯機 グリーン KURO Ｓ６４７－９７,KURO,S647-97,グリーン,O O O O O O O O O B-COLOR I-COLOR I-COLOR I-COLOR O B-BRAND I-BRAND I-BRAND I-BRAND O B-MODEL I-MODEL I-MODEL I-MODEL I-MODEL I-MODEL I-MODEL,KURO|S647-97|グリーン
T02491,M404-63 ゲンブ デイパック シルバー,ゲンブ,M404-63,シルバー,B-MODEL I-MODEL I-MODEL I-MODEL I-MODEL I-MODEL I-MODEL O B-BRAND I-BRAND I-BRAND O O O O O O O B-COLOR I-COLOR I-COLOR I-COLOR,ゲンブ|M404-63|シルバー
T02492,S43430イヤホンハヤブサブラック,ハヤブサ,S434-30,ブラック,B-MODEL I-MODEL I-MODEL I-MODEL I-MODEL I-MODEL O O O O B-BRAND I-BRAND I-BRAND I-BRAND B-COLOR I-COLOR I-COLOR I-COLOR,ハヤブサ|S434-30|ブラック
T02493,◆正規品◆洗濯機Ｄ６１３１６シルバーシラユキ,シラユキ,D613-16,シルバー,O O O O O O O O B-MODEL I-MODEL I-MODEL I-MODEL I-MODEL I-MODEL B-COLOR I-COLOR I-COLOR I-COLOR B-BRAND I-BRAND I-BRAND I-BRAND,シラユキ|D613-16|シルバー
T02494,ブラック A667-26 ノースピーク スニーカー,ノースピーク,A667-26,ブラック,B-COLOR I-COLOR I-COLOR I-COLOR O B-MODEL I-MODEL I-MODEL I-MODEL I-MODEL I-MODEL I-MODEL O B-BRAND I-BRAND I-BRAND I-BRAND I-BRAND I-BRAND O O O O O O,ノースピーク|A667-26|ブラック
T02495,グリーン E25026 TSUBAKI ノートパソコン,TSUBAKI,E250-26,グリーン,B-COLOR I-COLOR I-COLOR I-COLOR O B-MODEL I-MODEL I-MODEL I-MODEL I-MODEL I-MODEL O B-BRAND I-BRAND I-BRAND I-BRAND I-BRAND I-BRAND I-BRAND O O O O O O O O,TSUBAKI|E250-26|グリーン
T02496,R72336 ホワイト イヤホン TSUBAKI,TSUBAKI,R723-36,ホワイト,B-MODEL I-MODEL I-MODEL I-MODEL I-MODEL I-MODEL O B-COLOR I-COLOR I-COLOR I-COLOR O O O O O O B-BRAND I-BRAND I-BRAND I-BRAND I-BRAND I-BRAND I-BRAND,TSUBAKI|R723-36|ホワイト
T02497,冷蔵庫ブラックD706-38ミドリワークス,ミドリワークス,D706-38,ブラック,O O O B-COLOR I-COLOR I-COLOR I-COLOR B-MODEL I-MODEL I-MODEL I-MODEL I-MODEL I-MODEL I-MODEL B-BRAND I-BRAND I-BRAND I-BRAND I-BRAND I-BRAND I-BRAND,ミドリワークス|D706-38|ブラック
T02498,★新品未使用★シルバーシラユキ冷蔵庫E151-87,シラユキ,E151-87,シルバー,O O O O O O O B-COLOR I-COLOR I-COLOR I-COLOR B-BRAND I-BRAND I-BRAND I-BRAND O O O B-MODEL I-MODEL I-MODEL I-MODEL I-MODEL I-MODEL I-MODEL,シラユキ|E151-87|シルバー
T02499,ブラック ミドリワークス 腕時計 L10830,ミドリワークス,L108-30,ブラック,B-COLOR I-COLOR I-COLOR I-COLOR O B-BRAND I-BRAND I-BRAND I-BRAND I-BRAND I-BRAND I-BRAND O O O O O B-MODEL I-MODEL I-MODEL I-MODEL I-MODEL I-MODEL,ミドリワークス|L108-30|ブラック
T02500,【即日発送】L631-48 ホワイト ハヤブサ 洗濯機,ハヤブサ,L631-48,ホワイト,O O O O O O B-MODEL I-MODEL I-MODEL I-MODEL I-MODEL I-MODEL I-MODEL O B-COLOR I-COLOR I-COLOR I-COLOR O B-BRAND I-BRAND I-BRAND I-BRAND O O O O,ハヤブサ|L631-48|ホワイト
T02501,◆正規品◆デイパック T903-66 ンゲブ ホワイト,ゲンブ,T903-66,ホワイト,O O O O O O O O O O O B-MODEL I-MODEL I-MODEL I-MODEL I-MODEL I-MODEL I-MODEL O O O O O B-COLOR I-COLOR I-COLOR I-COLOR,ゲンブ|T903-66|ホワイト
T02502,ハヤブサグリーン掃除機L12597,ハヤブサ,L125-97,グリーン,B-BRAND I-BRAND I-BRAND I-BRAND B-COLOR I-COLOR I-COLOR I-COLOR O O O B-MODEL I-MODEL I-MODEL I-MODEL I-MODEL I-MODEL,ハヤブサ|L125-97|グリーン
T02503,Ｆ７３０－７１ 掃除機 ホワイト,,F730-71,ホワイト,B-MODEL I-MODEL I-MODEL I-MODEL I-MODEL I-MODEL I-MODEL O O O O O B-COLOR I-COLOR I-COLOR I-COLOR,|F730-71|ホワイト
T02504,【送料無料】アカネ電機 冷蔵庫 シルバー V85667,アカネ電機,V856-67,シルバー,O O O O O O B-BRAND I-BRAND I-BRAND I-BRAND I-BRAND O O O O O B-COLOR I-COLOR I-COLOR I-COLOR O B-MODEL I-MODEL I-MODEL I-MODEL I-MODEL I-MODEL,アカネ電機|V856-67|シルバー
T02505,ブラック ノートソコン M111-86,,M111-86,ブラック,B-COLOR I-COLOR I-COLOR I-COLOR O O O O O O O O B-MODEL I-MODEL I-MODEL I-MODEL I-MODEL I-MODEL I-MODEL,|M111-86|ブラック
T02506,★新品未使用★スニーカーV47539ハヤブサレッド,ハヤブサ,V475-39,レッド,O O O O O O O O O O O O B-MODEL I-MODEL I-MODEL I-MODEL I-MODEL I-MODEL B-BRAND I-BRAND I-BRAND I-BRAND B-COLOR I-COLOR I-COLOR,ハヤブサ|V475-39|レッド
T02507,ブラック ノースピーク スニーカー Ｌ８２８－５５,ノースピーク,L828-55,ブラック,B-COLOR I-COLOR I-COLOR I-COLOR O B-BRAND I-BRAND I-BRAND I-BRAND I-BRAND I-BRAND O O O O O O O B-MODEL I-MODEL I-MODEL I-MODEL I-MODEL I-MODEL I-MODEL,ノースピーク|L828-55|ブラック
T02508,【送料無料】掃除機 ソライロ E175-33 レッド,ソライロ,E175-33,レッド,O O O O O O O O O O B-BRAND I-BRAND I-BRAND I-BRAND O B-MODEL I-MODEL I-MODEL I-MODEL I-MODEL I-MODEL I-MODEL O B-COLOR I-COLOR I-COLOR,ソライロ|E175-33|レッド
T02509,ソライロ掃除機Ｓ４１９－３１ブラック,ソライロ,S419-31,ブラック,B-BRAND I-BRAND I-BRAND I-BRAND O O O B-MODEL I-MODEL I-MODEL I-MODEL I-MODEL I-MODEL I-MODEL B-COLOR I-COLOR I-COLOR I-COLOR,ソライロ|S419-31|ブラック
T02510,N91398 掃除機 ネイビー,,N913-98,ネイビー,B-MODEL I-MODEL I-MODEL I-MODEL I-MODEL I-MODEL O O O O O B-COLOR I-COLOR I-COLOR I-COLOR,|N913-98|ネイビー
T02511,ネイビー M541-58 ソライロ 腕時計,ソライロ,M541-58,ネイビー,B-COLOR I-COLOR I-COLOR I-COLOR O B-MODEL I-MODEL I-MODEL I-MODEL I-MODEL I-MODEL I-MODEL O B-BRAND I-BRAND I-BRAND I-BRAND O O O O,ソライロ|M541-58|ネイビー
T02512,★新品未使用★P471-91ブラックイヤホン,,P471-91,ブラック,O O O O O O O B-MODEL I-MODEL I-MODEL I-MODEL I-MODEL I-MODEL I-MODEL B-COLOR I-COLOR I-COLOR I-COLOR O O O O,|P471-91|ブラック
T02513,【送料無料】デイパック グリーン ゲンブ L46687,ゲンブ,L466-87,グリーン,O O O O O O O O O O O O B-COLOR I-COLOR I-COLOR I-COLOR O B-BRAND I-BRAND I-BRAND O B-MODEL I-MODEL I-MODEL I-MODEL I-MODEL I-MODEL,ゲンブ|L466-87|グリーン
T02514,冷蔵庫 ネイビー Ｉ５３８－６８,,I538-68,ネイビー,O O O O B-COLOR I-COLOR I-COLOR I-COLOR O B-MODEL I-MODEL I-MODEL I-MODEL I-MODEL I-MODEL I-MODEL,|I538-68|ネイビー
T02515,シルバーゲンブ洗機A360-26,ゲンブ,A360-26,シルバー,B-COLOR I-COLOR I-COLOR I-COLOR B-BRAND I-BRAND I-BRAND O O B-MODEL I-MODEL I-MODEL I-MODEL I-MODEL I-MODEL I-MODEL,ゲンブ|A360-26|シルバー
T02516,掃除機 ネイビー D205-92,,D205-92,ネイビー,O O O O B-COLOR I-COLOR I-COLOR I-COLOR O B-MODEL I-MODEL I-MODEL I-MODEL I-MODEL I-MODEL I-MODEL,|D205-92|ネイビー
T02517,ノートパソコン T485-59 オオゾラ シルバー,オオゾラ,T485-59,シルバー,O O O O O O O O B-MODEL I-MODEL I-MODEL I-MODEL I-MODEL I-MODEL I-MODEL O B-BRAND I-BRAND I-BRAND I-BRAND O B-COLOR I-COLOR I-COLOR I-COLOR,オオゾラ|T485-59|シルバー
T02518,洗濯機ノースピークグリーンN217-66,ノースピーク,N217-66,グリーン,O O O B-BRAND I-BRAND I-BRAND I-BRAND I-BRAND I-BRAND B-COLOR I-COLOR I-COLOR I-COLOR B-MODEL I-MODEL I-MODEL I-MODEL I-MODEL I-MODEL I-MODEL,ノースピーク|N217-66|グリーン
T02519,★新品未使用★M972-59 ゲンブ デイパック グリーン,ゲンブ,M972-59,グリーン,O O O O O O O B-MODEL I-MODEL I-MODEL I-MODEL I-MODEL I-MODEL I-MODEL O B-BRAND I-BRAND I-BRAND O O O O O O O B-COLOR I-COLOR I-COLOR I-COLOR,ゲンブ|M972-59|グリーン
T02520,冷蔵庫 S115-50 シルバー,,S115-50,シルバー,O O O O B-MODEL I-MODEL I-MODEL I-MODEL I-MODEL I-MODEL I-MODEL O B-COLOR I-COLOR I-COLOR I-COLOR,|S115-50|シルバー
T02521,グリーン ノートパソコン Ｊ２８９－７２,,J289-72,グリーン,B-COLOR I-COLOR I-COLOR I-COLOR O O O O O O O O O B-MODEL I-MODEL I-MODEL I-MODEL I-MODEL I-MODEL I-MODEL,|J289-72|グリーン
T02522,ネイビーL65522スニーカーソイラロ,ソライロ,L655-22,ネイビー,B-COLOR I-COLOR I-COLOR I-COLOR B-MODEL I-MODEL I-MODEL I-MODEL I-MODEL I-MODEL O O O O O O O O O,ソライロ|L655-22|ネイビー
T02523,KURO 腕時計 ホワイト P282-92,KURO,P282-92,ホワイト,B-BRAND I-BRAND I-BRAND I-BRAND O O O O O B-COLOR I-COLOR I-COLOR I-COLOR O B-MODEL I-MODEL I-MODEL I-MODEL I-MODEL I-MODEL I-MODEL,KURO|P282-92|ホワイト
T02524,ノースピーク スニーカー P98324 グリーン,ノースピーク,P983-24,グリーン,B-BRAND I-BRAND I-BRAND I-BRAND I-BRAND I-BRAND O O O O O O O B-MODEL I-MODEL I-MODEL I-MODEL I-MODEL I-MODEL O B-COLOR I-COLOR I-COLOR I-COLOR,ノースピーク|P983-24|グリーン
T02525,J40489 KURO ブラック ノートパソコン,KURO,J404-89,ブラック,B-MODEL I-MODEL I-MODEL I-MODEL I-MODEL I-MODEL O B-BRAND I-BRAND I-BRAND I-BRAND O B-COLOR I-COLOR I-COLOR I-COLOR O O O O O O O O,KURO|J404-89|ブラック
T02526,ネイビー ゲンブ Ｕ５０７８１ スニーカー,ゲンブ,U507-81,ネイビー,B-COLOR I-COLOR I-COLOR I-COLOR O B-BRAND I-BRAND I-BRAND O B-MODEL I-MODEL I-MODEL I-MODEL I-MODEL I-MODEL O O O O O O,ゲンブ|U507-81|ネイビー
T02527,ホワイトイヤホンK960-42ソライロ,ソライロ,K960-42,ホワイト,B-COLOR I-COLOR I-COLOR I-COLOR O O O O B-MODEL I-MODEL I-MODEL I-MODEL I-MODEL I-MODEL I-MODEL B-BRAND I-BRAND I-BRAND I-BRAND,ソライロ|K960-42|ホワイト
T02528,スニーカ ーハヤブサ ホワイト R948-64,ハヤブサ,R948-64,ホワイト,O O O O O O B-BRAND I-BRAND I-BRAND I-BRAND O B-COLOR I-COLOR I-COLOR I-COLOR O B-MODEL I-MODEL I-MODEL I-MODEL I-MODEL I-MODEL I-MODEL,ハヤブサ|R948-64|ホワイト
T02529,シルバー ノートパソコン E75112 ソライロ,ソライロ,E751-12,シルバー,B-COLOR I-COLOR I-COLOR I-COLOR O O O O O O O O O B-MODEL I-MODEL I-MODEL I-MODEL I-MODEL I-MODEL O B-BRAND I-BRAND I-BRAND I-BRAND,ソライロ|E751-12|シルバー
T02530,腕時計 シルバー V174-78 KURO,KURO,V174-78,シルバー,O O O O B-COLOR I-COLOR I-COLOR I-COLOR O B-MODEL I-MODEL I-MODEL I-MODEL I-MODEL I-MODEL I-MODEL O B-BRAND I-BRAND I-BRAND I-BRAND,KURO|V174-78|シルバー
T02531,スニーカーホワイトM474-58KURO,KURO,M474-58,ホワイト,O O O O O B-COLOR I-COLOR I-COLOR I-COLOR B-MODEL I-MODEL I-MODEL I-MODEL I-MODEL I-MODEL I-MODEL B-BRAND I-BRAND I-BRAND I-BRAND,KURO|M474-58|ホワイト
T02532,ノートパソコン T38442 シルバー KURO,KURO,T384-42,シルバー,O O O O O O O O B-MODEL I-MODEL I-MODEL I-MODEL I-MODEL I-MODEL O B-COLOR I-COLOR I-COLOR I-COLOR O B-BRAND I-BRAND I-BRAND I-BRAND,KURO|T384-42|シルバー
T02533,◆正規品◆レッド ノートパソコン Y313-92 ハヤブサ,ハヤブサ,Y313-92,レッド,O O O O O B-COLOR I-COLOR I-COLOR O O O O O O O O O B-MODEL I-MODEL I-MODEL I-MODEL I-MODEL I-MODEL I-MODEL O B-BRAND I-BRAND I-BRAND I-BRAND,ハヤブサ|Y313-92|レッド
T02534,ネイビーアカネ電機ノートパソコンW970-73,アカネ電機,W970-73,ネイビー,B-COLOR I-COLOR I-COLOR I-COLOR B-BRAND I-BRAND I-BRAND I-BRAND I-BRAND O O O O O O O B-MODEL I-MODEL I-MODEL I-MODEL I-MODEL I-MODEL I-MODEL,アカネ電機|W970-73|ネイビー
T02535,Ｗ６０２４７ 洗濯機 ブラック,,W602-47,ブラック,B-MODEL I-MODEL I-MODEL I-MODEL I-MODEL I-MODEL O O O O O B-COLOR I-COLOR I-COLOR I-COLOR,|W602-47|ブラック
T02536,N765-15シルバーミドリワークスノートパソコン,ミドリワークス,N765-15,シルバー,B-MODEL I-MODEL I-MODEL I-MODEL I-MODEL I-MODEL I-MODEL B-COLOR I-COLOR I-COLOR I-COLOR B-BRAND I-BRAND I-BRAND I-BRAND I-BRAND I-BRAND I-BRAND O O O O O O O,ミドリワークス|N765-15|シルバー
T02537,【即日発送】掃除機ホワイトQ656-10シラユキ,シラユキ,Q656-10,ホワイト,O O O O O O O O O B-COLOR I-COLOR I-COLOR I-COLOR B-MODEL I-MODEL I-MODEL I-MODEL I-MODEL I-MODEL I-MODEL B-BRAND I-BRAND I-BRAND I-BRAND,シラユキ|Q656-10|ホワイト
T02538,ネイビー Y678-28 冷蔵庫 アカネ電機,アカネ電機,Y678-28,ネイビー,B-COLOR I-COLOR I-COLOR I-COLOR O B-MODEL I-MODEL I-MODEL I-MODEL I-MODEL I-MODEL I-MODEL O O O O O B-BRAND I-BRAND I-BRAND I-BRAND I-BRAND,アカネ電機|Y678-28|ネイビー
T02539,アカネ電機 ブラック イヤホン Ｙ９５４－３８,アカネ電機,Y954-38,ブラック,B-BRAND I-BRAND I-BRAND I-BRAND I-BRAND O B-COLOR I-COLOR I-COLOR I-COLOR O O O O O O B-MODEL I-MODEL I-MODEL I-MODEL I-MODEL I-MODEL I-MODEL,アカネ電機|Y954-38|ブラック
T02540,【即日発送】O254-42 ホワイト 掃除機,,O254-42,ホワイト,O O O O O O B-MODEL I-MODEL I-MODEL I-MODEL I-MODEL I-MODEL I-MODEL O B-COLOR I-COLOR I-COLOR I-COLOR O O O O,|O254-42|ホワイト
T02541,シルバーKUROＩ５１４３２イヤホン,KURO,I514-32,シルバー,B-COLOR I-COLOR I-COLOR I-COLOR B-BRAND I-BRAND I-BRAND I-BRAND B-MODEL I-MODEL I-MODEL I-MODEL I-MODEL I-MODEL O O O O,KURO|I514-32|シルバー
T02542,掃除機 KURO グリーン J37661,KURO,J376-61,グリーン,O O O O B-BRAND I-BRAND I-BRAND I-BRAND O B-COLOR I-COLOR I-COLOR I-COLOR O B-MODEL I-MODEL I-MODEL I-MODEL I-MODEL I-MODEL,KURO|J376-61|グリーン
T02543,《アウトレット》D71852デイパックレッドオオゾラ,オオゾラ,D718-52,レッド,O O O O O O O O B-MODEL I-MODEL I-MODEL I-MODEL I-MODEL I-MODEL O O O O O B-COLOR I-COLOR I-COLOR B-BRAND I-BRAND I-BRAND I-BRAND,オオゾラ|D718-52|レッド
T02544,T686-35 冷蔵庫 ゲンブ グリーン,ゲンブ,T686-35,グリーン,B-MODEL I-MODEL I-MODEL I-MODEL I-MODEL I-MODEL I-MODEL O O O O O B-BRAND I-BRAND I-BRAND O B-COLOR I-COLOR I-COLOR I-COLOR,ゲンブ|T686-35|グリーン
T02545,ブラック スニーカー L653-12 ハヤブサ,ハヤブサ,L653-12,ブラック,B-COLOR I-COLOR I-COLOR I-COLOR O O O O O O O B-MODEL I-MODEL I-MODEL I-MODEL I-MODEL I-MODEL I-MODEL O B-BRAND I-BRAND I-BRAND I-BRAND,ハヤブサ|L653-12|ブラック
T02546,洗濯機 F62113 グリーン,,F621-13,グリーン,O O O O B-MODEL I-MODEL I-MODEL I-MODEL I-MODEL I-MODEL O B-COLOR I-COLOR I-COLOR I-COLOR,|F621-13|グリーン
T02547,洗濯機 O267-52 グリーン オオゾラ,オオゾラ,O267-52,グリーン,O O O O B-MODEL I-MODEL I-MODEL I-MODEL I-MODEL I-MODEL I-MODEL O B-COLOR I-COLOR I-COLOR I-COLOR O B-BRAND I-BRAND I-BRAND I-BRAND,オオゾラ|O267-52|グリーン
T02548,グリーン S248-93 スニーカー ハヤブサ,ハヤブサ,S248-93,グリーン,B-COLOR I-COLOR I-COLOR I-COLOR O B-MODEL I-MODEL I-MODEL I-MODEL I-MODEL I-MODEL I-MODEL O O O O O O O B-BRAND I-BRAND I-BRAND I-BRAND,ハヤブサ|S248-93|グリーン
T02549,グリーン Ｄ５６１－４８ ソライロ イヤホン,ソライロ,D561-48,グリーン,B-COLOR I-COLOR I-COLOR I-COLOR O B-MODEL I-MODEL I-MODEL I-MODEL I-MODEL I-MODEL I-MODEL O B-BRAND I-BRAND I-BRAND I-BRAND O O O O O,ソライロ|D561-48|グリーン
T02550,シラユキ Ｔ８６７－６７ イヤホン ブラック,シラユキ,T867-67,ブラック,B-BRAND I-BRAND I-BRAND I-BRAND O B-MODEL I-MODEL I-MODEL I-MODEL I-MODEL I-MODEL I-MODEL O O O O O O B-COLOR I-COLOR I-COLOR I-COLOR,シラユキ|T867-67|ブラック
T02551,冷蔵 庫ネイビー ハヤブサ V93243,ハヤブサ,V932-43,ネイビー,O O O O B-COLOR I-COLOR I-COLOR I-COLOR O B-BRAND I-BRAND I-BRAND I-BRAND O B-MODEL I-MODEL I-MODEL I-MODEL I-MODEL I-MODEL,ハヤブサ|V932-43|ネイビー
T02552,《アウトレット》グリーンKUROイデパックQ479-69,KURO,Q479-69,グリーン,O O O O O O O O B-COLOR I-COLOR I-COLOR I-COLOR B-BRAND I-BRAND I-BRAND I-BRAND O O O O O B-MODEL I-MODEL I-MODEL I-MODEL I-MODEL I-MODEL I-MODEL,KURO|Q479-69|グリーン
T02553,スニーカー KURO レッド N834-71,KURO,N834-71,レッド,O O O O O O B-BRAND I-BRAND I-BRAND I-BRAND O B-COLOR I-COLOR I-COLOR O B-MODEL I-MODEL I-MODEL I-MODEL I-MODEL I-MODEL I-MODEL,KURO|N834-71|レッド
T02554,N342-82 スニーカー オオゾラ シルバー,オオゾラ,N342-82,シルバー,B-MODEL I-MODEL I-MODEL I-MODEL I-MODEL I-MODEL I-MODEL O O O O O O O B-BRAND I-BRAND I-BRAND I-BRAND O B-COLOR I-COLOR I-COLOR I-COLOR,オオゾラ|N342-82|シルバー
T02555,冷蔵庫 Y654-10 ブラック ハヤブサ,ハヤブサ,Y654-10,ブラック,O O O O B-MODEL I-MODEL I-MODEL I-MODEL I-MODEL I-MODEL I-MODEL O B-COLOR I-COLOR I-COLOR I-COLOR O B-BRAND I-BRAND I-BRAND I-BRAND,ハヤブサ|Y654-10|ブラック
T02556,シルー I378-58 ハヤブサ デイパック,ハヤブサ,I378-58,シルバー,O O O O B-MODEL I-MODEL I-MODEL I-MODEL I-MODEL I-MODEL I-MODEL O B-BRAND I-BRAND I-BRAND I-BRAND O O O O O O,ハヤブサ|I378-58|シルバー
T02557,ホワイト Ｍ１９０－１８ ノートパソコン ノースピーク,ノースピーク,M190-18,ホワイト,B-COLOR I-COLOR I-COLOR I-COLOR O B-MODEL I-MODEL I-MODEL I-MODEL I-MODEL I-MODEL I-MODEL O O O O O O O O O B-BRAND I-BRAND I-BRAND I-BRAND I-BRAND I-BRAND,ノースピーク|M190-18|ホワイト
T02558,C195-50腕時計グリーンゲンブ,ゲンブ,C195-50,グリーン,B-MODEL I-MODEL I-MODEL I-MODEL I-MODEL I-MODEL I-MODEL O O O B-COLOR I-COLOR I-COLOR I-COLOR B-BRAND I-BRAND I-BRAND,ゲンブ|C195-50|グリーン
T02559,《アウトレット》ブラック スニーカー オオゾラ C424-84,オオゾラ,C424-84,ブラック,O O O O O O O O B-COLOR I-COLOR I-COLOR I-COLOR O O O O O O O B-BRAND I-BRAND I-BRAND I-BRAND O B-MODEL I-MODEL I-MODEL I-MODEL I-MODEL I-MODEL I-MODEL,オオゾラ|C424-84|ブラック
T02560,X898-61 冷蔵庫 ホワイト オオゾラ,オオゾラ,X898-61,ホワイト,B-MODEL I-MODEL I-MODEL I-MODEL I-MODEL I-MODEL I-MODEL O O O O O B-COLOR I-COLOR I-COLOR I-COLOR O B-BRAND I-BRAND I-BRAND I-BRAND,オオゾラ|X898-61|ホワイト
T02561,アカネ電機U60026掃除機ホワイト,アカネ電機,U600-26,ホワイト,B-BRAND I-BRAND I-BRAND I-BRAND I-BRAND B-MODEL I-MODEL I-MODEL I-MODEL I-MODEL I-MODEL O O O B-COLOR I-COLOR I-COLOR I-COLOR,アカネ電機|U600-26|ホワイト
T02562,【送料無料】シルバースニーカーシラユキH263-45,シラユキ,H263-45,シルバー,O O O O O O B-COLOR I-COLOR I-COLOR I-COLOR O O O O O B-BRAND I-BRAND I-BRAND I-BRAND B-MODEL I-MODEL I-MODEL I-MODEL I-MODEL I-MODEL I-MODEL,シラユキ|H263-45|シルバー
T02563,ホワイト 腕時計 ソライロ P149-10,ソライロ,P149-10,ホワイト,B-COLOR I-COLOR I-COLOR I-COLOR O O O O O B-BRAND I-BRAND I-BRAND I-BRAND O B-MODEL I-MODEL I-MODEL I-MODEL I-MODEL I-MODEL I-MODEL,ソライロ|P149-10|ホワイト
T02564,ブラック Ｔ６２２－３６ TSUBAKI 蔵冷庫,TSUBAKI,T622-36,ブラック,B-COLOR I-COLOR I-COLOR I-COLOR O B-MODEL I-MODEL I-MODEL I-MODEL I-MODEL I-MODEL I-MODEL O B-BRAND I-BRAND I-BRAND I-BRAND I-BRAND I-BRAND I-BRAND O O O O,TSUBAKI|T622-36|ブラック
T02565,D991-81 ノートパソコン オオゾラ ブラック,オオゾラ,D991-81,ブラック,B-MODEL I-MODEL I-MODEL I-MODEL I-MODEL I-MODEL I-MODEL O O O O O O O O O B-BRAND I-BRAND I-BRAND I-BRAND O B-COLOR I-COLOR I-COLOR I-COLOR,オオゾラ|D991-81|ブラック
T02566,シラユキS55587冷蔵庫グリーン,シラユキ,S555-87,グリーン,B-BRAND I-BRAND I-BRAND I-BRAND B-MODEL I-MODEL I-MODEL I-MODEL I-MODEL I-MODEL O O O B-COLOR I-COLOR I-COLOR I-COLOR,シラユキ|S555-87|グリーン
T02567,オオゾラ 腕時計 ネイビー N566-59,オオゾラ,N566-59,ネイビー,B-BRAND I-BRAND I-BRAND I-BRAND O O O O O B-COLOR I-COLOR I-COLOR I-COLOR O B-MODEL I-MODEL I-MODEL I-MODEL I-MODEL I-MODEL I-MODEL,オオゾラ|N566-59|ネイビー
T02568,H34763 オオゾラ レッド 掃除機,オオゾラ,H347-63,レッド,B-MODEL I-MODEL I-MODEL I-MODEL I-MODEL I-MODEL O B-BRAND I-BRAND I-BRAND I-BRAND O B-COLOR I-COLOR I-COLOR O O O O,オオゾラ|H347-63|レッド
T02569,◆正規品◆Z930-29TSUBAKI洗濯レ機ッド,TSUBAKI,Z930-29,レッド,O O O O O B-MODEL I-MODEL I-MODEL I-MODEL I-MODEL I-MODEL I-MODEL B-BRAND I-BRAND I-BRAND I-BRAND I-BRAND I-BRAND I-BRAND O O O O O O,TSUBAKI|Z930-29|レッド
T02570,【即日発送】TSUBAKI Ａ７８６－２９ グリーン 洗濯機,TSUBAKI,A786-29,グリーン,O O O O O O B-BRAND I-BRAND I-BRAND I-BRAND I-BRAND I-BRAND I-BRAND O B-MODEL I-MODEL I-MODEL I-MODEL I-MODEL I-MODEL I-MODEL O B-COLOR I-COLOR I-COLOR I-COLOR O O O O,TSUBAKI|A786-29|グリーン
T02571,TSUBAKI Y470-91 ラック 掃除機,TSUBAKI,Y470-91,ブラック,B-BRAND I-BRAND I-BRAND I-BRAND I-BRAND I-BRAND I-BRAND O B-MODEL I-MODEL I-MODEL I-MODEL I-MODEL I-MODEL I-MODEL O O O O O O O O,TSUBAKI|Y470-91|ブラック
T02572,【送料無料】冷蔵庫 ノースピーク Z486-95 シルバー,ノースピーク,Z486-95,シルバー,O O O O O O O O O O B-BRAND I-BRAND I-BRAND I-BRAND I-BRAND I-BRAND O B-MODEL I-MODEL I-MODEL I-MODEL I-MODEL I-MODEL I-MODEL O B-COLOR I-COLOR I-COLOR I-COLOR,ノースピーク|Z486-95|シルバー
T02573,ノースピーク グリーン Q917-96 掃除機,ノースピーク,Q917-96,グリーン,B-BRAND I-BRAND I-BRAND I-BRAND I-BRAND I-BRAND O B-COLOR I-COLOR I-COLOR I-COLOR O B-MODEL I-MODEL I-MODEL I-MODEL I-MODEL I-MODEL I-MODEL O O O O,ノースピーク|Q917-96|グリーン
T02574,TSUBAKIU81598ブラック洗濯機,TSUBAKI,U815-98,ブラック,B-BRAND I-BRAND I-BRAND I-BRAND I-BRAND I-BRAND I-BRAND B-MODEL I-MODEL I-MODEL I-MODEL I-MODEL I-MODEL B-COLOR I-COLOR I-COLOR I-COLOR O O O,TSUBAKI|U815-98|ブラック
T02575,【送料無料】ホワイトソライロM554-63デイパック,ソライロ,M554-63,ホワイト,O O O O O O B-COLOR I-COLOR I-COLOR I-COLOR B-BRAND I-BRAND I-BRAND I-BRAND B-MODEL I-MODEL I-MODEL I-MODEL I-MODEL I-MODEL I-MODEL O O O O O,ソライロ|M554-63|ホワイト
T02576,ノートパソコンネイビーY805-42,,Y805-42,ネイビー,O O O O O O O B-COLOR I-COLOR I-COLOR I-COLOR B-MODEL I-MODEL I-MODEL I-MODEL I-MODEL I-MODEL I-MODEL,|Y805-42|ネイビー
T02577,シルバーゲンブ洗濯機N76913,ゲンブ,N769-13,シルバー,B-COLOR I-COLOR I-COLOR I-COLOR B-BRAND I-BRAND I-BRAND O O O B-MODEL I-MODEL I-MODEL I-MODEL I-MODEL I-MODEL,ゲンブ|N769-13|シルバー
T02578,スニーカー D696-72 シルバー,,D696-72,シルバー,O O O O O O B-MODEL I-MODEL I-MODEL I-MODEL I-MODEL I-MODEL I-MODEL O B-COLOR I-COLOR I-COLOR I-COLOR,|D696-72|シルバー
T02579,ネイビーW500-79シラユキ蔵庫,シラユキ,W500-79,ネイビー,B-COLOR I-COLOR I-COLOR I-COLOR B-MODEL I-MODEL I-MODEL I-MODEL I-MODEL I-MODEL I-MODEL B-BRAND I-BRAND I-BRAND I-BRAND O O,シラユキ|W500-79|ネイビー
T02580,腕時計 F11227 シルバー,,F112-27,シルバー,O O O O B-MODEL I-MODEL I-MODEL I-MODEL I-MODEL I-MODEL O B-COLOR I-COLOR I-COLOR I-COLOR,|F112-27|シルバー
T02581,掃除機 ハヤブサ C518-15 ネイビー,ハヤブサ,C518-15,ネイビー,O O O O B-BRAND I-BRAND I-BRAND I-BRAND O B-MODEL I-MODEL I-MODEL I-MODEL I-MODEL I-MODEL I-MODEL O B-COLOR I-COLOR I-COLOR I-COLOR,ハヤブサ|C518-15|ネイビー
T02582,KURO Y370-40 イヤホン ネイビー,KURO,Y370-40,ネイビー,B-BRAND I-BRAND I-BRAND I-BRAND O B-MODEL I-MODEL I-MODEL I-MODEL I-MODEL I-MODEL I-MODEL O O O O O O B-COLOR I-COLOR I-COLOR I-COLOR,KURO|Y370-40|ネイビー
T02583,【即日発送】腕時計オオゾラレッドＭ８１９２１,オオゾラ,M819-21,レッド,O O O O O O O O O B-BRAND I-BRAND I-BRAND I-BRAND B-COLOR I-COLOR I-COLOR B-MODEL I-MODEL I-MODEL I-MODEL I-MODEL I-MODEL,オオゾラ|M819-21|レッド
T02584,【即日発送】イヤホン TSUBAKI シルバー E17673,TSUBAKI,E176-73,シルバー,O O O O O O O O O O O B-BRAND I-BRAND I-BRAND I-BRAND I-BRAND I-BRAND I-BRAND O B-COLOR I-COLOR I-COLOR I-COLOR O B-MODEL I-MODEL I-MODEL I-MODEL I-MODEL I-MODEL,TSUBAKI|E176-73|シルバー
T02585,レッドハヤブサスニーカーU701-11,ハヤブサ,U701-11,レッド,B-COLOR I-COLOR I-COLOR B-BRAND I-BRAND I-BRAND I-BRAND O O O O O B-MODEL I-MODEL I-MODEL I-MODEL I-MODEL I-MODEL I-MODEL,ハヤブサ|U701-11|レッド
T02586,O426-61ミドリワークスネイビー腕時計,ミドリワークス,O426-61,ネイビー,B-MODEL I-MODEL I-MODEL I-MODEL I-MODEL I-MODEL I-MODEL B-BRAND I-BRAND I-BRAND I-BRAND I-BRAND I-BRAND I-BRAND B-COLOR I-COLOR I-COLOR I-COLOR O O O,ミドリワークス|O426-61|ネイビー
T02587,J118-70レッド冷蔵庫ハヤブサ,ハヤブサ,J118-70,レッド,B-MODEL I-MODEL I-MODEL I-MODEL I-MODEL I-MODEL I-MODEL B-COLOR I-COLOR I-COLOR O O O B-BRAND I-BRAND I-BRAND I-BRAND,ハヤブサ|J118-70|レッド
T02588,Q281-79 シルバー ヤブサ 掃除機,ハヤブサ,Q281-79,シルバー,B-MODEL I-MODEL I-MODEL I-MODEL I-MODEL I-MODEL I-MODEL O B-COLOR I-COLOR I-COLOR I-COLOR O O O O O O O O,ハヤブサ|Q281-79|シルバー
T02589,イヤホン Ｎ５１５９４ ブラック,,N515-94,ブラック,O O O O O B-MODEL I-MODEL I-MODEL I-MODEL I-MODEL I-MODEL O B-COLOR I-COLOR I-COLOR I-COLOR,|N515-94|ブラック
T02590,アカネ電機 ネイビー デイパック X28-46,アカネ電機,X258-46,ネイビー,B-BRAND I-BRAND I-BRAND I-BRAND I-BRAND O B-COLOR I-COLOR I-COLOR I-COLOR O O O O O O O O O O O O O,アカネ電機|X258-46|ネイビー
T02591,Ｍ６１８４２ 腕時計 オオゾラ シルバー,オオゾラ,M618-42,シルバー,B-MODEL I-MODEL I-MODEL I-MODEL I-MODEL I-MODEL O O O O O B-BRAND I-BRAND I-BRAND I-BRAND O B-COLOR I-COLOR I-COLOR I-COLOR,オオゾラ|M618-42|シルバー
T02592,Ｖ５９０－３７ ノースーク ブラック 冷蔵庫,ノースピーク,V590-37,ブラック,B-MODEL I-MODEL I-MODEL I-MODEL I-MODEL I-MODEL I-MODEL O O O O O O O B-COLOR I-COLOR I-COLOR I-COLOR O O O O,ノースピーク|V590-37|ブラック
T02593,《アウトレット》洗濯機 Ｌ６９７－７８ シルバー ノースピーク,ノースピーク,L697-78,シルバー,O O O O O O O O O O O O B-MODEL I-MODEL I-MODEL I-MODEL I-MODEL I-MODEL I-MODEL O B-COLOR I-COLOR I-COLOR I-COLOR O B-BRAND I-BRAND I-BRAND I-BRAND I-BRAND I-BRAND,ノースピーク|L697-78|シルバー
T02594,スニーカー レッド ハヤブサ X562-36,ハヤブサ,X562-36,レッド,O O O O O O B-COLOR I-COLOR I-COLOR O B-BRAND I-BRAND I-BRAND I-BRAND O B-MODEL I-MODEL I-MODEL I-MODEL I-MODEL I-MODEL I-MODEL,ハヤブサ|X562-36|レッド
T02595,★新品未使用★腕時計 ホワイト ソライロ A50972,ソライロ,A509-72,ホワイト,O O O O O O O O O O O B-COLOR I-COLOR I-COLOR I-COLOR O B-BRAND I-BRAND I-BRAND I-BRAND O B-MODEL I-MODEL I-MODEL I-MODEL I-MODEL I-MODEL,ソライロ|A509-72|ホワイト
T02596,ノースピーク Ｇ４８６－２１ グリーン デイパック,ノースピーク,G486-21,グリーン,B-BRAND I-BRAND I-BRAND I-BRAND I-BRAND I-BRAND O B-MODEL I-MODEL I-MODEL I-MODEL I-MODEL I-MODEL I-MODEL O B-COLOR I-COLOR I-COLOR I-COLOR O O O O O O,ノースピーク|G486-21|グリーン
T02597,ゲンブ ノートパソコン Ｙ３２８－８４ ブラック,ゲンブ,Y328-84,ブラック,B-BRAND I-BRAND I-BRAND O O O O O O O O O B-MODEL I-MODEL I-MODEL I-MODEL I-MODEL I-MODEL I-MODEL O B-COLOR I-COLOR I-COLOR I-COLOR,ゲンブ|Y328-84|ブラック
T02598,デイパックアカネ電機A548-90レッド,アカネ電機,A548-90,レッド,O O O O O B-BRAND I-BRAND I-BRAND I-BRAND I-BRAND B-MODEL I-MODEL I-MODEL I-MODEL I-MODEL I-MODEL I-MODEL B-COLOR I-COLOR I-COLOR,アカネ電機|A548-90|レッド
T02599,Q220-67 腕時計 オオゾラ シルバー,オオゾラ,Q220-67,シルバー,B-MODEL I-MODEL I-MODEL I-MODEL I-MODEL I-MODEL I-MODEL O O O O O B-BRAND I-BRAND I-BRAND I-BRAND O B-COLOR I-COLOR I-COLOR I-COLOR,オオゾラ|Q220-67|シルバー
T02600,X91-11 グリーン 掃除機,,X931-11,グリーン,O O O O O O O B-COLOR I-COLOR I-COLOR I-COLOR O O O O,|X931-11|グリーン
T02601,ネイビー Y712-94 掃除機 アカネ電機,アカネ電機,Y712-94,ネイビー,B-COLOR I-COLOR I-COLOR I-COLOR O B-MODEL I-MODEL I-MODEL I-MODEL I-MODEL I-MODEL I-MODEL O O O O O B-BRAND I-BRAND I-BRAND I-BRAND I-BRAND,アカネ電機|Y712-94|ネイビー
T02602,《アウトレット》ホワイト シラユキ H405-15 洗濯機,シラユキ,H405-15,ホワイト,O O O O O O O O B-COLOR I-COLOR I-COLOR I-COLOR O B-BRAND I-BRAND I-BRAND I-BRAND O B-MODEL I-MODEL I-MODEL I-MODEL I-MODEL I-MODEL I-MODEL O O O O,シラユキ|H405-15|ホワイト
T02603,オオゾラグリーン腕時計L128-71,オオゾラ,L128-71,グリーン,B-BRAND I-BRAND I-BRAND I-BRAND B-COLOR I-COLOR I-COLOR I-COLOR O O O B-MODEL I-MODEL I-MODEL I-MODEL I-MODEL I-MODEL I-MODEL,オオゾラ|L128-71|グリーン
T02604,W496-94イヤホンブラック,,W496-94,ブラック,B-MODEL I-MODEL I-MODEL I-MODEL I-MODEL I-MODEL I-MODEL O O O O B-COLOR I-COLOR I-COLOR I-COLOR,|W496-94|ブラック
T02605,【送料無料】H27691 ハヤブサ デイパック ブラック,ハヤブサ,H276-91,ブラック,O O O O O O B-MODEL I-MODEL I-MODEL I-MODEL I-MODEL I-MODEL O B-BRAND I-BRAND I-BRAND I-BRAND O O O O O O O B-COLOR I-COLOR I-COLOR I-COLOR,ハヤブサ|H276-91|ブラック
T02606,I68656レッドノートパソコンシラユキ,シラユキ,I686-56,レッド,B-MODEL I-MODEL I-MODEL I-MODEL I-MODEL I-MODEL B-COLOR I-COLOR I-COLOR O O O O O O O B-BRAND I-BRAND I-BRAND I-BRAND,シラユキ|I686-56|レッド
T02607,C631-72シラユキデイパックグリーン,シラユキ,C631-72,グリーン,B-MODEL I-MODEL I-MODEL I-MODEL I-MODEL I-MODEL I-MODEL B-BRAND I-BRAND I-BRAND I-BRAND O O O O O B-COLOR I-COLOR I-COLOR I-COLOR,シラユキ|C631-72|グリーン
T02608,★新品未使用★W543-98 冷蔵庫 シルバー ノースピーク,ノースピーク,W543-98,シルバー,O O O O O O O B-MODEL I-MODEL I-MODEL I-MODEL I-MODEL I-MODEL I-MODEL O O O O O B-COLOR I-COLOR I-COLOR I-COLOR O B-BRAND I-BRAND I-BRAND I-BRAND I-BRAND I-BRAND,ノースピーク|W543-98|シルバー
T02609,【即日発送】Ｚ３９７－５６冷蔵庫シラユキブラック,シラユキ,Z397-56,ブラック,O O O O O O B-MODEL I-MODEL I-MODEL I-MODEL I-MODEL I-MODEL I-MODEL O O O B-BRAND I-BRAND I-BRAND I-BRAND B-COLOR I-COLOR I-COLOR I-COLOR,シラユキ|Z397-56|ブラック
T02610,ノースピーク 腕時計 H221-11 シルバー,ノースピーク,H221-11,シルバー,B-BRAND I-BRAND I-BRAND I-BRAND I-BRAND I-BRAND O O O O O B-MODEL I-MODEL I-MODEL I-MODEL I-MODEL I-MODEL I-MODEL O B-COLOR I-COLOR I-COLOR I-COLOR,ノースピーク|H221-11|シルバー
T02611,腕時計 グリーン Ｕ７５９－６８ オオゾラ,オオゾラ,U759-68,グリーン,O O O O B-COLOR I-COLOR I-COLOR I-COLOR O B-MODEL I-MODEL I-MODEL I-MODEL I-MODEL I-MODEL I-MODEL O B-BRAND I-BRAND I-BRAND I-BRAND,オオゾラ|U759-68|グリーン
T02612,ノートパソコンM438-38ミドリワークスブラック,ミドリワークス,M438-38,ブラック,O O O O O O O B-MODEL I-MODEL I-MODEL I-MODEL I-MODEL I-MODEL I-MODEL B-BRAND I-BRAND I-BRAND I-BRAND I-BRAND I-BRAND I-BRAND B-COLOR I-COLOR I-COLOR I-COLOR,ミドリワークス|M438-38|ブラック
T02613,ゲンブグリーンノートパソコンN384-27,ゲンブ,N384-27,グリーン,B-BRAND I-BRAND I-BRAND B-COLOR I-COLOR I-COLOR I-COLOR O O O O O O O B-MODEL I-MODEL I-MODEL I-MODEL I-MODEL I-MODEL I-MODEL,ゲンブ|N384-27|グリーン
T02614,シラユキブラックW64850デイパック,シラユキ,W648-50,ブラック,B-BRAND I-BRAND I-BRAND I-BRAND B-COLOR I-COLOR I-COLOR I-COLOR B-MODEL I-MODEL I-MODEL I-MODEL I-MODEL I-MODEL O O O O O,シラユキ|W648-50|ブラック
T02615,ホワイト洗濯機オオゾラV419-53,オオゾラ,V419-53,ホワイト,B-COLOR I-COLOR I-COLOR I-COLOR O O O B-BRAND I-BRAND I-BRAND I-BRAND B-MODEL I-MODEL I-MODEL I-MODEL I-MODEL I-MODEL I-MODEL,オオゾラ|V419-53|ホワイト
T02616,洗機濯 D38177 ネイビー,,D381-77,ネイビー,O O O O B-MODEL I-MODEL I-MODEL I-MODEL I-MODEL I-MODEL O B-COLOR I-COLOR I-COLOR I-COLOR,|D381-77|ネイビー
T02617,シルバー オオゾラ Ｍ７７５－７５ スニーカー,オオゾラ,M775-75,シルバー,B-COLOR I-COLOR I-COLOR I-COLOR O B-BRAND I-BRAND I-BRAND I-BRAND O B-MODEL I-MODEL I-MODEL I-MODEL I-MODEL I-MODEL I-MODEL O O O O O O,オオゾラ|M775-75|シルバー
T02618,TSUBAKI Ｒ８６４－７６ 冷蔵庫 レッド,TSUBAKI,R864-76,レッド,B-BRAND I-BRAND I-BRAND I-BRAND I-BRAND I-BRAND I-BRAND O B-MODEL I-MODEL I-MODEL I-MODEL I-MODEL I-MODEL I-MODEL O O O O O B-COLOR I-COLOR I-COLOR,TSUBAKI|R864-76|レッド
T02619,アカネ電機 Ｏ２１５－２４ 洗濯機 ネイビー,アカネ電機,O215-24,ネイビー,B-BRAND I-BRAND I-BRAND I-BRAND I-BRAND O B-MODEL I-MODEL I-MODEL I-MODEL I-MODEL I-MODEL I-MODEL O O O O O B-COLOR I-COLOR I-COLOR I-COLOR,アカネ電機|O215-24|ネイビー
T02620,U547-19ゲンブグリーンイヤホン,ゲンブ,U547-19,グリーン,B-MODEL I-MODEL I-MODEL I-MODEL I-MODEL I-MODEL I-MODEL B-BRAND I-BRAND I-BRAND B-COLOR I-COLOR I-COLOR I-COLOR O O O O,ゲンブ|U547-19|グリーン
T02621,レッドハヤブサB73585ノートパソコン,ハヤブサ,B735-85,レッド,B-COLOR I-COLOR I-COLOR B-BRAND I-BRAND I-BRAND I-BRAND B-MODEL I-MODEL I-MODEL I-MODEL I-MODEL I-MODEL O O O O O O O,ハヤブサ|B735-85|レッド
T02622,洗濯機シラユキブラクF54644,シラユキ,F546-44,ブラック,O O O B-BRAND I-BRAND I-BRAND I-BRAND O O O B-MODEL I-MODEL I-MODEL I-MODEL I-MODEL I-MODEL,シラユキ|F546-44|ブラック
T02623,ソライロO547-62ノートパソコシンルバー,ソライロ,O547-62,シルバー,B-BRAND I-BRAND I-BRAND I-BRAND B-MODEL I-MODEL I-MODEL I-MODEL I-MODEL I-MODEL I-MODEL O O O O O O O O O O O,ソライロ|O547-62|シルバー
T02624,ソライロ 洗濯機 I804-83 グリーン,ソライロ,I804-83,グリーン,B-BRAND I-BRAND I-BRAND I-BRAND O O O O O B-MODEL I-MODEL I-MODEL I-MODEL I-MODEL I-MODEL I-MODEL O B-COLOR I-COLOR I-COLOR I-COLOR,ソライロ|I804-83|グリーン
T02625,ブラック L267-47 ゲンブ 腕時計,ゲンブ,L267-74,ブラック,B-COLOR I-COLOR I-COLOR I-COLOR O O O O O O O O O B-BRAND I-BRAND I-BRAND O O O O,ゲンブ|L267-74|ブラック
T02626,冷蔵庫ハヤブサB116-17ネイビー,ハヤブサ,B116-17,ネイビー,O O O B-BRAND I-BRAND I-BRAND I-BRAND B-MODEL I-MODEL I-MODEL I-MODEL I-MODEL I-MODEL I-MODEL B-COLOR I-COLOR I-COLOR I-COLOR,ハヤブサ|B116-17|ネイビー
T02627,ノートパソコン KURO Ｕ５１７－２２ ホワイト,KURO,U517-22,ホワイト,O O O O O O O O B-BRAND I-BRAND I-BRAND I-BRAND O B-MODEL I-MODEL I-MODEL I-MODEL I-MODEL I-MODEL I-MODEL O B-COLOR I-COLOR I-COLOR I-COLOR,KURO|U517-22|ホワイト
T02628,《アウトレット》S201-32ノートパソコンレッドシラユキ,シラユキ,S201-32,レッド,O O O O O O O O B-MODEL I-MODEL I-MODEL I-MODEL I-MODEL I-MODEL I-MODEL O O O O O O O B-COLOR I-COLOR I-COLOR B-BRAND I-BRAND I-BRAND I-BRAND,シラユキ|S201-32|レッド
T02629,Q10938ホワイト掃除機ノースピーク,ノースピーク,Q103-98,ホワイト,O O O O O O B-COLOR I-COLOR I-COLOR I-COLOR O O O B-BRAND I-BRAND I-BRAND I-BRAND I-BRAND I-BRAND,ノースピーク|Q103-98|ホワイト
T02630,《ウトレット》冷蔵庫ゲンブJ30428ブラック,ゲンブ,J304-28,ブラック,O O O O O O O O O O B-BRAND I-BRAND I-BRAND B-MODEL I-MODEL I-MODEL I-MODEL I-MODEL I-MODEL B-COLOR I-COLOR I-COLOR I-COLOR,ゲンブ|J304-28|ブラック
T02631,レッド P13751 洗濯機 シラユキ,シラユキ,P137-51,レッド,B-COLOR I-COLOR I-COLOR O B-MODEL I-MODEL I-MODEL I-MODEL I-MODEL I-MODEL O O O O O B-BRAND I-BRAND I-BRAND I-BRAND,シラユキ|P137-51|レッド
T02632,TSUBAKIスニーカーブラックW645-63,TSUBAKI,W645-63,ブラック,B-BRAND I-BRAND I-BRAND I-BRAND I-BRAND I-BRAND I-BRAND O O O O O B-COLOR I-COLOR I-COLOR I-COLOR B-MODEL I-MODEL I-MODEL I-MODEL I-MODEL I-MODEL I-MODEL,TSUBAKI|W645-63|ブラック
T02633,イヤホン KURO G461-65 ブラック,KURO,G461-65,ブラック,O O O O O B-BRAND I-BRAND I-BRAND I-BRAND O B-MODEL I-MODEL I-MODEL I-MODEL I-MODEL I-MODEL I-MODEL O B-COLOR I-COLOR I-COLOR I-COLOR,KURO|G461-65|ブラック
T02634,ノートパソコンブラックA137-52TSUBAKI,TSUBAKI,A137-52,ブラック,O O O O O O O B-COLOR I-COLOR I-COLOR I-COLOR B-MODEL I-MODEL I-MODEL I-MODEL I-MODEL I-MODEL I-MODEL B-BRAND I-BRAND I-BRAND I-BRAND I-BRAND I-BRAND I-BRAND,TSUBAKI|A137-52|ブラック
T02635,シラユキ 掃除機 Q932-37 ネイビー,シラユキ,Q932-37,ネイビー,B-BRAND I-BRAND I-BRAND I-BRAND O O O O O B-MODEL I-MODEL I-MODEL I-MODEL I-MODEL I-MODEL I-MODEL O B-COLOR I-COLOR I-COLOR I-COLOR,シラユキ|Q932-37|ネイビー
T02636,K43615グリーンハヤブサノートパソコン,ハヤブサ,K436-15,グリーン,B-MODEL I-MODEL I-MODEL I-MODEL I-MODEL I-MODEL B-COLOR I-COLOR I-COLOR I-COLOR B-BRAND I-BRAND I-BRAND I-BRAND O O O O O O O,ハヤブサ|K436-15|グリーン
T02637,ノースピーク T337-18 洗濯機 シルバー,ノースピーク,T337-18,シルバー,B-BRAND I-BRAND I-BRAND I-BRAND I-BRAND I-BRAND O B-MODEL I-MODEL I-MODEL I-MODEL I-MODEL I-MODEL I-MODEL O O O O O B-COLOR I-COLOR I-COLOR I-COLOR,ノースピーク|T337-18|シルバー
T02638,《アウトレット》デイパックブラックE253-10,,E253-10,ブラック,O O O O O O O O O O O O O B-COLOR I-COLOR I-COLOR I-COLOR B-MODEL I-MODEL I-MODEL I-MODEL I-MODEL I-MODEL I-MODEL,|E253-10|ブラック
T02639,《アウトレット》ブラック オオゾラ 洗濯機 H61119,オオゾラ,H611-19,ブラック,O O O O O O O O B-COLOR I-COLOR I-COLOR I-COLOR O B-BRAND I-BRAND I-BRAND I-BRAND O O O O O B-MODEL I-MODEL I-MODEL I-MODEL I-MODEL I-MODEL,オオゾラ|H611-19|ブラック
T02640,J157-8 ゲンブ ネイビー イヤホン,ゲンブ,J157-87,ネイビー,O O O O O O O B-BRAND I-BRAND I-BRAND O B-COLOR I-COLOR I-COLOR I-COLOR O O O O O,ゲンブ|J157-87|ネイビー
T02641,【即日発送】４Ｘ４３－７３ノートパソコンミドリワークスレッド,ミドリワークス,X443-73,レッド,O O O O O O O O O O O O O O O O O O O O B-BRAND I-BRAND I-BRAND I-BRAND I-BRAND I-BRAND I-BRAND B-COLOR I-COLOR I-COLOR,ミドリワークス|X443-73|レッド
T02642,W868-33 グリーン デイパック ミドリワークス,ミドリワークス,W868-33,グリーン,B-MODEL I-MODEL I-MODEL I-MODEL I-MODEL I-MODEL I-MODEL O B-COLOR I-COLOR I-COLOR I-COLOR O O O O O O O B-BRAND I-BRAND I-BRAND I-BRAND I-BRAND I-BRAND I-BRAND,ミドリワークス|W868-33|グリーン
T02643,洗濯機KUROグリーンY215-88,KURO,Y215-88,グリーン,O O O B-BRAND I-BRAND I-BRAND I-BRAND B-COLOR I-COLOR I-COLOR I-COLOR B-MODEL I-MODEL I-MODEL I-MODEL I-MODEL I-MODEL I-MODEL,KURO|Y215-88|グリーン
T02644,グリーン シラユキ 冷蔵庫 Ｋ６６３－９３,シラユキ,K663-93,グリーン,B-COLOR I-COLOR I-COLOR I-COLOR O B-BRAND I-BRAND I-BRAND I-BRAND O O O O O B-MODEL I-MODEL I-MODEL I-MODEL I-MODEL I-MODEL I-MODEL,シラユキ|K663-93|グリーン
T02645,【即日発送】Z514-28 ホワイト ミドリワークス デイパック,ミドリワークス,Z514-28,ホワイト,O O O O O O B-MODEL I-MODEL I-MODEL I-MODEL I-MODEL I-MODEL I-MODEL O B-COLOR I-COLOR I-COLOR I-COLOR O B-BRAND I-BRAND I-BRAND I-BRAND I-BRAND I-BRAND I-BRAND O O O O O O,ミドリワークス|Z514-28|ホワイト
T02646,ノースピーク Ａ３２６－３７ ネイビー 掃除機,ノースピーク,A326-37,ネイビー,B-BRAND I-BRAND I-BRAND I-BRAND I-BRAND I-BRAND O B-MODEL I-MODEL I-MODEL I-MODEL I-MODEL I-MODEL I-MODEL O B-COLOR I-COLOR I-COLOR I-COLOR O O O O,ノースピーク|A326-37|ネイビー
T02647,オオゾラB54843ネイビー腕時計,オオゾラ,B548-43,ネイビー,B-BRAND I-BRAND I-BRAND I-BRAND B-MODEL I-MODEL I-MODEL I-MODEL I-MODEL I-MODEL B-COLOR I-COLOR I-COLOR I-COLOR O O O,オオゾラ|B548-43|ネイビー
T02648,N10157 レッド オオゾラ デイパック,オオゾラ,N101-57,レッド,B-MODEL I-MODEL I-MODEL I-MODEL I-MODEL I-MODEL O B-COLOR I-COLOR I-COLOR O B-BRAND I-BRAND I-BRAND I-BRAND O O O O O O,オオゾラ|N101-57|レッド
T02649,《アウトレット》ホワイ R124-30 掃除機 アカネ電機,アカネ電機,R124-30,ホワイト,O O O O O O O O O O O O B-MODEL I-MODEL I-MODEL I-MODEL I-MODEL I-MODEL I-MODEL O O O O O B-BRAND I-BRAND I-BRAND I-BRAND I-BRAND,アカネ電機|R124-30|ホワイト
T02650,スニーカーK38051シユラキブラック,シラユキ,K380-51,ブラック,O O O O O B-MODEL I-MODEL I-MODEL I-MODEL I-MODEL I-MODEL O O O O B-COLOR I-COLOR I-COLOR I-COLOR,シラユキ|K380-51|ブラック
T02651,【即日発送】A57879 ネイビー 冷蔵庫 KURO,KURO,A578-79,ネイビー,O O O O O O B-MODEL I-MODEL I-MODEL I-MODEL I-MODEL I-MODEL O B-COLOR I-COLOR I-COLOR I-COLOR O O O O O B-BRAND I-BRAND I-BRAND I-BRAND,KURO|A578-79|ネイビー
T02652,ブラック 洗濯機 G524-11,,G524-11,ブラック,B-COLOR I-COLOR I-COLOR I-COLOR O O O O O B-MODEL I-MODEL I-MODEL I-MODEL I-MODEL I-MODEL I-MODEL,|G524-11|ブラック
T02653,グリーンD746-27ノートパソコンTSUBAKI,TSUBAKI,D746-27,グリーン,B-COLOR I-COLOR I-COLOR I-COLOR B-MODEL I-MODEL I-MODEL I-MODEL I-MODEL I-MODEL I-MODEL O O O O O O O B-BRAND I-BRAND I-BRAND I-BRAND I-BRAND I-BRAND I-BRAND,TSUBAKI|D746-27|グリーン
T02654,★新品未使用★ノートパソコン E341-51 グリーン,,E341-51,グリーン,O O O O O O O O O O O O O O O B-MODEL I-MODEL I-MODEL I-MODEL I-MODEL I-MODEL I-MODEL O B-COLOR I-COLOR I-COLOR I-COLOR,|E341-51|グリーン
T02655,オオゾラL584-33レッド腕時計,オオゾラ,L584-33,レッド,B-BRAND I-BRAND I-BRAND I-BRAND B-MODEL I-MODEL I-MODEL I-MODEL I-MODEL I-MODEL I-MODEL B-COLOR I-COLOR I-COLOR O O O,オオゾラ|L584-33|レッド
T02656,ハヤブサ D721-85 腕時計 グリーン,ハヤブサ,D721-85,グリーン,B-BRAND I-BRAND I-BRAND I-BRAND O B-MODEL I-MODEL I-MODEL I-MODEL I-MODEL I-MODEL I-MODEL O O O O O B-COLOR I-COLOR I-COLOR I-COLOR,ハヤブサ|D721-85|グリーン
T02657,ホワイト掃除機M881-12TSUBAKI,TSUBAKI,M881-12,ホワイト,B-COLOR I-COLOR I-COLOR I-COLOR O O O B-MODEL I-MODEL I-MODEL I-MODEL I-MODEL I-MODEL I-MODEL B-BRAND I-BRAND I-BRAND I-BRAND I-BRAND I-BRAND I-BRAND,TSUBAKI|M881-12|ホワイト
T02658,【即日発送】グリーン A91428 KURO スニーカー,KURO,A914-28,グリーン,O O O O O O B-COLOR I-COLOR I-COLOR I-COLOR O B-MODEL I-MODEL I-MODEL I-MODEL I-MODEL I-MODEL O B-BRAND I-BRAND I-BRAND I-BRAND O O O O O O,KURO|A914-28|グリーン
T02659,《アウトレット》Ｏ２２６－３２ホワイト腕時計,,O226-32,ホワイト,O O O O O O O O B-MODEL I-MODEL I-MODEL I-MODEL I-MODEL I-MODEL I-MODEL B-COLOR I-COLOR I-COLOR I-COLOR O O O,|O226-32|ホワイト
T02660,T323-80レッドノースピーノクートパソコン,ノースピーク,T323-80,レッド,B-MODEL I-MODEL I-MODEL I-MODEL I-MODEL I-MODEL I-MODEL B-COLOR I-COLOR I-COLOR O O O O O O O O O O O O O,ノースピーク|T323-80|レッド
T02661,冷蔵庫Ｓ９８６－１２シラユキレッド,シラユキ,S986-12,レッド,O O O B-MODEL I-MODEL I-MODEL I-MODEL I-MODEL I-MODEL I-MODEL B-BRAND I-BRAND I-BRAND I-BRAND B-COLOR I-COLOR I-COLOR,シラユキ|S986-12|レッド
T02662,洗濯機 Ｇ２０－９３ アカネ電機 レッド,アカネ電機,G206-93,レッド,O O O O O O O O O O O B-BRAND I-BRAND I-BRAND I-BRAND I-BRAND O B-COLOR I-COLOR I-COLOR,アカネ電機|G206-93|レッド
T02663,◆正規品◆デイパック オオゾラ F95568 シルバー,オオゾラ,F955-68,シルバー,O O O O O O O O O O O B-BRAND I-BRAND I-BRAND I-BRAND O B-MODEL I-MODEL I-MODEL I-MODEL I-MODEL I-MODEL O B-COLOR I-COLOR I-COLOR I-COLOR,オオゾラ|F955-68|シルバー
T02664,Ｗ７２３－６５ ネイビー KURO 掃除機,KURO,W723-65,ネイビー,B-MODEL I-MODEL I-MODEL I-MODEL I-MODEL I-MODEL I-MODEL O B-COLOR I-COLOR I-COLOR I-COLOR O B-BRAND I-BRAND I-BRAND I-BRAND O O O O,KURO|W723-65|ネイビー
T02665,★新品未使用★デイパック レッド ソライロ U28436,ソライロ,U284-36,レッド,O O O O O O O O O O O O O B-COLOR I-COLOR I-COLOR O B-BRAND I-BRAND I-BRAND I-BRAND O B-MODEL I-MODEL I-MODEL I-MODEL I-MODEL I-MODEL,ソライロ|U284-36|レッド
T02666,シルバー洗濯機Ｘ２６９－４０,,X269-40,シルバー,B-COLOR I-COLOR I-COLOR I-COLOR O O O B-MODEL I-MODEL I-MODEL I-MODEL I-MODEL I-MODEL I-MODEL,|X269-40|シルバー
T02667,デイパック M569-89 アカネ電機 ブラック,アカネ電機,M569-89,ブラック,O O O O O O B-MODEL I-MODEL I-MODEL I-MODEL I-MODEL I-MODEL I-MODEL O B-BRAND I-BRAND I-BRAND I-BRAND I-BRAND O B-COLOR I-COLOR I-COLOR I-COLOR,アカネ電機|M569-89|ブラック
T02668,ハヤブサスニーカーグリーンH320-60,ハヤブサ,H320-60,グリーン,B-BRAND I-BRAND I-BRAND I-BRAND O O O O O B-COLOR I-COLOR I-COLOR I-COLOR B-MODEL I-MODEL I-MODEL I-MODEL I-MODEL I-MODEL I-MODEL,ハヤブサ|H320-60|グリーン
T02669,ホワイトソライロD773-31掃除機,ソライロ,D773-31,ホワイト,B-COLOR I-COLOR I-COLOR I-COLOR B-BRAND I-BRAND I-BRAND I-BRAND B-MODEL I-MODEL I-MODEL I-MODEL I-MODEL I-MODEL I-MODEL O O O,ソライロ|D773-31|ホワイト
T02670,ホワイト デイパック KURO G221-43,KURO,G221-43,ホワイト,B-COLOR I-COLOR I-COLOR I-COLOR O O O O O O O B-BRAND I-BRAND I-BRAND I-BRAND O B-MODEL I-MODEL I-MODEL I-MODEL I-MODEL I-MODEL I-MODEL,KURO|G221-43|ホワイト
T02671,J668-16冷蔵庫ネイビーゲンブ,ゲンブ,J668-16,ネイビー,B-MODEL I-MODEL I-MODEL I-MODEL I-MODEL I-MODEL I-MODEL O O O B-COLOR I-COLOR I-COLOR I-COLOR B-BRAND I-BRAND I-BRAND,ゲンブ|J668-16|ネイビー
T02672,冷蔵庫アカネ電機ホワイトT85568,アカネ電機,T855-68,ホワイト,O O O B-BRAND I-BRAND I-BRAND I-BRAND I-BRAND B-COLOR I-COLOR I-COLOR I-COLOR B-MODEL I-MODEL I-MODEL I-MODEL I-MODEL I-MODEL,アカネ電機|T855-68|ホワイト
T02673,レッド腕時計Ｆ３９８－３８,,F398-38,レッド,B-COLOR I-COLOR I-COLOR O O O B-MODEL I-MODEL I-MODEL I-MODEL I-MODEL I-MODEL I-MODEL,|F398-38|レッド
T02674,Ｘ５２１－７１ ネイビー 冷蔵庫,,X521-71,ネイビー,B-MODEL I-MODEL I-MODEL I-MODEL I-MODEL I-MODEL I-MODEL O B-COLOR I-COLOR I-COLOR I-COLOR O O O O,|X521-71|ネイビー
T02675,【送料無料】ホワイトN797-42洗濯機ゲンブ,ゲンブ,N797-42,ホワイト,O O O O O O B-COLOR I-COLOR I-COLOR I-COLOR B-MODEL I-MODEL I-MODEL I-MODEL I-MODEL I-MODEL I-MODEL O O O B-BRAND I-BRAND I-BRAND,ゲンブ|N797-42|ホワイト
T02676,ホワイト 洗濯機 Ｃ１１４－６０,,C114-60,ホワイト,B-COLOR I-COLOR I-COLOR I-COLOR O O O O O B-MODEL I-MODEL I-MODEL I-MODEL I-MODEL I-MODEL I-MODEL,|C114-60|ホワイト
T02677,イヤホンＭ４６５－７４ホワイトノーピスーク,ノースピーク,M465-74,ホワイト,O O O O B-MODEL I-MODEL I-MODEL I-MODEL I-MODEL I-MODEL I-MODEL B-COLOR I-COLOR I-COLOR I-COLOR O O O O O O,ノースピーク|M465-74|ホワイト
T02678,★新品未使用★スニーカー シルバー オオゾラ E2018,オオゾラ,E280-18,シルバー,O O O O O O O O O O O O O B-COLOR I-COLOR I-COLOR I-COLOR O B-BRAND I-BRAND I-BRAND I-BRAND O O O O O O,オオゾラ|E280-18|シルバー
T02679,ブラックD51665ノースピークイヤホン,ノースピーク,D516-65,ブラック,B-COLOR I-COLOR I-COLOR I-COLOR B-MODEL I-MODEL I-MODEL I-MODEL I-MODEL I-MODEL B-BRAND I-BRAND I-BRAND I-BRAND I-BRAND I-BRAND O O O O,ノースピーク|D516-65|ブラック
T02680,ゲンブA92-39シルバー掃除機,ゲンブ,A926-39,シルバー,B-BRAND I-BRAND I-BRAND O O O O O O B-COLOR I-COLOR I-COLOR I-COLOR O O O,ゲンブ|A926-39|シルバー
T02681,シルバー Ｏ９１２－３０ デイパック,,O912-30,シルバー,B-COLOR I-COLOR I-COLOR I-COLOR O B-MODEL I-MODEL I-MODEL I-MODEL I-MODEL I-MODEL I-MODEL O O O O O O,|O912-30|シルバー
T02682,アカネ電機 ホワイト G401-98 腕時計,アカネ電機,G401-98,ホワイト,B-BRAND I-BRAND I-BRAND I-BRAND I-BRAND O B-COLOR I-COLOR I-COLOR I-COLOR O B-MODEL I-MODEL I-MODEL I-MODEL I-MODEL I-MODEL I-MODEL O O O O,アカネ電機|G401-98|ホワイト
T02683,オオゾラ Ａ５０４－１０ 蔵冷庫 ネイビー,オオゾラ,A504-10,ネイビー,B-BRAND I-BRAND I-BRAND I-BRAND O B-MODEL I-MODEL I-MODEL I-MODEL I-MODEL I-MODEL I-MODEL O O O O O B-COLOR I-COLOR I-COLOR I-COLOR,オオゾラ|A504-10|ネイビー
T02684,洗濯機 J18560 ブラック,,J185-60,ブラック,O O O O B-MODEL I-MODEL I-MODEL I-MODEL I-MODEL I-MODEL O B-COLOR I-COLOR I-COLOR I-COLOR,|J185-60|ブラック
T02685,★新品未使用★ノースピーク 冷蔵庫 S611-91 レッド,ノースピーク,S611-91,レッド,O O O O O O O B-BRAND I-BRAND I-BRAND I-BRAND I-BRAND I-BRAND O O O O O B-MODEL I-MODEL I-MODEL I-MODEL I-MODEL I-MODEL I-MODEL O B-COLOR I-COLOR I-COLOR,ノースピーク|S611-91|レッド
T02686,◆正規品◆ブラック N711-78 デイパック ミドリワークス,ミドリワークス,N711-78,ブラック,O O O O O B-COLOR I-COLOR I-COLOR I-COLOR O B-MODEL I-MODEL I-MODEL I-MODEL I-MODEL I-MODEL I-MODEL O O O O O O O B-BRAND I-BRAND I-BRAND I-BRAND I-BRAND I-BRAND I-BRAND,ミドリワークス|N711-78|ブラック
T02687,Ａ４３１－９６ ノースピーク スニーカー ネイビー,ノースピーク,A431-96,ネイビー,B-MODEL I-MODEL I-MODEL I-MODEL I-MODEL I-MODEL I-MODEL O B-BRAND I-BRAND I-BRAND I-BRAND I-BRAND I-BRAND O O O O O O O B-COLOR I-COLOR I-COLOR I-COLOR,ノースピーク|A431-96|ネイビー
T02688,Ｎ１８９－９７ スニーカー ネイビー ノースピーク,ノースピーク,N189-97,ネイビー,B-MODEL I-MODEL I-MODEL I-MODEL I-MODEL I-MODEL I-MODEL O O O O O O O B-COLOR I-COLOR I-COLOR I-COLOR O B-BRAND I-BRAND I-BRAND I-BRAND I-BRAND I-BRAND,ノースピーク|N189-97|ネイビー
T02689,ホワイト M312-57 イヤホン オオゾラ,オオゾラ,M312-57,ホワイト,B-COLOR I-COLOR I-COLOR I-COLOR O B-MODEL I-MODEL I-MODEL I-MODEL I-MODEL I-MODEL I-MODEL O O O O O O B-BRAND I-BRAND I-BRAND I-BRAND,オオゾラ|M312-57|ホワイト
T02690,A208-51 ノースピーク 冷蔵庫 ホワイト,ノースピーク,A208-51,ホワイト,B-MODEL I-MODEL I-MODEL I-MODEL I-MODEL I-MODEL I-MODEL O B-BRAND I-BRAND I-BRAND I-BRAND I-BRAND I-BRAND O O O O O B-COLOR I-COLOR I-COLOR I-COLOR,ノースピーク|A208-51|ホワイト
T02691,K408-65 腕時計 ミドリワークス ホワイト,ミドリワークス,K408-65,ホワイト,B-MODEL I-MODEL I-MODEL I-MODEL I-MODEL I-MODEL I-MODEL O O O O O B-BRAND I-BRAND I-BRAND I-BRAND I-BRAND I-BRAND I-BRAND O B-COLOR I-COLOR I-COLOR I-COLOR,ミドリワークス|K408-65|ホワイト
T02692,P85645 掃除機 シラユキ ネイビー,シラユキ,P856-45,ネイビー,B-MODEL I-MODEL I-MODEL I-MODEL I-MODEL I-MODEL O O O O O B-BRAND I-BRAND I-BRAND I-BRAND O B-COLOR I-COLOR I-COLOR I-COLOR,シラユキ|P856-45|ネイビー
T02693,《アウトレット》冷蔵庫 ブラック Ｉ５４９－９５,,I549-95,ブラック,O O O O O O O O O O O O B-COLOR I-COLOR I-COLOR I-COLOR O B-MODEL I-MODEL I-MODEL I-MODEL I-MODEL I-MODEL I-MODEL,|I549-95|ブラック
T02694,《アウトレット》グリーン KURO ノートパソコン Q380-86,KURO,Q380-86,グリーン,O O O O O O O O B-COLOR I-COLOR I-COLOR I-COLOR O B-BRAND I-BRAND I-BRAND I-BRAND O O O O O O O O O B-MODEL I-MODEL I-MODEL I-MODEL I-MODEL I-MODEL I-MODEL,KURO|Q380-86|グリーン
T02695,ソライロ R709-14 グリーン 冷蔵庫,ソライロ,R709-14,グリーン,B-BRAND I-BRAND I-BRAND I-BRAND O B-MODEL I-MODEL I-MODEL I-MODEL I-MODEL I-MODEL I-MODEL O B-COLOR I-COLOR I-COLOR I-COLOR O O O O,ソライロ|R709-14|グリーン
T02696,Ｔ７１８３５イヤホンネイビー,,T718-35,ネイビー,B-MODEL I-MODEL I-MODEL I-MODEL I-MODEL I-MODEL O O O O B-COLOR I-COLOR I-COLOR I-COLOR,|T718-35|ネイビー
T02697,★新品未使用★冷蔵庫 E587-52 ブラック ハヤブサ,ハヤブサ,E587-52,ブラック,O O O O O O O O O O O B-MODEL I-MODEL I-MODEL I-MODEL I-MODEL I-MODEL I-MODEL O B-COLOR I-COLOR I-COLOR I-COLOR O B-BRAND I-BRAND I-BRAND I-BRAND,ハヤブサ|E587-52|ブラック
T02698,O663-81腕時計ミドリワークスグリーン,ミドリワークス,O663-81,グリーン,B-MODEL I-MODEL I-MODEL I-MODEL I-MODEL I-MODEL I-MODEL O O O B-BRAND I-BRAND I-BRAND I-BRAND I-BRAND I-BRAND I-BRAND B-COLOR I-COLOR I-COLOR I-COLOR,ミドリワークス|O663-81|グリーン
T02699,ホワイトＰ２３６－６２アカネ電機冷蔵庫,アカネ電機,P236-62,ホワイト,B-COLOR I-COLOR I-COLOR I-COLOR B-MODEL I-MODEL I-MODEL I-MODEL I-MODEL I-MODEL I-MODEL B-BRAND I-BRAND I-BRAND I-BRAND I-BRAND O O O,アカネ電機|P236-62|ホワイト
T02700,デイパック KURO F238-10 ホワイト,KURO,F238-10,ホワイト,O O O O O O B-BRAND I-BRAND I-BRAND I-BRAND O B-MODEL I-MODEL I-MODEL I-MODEL I-MODEL I-MODEL I-MODEL O B-COLOR I-COLOR I-COLOR I-COLOR,KURO|F238-10|ホワイト
T02701,オオゾラＫ１０７－１８ブラック掃除機,オオゾラ,K107-18,ブラック,B-BRAND I-BRAND I-BRAND I-BRAND B-MODEL I-MODEL I-MODEL I-MODEL I-MODEL I-MODEL I-MODEL B-COLOR I-COLOR I-COLOR I-COLOR O O O,オオゾラ|K107-18|ブラック
T02702,ホワイト腕時計ソライロF281-98,ソライロ,F281-98,ホワイト,B-COLOR I-COLOR I-COLOR I-COLOR O O O B-BRAND I-BRAND I-BRAND I-BRAND B-MODEL I-MODEL I-MODEL I-MODEL I-MODEL I-MODEL I-MODEL,ソライロ|F281-98|ホワイト
T02703,★新品未使用★ホワイト H43859 TSUBAKI イヤホン,TSUBAKI,H438-59,ホワイト,O O O O O O O B-COLOR I-COLOR I-COLOR I-COLOR O B-MODEL I-MODEL I-MODEL I-MODEL I-MODEL I-MODEL O B-BRAND I-BRAND I-BRAND I-BRAND I-BRAND I-BRAND I-BRAND O O O O O,TSUBAKI|H438-59|ホワイト
T02704,ノートパソコン T543-79 グリーン,,T543-79,グリーン,O O O O O O O O B-MODEL I-MODEL I-MODEL I-MODEL I-MODEL I-MODEL I-MODEL O B-COLOR I-COLOR I-COLOR I-COLOR,|T543-79|グリーン
T02705,デイパック C753-29 ホワイト,,C753-29,ホワイト,O O O O O O B-MODEL I-MODEL I-MODEL I-MODEL I-MODEL I-MODEL I-MODEL O B-COLOR I-COLOR I-COLOR I-COLOR,|C753-29|ホワイト
T02706,ネイビー シラユキ Ｗ５６９－５９ 洗濯機,シラユキ,W569-59,ネイビー,B-COLOR I-COLOR I-COLOR I-COLOR O B-BRAND I-BRAND I-BRAND I-BRAND O B-MODEL I-MODEL I-MODEL I-MODEL I-MODEL I-MODEL I-MODEL O O O O,シラユキ|W569-59|ネイビー
T02707,B620-90腕時計ネイビー,,B620-90,ネイビー,B-MODEL I-MODEL I-MODEL I-MODEL I-MODEL I-MODEL I-MODEL O O O B-COLOR I-COLOR I-COLOR I-COLOR,|B620-90|ネイビー
T02708,《アウトレット》シラユキ スニーカー Ｋ３８２－１７ ブラック,シラユキ,K382-17,ブラック,O O O O O O O O B-BRAND I-BRAND I-BRAND I-BRAND O O O O O O O B-MODEL I-MODEL I-MODEL I-MODEL I-MODEL I-MODEL I-MODEL O B-COLOR I-COLOR I-COLOR I-COLOR,シラユキ|K382-17|ブラック
T02709,ノースピーク Ｍ５２４６３ シルバー スニーカー,ノースピーク,M524-63,シルバー,B-BRAND I-BRAND I-BRAND I-BRAND I-BRAND I-BRAND O B-MODEL I-MODEL I-MODEL I-MODEL I-MODEL I-MODEL O B-COLOR I-COLOR I-COLOR I-COLOR O O O O O O,ノースピーク|M524-63|シルバー
T02710,ハヤブサ レッド F261-62 スニーカー,ハヤブサ,F261-62,レッド,B-BRAND I-BRAND I-BRAND I-BRAND O B-COLOR I-COLOR I-COLOR O B-MODEL I-MODEL I-MODEL I-MODEL I-MODEL I-MODEL I-MODEL O O O O O O,ハヤブサ|F261-62|レッド
T02711,掃除機TSUBAKIシルバーT40877,TSUBAKI,T408-77,シルバー,O O O B-BRAND I-BRAND I-BRAND I-BRAND I-BRAND I-BRAND I-BRAND B-COLOR I-COLOR I-COLOR I-COLOR B-MODEL I-MODEL I-MODEL I-MODEL I-MODEL I-MODEL,TSUBAKI|T408-77|シルバー
T02712,《アウトレット》ブラック 冷蔵庫 Ｉ８４４－２６,,I844-26,ブラック,O O O O O O O O B-COLOR I-COLOR I-COLOR I-COLOR O O O O O B-MODEL I-MODEL I-MODEL I-MODEL I-MODEL I-MODEL I-MODEL,|I844-26|ブラック
T02713,デイパック Y890-66 ネイビー,,Y890-66,ネイビー,O O O O O O B-MODEL I-MODEL I-MODEL I-MODEL I-MODEL I-MODEL I-MODEL O B-COLOR I-COLOR I-COLOR I-COLOR,|Y890-66|ネイビー
T02714,【送料無料】シルバー Ｖ５７７－１４ TSUBAKI ノートパソコン,TSUBAKI,V577-14,シルバー,O O O O O O B-COLOR I-COLOR I-COLOR I-COLOR O B-MODEL I-MODEL I-MODEL I-MODEL I-MODEL I-MODEL I-MODEL O B-BRAND I-BRAND I-BRAND I-BRAND I-BRAND I-BRAND I-BRAND O O O O O O O O,TSUBAKI|V577-14|シルバー
T02715,◆正規品◆N537-15 ハヤブサ ブラック イヤホン,ハヤブサ,N537-15,ブラック,O O O O O B-MODEL I-MODEL I-MODEL I-MODEL I-MODEL I-MODEL I-MODEL O B-BRAND I-BRAND I-BRAND I-BRAND O B-COLOR I-COLOR I-COLOR I-COLOR O O O O O,ハヤブサ|N537-15|ブラック
T02716,ホワイト 掃除機 K226-4 ゲンブ,ゲンブ,K226-46,ホワイト,B-COLOR I-COLOR I-COLOR I-COLOR O O O O O O O O O O O O B-BRAND I-BRAND I-BRAND,ゲンブ|K226-46|ホワイト
T02717,グリーン Ｐ２３８９１ スニーカー,,P238-91,グリーン,B-COLOR I-COLOR I-COLOR I-COLOR O B-MODEL I-MODEL I-MODEL I-MODEL I-MODEL I-MODEL O O O O O O,|P238-91|グリーン
T02718,Ｃ９９７－１６ ブラック 冷蔵庫,,C997-16,ブラック,B-MODEL I-MODEL I-MODEL I-MODEL I-MODEL I-MODEL I-MODEL O B-COLOR I-COLOR I-COLOR I-COLOR O O O O,|C997-16|ブラック
T02719,★新品未使用★ゲンブネイビー腕時計F48724,ゲンブ,F487-24,ネイビー,O O O O O O O B-BRAND I-BRAND I-BRAND B-COLOR I-COLOR I-COLOR I-COLOR O O O B-MODEL I-MODEL I-MODEL I-MODEL I-MODEL I-MODEL,ゲンブ|F487-24|ネイビー
T02720,★新品未使用★E727-51ソライロネイビーイヤホン,ソライロ,E727-51,ネイビー,O O O O O O O B-MODEL I-MODEL I-MODEL I-MODEL I-MODEL I-MODEL I-MODEL B-BRAND I-BRAND I-BRAND I-BRAND B-COLOR I-COLOR I-COLOR I-COLOR O O O O,ソライロ|E727-51|ネイビー
T02721,スニーカー Ｕ９６６－４３ ハヤブサネ イビー,ハヤブサ,U966-43,ネイビー,O O O O O O B-MODEL I-MODEL I-MODEL I-MODEL I-MODEL I-MODEL I-MODEL O B-BRAND I-BRAND I-BRAND I-BRAND O O O O O,ハヤブサ|U966-43|ネイビー
T02722,グリーン ノートパソコン G98777 ハヤブサ,ハヤブサ,G987-77,グリーン,B-COLOR I-COLOR I-COLOR I-COLOR O O O O O O O O O B-MODEL I-MODEL I-MODEL I-MODEL I-MODEL I-MODEL O B-BRAND I-BRAND I-BRAND I-BRAND,ハヤブサ|G987-77|グリーン
T02723,R760-74ミドリワークスイヤホンブラック,ミドリワークス,R760-74,ブラック,B-MODEL I-MODEL I-MODEL I-MODEL I-MODEL I-MODEL I-MODEL B-BRAND I-BRAND I-BRAND I-BRAND I-BRAND I-BRAND I-BRAND O O O O B-COLOR I-COLOR I-COLOR I-COLOR,ミドリワークス|R760-74|ブラック
T02724,ホワイト冷蔵庫KUROI78458,KURO,I784-58,ホワイト,B-COLOR I-COLOR I-COLOR I-COLOR O O O B-BRAND I-BRAND I-BRAND I-BRAND B-MODEL I-MODEL I-MODEL I-MODEL I-MODEL I-MODEL,KURO|I784-58|ホワイト
T02725,腕時計カネ電機Ｆ７６３－４９ホワイト,アカネ電機,F763-49,ホワイト,O O O O O O O B-MODEL I-MODEL I-MODEL I-MODEL I-MODEL I-MODEL I-MODEL B-COLOR I-COLOR I-COLOR I-COLOR,アカネ電機|F763-49|ホワイト
T02726,N71181 シラユキ デイパック グリーン,シラユキ,N711-81,グリーン,B-MODEL I-MODEL I-MODEL I-MODEL I-MODEL I-MODEL O B-BRAND I-BRAND I-BRAND I-BRAND O O O O O O O B-COLOR I-COLOR I-COLOR I-COLOR,シラユキ|N711-81|グリーン
T02727,ハヤブサホワイトデイパックF250-28,ハヤブサ,F250-28,ホワイト,B-BRAND I-BRAND I-BRAND I-BRAND B-COLOR I-COLOR I-COLOR I-COLOR O O O O O B-MODEL I-MODEL I-MODEL I-MODEL I-MODEL I-MODEL I-MODEL,ハヤブサ|F250-28|ホワイト
T02728,V96160 ノートパソコン シルバー ゲンブ,ゲンブ,V961-60,シルバー,B-MODEL I-MODEL I-MODEL I-MODEL I-MODEL I-MODEL O O O O O O O O O B-COLOR I-COLOR I-COLOR I-COLOR O B-BRAND I-BRAND I-BRAND,ゲンブ|V961-60|シルバー
T02729,ゲンブJ32228シルバーイヤホン,ゲンブ,J322-28,シルバー,B-BRAND I-BRAND I-BRAND B-MODEL I-MODEL I-MODEL I-MODEL I-MODEL I-MODEL B-COLOR I-COLOR I-COLOR I-COLOR O O O O,ゲンブ|J322-28|シルバー
T02730,◆正規品◆ノースピー ク洗濯機 ブラック Ｉ３４０－１４,ノースピーク,I340-14,ブラック,O O O O O O O O O O O O O O O O B-COLOR I-COLOR I-COLOR I-COLOR O B-MODEL I-MODEL I-MODEL I-MODEL I-MODEL I-MODEL I-MODEL,ノースピーク|I340-14|ブラック
T02731,ソライロ シルバー F52894 イヤホン,ソライロ,F528-94,シルバー,B-BRAND I-BRAND I-BRAND I-BRAND O B-COLOR I-COLOR I-COLOR I-COLOR O B-MODEL I-MODEL I-MODEL I-MODEL I-MODEL I-MODEL O O O O O,ソライロ|F528-94|シルバー
T02732,N8381 8ブラック デイパック KURO,KURO,N838-18,ブラック,O O O O O O O B-COLOR I-COLOR I-COLOR I-COLOR O O O O O O O B-BRAND I-BRAND I-BRAND I-BRAND,KURO|N838-18|ブラック
T02733,ソライロデイパックレッドQ92447,ソライロ,Q924-47,レッド,B-BRAND I-BRAND I-BRAND I-BRAND O O O O O B-COLOR I-COLOR I-COLOR B-MODEL I-MODEL I-MODEL I-MODEL I-MODEL I-MODEL,ソライロ|Q924-47|レッド
T02734,シラユキD575-43イヤホンホワイト,シラユキ,D575-43,ホワイト,B-BRAND I-BRAND I-BRAND I-BRAND B-MODEL I-MODEL I-MODEL I-MODEL I-MODEL I-MODEL I-MODEL O O O O B-COLOR I-COLOR I-COLOR I-COLOR,シラユキ|D575-43|ホワイト
T02735,E61398 オオゾラ デイパック ブラック,オオゾラ,E613-98,ブラック,B-MODEL I-MODEL I-MODEL I-MODEL I-MODEL I-MODEL O B-BRAND I-BRAND I-BRAND I-BRAND O O O O O O O B-COLOR I-COLOR I-COLOR I-COLOR,オオゾラ|E613-98|ブラック
T02736,ハヤブサブラックＶ６２９－７６掃除機,ハヤブサ,V629-76,ブラック,B-BRAND I-BRAND I-BRAND I-BRAND B-COLOR I-COLOR I-COLOR I-COLOR B-MODEL I-MODEL I-MODEL I-MODEL I-MODEL I-MODEL I-MODEL O O O,ハヤブサ|V629-76|ブラック
T02737,KURO ブラック J436-66 冷蔵庫,KURO,J436-66,ブラック,B-BRAND I-BRAND I-BRAND I-BRAND O B-COLOR I-COLOR I-COLOR I-COLOR O B-MODEL I-MODEL I-MODEL I-MODEL I-MODEL I-MODEL I-MODEL O O O O,KURO|J436-66|ブラック
T02738,レッド I33770 アカネ電機 ノートパソコン,アカネ電機,I337-70,レッド,B-COLOR I-COLOR I-COLOR O B-MODEL I-MODEL I-MODEL I-MODEL I-MODEL I-MODEL O B-BRAND I-BRAND I-BRAND I-BRAND I-BRAND O O O O O O O O,アカネ電機|I337-70|レッド
T02739,ハヤブサ T524-1 シルバー 腕時計,ハヤブサ,T524-21,シルバー,B-BRAND I-BRAND I-BRAND I-BRAND O O O O O O O O B-COLOR I-COLOR I-COLOR I-COLOR O O O O,ハヤブサ|T524-21|シルバー
T02740,デイパックブラックP993-56,,P993-56,ブラック,O O O O O B-COLOR I-COLOR I-COLOR I-COLOR B-MODEL I-MODEL I-MODEL I-MODEL I-MODEL I-MODEL I-MODEL,|P993-56|ブラック
T02741,X560-81ネイビーデイパックシラユキ,シラユキ,X560-81,ネイビー,B-MODEL I-MODEL I-MODEL I-MODEL I-MODEL I-MODEL I-MODEL B-COLOR I-COLOR I-COLOR I-COLOR O O O O O B-BRAND I-BRAND I-BRAND I-BRAND,シラユキ|X560-81|ネイビー
T02742,G394-10ホワイトノートパソコンオオゾラ,オオゾラ,G394-10,ホワイト,B-MODEL I-MODEL I-MODEL I-MODEL I-MODEL I-MODEL I-MODEL B-COLOR I-COLOR I-COLOR I-COLOR O O O O O O O B-BRAND I-BRAND I-BRAND I-BRAND,オオゾラ|G394-10|ホワイト
T02743,スニーカー B360-55 シルバー,,B360-55,シルバー,O O O O O O B-MODEL I-MODEL I-MODEL I-MODEL I-MODEL I-MODEL I-MODEL O B-COLOR I-COLOR I-COLOR I-COLOR,|B360-55|シルバー
T02744,レッド ノートパソコン １３３－１４ ミドリワークス,ミドリワークス,G133-14,レッド,B-COLOR I-COLOR I-COLOR O O O O O O O O O O O O O O O O B-BRAND I-BRAND I-BRAND I-BRAND I-BRAND I-BRAND I-BRAND,ミドリワークス|G133-14|レッド
T02745,《アウトレット》ノースピーク ブラック 冷蔵庫 Ｋ６５０－６３,ノースピーク,K650-63,ブラック,O O O O O O O O B-BRAND I-BRAND I-BRAND I-BRAND I-BRAND I-BRAND O B-COLOR I-COLOR I-COLOR I-COLOR O O O O O B-MODEL I-MODEL I-MODEL I-MODEL I-MODEL I-MODEL I-MODEL,ノースピーク|K650-63|ブラック
T02746,B761-61 腕時計 ミドリワークス ブラック,ミドリワークス,B761-61,ブラック,B-MODEL I-MODEL I-MODEL I-MODEL I-MODEL I-MODEL I-MODEL O O O O O B-BRAND I-BRAND I-BRAND I-BRAND I-BRAND I-BRAND I-BRAND O B-COLOR I-COLOR I-COLOR I-COLOR,ミドリワークス|B761-61|ブラック
T02747,【即日発送】ネイビー X178-63 洗濯機 TSUBAKI,TSUBAKI,X178-63,ネイビー,O O O O O O B-COLOR I-COLOR I-COLOR I-COLOR O B-MODEL I-MODEL I-MODEL I-MODEL I-MODEL I-MODEL I-MODEL O O O O O B-BRAND I-BRAND I-BRAND I-BRAND I-BRAND I-BRAND I-BRAND,TSUBAKI|X178-63|ネイビー
T02748,Ｍ８４５－１５ ソライロ 掃除機 ホワイト,ソライロ,M845-15,ホワイト,B-MODEL I-MODEL I-MODEL I-MODEL I-MODEL I-MODEL I-MODEL O B-BRAND I-BRAND I-BRAND I-BRAND O O O O O B-COLOR I-COLOR I-COLOR I-COLOR,ソライロ|M845-15|ホワイト
T02749,I366-46 ノースピーク デイパック ホワイト,ノースピーク,I366-46,ホワイト,B-MODEL I-MODEL I-MODEL I-MODEL I-MODEL I-MODEL I-MODEL O B-BRAND I-BRAND I-BRAND I-BRAND I-BRAND I-BRAND O O O O O O O B-COLOR I-COLOR I-COLOR I-COLOR,ノースピーク|I366-46|ホワイト
T02750,N775-63オオゾライヤホンレッド,オオゾラ,N775-63,レッド,B-MODEL I-MODEL I-MODEL I-MODEL I-MODEL I-MODEL I-MODEL B-BRAND I-BRAND I-BRAND I-BRAND O O O O B-COLOR I-COLOR I-COLOR,オオゾラ|N775-63|レッド
T02751,KUROＴ７２９－２１掃除機レッド,KURO,T729-21,レッド,B-BRAND I-BRAND I-BRAND I-BRAND B-MODEL I-MODEL I-MODEL I-MODEL I-MODEL I-MODEL I-MODEL O O O B-COLOR I-COLOR I-COLOR,KURO|T729-21|レッド
T02752,TSUBAKI ネイビー 洗濯機 W715-15,TSUBAKI,W715-15,ネイビー,B-BRAND I-BRAND I-BRAND I-BRAND I-BRAND I-BRAND I-BRAND O B-COLOR I-COLOR I-COLOR I-COLOR O O O O O B-MODEL I-MODEL I-MODEL I-MODEL I-MODEL I-MODEL I-MODEL,TSUBAKI|W715-15|ネイビー
T02753,イヤホン ミドリワークス シルバー Ｌ８４４－９３,ミドリワークス,L844-93,シルバー,O O O O O B-BRAND I-BRAND I-BRAND I-BRAND I-BRAND I-BRAND I-BRAND O B-COLOR I-COLOR I-COLOR I-COLOR O B-MODEL I-MODEL I-MODEL I-MODEL I-MODEL I-MODEL I-MODEL,ミドリワークス|L844-93|シルバー
T02754,【送料無料】ブラック TSUBAKI デイパック D57844,TSUBAKI,D578-44,ブラック,O O O O O O B-COLOR I-COLOR I-COLOR I-COLOR O B-BRAND I-BRAND I-BRAND I-BRAND I-BRAND I-BRAND I-BRAND O O O O O O O B-MODEL I-MODEL I-MODEL I-MODEL I-MODEL I-MODEL,TSUBAKI|D578-44|ブラック
T02755,【即日発送】ハヤブ サ掃除機 グリーン Ｔ５０２９３,ハヤブサ,T502-93,グリーン,O O O O O O O O O O O O O O O B-COLOR I-COLOR I-COLOR I-COLOR O B-MODEL I-MODEL I-MODEL I-MODEL I-MODEL I-MODEL,ハヤブサ|T502-93|グリーン
T02756,腕時計 グリーン R199-91 ゲンブ,ゲンブ,R199-91,グリーン,O O O O B-COLOR I-COLOR I-COLOR I-COLOR O B-MODEL I-MODEL I-MODEL I-MODEL I-MODEL I-MODEL I-MODEL O B-BRAND I-BRAND I-BRAND,ゲンブ|R199-91|グリーン
T02757,◆正規品◆C601-34KUROホワイトデイパック,KURO,C601-34,ホワイト,O O O O O B-MODEL I-MODEL I-MODEL I-MODEL I-MODEL I-MODEL I-MODEL B-BRAND I-BRAND I-BRAND I-BRAND B-COLOR I-COLOR I-COLOR I-COLOR O O O O O,KURO|C601-34|ホワイト
T02758,ノースピーク ホワイト B89494 洗濯機,ノースピーク,B894-94,ホワイト,B-BRAND I-BRAND I-BRAND I-BRAND I-BRAND I-BRAND O B-COLOR I-COLOR I-COLOR I-COLOR O B-MODEL I-MODEL I-MODEL I-MODEL I-MODEL I-MODEL O O O O,ノースピーク|B894-94|ホワイト
T02759,グリーン8F24-65掃除機,,F824-65,グリーン,B-COLOR I-COLOR I-COLOR I-COLOR O O O O O O O O O O,|F824-65|グリーン
T02760,【送料無料】洗濯機C605-35グリーンアカネ電機,アカネ電機,C605-35,グリーン,O O O O O O O O O B-MODEL I-MODEL I-MODEL I-MODEL I-MODEL I-MODEL I-MODEL B-COLOR I-COLOR I-COLOR I-COLOR B-BRAND I-BRAND I-BRAND I-BRAND I-BRAND,アカネ電機|C605-35|グリーン
T02761,【送料無料】ブラックソライロＳ５９２－７０デイパック,ソライロ,S592-70,ブラック,O O O O O O B-COLOR I-COLOR I-COLOR I-COLOR B-BRAND I-BRAND I-BRAND I-BRAND B-MODEL I-MODEL I-MODEL I-MODEL I-MODEL I-MODEL I-MODEL O O O O O,ソライロ|S592-70|ブラック
T02762,Ｃ７９９－５５冷蔵庫レッド,,C799-55,レッド,B-MODEL I-MODEL I-MODEL I-MODEL I-MODEL I-MODEL I-MODEL O O O B-COLOR I-COLOR I-COLOR,|C799-55|レッド
T02763,シラユキ洗濯機グリーンP236-18,シラユキ,P236-18,グリーン,B-BRAND I-BRAND I-BRAND I-BRAND O O O B-COLOR I-COLOR I-COLOR I-COLOR B-MODEL I-MODEL I-MODEL I-MODEL I-MODEL I-MODEL I-MODEL,シラユキ|P236-18|グリーン
T02764,ノートパソコン Ｆ４３４８３ ノースピーク ブラック,ノースピーク,F434-83,ブラック,O O O O O O O O B-MODEL I-MODEL I-MODEL I-MODEL I-MODEL I-MODEL O B-BRAND I-BRAND I-BRAND I-BRAND I-BRAND I-BRAND O B-COLOR I-COLOR I-COLOR I-COLOR,ノースピーク|F434-83|ブラック
T02765,◆正規品◆掃除機 U891-68 ノースピーク レッド,ノースピーク,U891-68,レッド,O O O O O O O O O B-MODEL I-MODEL I-MODEL I-MODEL I-MODEL I-MODEL I-MODEL O B-BRAND I-BRAND I-BRAND I-BRAND I-BRAND I-BRAND O B-COLOR I-COLOR I-COLOR,ノースピーク|U891-68|レッド
T02766,Ｒ４０９－３４ノートパソコンノースピークホワイト,ノースピーク,R409-34,ホワイト,B-MODEL I-MODEL I-MODEL I-MODEL I-MODEL I-MODEL I-MODEL O O O O O O O B-BRAND I-BRAND I-BRAND I-BRAND I-BRAND I-BRAND B-COLOR I-COLOR I-COLOR I-COLOR,ノースピーク|R409-34|ホワイト
T02767,スニーカー ハヤブサ ブラック M120-49,ハヤブサ,M120-49,ブラック,O O O O O O B-BRAND I-BRAND I-BRAND I-BRAND O B-COLOR I-COLOR I-COLOR I-COLOR O B-MODEL I-MODEL I-MODEL I-MODEL I-MODEL I-MODEL I-MODEL,ハヤブサ|M120-49|ブラック
T02768,【送料無料】イヤホン E668-17 シルバー,,E668-17,シルバー,O O O O O O O O O O O B-MODEL I-MODEL I-MODEL I-MODEL I-MODEL I-MODEL I-MODEL O B-COLOR I-COLOR I-COLOR I-COLOR,|E668-17|シルバー
T02769,◆正規品◆腕時計グリーンハヤブサI558-72,ハヤブサ,I558-72,グリーン,O O O O O O O O B-COLOR I-COLOR I-COLOR I-COLOR B-BRAND I-BRAND I-BRAND I-BRAND B-MODEL I-MODEL I-MODEL I-MODEL I-MODEL I-MODEL I-MODEL,ハヤブサ|I558-72|グリーン
T02770,◆正規品◆掃除機 ソライ ロシルバー Z26959,ソライロ,Z269-59,シルバー,O O O O O O O O O O O O O O B-COLOR I-COLOR I-COLOR I-COLOR O B-MODEL I-MODEL I-MODEL I-MODEL I-MODEL I-MODEL,ソライロ|Z269-59|シルバー
T02771,W306-32 レッド オオゾラ ノートパソコン,オオゾラ,W306-32,レッド,B-MODEL I-MODEL I-MODEL I-MODEL I-MODEL I-MODEL I-MODEL O B-COLOR I-COLOR I-COLOR O B-BRAND I-BRAND I-BRAND I-BRAND O O O O O O O O,オオゾラ|W306-32|レッド
T02772,★新品未使用★N932-32シルバースニーカー,,N932-32,シルバー,O O O O O O O B-MODEL I-MODEL I-MODEL I-MODEL I-MODEL I-MODEL I-MODEL B-COLOR I-COLOR I-COLOR I-COLOR O O O O O,|N932-32|シルバー
T02773,【送料無料】シラユキ５３６５７シルバースニーカー,シラユキ,B536-57,シルバー,O O O O O O B-BRAND I-BRAND I-BRAND I-BRAND O O O O O B-COLOR I-COLOR I-COLOR I-COLOR O O O O O,シラユキ|B536-57|シルバー
T02774,ネイビースニーカーK38788,,K387-88,ネイビー,B-COLOR I-COLOR I-COLOR I-COLOR O O O O O B-MODEL I-MODEL I-MODEL I-MODEL I-MODEL I-MODEL,|K387-88|ネイビー
T02775,ネイビー Ｊ５４３－６２ イヤホン オオゾラ,オオゾラ,J543-62,ネイビー,B-COLOR I-COLOR I-COLOR I-COLOR O B-MODEL I-MODEL I-MODEL I-MODEL I-MODEL I-MODEL I-MODEL O O O O O O B-BRAND I-BRAND I-BRAND I-BRAND,オオゾラ|J543-62|ネイビー
T02776,掃除機 ホワイト ソライロ F328-88,ソライロ,F328-88,ホワイト,O O O O B-COLOR I-COLOR I-COLOR I-COLOR O B-BRAND I-BRAND I-BRAND I-BRAND O B-MODEL I-MODEL I-MODEL I-MODEL I-MODEL I-MODEL I-MODEL,ソライロ|F328-88|ホワイト
T02777,スニーカー ホワイト T61891,,T618-91,ホワイト,O O O O O O B-COLOR I-COLOR I-COLOR I-COLOR O B-MODEL I-MODEL I-MODEL I-MODEL I-MODEL I-MODEL,|T618-91|ホワイト
T02778,Ｏ８８８－１８ 冷蔵庫 ブラック,,O888-18,ブラック,B-MODEL I-MODEL I-MODEL I-MODEL I-MODEL I-MODEL I-MODEL O O O O O B-COLOR I-COLOR I-COLOR I-COLOR,|O888-18|ブラック
T02779,TSUBAKIグリーンＥ８３５４０洗濯機,TSUBAKI,E835-40,グリーン,B-BRAND I-BRAND I-BRAND I-BRAND I-BRAND I-BRAND I-BRAND B-COLOR I-COLOR I-COLOR I-COLOR B-MODEL I-MODEL I-MODEL I-MODEL I-MODEL I-MODEL O O O,TSUBAKI|E835-40|グリーン
T02780,ブラック ハヤブサ 腕時計 Ｍ７２２－１９,ハヤブサ,M722-19,ブラック,B-COLOR I-COLOR I-COLOR I-COLOR O B-BRAND I-BRAND I-BRAND I-BRAND O O O O O B-MODEL I-MODEL I-MODEL I-MODEL I-MODEL I-MODEL I-MODEL,ハヤブサ|M722-19|ブラック
T02781,シラユキ Q343-77 腕時計 ホワイト,シラユキ,Q343-77,ホワイト,B-BRAND I-BRAND I-BRAND I-BRAND O B-MODEL I-MODEL I-MODEL I-MODEL I-MODEL I-MODEL I-MODEL O O O O O B-COLOR I-COLOR I-COLOR I-COLOR,シラユキ|Q343-77|ホワイト
T02782,★新品未使用★グリーン ゲンブ 掃除機 W940-19,ゲンブ,W940-19,グリーン,O O O O O O O B-COLOR I-COLOR I-COLOR I-COLOR O B-BRAND I-BRAND I-BRAND O O O O O B-MODEL I-MODEL I-MODEL I-MODEL I-MODEL I-MODEL I-MODEL,ゲンブ|W940-19|グリーン
T02783,洗濯機 A47048 レッド KURO,KURO,A470-48,レッド,O O O O B-MODEL I-MODEL I-MODEL I-MODEL I-MODEL I-MODEL O B-COLOR I-COLOR I-COLOR O B-BRAND I-BRAND I-BRAND I-BRAND,KURO|A470-48|レッド
T02784,Ｒ５９６－６５ レッド スニーカー ミドリワークス,ミドリワークス,R596-65,レッド,B-MODEL I-MODEL I-MODEL I-MODEL I-MODEL I-MODEL I-MODEL O B-COLOR I-COLOR I-COLOR O O O O O O O B-BRAND I-BRAND I-BRAND I-BRAND I-BRAND I-BRAND I-BRAND,ミドリワークス|R596-65|レッド
T02785,デイパックKUROO594-48シルバー,KURO,O594-48,シルバー,O O O O O B-BRAND I-BRAND I-BRAND I-BRAND B-MODEL I-MODEL I-MODEL I-MODEL I-MODEL I-MODEL I-MODEL B-COLOR I-COLOR I-COLOR I-COLOR,KURO|O594-48|シルバー
T02786,Ｗ２８８－７６ シルバー 洗濯機 ソライロ,ソライロ,W288-76,シルバー,B-MODEL I-MODEL I-MODEL I-MODEL I-MODEL I-MODEL I-MODEL O B-COLOR I-COLOR I-COLOR I-COLOR O O O O O B-BRAND I-BRAND I-BRAND I-BRAND,ソライロ|W288-76|シルバー
T02787,L757-52ホワイ腕ト時計ミドリワークス,ミドリワークス,L757-52,ホワイト,B-MODEL I-MODEL I-MODEL I-MODEL I-MODEL I-MODEL I-MODEL O O O O O O O B-BRAND I-BRAND I-BRAND I-BRAND I-BRAND I-BRAND I-BRAND,ミドリワークス|L757-52|ホワイト
T02788,ミドリワークス イヤホン ホワイト P323-13,ミドリワークス,P323-13,ホワイト,B-BRAND I-BRAND I-BRAND I-BRAND I-BRAND I-BRAND I-BRAND O O O O O O B-COLOR I-COLOR I-COLOR I-COLOR O B-MODEL I-MODEL I-MODEL I-MODEL I-MODEL I-MODEL I-MODEL,ミドリワークス|P323-13|ホワイト
T02789,デイパックホワイトX82051シラユキ,シラユキ,X820-51,ホワイト,O O O O O B-COLOR I-COLOR I-COLOR I-COLOR B-MODEL I-MODEL I-MODEL I-MODEL I-MODEL I-MODEL B-BRAND I-BRAND I-BRAND I-BRAND,シラユキ|X820-51|ホワイト
T02790,《アウトレット》R48327 ブラック 掃除機,,R483-27,ブラック,O O O O O O O O B-MODEL I-MODEL I-MODEL I-MODEL I-MODEL I-MODEL O B-COLOR I-COLOR I-COLOR I-COLOR O O O O,|R483-27|ブラック
T02791,P44922冷蔵庫ホワイトミドリワークス,ミドリワークス,P449-22,ホワイト,B-MODEL I-MODEL I-MODEL I-MODEL I-MODEL I-MODEL O O O B-COLOR I-COLOR I-COLOR I-COLOR B-BRAND I-BRAND I-BRAND I-BRAND I-BRAND I-BRAND I-BRAND,ミドリワークス|P449-22|ホワイト
T02792,【送料無料】スニーカー ネイビー S45097,,S450-97,ネイビー,O O O O O O O O O O O O B-COLOR I-COLOR I-COLOR I-COLOR O B-MODEL I-MODEL I-MODEL I-MODEL I-MODEL I-MODEL,|S450-97|ネイビー
T02793,《アウトレット》グリーン 腕時計 B829-65 KURO,KURO,B829-65,グリーン,O O O O O O O O B-COLOR I-COLOR I-COLOR I-COLOR O O O O O B-MODEL I-MODEL I-MODEL I-MODEL I-MODEL I-MODEL I-MODEL O B-BRAND I-BRAND I-BRAND I-BRAND,KURO|B829-65|グリーン
T02794,グリーン Y67518 スニーカー,,Y675-18,グリーン,B-COLOR I-COLOR I-COLOR I-COLOR O B-MODEL I-MODEL I-MODEL I-MODEL I-MODEL I-MODEL O O O O O O,|Y675-18|グリーン
T02795,ブラック ゲンブ Ｙ８０５２４ ノートパソコン,ゲンブ,Y805-24,ブラック,B-COLOR I-COLOR I-COLOR I-COLOR O B-BRAND I-BRAND I-BRAND O B-MODEL I-MODEL I-MODEL I-MODEL I-MODEL I-MODEL O O O O O O O O,ゲンブ|Y805-24|ブラック
T02796,Ｌ３８９２５ レッド スニーカー シラユキ,シラユキ,L389-25,レッド,B-MODEL I-MODEL I-MODEL I-MODEL I-MODEL I-MODEL O B-COLOR I-COLOR I-COLOR O O O O O O O B-BRAND I-BRAND I-BRAND I-BRAND,シラユキ|L389-25|レッド
T02797,オオゾラD922-62掃除機ホワイト,オオゾラ,D922-62,ホワイト,B-BRAND I-BRAND I-BRAND I-BRAND B-MODEL I-MODEL I-MODEL I-MODEL I-MODEL I-MODEL I-MODEL O O O B-COLOR I-COLOR I-COLOR I-COLOR,オオゾラ|D922-62|ホワイト
T02798,F12414 ネイビー ミドリワークス デイパック,ミドリワークス,F124-14,ネイビー,B-MODEL I-MODEL I-MODEL I-MODEL I-MODEL I-MODEL O B-COLOR I-COLOR I-COLOR I-COLOR O B-BRAND I-BRAND I-BRAND I-BRAND I-BRAND I-BRAND I-BRAND O O O O O O,ミドリワークス|F124-14|ネイビー
T02799,シルバー アカネ電機 I838-86 冷蔵庫,アカネ電機,I838-86,シルバー,B-COLOR I-COLOR I-COLOR I-COLOR O B-BRAND I-BRAND I-BRAND I-BRAND I-BRAND O B-MODEL I-MODEL I-MODEL I-MODEL I-MODEL I-MODEL I-MODEL O O O O,アカネ電機|I838-86|シルバー
T02800,Q61411KUROスニーカーホワイト,KURO,Q614-11,ホワイト,B-MODEL I-MODEL I-MODEL I-MODEL I-MODEL I-MODEL B-BRAND I-BRAND I-BRAND I-BRAND O O O O O B-COLOR I-COLOR I-COLOR I-COLOR,KURO|Q614-11|ホワイト
T02801,スニーカー グリーン KURO Z763-22,KURO,Z763-22,グリーン,O O O O O O B-COLOR I-COLOR I-COLOR I-COLOR O B-BRAND I-BRAND I-BRAND I-BRAND O B-MODEL I-MODEL I-MODEL I-MODEL I-MODEL I-MODEL I-MODEL,KURO|Z763-22|グリーン
T02802,★新品未使用★Ｐ５７２－２２ ノースピーク デイパック ブラック,ノースピーク,P572-22,ブラック,O O O O O O O B-MODEL I-MODEL I-MODEL I-MODEL I-MODEL I-MODEL I-MODEL O B-BRAND I-BRAND I-BRAND I-BRAND I-BRAND I-BRAND O O O O O O O B-COLOR I-COLOR I-COLOR I-COLOR,ノースピーク|P572-22|ブラック
T02803,ミドリワークス ノートパソコン Z190-96 ネイビー,ミドリワークス,Z190-96,ネイビー,B-BRAND I-BRAND I-BRAND I-BRAND I-BRAND I-BRAND I-BRAND O O O O O O O O O B-MODEL I-MODEL I-MODEL I-MODEL I-MODEL I-MODEL I-MODEL O B-COLOR I-COLOR I-COLOR I-COLOR,ミドリワークス|Z190-96|ネイビー
T02804,《アウトレット》デイパック グリーン 151-51 オオゾラ,オオゾラ,D151-51,グリーン,O O O O O O O O O O O O O O B-COLOR I-COLOR I-COLOR I-COLOR O O O O O O O O B-BRAND I-BRAND I-BRAND I-BRAND,オオゾラ|D151-51|グリーン
T02805,T177-74 ネイビー イヤホン,,T177-74,ネイビー,B-MODEL I-MODEL I-MODEL I-MODEL I-MODEL I-MODEL I-MODEL O B-COLOR I-COLOR I-COLOR I-COLOR O O O O O,|T177-74|ネイビー
T02806,Ｉ６４７－５７ノースピークノートパソコンネイビー,ノースピーク,I647-57,ネイビー,B-MODEL I-MODEL I-MODEL I-MODEL I-MODEL I-MODEL I-MODEL B-BRAND I-BRAND I-BRAND I-BRAND I-BRAND I-BRAND O O O O O O O B-COLOR I-COLOR I-COLOR I-COLOR,ノースピーク|I647-57|ネイビー
T02807,スニーカー ノースピーク ワホイト B84098,ノースピーク,B840-98,ホワイト,O O O O O O B-BRAND I-BRAND I-BRAND I-BRAND I-BRAND I-BRAND O O O O O O B-MODEL I-MODEL I-MODEL I-MODEL I-MODEL I-MODEL,ノースピーク|B840-98|ホワイト
T02808,【即日発送】スニーカー Ｉ１３１１２ グリーン ゲンブ,ゲンブ,I131-12,グリーン,O O O O O O O O O O O O B-MODEL I-MODEL I-MODEL I-MODEL I-MODEL I-MODEL O B-COLOR I-COLOR I-COLOR I-COLOR O B-BRAND I-BRAND I-BRAND,ゲンブ|I131-12|グリーン
T02809,Ｂ５１２－５１ ホワイト ノートパソコン ノースピーク,ノースピーク,B512-51,ホワイト,B-MODEL I-MODEL I-MODEL I-MODEL I-MODEL I-MODEL I-MODEL O B-COLOR I-COLOR I-COLOR I-COLOR O O O O O O O O O B-BRAND I-BRAND I-BRAND I-BRAND I-BRAND I-BRAND,ノースピーク|B512-51|ホワイト
T02810,TSUBAKIデイパックG988-85シルバー,TSUBAKI,G988-85,シルバー,B-BRAND I-BRAND I-BRAND I-BRAND I-BRAND I-BRAND I-BRAND O O O O O B-MODEL I-MODEL I-MODEL I-MODEL I-MODEL I-MODEL I-MODEL B-COLOR I-COLOR I-COLOR I-COLOR,TSUBAKI|G988-85|シルバー
T02811,ミドリワークス ネイビー 掃除機 C66346,ミドリワークス,C663-46,ネイビー,B-BRAND I-BRAND I-BRAND I-BRAND I-BRAND I-BRAND I-BRAND O B-COLOR I-COLOR I-COLOR I-COLOR O O O O O B-MODEL I-MODEL I-MODEL I-MODEL I-MODEL I-MODEL,ミドリワークス|C663-46|ネイビー
T02812,シラユキK60488イヤホンネイビー,シラユキ,K604-88,ネイビー,B-BRAND I-BRAND I-BRAND I-BRAND B-MODEL I-MODEL I-MODEL I-MODEL I-MODEL I-MODEL O O O O B-COLOR I-COLOR I-COLOR I-COLOR,シラユキ|K604-88|ネイビー
T02813,X86750 腕時計 ブラック オオゾラ,オオゾラ,X867-50,ブラック,B-MODEL I-MODEL I-MODEL I-MODEL I-MODEL I-MODEL O O O O O B-COLOR I-COLOR I-COLOR I-COLOR O B-BRAND I-BRAND I-BRAND I-BRAND,オオゾラ|X867-50|ブラック
T02814,H805-20 ソライロ イヤホン ブラック,ソライロ,H805-20,ブラック,B-MODEL I-MODEL I-MODEL I-MODEL I-MODEL I-MODEL I-MODEL O B-BRAND I-BRAND I-BRAND I-BRAND O O O O O O B-COLOR I-COLOR I-COLOR I-COLOR,ソライロ|H805-20|ブラック
T02815,KURO 冷蔵庫 ホワイト C933-78,KURO,C933-78,ホワイト,B-BRAND I-BRAND I-BRAND I-BRAND O O O O O B-COLOR I-COLOR I-COLOR I-COLOR O B-MODEL I-MODEL I-MODEL I-MODEL I-MODEL I-MODEL I-MODEL,KURO|C933-78|ホワイト
T02816,グリーン 冷蔵庫 J582-51 シラユキ,シラユキ,J582-51,グリーン,B-COLOR I-COLOR I-COLOR I-COLOR O O O O O B-MODEL I-MODEL I-MODEL I-MODEL I-MODEL I-MODEL I-MODEL O B-BRAND I-BRAND I-BRAND I-BRAND,シラユキ|J582-51|グリーン
T02817,スニーカーレッドゲンブD719-62,ゲンブ,D719-62,レッド,O O O O O B-COLOR I-COLOR I-COLOR B-BRAND I-BRAND I-BRAND B-MODEL I-MODEL I-MODEL I-MODEL I-MODEL I-MODEL I-MODEL,ゲンブ|D719-62|レッド
T02818,シルバーハヤブサノートパソコンL495-38,ハヤブサ,L495-38,シルバー,B-COLOR I-COLOR I-COLOR I-COLOR B-BRAND I-BRAND I-BRAND I-BRAND O O O O O O O B-MODEL I-MODEL I-MODEL I-MODEL I-MODEL I-MODEL I-MODEL,ハヤブサ|L495-38|シルバー
T02819,【即日発送】シラユキ スニーカー U96145 シルバー,シラユキ,U961-45,シルバー,O O O O O O B-BRAND I-BRAND I-BRAND I-BRAND O O O O O O O B-MODEL I-MODEL I-MODEL I-MODEL I-MODEL I-MODEL O B-COLOR I-COLOR I-COLOR I-COLOR,シラユキ|U961-45|シルバー
T02820,腕計 シルバー E395-68,,E395-68,シルバー,O O O B-COLOR I-COLOR I-COLOR I-COLOR O B-MODEL I-MODEL I-MODEL I-MODEL I-MODEL I-MODEL I-MODEL,|E395-68|シルバー
T02821,《アウトレット》H63715ネイビー冷蔵庫ゲンブ,ゲンブ,H637-15,ネイビー,O O O O O O O O B-MODEL I-MODEL I-MODEL I-MODEL I-MODEL I-MODEL B-COLOR I-COLOR I-COLOR I-COLOR O O O B-BRAND I-BRAND I-BRAND,ゲンブ|H637-15|ネイビー
T02822,ソライロ ホワイト N135-32 ノートパソコン,ソライロ,N135-32,ホワイト,B-BRAND I-BRAND I-BRAND I-BRAND O B-COLOR I-COLOR I-COLOR I-COLOR O B-MODEL I-MODEL I-MODEL I-MODEL I-MODEL I-MODEL I-MODEL O O O O O O O O,ソライロ|N135-32|ホワイト
T02823,イヤホングリーンQ50687ノースピーク,ノースピーク,Q506-87,グリーン,O O O O B-COLOR I-COLOR I-COLOR I-COLOR B-MODEL I-MODEL I-MODEL I-MODEL I-MODEL I-MODEL B-BRAND I-BRAND I-BRAND I-BRAND I-BRAND I-BRAND,ノースピーク|Q506-87|グリーン
T02824,シルバー H59370 掃除機 オオゾラ,オオゾラ,H593-70,シルバー,B-COLOR I-COLOR I-COLOR I-COLOR O B-MODEL I-MODEL I-MODEL I-MODEL I-MODEL I-MODEL O O O O O B-BRAND I-BRAND I-BRAND I-BRAND,オオゾラ|H593-70|シルバー
T02825,K435-97オオゾラレッド掃除機,オオゾラ,K435-97,レッド,B-MODEL I-MODEL I-MODEL I-MODEL I-MODEL I-MODEL I-MODEL B-BRAND I-BRAND I-BRAND I-BRAND B-COLOR I-COLOR I-COLOR O O O,オオゾラ|K435-97|レッド
T02826,【送料無料】イヤホン Q618-72 ソライロ ホワイト,ソライロ,Q618-72,ホワイト,O O O O O O O O O O O B-MODEL I-MODEL I-MODEL I-MODEL I-MODEL I-MODEL I-MODEL O B-BRAND I-BRAND I-BRAND I-BRAND O B-COLOR I-COLOR I-COLOR I-COLOR,ソライロ|Q618-72|ホワイト
T02827,I647-20 洗濯機 シラユキ ホワイト,シラユキ,I647-20,ホワイト,B-MODEL I-MODEL I-MODEL I-MODEL I-MODEL I-MODEL I-MODEL O O O O O B-BRAND I-BRAND I-BRAND I-BRAND O B-COLOR I-COLOR I-COLOR I-COLOR,シラユキ|I647-20|ホワイト
T02828,【送料無料】ゲンブ イヤホン X88134 グリーン,ゲンブ,X881-34,グリーン,O O O O O O B-BRAND I-BRAND I-BRAND O O O O O O B-MODEL I-MODEL I-MODEL I-MODEL I-MODEL I-MODEL O B-COLOR I-COLOR I-COLOR I-COLOR,ゲンブ|X881-34|グリーン
T02829,KURO掃除機B410-58ネイビー,KURO,B410-58,ネイビー,B-BRAND I-BRAND I-BRAND I-BRAND O O O B-MODEL I-MODEL I-MODEL I-MODEL I-MODEL I-MODEL I-MODEL B-COLOR I-COLOR I-COLOR I-COLOR,KURO|B410-58|ネイビー
T02830,V620-83 レッド ソライロ 腕時計,ソライロ,V620-83,レッド,B-MODEL I-MODEL I-MODEL I-MODEL I-MODEL I-MODEL I-MODEL O B-COLOR I-COLOR I-COLOR O B-BRAND I-BRAND I-BRAND I-BRAND O O O O,ソライロ|V620-83|レッド
T02831,グリーン ソライロ 掃除機 Ｋ４９５－３２,ソライロ,K495-32,グリーン,B-COLOR I-COLOR I-COLOR I-COLOR O B-BRAND I-BRAND I-BRAND I-BRAND O O O O O B-MODEL I-MODEL I-MODEL I-MODEL I-MODEL I-MODEL I-MODEL,ソライロ|K495-32|グリーン
T02832,デイパックノースピークリーンV655-67,ノースピーク,V655-67,グリーン,O O O O O B-BRAND I-BRAND I-BRAND I-BRAND I-BRAND I-BRAND O O O B-MODEL I-MODEL I-MODEL I-MODEL I-MODEL I-MODEL I-MODEL,ノースピーク|V655-67|グリーン
T02833,【即日発送】ネイビーE995-88ソライノートパソコン,ソライロ,E995-88,ネイビー,O O O O O O B-COLOR I-COLOR I-COLOR I-COLOR B-MODEL I-MODEL I-MODEL I-MODEL I-MODEL I-MODEL I-MODEL O O O O O O O O O O,ソライロ|E995-88|ネイビー
T02834,Ｖ８６０－４４ ノートパソコン アカネ電機 ブラック,アカネ電機,V860-44,ブラック,B-MODEL I-MODEL I-MODEL I-MODEL I-MODEL I-MODEL I-MODEL O O O O O O O O O B-BRAND I-BRAND I-BRAND I-BRAND I-BRAND O B-COLOR I-COLOR I-COLOR I-COLOR,アカネ電機|V860-44|ブラック
T02835,ゲンブ 掃除機 B235-39 レッド,ゲンブ,B235-39,レッド,B-BRAND I-BRAND I-BRAND O O O O O B-MODEL I-MODEL I-MODEL I-MODEL I-MODEL I-MODEL I-MODEL O B-COLOR I-COLOR I-COLOR,ゲンブ|B235-39|レッド
T02836,グリーンＮ８１９８８ソライロイヤホン,ソライロ,N819-88,グリーン,B-COLOR I-COLOR I-COLOR I-COLOR B-MODEL I-MODEL I-MODEL I-MODEL I-MODEL I-MODEL B-BRAND I-BRAND I-BRAND I-BRAND O O O O,ソライロ|N819-88|グリーン
T02837,シルバー スニーカー O541-92,,O541-92,シルバー,B-COLOR I-COLOR I-COLOR I-COLOR O O O O O O O B-MODEL I-MODEL I-MODEL I-MODEL I-MODEL I-MODEL I-MODEL,|O541-92|シルバー
T02838,アカネ電機 Ｎ４５０６５ グリーン スニーカー,アカネ電機,N450-65,グリーン,B-BRAND I-BRAND I-BRAND I-BRAND I-BRAND O B-MODEL I-MODEL I-MODEL I-MODEL I-MODEL I-MODEL O B-COLOR I-COLOR I-COLOR I-COLOR O O O O O O,アカネ電機|N450-65|グリーン
T02839,【送料無料】オオゾラスニーカーシルバーD50474,オオゾラ,D504-74,シルバー,O O O O O O B-BRAND I-BRAND I-BRAND I-BRAND O O O O O B-COLOR I-COLOR I-COLOR I-COLOR B-MODEL I-MODEL I-MODEL I-MODEL I-MODEL I-MODEL,オオゾラ|D504-74|シルバー
T02840,◆正規品◆イヤホンハヤブサL242-81ネイビー,ハヤブサ,L242-81,ネイビー,O O O O O O O O O B-BRAND I-BRAND I-BRAND I-BRAND B-MODEL I-MODEL I-MODEL I-MODEL I-MODEL I-MODEL I-MODEL B-COLOR I-COLOR I-COLOR I-COLOR,ハヤブサ|L242-81|ネイビー
T02841,Ｖ７８６－３２ ネイビー ノースピーク イヤホン,ノースピーク,V786-32,ネイビー,B-MODEL I-MODEL I-MODEL I-MODEL I-MODEL I-MODEL I-MODEL O B-COLOR I-COLOR I-COLOR I-COLOR O B-BRAND I-BRAND I-BRAND I-BRAND I-BRAND I-BRAND O O O O O,ノースピーク|V786-32|ネイビー
T02842,ゲンブ ノートパソコン M52160 シルバー,ゲンブ,M521-60,シルバー,B-BRAND I-BRAND I-BRAND O O O O O O O O O B-MODEL I-MODEL I-MODEL I-MODEL I-MODEL I-MODEL O B-COLOR I-COLOR I-COLOR I-COLOR,ゲンブ|M521-60|シルバー
T02843,V607-42 ソライロ 腕時計 ネイビー,ソライロ,V607-42,ネイビー,B-MODEL I-MODEL I-MODEL I-MODEL I-MODEL I-MODEL I-MODEL O B-BRAND I-BRAND I-BRAND I-BRAND O O O O O B-COLOR I-COLOR I-COLOR I-COLOR,ソライロ|V607-42|ネイビー
T02844,グリーン O936-95 ソライロ 腕時計,ソライロ,O936-95,グリーン,B-COLOR I-COLOR I-COLOR I-COLOR O B-MODEL I-MODEL I-MODEL I-MODEL I-MODEL I-MODEL I-MODEL O B-BRAND I-BRAND I-BRAND I-BRAND O O O O,ソライロ|O936-95|グリーン
T02845,【送料無料】掃除機TSUBAKIW551-53ブラック,TSUBAKI,W551-53,ブラック,O O O O O O O O O B-BRAND I-BRAND I-BRAND I-BRAND I-BRAND I-BRAND I-BRAND B-MODEL I-MODEL I-MODEL I-MODEL I-MODEL I-MODEL I-MODEL B-COLOR I-COLOR I-COLOR I-COLOR,TSUBAKI|W551-53|ブラック
T02846,《アウトレット》ノースピーク デイパック W540-38 ブラック,ノースピーク,W540-38,ブラック,O O O O O O O O B-BRAND I-BRAND I-BRAND I-BRAND I-BRAND I-BRAND O O O O O O O B-MODEL I-MODEL I-MODEL I-MODEL I-MODEL I-MODEL I-MODEL O B-COLOR I-COLOR I-COLOR I-COLOR,ノースピーク|W540-38|ブラック
T02847,【送料無料】レッド ソライロ イヤホン G449-59,ソライロ,G449-59,レッド,O O O O O O B-COLOR I-COLOR I-COLOR O B-BRAND I-BRAND I-BRAND I-BRAND O O O O O O B-MODEL I-MODEL I-MODEL I-MODEL I-MODEL I-MODEL I-MODEL,ソライロ|G449-59|レッド
T02848,デイパック ソライロ G18272 ブラック,ソライロ,G182-72,ブラック,O O O O O O B-BRAND I-BRAND I-BRAND I-BRAND O B-MODEL I-MODEL I-MODEL I-MODEL I-MODEL I-MODEL O B-COLOR I-COLOR I-COLOR I-COLOR,ソライロ|G182-72|ブラック
T02849,洗濯機 ブラック S31963 ノースピーク,ノースピーク,S319-63,ブラック,O O O O B-COLOR I-COLOR I-COLOR I-COLOR O B-MODEL I-MODEL I-MODEL I-MODEL I-MODEL I-MODEL O B-BRAND I-BRAND I-BRAND I-BRAND I-BRAND I-BRAND,ノースピーク|S319-63|ブラック
T02850,スニーカー ネイビー ソライロ V33336,ソライロ,V333-36,ネイビー,O O O O O O B-COLOR I-COLOR I-COLOR I-COLOR O B-BRAND I-BRAND I-BRAND I-BRAND O B-MODEL I-MODEL I-MODEL I-MODEL I-MODEL I-MODEL,ソライロ|V333-36|ネイビー
T02851,オオゾラネイビー腕時計Ｘ８９１－７１,オオゾラ,X891-71,ネイビー,B-BRAND I-BRAND I-BRAND I-BRAND B-COLOR I-COLOR I-COLOR I-COLOR O O O B-MODEL I-MODEL I-MODEL I-MODEL I-MODEL I-MODEL I-MODEL,オオゾラ|X891-71|ネイビー
T02852,E321-82 レッド デイパック ソライロ,ソライロ,E321-82,レッド,B-MODEL I-MODEL I-MODEL I-MODEL I-MODEL I-MODEL I-MODEL O B-COLOR I-COLOR I-COLOR O O O O O O O B-BRAND I-BRAND I-BRAND I-BRAND,ソライロ|E321-82|レッド
T02853,腕時計 ホワイト ハヤブサ N615-95,ハヤブサ,N615-95,ホワイト,O O O O B-COLOR I-COLOR I-COLOR I-COLOR O B-BRAND I-BRAND I-BRAND I-BRAND O B-MODEL I-MODEL I-MODEL I-MODEL I-MODEL I-MODEL I-MODEL,ハヤブサ|N615-95|ホワイト
T02854,イヤホン ノースピーク Ｄ３５９－１３ シルバー,ノースピーク,D359-13,シルバー,O O O O O B-BRAND I-BRAND I-BRAND I-BRAND I-BRAND I-BRAND O B-MODEL I-MODEL I-MODEL I-MODEL I-MODEL I-MODEL I-MODEL O B-COLOR I-COLOR I-COLOR I-COLOR,ノースピーク|D359-13|シルバー
T02855,【即日発送】ハヤブサ 掃除機 D336-77 レッド,ハヤブサ,D336-77,レッド,O O O O O O B-BRAND I-BRAND I-BRAND I-BRAND O O O O O B-MODEL I-MODEL I-MODEL I-MODEL I-MODEL I-MODEL I-MODEL O B-COLOR I-COLOR I-COLOR,ハヤブサ|D336-77|レッド
T02856,★新品未使用★冷蔵庫P77362レッド,,P773-62,レッド,O O O O O O O O O O B-MODEL I-MODEL I-MODEL I-MODEL I-MODEL I-MODEL B-COLOR I-COLOR I-COLOR,|P773-62|レッド
T02857,デイパックグリーンC819-95KURO,KURO,C819-95,グリーン,O O O O O B-COLOR I-COLOR I-COLOR I-COLOR B-MODEL I-MODEL I-MODEL I-MODEL I-MODEL I-MODEL I-MODEL B-BRAND I-BRAND I-BRAND I-BRAND,KURO|C819-95|グリーン
T02858,《アウトレット》レッド ソライロ ノートパソコン I156-68,ソライロ,I156-68,レッド,O O O O O O O O B-COLOR I-COLOR I-COLOR O B-BRAND I-BRAND I-BRAND I-BRAND O O O O O O O O O B-MODEL I-MODEL I-MODEL I-MODEL I-MODEL I-MODEL I-MODEL,ソライロ|I156-68|レッド
T02859,イヤホン ミドリワークス ブラック C624-51,ミドリワークス,C624-51,ブラック,O O O O O B-BRAND I-BRAND I-BRAND I-BRAND I-BRAND I-BRAND I-BRAND O B-COLOR I-COLOR I-COLOR I-COLOR O B-MODEL I-MODEL I-MODEL I-MODEL I-MODEL I-MODEL I-MODEL,ミドリワークス|C624-51|ブラック
T02860,★新品未使用★レッド ソライロ K10887 イヤホン,ソライロ,K108-87,レッド,O O O O O O O B-COLOR I-COLOR I-COLOR O B-BRAND I-BRAND I-BRAND I-BRAND O B-MODEL I-MODEL I-MODEL I-MODEL I-MODEL I-MODEL O O O O O,ソライロ|K108-87|レッド
T02861,《アウトレット》冷蔵庫 ブラック G31134 ノースピーク,ノースピーク,G311-34,ブラック,O O O O O O O O O O O O B-COLOR I-COLOR I-COLOR I-COLOR O B-MODEL I-MODEL I-MODEL I-MODEL I-MODEL I-MODEL O B-BRAND I-BRAND I-BRAND I-BRAND I-BRAND I-BRAND,ノースピーク|G311-34|ブラック
T02862,ノースピーク 掃除機 レッド F580-84,ノースピーク,F580-84,レッド,B-BRAND I-BRAND I-BRAND I-BRAND I-BRAND I-BRAND O O O O O B-COLOR I-COLOR I-COLOR O B-MODEL I-MODEL I-MODEL I-MODEL I-MODEL I-MODEL I-MODEL,ノースピーク|F580-84|レッド
T02863,G740-34 ミドリワークス レッド 腕時計,ミドリワークス,G740-34,レッド,B-MODEL I-MODEL I-MODEL I-MODEL I-MODEL I-MODEL I-MODEL O B-BRAND I-BRAND I-BRAND I-BRAND I-BRAND I-BRAND I-BRAND O B-COLOR I-COLOR I-COLOR O O O O,ミドリワークス|G740-34|レッド
T02864,ブラック イヤホン ミドリワークス X34836,ミドリワークス,X348-36,ブラック,B-COLOR I-COLOR I-COLOR I-COLOR O O O O O O B-BRAND I-BRAND I-BRAND I-BRAND I-BRAND I-BRAND I-BRAND O B-MODEL I-MODEL I-MODEL I-MODEL I-MODEL I-MODEL,ミドリワークス|X348-36|ブラック
T02865,【即日発送】グリーン ノースピーク デイパック ６３５－１３,ノースピーク,J635-13,グリーン,O O O O O O B-COLOR I-COLOR I-COLOR I-COLOR O B-BRAND I-BRAND I-BRAND I-BRAND I-BRAND I-BRAND O O O O O O O O O O O O O,ノースピーク|J635-13|グリーン
T02866,TSUBAKI ネイビー Ｒ３４６５８ 腕時計,TSUBAKI,R346-58,ネイビー,B-BRAND I-BRAND I-BRAND I-BRAND I-BRAND I-BRAND I-BRAND O B-COLOR I-COLOR I-COLOR I-COLOR O B-MODEL I-MODEL I-MODEL I-MODEL I-MODEL I-MODEL O O O O,TSUBAKI|R346-58|ネイビー
T02867,レッド Ｈ４５７－５４ ノートパソコン,,H457-54,レッド,B-COLOR I-COLOR I-COLOR O B-MODEL I-MODEL I-MODEL I-MODEL I-MODEL I-MODEL I-MODEL O O O O O O O O,|H457-54|レッド
T02868,【送料無料】ネイビー オオゾラ Ｗ５８７－８５ 冷蔵庫,オオゾラ,W587-85,ネイビー,O O O O O O B-COLOR I-COLOR I-COLOR I-COLOR O B-BRAND I-BRAND I-BRAND I-BRAND O B-MODEL I-MODEL I-MODEL I-MODEL I-MODEL I-MODEL I-MODEL O O O O,オオゾラ|W587-85|ネイビー
T02869,イヤホン レッド アカネ電機 Ｘ１７５－８３,アカネ電機,X175-83,レッド,O O O O O B-COLOR I-COLOR I-COLOR O B-BRAND I-BRAND I-BRAND I-BRAND I-BRAND O B-MODEL I-MODEL I-MODEL I-MODEL I-MODEL I-MODEL I-MODEL,アカネ電機|X175-83|レッド
T02870,洗濯機 シルバー Ｒ２３０－２４ シラユキ,シラユキ,R230-24,シルバー,O O O O B-COLOR I-COLOR I-COLOR I-COLOR O B-MODEL I-MODEL I-MODEL I-MODEL I-MODEL I-MODEL I-MODEL O B-BRAND I-BRAND I-BRAND I-BRAND,シラユキ|R230-24|シルバー
T02871,【即日発送】TSUBAKI ホワイト 腕時計 A70725,TSUBAKI,A707-25,ホワイト,O O O O O O B-BRAND I-BRAND I-BRAND I-BRAND I-BRAND I-BRAND I-BRAND O B-COLOR I-COLOR I-COLOR I-COLOR O O O O O B-MODEL I-MODEL I-MODEL I-MODEL I-MODEL I-MODEL,TSUBAKI|A707-25|ホワイト
T02872,X837-90 アカネ電機 デイパック グリーン,アカネ電機,X837-90,グリーン,B-MODEL I-MODEL I-MODEL I-MODEL I-MODEL I-MODEL I-MODEL O B-BRAND I-BRAND I-BRAND I-BRAND I-BRAND O O O O O O O B-COLOR I-COLOR I-COLOR I-COLOR,アカネ電機|X837-90|グリーン
T02873,レッド イヤホン J101-59 ハヤブサ,ハヤブサ,J101-59,レッド,B-COLOR I-COLOR I-COLOR O O O O O O B-MODEL I-MODEL I-MODEL I-MODEL I-MODEL I-MODEL I-MODEL O B-BRAND I-BRAND I-BRAND I-BRAND,ハヤブサ|J101-59|レッド
T02874,イヤホンＩ９９５４８ネイビーゲンブ,ゲンブ,I995-48,ネイビー,O O O O B-MODEL I-MODEL I-MODEL I-MODEL I-MODEL I-MODEL B-COLOR I-COLOR I-COLOR I-COLOR B-BRAND I-BRAND I-BRAND,ゲンブ|I995-48|ネイビー
T02875,【即日発送】レッド 洗濯機 Ａ９７９４１,,A979-41,レッド,O O O O O O B-COLOR I-COLOR I-COLOR O O O O O B-MODEL I-MODEL I-MODEL I-MODEL I-MODEL I-MODEL,|A979-41|レッド
T02876,D272-82ミドリワークスブラックデイパック,ミドリワークス,D272-82,ブラック,B-MODEL I-MODEL I-MODEL I-MODEL I-MODEL I-MODEL I-MODEL B-BRAND I-BRAND I-BRAND I-BRAND I-BRAND I-BRAND I-BRAND B-COLOR I-COLOR I-COLOR I-COLOR O O O O O,ミドリワークス|D272-82|ブラック
T02877,V127-56シルバー掃除機シラユキ,シラユキ,V127-56,シルバー,B-MODEL I-MODEL I-MODEL I-MODEL I-MODEL I-MODEL I-MODEL B-COLOR I-COLOR I-COLOR I-COLOR O O O B-BRAND I-BRAND I-BRAND I-BRAND,シラユキ|V127-56|シルバー
T02878,Z549-18 イヤホン ソライロ ネイビー,ソライロ,Z549-18,ネイビー,B-MODEL I-MODEL I-MODEL I-MODEL I-MODEL I-MODEL I-MODEL O O O O O O B-BRAND I-BRAND I-BRAND I-BRAND O B-COLOR I-COLOR I-COLOR I-COLOR,ソライロ|Z549-18|ネイビー
T02879,TSUBAKIブラック洗濯機Ｃ５１７－６５,TSUBAKI,C517-65,ブラック,B-BRAND I-BRAND I-BRAND I-BRAND I-BRAND I-BRAND I-BRAND B-COLOR I-COLOR I-COLOR I-COLOR O O O B-MODEL I-MODEL I-MODEL I-MODEL I-MODEL I-MODEL I-MODEL,TSUBAKI|C517-65|ブラック
T02880,シルバー オオゾラ F893-93 冷蔵庫,オオゾラ,F893-93,シルバー,B-COLOR I-COLOR I-COLOR I-COLOR O B-BRAND I-BRAND I-BRAND I-BRAND O B-MODEL I-MODEL I-MODEL I-MODEL I-MODEL I-MODEL I-MODEL O O O O,オオゾラ|F893-93|シルバー
T02881,スニーカーレッドM827-36,,M827-36,レッド,O O O O O B-COLOR I-COLOR I-COLOR B-MODEL I-MODEL I-MODEL I-MODEL I-MODEL I-MODEL I-MODEL,|M827-36|レッド
T02882,【即日発送】シルバーハヤブサN19294腕時計,ハヤブサ,N192-94,シルバー,O O O O O O B-COLOR I-COLOR I-COLOR I-COLOR B-BRAND I-BRAND I-BRAND I-BRAND B-MODEL I-MODEL I-MODEL I-MODEL I-MODEL I-MODEL O O O,ハヤブサ|N192-94|シルバー
T02883,S802-46ゲンブシルバーノートパソコン,ゲンブ,S802-46,シルバー,B-MODEL I-MODEL I-MODEL I-MODEL I-MODEL I-MODEL I-MODEL B-BRAND I-BRAND I-BRAND B-COLOR I-COLOR I-COLOR I-COLOR O O O O O O O,ゲンブ|S802-46|シルバー
T02884,掃除機 Ａ８４３５０ グリーン,,A843-50,グリーン,O O O O B-MODEL I-MODEL I-MODEL I-MODEL I-MODEL I-MODEL O B-COLOR I-COLOR I-COLOR I-COLOR,|A843-50|グリーン
T02885,【即日発送】F602-16デイパックハヤブサホワイト,ハヤブサ,F602-16,ホワイト,O O O O O O B-MODEL I-MODEL I-MODEL I-MODEL I-MODEL I-MODEL I-MODEL O O O O O B-BRAND I-BRAND I-BRAND I-BRAND B-COLOR I-COLOR I-COLOR I-COLOR,ハヤブサ|F602-16|ホワイト
T02886,【即日発送】C764-19 腕時計 ネイビー,,C764-19,ネイビー,O O O O O O B-MODEL I-MODEL I-MODEL I-MODEL I-MODEL I-MODEL I-MODEL O O O O O B-COLOR I-COLOR I-COLOR I-COLOR,|C764-19|ネイビー
T02887,イヤホンQ912-2ブ1ラック,,Q912-21,ブラック,O O O O O O O O O O O O O O O,|Q912-21|ブラック
T02888,◆正規品◆ホワイト 洗濯機 T69221 アカネ電機,アカネ電機,T692-21,ホワイト,O O O O O B-COLOR I-COLOR I-COLOR I-COLOR O O O O O B-MODEL I-MODEL I-MODEL I-MODEL I-MODEL I-MODEL O B-BRAND I-BRAND I-BRAND I-BRAND I-BRAND,アカネ電機|T692-21|ホワイト
T02889,ホワイト I762-19 KURO デイパック,KURO,I762-19,ホワイト,B-COLOR I-COLOR I-COLOR I-COLOR O B-MODEL I-MODEL I-MODEL I-MODEL I-MODEL I-MODEL I-MODEL O B-BRAND I-BRAND I-BRAND I-BRAND O O O O O O,KURO|I762-19|ホワイト
T02890,Ｙ６３５－８８イヤホン ハヤブサ ブラック,ハヤブサ,Y635-88,ブラック,B-MODEL I-MODEL I-MODEL I-MODEL I-MODEL I-MODEL I-MODEL O O O O O B-BRAND I-BRAND I-BRAND I-BRAND O B-COLOR I-COLOR I-COLOR I-COLOR,ハヤブサ|Y635-88|ブラック
T02891,ノートパソコンシラユキH788-80ネイビー,シラユキ,H788-80,ネイビー,O O O O O O O B-BRAND I-BRAND I-BRAND I-BRAND B-MODEL I-MODEL I-MODEL I-MODEL I-MODEL I-MODEL I-MODEL B-COLOR I-COLOR I-COLOR I-COLOR,シラユキ|H788-80|ネイビー
T02892,《アウトレット》グリーン シラキ X162-42 洗濯機,シラユキ,X162-42,グリーン,O O O O O O O O B-COLOR I-COLOR I-COLOR I-COLOR O O O O O B-MODEL I-MODEL I-MODEL I-MODEL I-MODEL I-MODEL I-MODEL O O O O,シラユキ|X162-42|グリーン
T02893,N373-52シルバーオオゾラ冷蔵庫,オオゾラ,N373-52,シルバー,B-MODEL I-MODEL I-MODEL I-MODEL I-MODEL I-MODEL I-MODEL B-COLOR I-COLOR I-COLOR I-COLOR B-BRAND I-BRAND I-BRAND I-BRAND O O O,オオゾラ|N373-52|シルバー
T02894,ホワイト KURO V469-53 洗濯機,KURO,V469-53,ホワイト,B-COLOR I-COLOR I-COLOR I-COLOR O B-BRAND I-BRAND I-BRAND I-BRAND O B-MODEL I-MODEL I-MODEL I-MODEL I-MODEL I-MODEL I-MODEL O O O O,KURO|V469-53|ホワイト
T02895,グリーン KURO R829-90 洗濯機,KURO,R829-90,グリーン,B-COLOR I-COLOR I-COLOR I-COLOR O B-BRAND I-BRAND I-BRAND I-BRAND O B-MODEL I-MODEL I-MODEL I-MODEL I-MODEL I-MODEL I-MODEL O O O O,KURO|R829-90|グリーン
T02896,ハヤブサ洗濯機グリーンL19353,ハヤブサ,L193-53,グリーン,B-BRAND I-BRAND I-BRAND I-BRAND O O O B-COLOR I-COLOR I-COLOR I-COLOR B-MODEL I-MODEL I-MODEL I-MODEL I-MODEL I-MODEL,ハヤブサ|L193-53|グリーン
T02897,ミドリワークス ネイビー ノートパソコン K98841,ミドリワークス,K988-41,ネイビー,B-BRAND I-BRAND I-BRAND I-BRAND I-BRAND I-BRAND I-BRAND O B-COLOR I-COLOR I-COLOR I-COLOR O O O O O O O O O B-MODEL I-MODEL I-MODEL I-MODEL I-MODEL I-MODEL,ミドリワークス|K988-41|ネイビー
T02898,TSUBAKI Ｆ３３４６５ 腕時計 ネイビー,TSUBAKI,F334-65,ネイビー,B-BRAND I-BRAND I-BRAND I-BRAND I-BRAND I-BRAND I-BRAND O B-MODEL I-MODEL I-MODEL I-MODEL I-MODEL I-MODEL O O O O O B-COLOR I-COLOR I-COLOR I-COLOR,TSUBAKI|F334-65|ネイビー
T02899,洗濯機 ンブ レッド U703-67,ゲンブ,U703-67,レッド,O O O O O O O B-COLOR I-COLOR I-COLOR O B-MODEL I-MODEL I-MODEL I-MODEL I-MODEL I-MODEL I-MODEL,ゲンブ|U703-67|レッド
T02900,ブラッ 掃除機 O556-36,,O556-36,ブラック,O O O O O O O O B-MODEL I-MODEL I-MODEL I-MODEL I-MODEL I-MODEL I-MODEL,|O556-36|ブラック
T02901,★新品未使用★イヤホン ミドリワークス ネイビー J823-36,ミドリワークス,J823-36,ネイビー,O O O O O O O O O O O O B-BRAND I-BRAND I-BRAND I-BRAND I-BRAND I-BRAND I-BRAND O B-COLOR I-COLOR I-COLOR I-COLOR O B-MODEL I-MODEL I-MODEL I-MODEL I-MODEL I-MODEL I-MODEL,ミドリワークス|J823-36|ネイビー
T02902,Ｓ６６５７２ブラックアカネ電機冷蔵庫,アカネ電機,S665-72,ブラック,B-MODEL I-MODEL I-MODEL I-MODEL I-MODEL I-MODEL B-COLOR I-COLOR I-COLOR I-COLOR B-BRAND I-BRAND I-BRAND I-BRAND I-BRAND O O O,アカネ電機|S665-72|ブラック
T02903,ネイビー TSUBAKI E324-51 デイパック,TSUBAKI,E324-51,ネイビー,B-COLOR I-COLOR I-COLOR I-COLOR O B-BRAND I-BRAND I-BRAND I-BRAND I-BRAND I-BRAND I-BRAND O B-MODEL I-MODEL I-MODEL I-MODEL I-MODEL I-MODEL I-MODEL O O O O O O,TSUBAKI|E324-51|ネイビー
T02904,Ａ１８２７１ アカネ電機 ホワイト 冷蔵庫,アカネ電機,A182-71,ホワイト,B-MODEL I-MODEL I-MODEL I-MODEL I-MODEL I-MODEL O B-BRAND I-BRAND I-BRAND I-BRAND I-BRAND O B-COLOR I-COLOR I-COLOR I-COLOR O O O O,アカネ電機|A182-71|ホワイト
T02905,ノートパソコン アカネ電機 ネイビー Ｑ８７７７５,アカネ電機,Q877-75,ネイビー,O O O O O O O O B-BRAND I-BRAND I-BRAND I-BRAND I-BRAND O B-COLOR I-COLOR I-COLOR I-COLOR O B-MODEL I-MODEL I-MODEL I-MODEL I-MODEL I-MODEL,アカネ電機|Q877-75|ネイビー
T02906,ブラックD63326スニーカーシラユキ,シラユキ,D633-26,ブラック,B-COLOR I-COLOR I-COLOR I-COLOR B-MODEL I-MODEL I-MODEL I-MODEL I-MODEL I-MODEL O O O O O B-BRAND I-BRAND I-BRAND I-BRAND,シラユキ|D633-26|ブラック
T02907,★新品未使用★P202-88 グリーン デイパック,,P202-88,グリーン,O O O O O O O B-MODEL I-MODEL I-MODEL I-MODEL I-MODEL I-MODEL I-MODEL O B-COLOR I-COLOR I-COLOR I-COLOR O O O O O O,|P202-88|グリーン
T02908,H73080ブラックTSUBAKIイヤホン,TSUBAKI,H730-80,ブラック,B-MODEL I-MODEL I-MODEL I-MODEL I-MODEL I-MODEL B-COLOR I-COLOR I-COLOR I-COLOR B-BRAND I-BRAND I-BRAND I-BRAND I-BRAND I-BRAND I-BRAND O O O O,TSUBAKI|H730-80|ブラック
T02909,【即日発送】シラユキ Ｕ８２０－９０ スニーカー グリーン,シラユキ,U820-90,グリーン,O O O O O O B-BRAND I-BRAND I-BRAND I-BRAND O B-MODEL I-MODEL I-MODEL I-MODEL I-MODEL I-MODEL I-MODEL O O O O O O O B-COLOR I-COLOR I-COLOR I-COLOR,シラユキ|U820-90|グリーン
T02910,腕時計 ブラック ミドリワークス B84267,ミドリワークス,B842-67,ブラック,O O O O B-COLOR I-COLOR I-COLOR I-COLOR O B-BRAND I-BRAND I-BRAND I-BRAND I-BRAND I-BRAND I-BRAND O B-MODEL I-MODEL I-MODEL I-MODEL I-MODEL I-MODEL,ミドリワークス|B842-67|ブラック
T02911,【即日発送アカネ電機N60052洗濯機ネイビー,アカネ電機,N600-52,ネイビー,O O O O O B-BRAND I-BRAND I-BRAND I-BRAND I-BRAND B-MODEL I-MODEL I-MODEL I-MODEL I-MODEL I-MODEL O O O B-COLOR I-COLOR I-COLOR I-COLOR,アカネ電機|N600-52|ネイビー
T02912,★新品未使用★洗濯機 ブラック ソライロ Ｐ２４２－８１,ソライロ,P242-81,ブラック,O O O O O O O O O O O B-COLOR I-COLOR I-COLOR I-COLOR O B-BRAND I-BRAND I-BRAND I-BRAND O B-MODEL I-MODEL I-MODEL I-MODEL I-MODEL I-MODEL I-MODEL,ソライロ|P242-81|ブラック
T02913,D862-87腕時計ブラックTSUBAKI,TSUBAKI,D862-87,ブラック,B-MODEL I-MODEL I-MODEL I-MODEL I-MODEL I-MODEL I-MODEL O O O B-COLOR I-COLOR I-COLOR I-COLOR B-BRAND I-BRAND I-BRAND I-BRAND I-BRAND I-BRAND I-BRAND,TSUBAKI|D862-87|ブラック
T02914,◆正規品◆レッド イヤホン R284-94 アカネ電機,アカネ電機,R284-94,レッド,O O O O O B-COLOR I-COLOR I-COLOR O O O O O O B-MODEL I-MODEL I-MODEL I-MODEL I-MODEL I-MODEL I-MODEL O B-BRAND I-BRAND I-BRAND I-BRAND I-BRAND,アカネ電機|R284-94|レッド
T02915,レッドノートパソコンA105-32ソライロ,ソライロ,A150-32,レッド,B-COLOR I-COLOR I-COLOR O O O O O O O O O O O O O O B-BRAND I-BRAND I-BRAND I-BRAND,ソライロ|A150-32|レッド
T02916,グリーン デイパクッ Ｑ９９７－４１,,Q997-41,グリーン,B-COLOR I-COLOR I-COLOR I-COLOR O O O O O O O B-MODEL I-MODEL I-MODEL I-MODEL I-MODEL I-MODEL I-MODEL,|Q997-41|グリーン
T02917,◆正規品◆R97261 TSUBAKI ブラック デイパック,TSUBAKI,R972-61,ブラック,O O O O O B-MODEL I-MODEL I-MODEL I-MODEL I-MODEL I-MODEL O B-BRAND I-BRAND I-BRAND I-BRAND I-BRAND I-BRAND I-BRAND O B-COLOR I-COLOR I-COLOR I-COLOR O O O O O O,TSUBAKI|R972-61|ブラック
T02918,洗濯機 Ｉ９７７－７２ ホワイト シラユキ,シラユキ,I977-72,ホワイト,O O O O B-MODEL I-MODEL I-MODEL I-MODEL I-MODEL I-MODEL I-MODEL O B-COLOR I-COLOR I-COLOR I-COLOR O B-BRAND I-BRAND I-BRAND I-BRAND,シラユキ|I977-72|ホワイト
T02919,掃除機 グリーン ミドリワークス H231-21,ミドリワークス,H231-21,グリーン,O O O O B-COLOR I-COLOR I-COLOR I-COLOR O B-BRAND I-BRAND I-BRAND I-BRAND I-BRAND I-BRAND I-BRAND O B-MODEL I-MODEL I-MODEL I-MODEL I-MODEL I-MODEL I-MODEL,ミドリワークス|H231-21|グリーン
T02920,★新品未使用★シルバー 冷蔵庫 アカネ電機 Ｙ２６－０６２,アカネ電機,Y260-62,シルバー,O O O O O O O B-COLOR I-COLOR I-COLOR I-COLOR O O O O O B-BRAND I-BRAND I-BRAND I-BRAND I-BRAND O O O O O O O O,アカネ電機|Y260-62|シルバー
T02921,レッド Ｒ８２１－９６ ノートパソコン,,R821-96,レッド,B-COLOR I-COLOR I-COLOR O B-MODEL I-MODEL I-MODEL I-MODEL I-MODEL I-MODEL I-MODEL O O O O O O O O,|R821-96|レッド
T02922,T259-11 レッド ハヤブサ 時腕計,ハヤブサ,T259-11,レッド,B-MODEL I-MODEL I-MODEL I-MODEL I-MODEL I-MODEL I-MODEL O B-COLOR I-COLOR I-COLOR O B-BRAND I-BRAND I-BRAND I-BRAND O O O O,ハヤブサ|T259-11|レッド
T02923,ホワイトＵ５６７－２４TSUBAKIデイパック,TSUBAKI,U567-24,ホワイト,B-COLOR I-COLOR I-COLOR I-COLOR B-MODEL I-MODEL I-MODEL I-MODEL I-MODEL I-MODEL I-MODEL B-BRAND I-BRAND I-BRAND I-BRAND I-BRAND I-BRAND I-BRAND O O O O O,TSUBAKI|U567-24|ホワイト
T02924,【送料無料】ノートパソコンKUROネイビーW508-16,KURO,W508-16,ネイビー,O O O O O O O O O O O O O B-BRAND I-BRAND I-BRAND I-BRAND B-COLOR I-COLOR I-COLOR I-COLOR B-MODEL I-MODEL I-MODEL I-MODEL I-MODEL I-MODEL I-MODEL,KURO|W508-16|ネイビー
T02925,P95024ホワイトオオゾラ除掃機,オオゾラ,P950-24,ホワイト,B-MODEL I-MODEL I-MODEL I-MODEL I-MODEL I-MODEL B-COLOR I-COLOR I-COLOR I-COLOR B-BRAND I-BRAND I-BRAND I-BRAND O O O,オオゾラ|P950-24|ホワイト
T02926,《アウトレット》ブラック I693-60 デイパック,,I693-60,ブラック,O O O O O O O O B-COLOR I-COLOR I-COLOR I-COLOR O B-MODEL I-MODEL I-MODEL I-MODEL I-MODEL I-MODEL I-MODEL O O O O O O,|I693-60|ブラック
T02927,ネイビーシラユキ洗濯機T31596,シラユキ,T315-96,ネイビー,B-COLOR I-COLOR I-COLOR I-COLOR B-BRAND I-BRAND I-BRAND I-BRAND O O O B-MODEL I-MODEL I-MODEL I-MODEL I-MODEL I-MODEL,シラユキ|T315-96|ネイビー
T02928,アカネ電機 デイパック S653-68 ネイビー,アカネ電機,S653-68,ネイビー,B-BRAND I-BRAND I-BRAND I-BRAND I-BRAND O O O O O O O B-MODEL I-MODEL I-MODEL I-MODEL I-MODEL I-MODEL I-MODEL O B-COLOR I-COLOR I-COLOR I-COLOR,アカネ電機|S653-68|ネイビー
T02929,スニーカー Z306-32 ブラック,,Z306-32,ブラック,O O O O O O B-MODEL I-MODEL I-MODEL I-MODEL I-MODEL I-MODEL I-MODEL O B-COLOR I-COLOR I-COLOR I-COLOR,|Z306-32|ブラック
T02930,スニーカー ソライロ A69591 グリーン,ソライロ,A695-91,グリーン,O O O O O O B-BRAND I-BRAND I-BRAND I-BRAND O B-MODEL I-MODEL I-MODEL I-MODEL I-MODEL I-MODEL O B-COLOR I-COLOR I-COLOR I-COLOR,ソライロ|A695-91|グリーン
T02931,Ｊ１８２－５３ソライロノートパソコンシルバー,ソライロ,J182-53,シルバー,B-MODEL I-MODEL I-MODEL I-MODEL I-MODEL I-MODEL I-MODEL B-BRAND I-BRAND I-BRAND I-BRAND O O O O O O O B-COLOR I-COLOR I-COLOR I-COLOR,ソライロ|J182-53|シルバー
T02932,デイパック Ｖ１０８１５ レッド ミドリワークス,ミドリワークス,V108-15,レッド,O O O O O O B-MODEL I-MODEL I-MODEL I-MODEL I-MODEL I-MODEL O B-COLOR I-COLOR I-COLOR O B-BRAND I-BRAND I-BRAND I-BRAND I-BRAND I-BRAND I-BRAND,ミドリワークス|V108-15|レッド
T02933,スニーカー レッド W178-12 KURO,KURO,W178-21,レッド,O O O O O O B-COLOR I-COLOR I-COLOR O O O O O O O O O B-BRAND I-BRAND I-BRAND I-BRAND,KURO|W178-21|レッド
T02934,スニーカー Ｋ９６７－９８ グリーン,,K967-98,グリーン,O O O O O O B-MODEL I-MODEL I-MODEL I-MODEL I-MODEL I-MODEL I-MODEL O B-COLOR I-COLOR I-COLOR I-COLOR,|K967-98|グリーン
T02935,ゲンブネイビーC615-80イヤホン,ゲンブ,C615-80,ネイビー,B-BRAND I-BRAND I-BRAND B-COLOR I-COLOR I-COLOR I-COLOR B-MODEL I-MODEL I-MODEL I-MODEL I-MODEL I-MODEL I-MODEL O O O O,ゲンブ|C615-80|ネイビー
T02936,レッド 冷蔵庫 ソライロ C731-59,ソライロ,C731-59,レッド,B-COLOR I-COLOR I-COLOR O O O O O B-BRAND I-BRAND I-BRAND I-BRAND O B-MODEL I-MODEL I-MODEL I-MODEL I-MODEL I-MODEL I-MODEL,ソライロ|C731-59|レッド
T02937,腕時計 F20873 オオゾラ シルバー,オオゾラ,F208-73,シルバー,O O O O B-MODEL I-MODEL I-MODEL I-MODEL I-MODEL I-MODEL O B-BRAND I-BRAND I-BRAND I-BRAND O B-COLOR I-COLOR I-COLOR I-COLOR,オオゾラ|F208-73|シルバー
T02938,冷蔵庫 ッレド アカネ電機 X78122,アカネ電機,X781-22,レッド,O O O O O O O O B-BRAND I-BRAND I-BRAND I-BRAND I-BRAND O B-MODEL I-MODEL I-MODEL I-MODEL I-MODEL I-MODEL,アカネ電機|X781-22|レッド
T02939,★新品未使用★ノートパソコン シルバー B71768 オオゾラ,オオゾラ,B717-68,シルバー,O O O O O O O O O O O O O O O B-COLOR I-COLOR I-COLOR I-COLOR O B-MODEL I-MODEL I-MODEL I-MODEL I-MODEL I-MODEL O B-BRAND I-BRAND I-BRAND I-BRAND,オオゾラ|B717-68|シルバー
T02940,ハヤブサ Ｓ３７２６５ スニーカー グリーン,ハヤブサ,S372-65,グリーン,B-BRAND I-BRAND I-BRAND I-BRAND O B-MODEL I-MODEL I-MODEL I-MODEL I-MODEL I-MODEL O O O O O O O B-COLOR I-COLOR I-COLOR I-COLOR,ハヤブサ|S372-65|グリーン
T02941,ソライロレッドＸ７６６－８６掃除機,ソライロ,X766-86,レッド,B-BRAND I-BRAND I-BRAND I-BRAND B-COLOR I-COLOR I-COLOR B-MODEL I-MODEL I-MODEL I-MODEL I-MODEL I-MODEL I-MODEL O O O,ソライロ|X766-86|レッド
T02942,KURO イヤホン グリーン K132-65,KURO,K132-65,グリーン,B-BRAND I-BRAND I-BRAND I-BRAND O O O O O O B-COLOR I-COLOR I-COLOR I-COLOR O B-MODEL I-MODEL I-MODEL I-MODEL I-MODEL I-MODEL I-MODEL,KURO|K132-65|グリーン
T02943,★新品未使用★シラユキ Z66226 腕時計 ネイビー,シラユキ,Z662-26,ネイビー,O O O O O O O B-BRAND I-BRAND I-BRAND I-BRAND O B-MODEL I-MODEL I-MODEL I-MODEL I-MODEL I-MODEL O O O O O B-COLOR I-COLOR I-COLOR I-COLOR,シラユキ|Z662-26|ネイビー
T02944,【即日発送】TSUBAKI T510-58 ホワイト 腕時計,TSUBAKI,T510-58,ホワイト,O O O O O O B-BRAND I-BRAND I-BRAND I-BRAND I-BRAND I-BRAND I-BRAND O B-MODEL I-MODEL I-MODEL I-MODEL I-MODEL I-MODEL I-MODEL O B-COLOR I-COLOR I-COLOR I-COLOR O O O O,TSUBAKI|T510-58|ホワイト
T02945,スニーカーB641-29ブラックTSUBAKI,TSUBAKI,B641-29,ブラック,O O O O O B-MODEL I-MODEL I-MODEL I-MODEL I-MODEL I-MODEL I-MODEL B-COLOR I-COLOR I-COLOR I-COLOR B-BRAND I-BRAND I-BRAND I-BRAND I-BRAND I-BRAND I-BRAND,TSUBAKI|B641-29|ブラック
T02946,ハヤブサ T60095 シルバー 掃除機,ハヤブサ,T600-95,シルバー,B-BRAND I-BRAND I-BRAND I-BRAND O B-MODEL I-MODEL I-MODEL I-MODEL I-MODEL I-MODEL O B-COLOR I-COLOR I-COLOR I-COLOR O O O O,ハヤブサ|T600-95|シルバー
T02947,シラユキ ホワイト J64220 腕時計,シラユキ,J642-20,ホワイト,B-BRAND I-BRAND I-BRAND I-BRAND O B-COLOR I-COLOR I-COLOR I-COLOR O B-MODEL I-MODEL I-MODEL I-MODEL I-MODEL I-MODEL O O O O,シラユキ|J642-20|ホワイト
T02948,ネイビースニーカーD549-50アカネ電機,アカネ電機,D549-50,ネイビー,B-COLOR I-COLOR I-COLOR I-COLOR O O O O O B-MODEL I-MODEL I-MODEL I-MODEL I-MODEL I-MODEL I-MODEL B-BRAND I-BRAND I-BRAND I-BRAND I-BRAND,アカネ電機|D549-50|ネイビー
T02949,W14534イヤホンノースピークシルバー,ノースピーク,W145-34,シルバー,B-MODEL I-MODEL I-MODEL I-MODEL I-MODEL I-MODEL O O O O B-BRAND I-BRAND I-BRAND I-BRAND I-BRAND I-BRAND B-COLOR I-COLOR I-COLOR I-COLOR,ノースピーク|W145-34|シルバー
T02950,Z31582 デイパック オオゾラ ホワイト,オオゾラ,Z315-82,ホワイト,B-MODEL I-MODEL I-MODEL I-MODEL I-MODEL I-MODEL O O O O O O O B-BRAND I-BRAND I-BRAND I-BRAND O B-COLOR I-COLOR I-COLOR I-COLOR,オオゾラ|Z315-82|ホワイト
T02951,★新品未使用★S101-35グリーン冷蔵庫シラユキ,シラユキ,S101-35,グリーン,O O O O O O O B-MODEL I-MODEL I-MODEL I-MODEL I-MODEL I-MODEL I-MODEL B-COLOR I-COLOR I-COLOR I-COLOR O O O B-BRAND I-BRAND I-BRAND I-BRAND,シラユキ|S101-35|グリーン
T02952,H302-83 ネイビー ハヤブサ ノートパソコン,ハヤブサ,H302-83,ネイビー,B-MODEL I-MODEL I-MODEL I-MODEL I-MODEL I-MODEL I-MODEL O B-COLOR I-COLOR I-COLOR I-COLOR O B-BRAND I-BRAND I-BRAND I-BRAND O O O O O O O O,ハヤブサ|H302-83|ネイビー
T02953,ブラックKUROデイパックE211-58,KURO,E211-58,ブラック,B-COLOR I-COLOR I-COLOR I-COLOR B-BRAND I-BRAND I-BRAND I-BRAND O O O O O B-MODEL I-MODEL I-MODEL I-MODEL I-MODEL I-MODEL I-MODEL,KURO|E211-58|ブラック
T02954,P825-89 ノートパソコン ホワイト,,P825-89,ホワイト,B-MODEL I-MODEL I-MODEL I-MODEL I-MODEL I-MODEL I-MODEL O O O O O O O O O B-COLOR I-COLOR I-COLOR I-COLOR,|P825-89|ホワイト
T02955,ブラック ハヤブサ Q505-97 冷蔵庫,ハヤブサ,Q505-97,ブラック,B-COLOR I-COLOR I-COLOR I-COLOR O B-BRAND I-BRAND I-BRAND I-BRAND O B-MODEL I-MODEL I-MODEL I-MODEL I-MODEL I-MODEL I-MODEL O O O O,ハヤブサ|Q505-97|ブラック
T02956,《アウトレット》シルバー M302-18 洗濯機 ミドリワークス,ミドリワークス,M302-18,シルバー,O O O O O O O O B-COLOR I-COLOR I-COLOR I-COLOR O B-MODEL I-MODEL I-MODEL I-MODEL I-MODEL I-MODEL I-MODEL O O O O O B-BRAND I-BRAND I-BRAND I-BRAND I-BRAND I-BRAND I-BRAND,ミドリワークス|M302-18|シルバー
T02957,ノートパソコン グリーン N693-86,,N693-86,グリーン,O O O O O O O O B-COLOR I-COLOR I-COLOR I-COLOR O B-MODEL I-MODEL I-MODEL I-MODEL I-MODEL I-MODEL I-MODEL,|N693-86|グリーン
T02958,ブラック Ａ６３２９３ ハヤブサ 掃除機,ハヤブサ,A632-93,ブラック,B-COLOR I-COLOR I-COLOR I-COLOR O B-MODEL I-MODEL I-MODEL I-MODEL I-MODEL I-MODEL O B-BRAND I-BRAND I-BRAND I-BRAND O O O O,ハヤブサ|A632-93|ブラック
T02959,★新品未使用★レッド L929-57 ハヤブサ 腕時計,ハヤブサ,L929-57,レッド,O O O O O O O B-COLOR I-COLOR I-COLOR O B-MODEL I-MODEL I-MODEL I-MODEL I-MODEL I-MODEL I-MODEL O B-BRAND I-BRAND I-BRAND I-BRAND O O O O,ハヤブサ|L929-57|レッド
T02960,Q760-27 冷蔵庫 ホワイト,,Q760-27,ホワイト,B-MODEL I-MODEL I-MODEL I-MODEL I-MODEL I-MODEL I-MODEL O O O O O B-COLOR I-COLOR I-COLOR I-COLOR,|Q760-27|ホワイト
T02961,◆正規品◆ネイビー P273-93 アカネ電機 洗濯機,アカネ電機,P273-93,ネイビー,O O O O O B-COLOR I-COLOR I-COLOR I-COLOR O B-MODEL I-MODEL I-MODEL I-MODEL I-MODEL I-MODEL I-MODEL O B-BRAND I-BRAND I-BRAND I-BRAND I-BRAND O O O O,アカネ電機|P273-93|ネイビー
T02962,KURO Y560-89 冷蔵庫 シルバー,KURO,Y560-89,シルバー,B-BRAND I-BRAND I-BRAND I-BRAND O B-MODEL I-MODEL I-MODEL I-MODEL I-MODEL I-MODEL I-MODEL O O O O O B-COLOR I-COLOR I-COLOR I-COLOR,KURO|Y560-89|シルバー
T02963,洗濯機 ホワイト L118-62 TSUBAKI,TSUBAKI,L118-62,ホワイト,O O O O B-COLOR I-COLOR I-COLOR I-COLOR O B-MODEL I-MODEL I-MODEL I-MODEL I-MODEL I-MODEL I-MODEL O B-BRAND I-BRAND I-BRAND I-BRAND I-BRAND I-BRAND I-BRAND,TSUBAKI|L118-62|ホワイト
T02964,冷蔵庫レッドハヤブサW475-22,ハヤブサ,W475-22,レッド,O O O B-COLOR I-COLOR I-COLOR B-BRAND I-BRAND I-BRAND I-BRAND B-MODEL I-MODEL I-MODEL I-MODEL I-MODEL I-MODEL I-MODEL,ハヤブサ|W475-22|レッド
T02965,ノーピスーク 腕時計 レッド H926-70,ノースピーク,H926-70,レッド,O O O O O O O O O O O B-COLOR I-COLOR I-COLOR O B-MODEL I-MODEL I-MODEL I-MODEL I-MODEL I-MODEL I-MODEL,ノースピーク|H926-70|レッド
T02966,C457-48 ネイビー スニーカー,,C457-48,ネイビー,B-MODEL I-MODEL I-MODEL I-MODEL I-MODEL I-MODEL I-MODEL O B-COLOR I-COLOR I-COLOR I-COLOR O O O O O O,|C457-48|ネイビー
T02967,腕時計 ソライロ グリーン V873-68,ソライロ,V873-68,グリーン,O O O O B-BRAND I-BRAND I-BRAND I-BRAND O B-COLOR I-COLOR I-COLOR I-COLOR O B-MODEL I-MODEL I-MODEL I-MODEL I-MODEL I-MODEL I-MODEL,ソライロ|V873-68|グリーン
T02968,レッドＥ６９７８９イヤホンミドリワークス,ミドリワークス,E697-89,レッド,B-COLOR I-COLOR I-COLOR B-MODEL I-MODEL I-MODEL I-MODEL I-MODEL I-MODEL O O O O B-BRAND I-BRAND I-BRAND I-BRAND I-BRAND I-BRAND I-BRAND,ミドリワークス|E697-89|レッド
T02969,シラユキ シルバー I96440 デイパック,シラユキ,I964-40,シルバー,B-BRAND I-BRAND I-BRAND I-BRAND O B-COLOR I-COLOR I-COLOR I-COLOR O B-MODEL I-MODEL I-MODEL I-MODEL I-MODEL I-MODEL O O O O O O,シラユキ|I964-40|シルバー
T02970,シルバー E495-41 KURO スニーカー,KURO,E495-41,シルバー,B-COLOR I-COLOR I-COLOR I-COLOR O B-MODEL I-MODEL I-MODEL I-MODEL I-MODEL I-MODEL I-MODEL O B-BRAND I-BRAND I-BRAND I-BRAND O O O O O O,KURO|E495-41|シルバー
T02971,【送料無料】グリーン イヤホン G236-96 ノースピーク,ノースピーク,G236-96,グリーン,O O O O O O B-COLOR I-COLOR I-COLOR I-COLOR O O O O O O B-MODEL I-MODEL I-MODEL I-MODEL I-MODEL I-MODEL I-MODEL O B-BRAND I-BRAND I-BRAND I-BRAND I-BRAND I-BRAND,ノースピーク|G236-96|グリーン
T02972,ネイビーイヤホンP240-50,,P240-50,ネイビー,B-COLOR I-COLOR I-COLOR I-COLOR O O O O B-MODEL I-MODEL I-MODEL I-MODEL I-MODEL I-MODEL I-MODEL,|P240-50|ネイビー
T02973,KURO デイパック ホワイト D45493,KURO,D454-93,ホワイト,B-BRAND I-BRAND I-BRAND I-BRAND O O O O O O O B-COLOR I-COLOR I-COLOR I-COLOR O B-MODEL I-MODEL I-MODEL I-MODEL I-MODEL I-MODEL,KURO|D454-93|ホワイト
T02974,ソライロネイビーI231-63イヤホン,ソライロ,I231-63,ネイビー,B-BRAND I-BRAND I-BRAND I-BRAND B-COLOR I-COLOR I-COLOR I-COLOR B-MODEL I-MODEL I-MODEL I-MODEL I-MODEL I-MODEL I-MODEL O O O O,ソライロ|I231-63|ネイビー
T02975,ノートパソコン オオゾラ グリーン F970-41,オオゾラ,F970-41,グリーン,O O O O O O O O B-BRAND I-BRAND I-BRAND I-BRAND O B-COLOR I-COLOR I-COLOR I-COLOR O B-MODEL I-MODEL I-MODEL I-MODEL I-MODEL I-MODEL I-MODEL,オオゾラ|F970-41|グリーン
T02976,D187-41 ノースピーク ホワイト スニーカー,ノースピーク,D187-41,ホワイト,B-MODEL I-MODEL I-MODEL I-MODEL I-MODEL I-MODEL I-MODEL O B-BRAND I-BRAND I-BRAND I-BRAND I-BRAND I-BRAND O B-COLOR I-COLOR I-COLOR I-COLOR O O O O O O,ノースピーク|D187-41|ホワイト
T02977,イヤホンブラックQ552-18,,Q552-18,ブラック,O O O O B-COLOR I-COLOR I-COLOR I-COLOR B-MODEL I-MODEL I-MODEL I-MODEL I-MODEL I-MODEL I-MODEL,|Q552-18|ブラック
T02978,レッド P645-27 イヤホン,,P645-27,レッド,B-COLOR I-COLOR I-COLOR O B-MODEL I-MODEL I-MODEL I-MODEL I-MODEL I-MODEL I-MODEL O O O O O,|P645-27|レッド
T02979,◆正規品◆イヤホンV67935ホワイト,,V679-35,ホワイト,O O O O O O O O O B-MODEL I-MODEL I-MODEL I-MODEL I-MODEL I-MODEL B-COLOR I-COLOR I-COLOR I-COLOR,|V679-35|ホワイト
T02980,《アウトレット》レッドノースピークデイパックD395-63,ノースピーク,D395-63,レッド,O O O O O O O O B-COLOR I-COLOR I-COLOR B-BRAND I-BRAND I-BRAND I-BRAND I-BRAND I-BRAND O O O O O B-MODEL I-MODEL I-MODEL I-MODEL I-MODEL I-MODEL I-MODEL,ノースピーク|D395-63|レッド
T02981,W672-78シラユキ掃除機ホワイト,シラユキ,W672-78,ホワイト,B-MODEL I-MODEL I-MODEL I-MODEL I-MODEL I-MODEL I-MODEL B-BRAND I-BRAND I-BRAND I-BRAND O O O B-COLOR I-COLOR I-COLOR I-COLOR,シラユキ|W672-78|ホワイト
T02982,ノースピーク Q516-22 ブラック イヤホン,ノースピーク,Q516-22,ブラック,B-BRAND I-BRAND I-BRAND I-BRAND I-BRAND I-BRAND O B-MODEL I-MODEL I-MODEL I-MODEL I-MODEL I-MODEL I-MODEL O B-COLOR I-COLOR I-COLOR I-COLOR O O O O O,ノースピーク|Q516-22|ブラック
T02983,《アウトレット》ホワイト KUR Oイヤホン Ｖ９８７９４,KURO,V987-94,ホワイト,O O O O O O O O B-COLOR I-COLOR I-COLOR I-COLOR O O O O O O O O O O O B-MODEL I-MODEL I-MODEL I-MODEL I-MODEL I-MODEL,KURO|V987-94|ホワイト
T02984,レッドデイパックB74655,,B746-55,レッド,B-COLOR I-COLOR I-COLOR O O O O O B-MODEL I-MODEL I-MODEL I-MODEL I-MODEL I-MODEL,|B746-55|レッド
T02985,冷蔵庫アカネ電機シルバーH952-50,アカネ電機,H952-50,シルバー,O O O B-BRAND I-BRAND I-BRAND I-BRAND I-BRAND B-COLOR I-COLOR I-COLOR I-COLOR B-MODEL I-MODEL I-MODEL I-MODEL I-MODEL I-MODEL I-MODEL,アカネ電機|H952-50|シルバー
T02986,シラユキ Q523-22 シルバー デイパック,シラユキ,Q523-22,シルバー,B-BRAND I-BRAND I-BRAND I-BRAND O B-MODEL I-MODEL I-MODEL I-MODEL I-MODEL I-MODEL I-MODEL O B-COLOR I-COLOR I-COLOR I-COLOR O O O O O O,シラユキ|Q523-22|シルバー
T02987,★新品未使用★イヤホン シラユキ レッド Ｌ６２３－８６,シラユキ,L623-86,レッド,O O O O O O O O O O O O B-BRAND I-BRAND I-BRAND I-BRAND O B-COLOR I-COLOR I-COLOR O B-MODEL I-MODEL I-MODEL I-MODEL I-MODEL I-MODEL I-MODEL,シラユキ|L623-86|レッド
T02988,ゲンブ B103-51 スニーカー ブラック,ゲンブ,B103-51,ブラック,B-BRAND I-BRAND I-BRAND O B-MODEL I-MODEL I-MODEL I-MODEL I-MODEL I-MODEL I-MODEL O O O O O O O B-COLOR I-COLOR I-COLOR I-COLOR,ゲンブ|B103-51|ブラック
T02989,ノートパソコン Ｗ８４７７１ KURO ブラック,KURO,W847-71,ブラック,O O O O O O O O B-MODEL I-MODEL I-MODEL I-MODEL I-MODEL I-MODEL O B-BRAND I-BRAND I-BRAND I-BRAND O B-COLOR I-COLOR I-COLOR I-COLOR,KURO|W847-71|ブラック
T02990,ノートパソコ T230-30 ホワイト,,T230-30,ホワイト,O O O O O O O B-MODEL I-MODEL I-MODEL I-MODEL I-MODEL I-MODEL I-MODEL O B-COLOR I-COLOR I-COLOR I-COLOR,|T230-30|ホワイト
T02991,M11285ノートパソコンレッドシラユキ,シラユキ,M112-85,レッド,B-MODEL I-MODEL I-MODEL I-MODEL I-MODEL I-MODEL O O O O O O O B-COLOR I-COLOR I-COLOR B-BRAND I-BRAND I-BRAND I-BRAND,シラユキ|M112-85|レッド
T02992,◆正規品◆ミドリワークスグリーン掃除機Ｙ８５７－２６,ミドリワークス,Y857-26,グリーン,O O O O O B-BRAND I-BRAND I-BRAND I-BRAND I-BRAND I-BRAND I-BRAND B-COLOR I-COLOR I-COLOR I-COLOR O O O B-MODEL I-MODEL I-MODEL I-MODEL I-MODEL I-MODEL I-MODEL,ミドリワークス|Y857-26|グリーン
T02993,★新品未使用★F167-38レッド腕時計ノースピーク,ノースピーク,F167-38,レッド,O O O O O O O B-MODEL I-MODEL I-MODEL I-MODEL I-MODEL I-MODEL I-MODEL B-COLOR I-COLOR I-COLOR O O O B-BRAND I-BRAND I-BRAND I-BRAND I-BRAND I-BRAND,ノースピーク|F167-38|レッド
T02994,【送料無料】O413-72 ネイビー KURO 掃除機,KURO,O413-72,ネイビー,O O O O O O B-MODEL I-MODEL I-MODEL I-MODEL I-MODEL I-MODEL I-MODEL O B-COLOR I-COLOR I-COLOR I-COLOR O B-BRAND I-BRAND I-BRAND I-BRAND O O O O,KURO|O413-72|ネイビー
T02995,オオゾラH529-94ノートパソコンシルバー,オオゾラ,H529-94,シルバー,B-BRAND I-BRAND I-BRAND I-BRAND B-MODEL I-MODEL I-MODEL I-MODEL I-MODEL I-MODEL I-MODEL O O O O O O O B-COLOR I-COLOR I-COLOR I-COLOR,オオゾラ|H529-94|シルバー
T02996,V579-94 イヤホン ブラック アカネ電機,アカネ電機,V579-94,ブラック,B-MODEL I-MODEL I-MODEL I-MODEL I-MODEL I-MODEL I-MODEL O O O O O O B-COLOR I-COLOR I-COLOR I-COLOR O B-BRAND I-BRAND I-BRAND I-BRAND I-BRAND,アカネ電機|V579-94|ブラック
T02997,掃除機 ミドリワークス シルバー B450-85,ミドリワークス,B450-85,シルバー,O O O O B-BRAND I-BRAND I-BRAND I-BRAND I-BRAND I-BRAND I-BRAND O B-COLOR I-COLOR I-COLOR I-COLOR O B-MODEL I-MODEL I-MODEL I-MODEL I-MODEL I-MODEL I-MODEL,ミドリワークス|B450-85|シルバー
T02998,ミドリワークス 腕時計 Ｋ９６７－３４ グリーン,ミドリワークス,K967-34,グリーン,B-BRAND I-BRAND I-BRAND I-BRAND I-BRAND I-BRAND I-BRAND O O O O O B-MODEL I-MODEL I-MODEL I-MODEL I-MODEL I-MODEL I-MODEL O B-COLOR I-COLOR I-COLOR I-COLOR,ミドリワークス|K967-34|グリーン
T02999,洗濯機 KURO ブラック W260-79,KURO,W260-79,ブラック,O O O O B-BRAND I-BRAND I-BRAND I-BRAND O B-COLOR I-COLOR I-COLOR I-COLOR O B-MODEL I-MODEL I-MODEL I-MODEL I-MODEL I-MODEL I-MODEL,KURO|W260-79|ブラック
T03000,【即日発送】シラユキ A151-38 腕時計 ブラック,シラユキ,A151-38,ブラック,O O O O O O B-BRAND I-BRAND I-BRAND I-BRAND O B-MODEL I-MODEL I-MODEL I-MODEL I-MODEL I-MODEL I-MODEL O O O O O B-COLOR I-COLOR I-COLOR I-COLOR,シラユキ|A151-38|ブラック
T03001,グリーンK733-31腕時計ミドリワークス,ミドリワークス,K733-31,グリーン,B-COLOR I-COLOR I-COLOR I-COLOR B-MODEL I-MODEL I-MODEL I-MODEL I-MODEL I-MODEL I-MODEL O O O B-BRAND I-BRAND I-BRAND I-BRAND I-BRAND I-BRAND I-BRAND,ミドリワークス|K733-31|グリーン
T03002,イヤホン シルバー W97735 ゲンブ,ゲンブ,W977-35,シルバー,O O O O O B-COLOR I-COLOR I-COLOR I-COLOR O B-MODEL I-MODEL I-MODEL I-MODEL I-MODEL I-MODEL O B-BRAND I-BRAND I-BRAND,ゲンブ|W977-35|シルバー
T03003,◆正規品◆グリーン 腕時計 ゲンブ D128-75,ゲンブ,D128-75,グリーン,O O O O O B-COLOR I-COLOR I-COLOR I-COLOR O O O O O B-BRAND I-BRAND I-BRAND O B-MODEL I-MODEL I-MODEL I-MODEL I-MODEL I-MODEL I-MODEL,ゲンブ|D128-75|グリーン
T03004,X429-35 レッド スニーカー KURO,KURO,X429-35,レッド,B-MODEL I-MODEL I-MODEL I-MODEL I-MODEL I-MODEL I-MODEL O B-COLOR I-COLOR I-COLOR O O O O O O O B-BRAND I-BRAND I-BRAND I-BRAND,KURO|X429-35|レッド
T03005,ソライロネイビーA843-38ノートパソコン,ソライロ,A843-38,ネイビー,B-BRAND I-BRAND I-BRAND I-BRAND B-COLOR I-COLOR I-COLOR I-COLOR B-MODEL I-MODEL I-MODEL I-MODEL I-MODEL I-MODEL I-MODEL O O O O O O O,ソライロ|A843-38|ネイビー
T03006,KURO 洗濯機 ネイビー R417-72,KURO,R417-72,ネイビー,B-BRAND I-BRAND I-BRAND I-BRAND O O O O O B-COLOR I-COLOR I-COLOR I-COLOR O B-MODEL I-MODEL I-MODEL I-MODEL I-MODEL I-MODEL I-MODEL,KURO|R417-72|ネイビー
T03007,★新品未使用★A955-58 洗濯機 ネイビー,,A955-58,ネイビー,O O O O O O O B-MODEL I-MODEL I-MODEL I-MODEL I-MODEL I-MODEL I-MODEL O O O O O B-COLOR I-COLOR I-COLOR I-COLOR,|A955-58|ネイビー
T03008,Z274-76 オオゾラ イヤホン グリーン,オオゾラ,Z274-76,グリーン,B-MODEL I-MODEL I-MODEL I-MODEL I-MODEL I-MODEL I-MODEL O B-BRAND I-BRAND I-BRAND I-BRAND O O O O O O B-COLOR I-COLOR I-COLOR I-COLOR,オオゾラ|Z274-76|グリーン
T03009,オオゾラ 冷蔵庫 Ｌ２４９－６２ シルバー,オオゾラ,L249-62,シルバー,B-BRAND I-BRAND I-BRAND I-BRAND O O O O O B-MODEL I-MODEL I-MODEL I-MODEL I-MODEL I-MODEL I-MODEL O B-COLOR I-COLOR I-COLOR I-COLOR,オオゾラ|L249-62|シルバー
T03010,【送料無料】シラユキ P885-73 洗濯機 レッド,シラユキ,P885-73,レッド,O O O O O O B-BRAND I-BRAND I-BRAND I-BRAND O B-MODEL I-MODEL I-MODEL I-MODEL I-MODEL I-MODEL I-MODEL O O O O O B-COLOR I-COLOR I-COLOR,シラユキ|P885-73|レッド
T03011,《アウトレット》ブラックW98535アカネ電機腕時計,アカネ電機,W985-35,ブラック,O O O O O O O O B-COLOR I-COLOR I-COLOR I-COLOR B-MODEL I-MODEL I-MODEL I-MODEL I-MODEL I-MODEL B-BRAND I-BRAND I-BRAND I-BRAND I-BRAND O O O,アカネ電機|W985-35|ブラック
T03012,T750-33 ネイビー ソライロ イヤホン,ソライロ,T750-33,ネイビー,B-MODEL I-MODEL I-MODEL I-MODEL I-MODEL I-MODEL I-MODEL O B-COLOR I-COLOR I-COLOR I-COLOR O B-BRAND I-BRAND I-BRAND I-BRAND O O O O O,ソライロ|T750-33|ネイビー
T03013,シラユキブラックK919-36スニーカー,シラユキ,K919-36,ブラック,B-BRAND I-BRAND I-BRAND I-BRAND B-COLOR I-COLOR I-COLOR I-COLOR B-MODEL I-MODEL I-MODEL I-MODEL I-MODEL I-MODEL I-MODEL O O O O O,シラユキ|K919-36|ブラック
T03014,オオゾラ レッド A78347 スニーカー,オオゾラ,A873-47,レッド,B-BRAND I-BRAND I-BRAND I-BRAND O B-COLOR I-COLOR I-COLOR O O O O O O O O O O O O O,オオゾラ|A873-47|レッド
T03015,冷蔵庫 Ｇ４７９－７８ グリーン,,G479-78,グリーン,O O O O B-MODEL I-MODEL I-MODEL I-MODEL I-MODEL I-MODEL I-MODEL O B-COLOR I-COLOR I-COLOR I-COLOR,|G479-78|グリーン
T03016,スニーカー ゲンブ Ｒ６８２８３ ホワイト,ゲンブ,R682-83,ホワイト,O O O O O O B-BRAND I-BRAND I-BRAND O B-MODEL I-MODEL I-MODEL I-MODEL I-MODEL I-MODEL O B-COLOR I-COLOR I-COLOR I-COLOR,ゲンブ|R682-83|ホワイト
T03017,D884-65 腕時計 グリーン,,D884-65,グリーン,B-MODEL I-MODEL I-MODEL I-MODEL I-MODEL I-MODEL I-MODEL O O O O O B-COLOR I-COLOR I-COLOR I-COLOR,|D884-65|グリーン
T03018,A51461ホワイト腕時計,,A514-61,ホワイト,B-MODEL I-MODEL I-MODEL I-MODEL I-MODEL I-MODEL B-COLOR I-COLOR I-COLOR I-COLOR O O O,|A514-61|ホワイト
T03019,◆正規品◆ブラックノースピーク掃除機Ｅ８４９－５８,ノースピーク,E849-58,ブラック,O O O O O B-COLOR I-COLOR I-COLOR I-COLOR B-BRAND I-BRAND I-BRAND I-BRAND I-BRAND I-BRAND O O O B-MODEL I-MODEL I-MODEL I-MODEL I-MODEL I-MODEL I-MODEL,ノースピーク|E849-58|ブラック
T03020,ネイビーノースピークノートパソコンS481-58,ノースピーク,S481-58,ネイビー,B-COLOR I-COLOR I-COLOR I-COLOR B-BRAND I-BRAND I-BRAND I-BRAND I-BRAND I-BRAND O O O O O O O B-MODEL I-MODEL I-MODEL I-MODEL I-MODEL I-MODEL I-MODEL,ノースピーク|S481-58|ネイビー
T03021,ブラックＨ２９１－９１腕時計アカネ電機,アカネ電機,H291-91,ブラック,B-COLOR I-COLOR I-COLOR I-COLOR B-MODEL I-MODEL I-MODEL I-MODEL I-MODEL I-MODEL I-MODEL O O O B-BRAND I-BRAND I-BRAND I-BRAND I-BRAND,アカネ電機|H291-91|ブラック
T03022,★新品未使用★掃除機A28331シラユキネイビー,シラユキ,A283-31,ネイビー,O O O O O O O O O O B-MODEL I-MODEL I-MODEL I-MODEL I-MODEL I-MODEL B-BRAND I-BRAND I-BRAND I-BRAND B-COLOR I-COLOR I-COLOR I-COLOR,シラユキ|A283-31|ネイビー
T03023,T3418 ゲンブ 洗濯機 グリーン,ゲンブ,T340-18,グリーン,O O O O O O B-BRAND I-BRAND I-BRAND O O O O O B-COLOR I-COLOR I-COLOR I-COLOR,ゲンブ|T340-18|グリーン
T03024,ネイビー イヤホン Ｙ４４２－１５ シラユキ,シラユキ,Y442-15,ネイビー,B-COLOR I-COLOR I-COLOR I-COLOR O O O O O O B-MODEL I-MODEL I-MODEL I-MODEL I-MODEL I-MODEL I-MODEL O B-BRAND I-BRAND I-BRAND I-BRAND,シラユキ|Y442-15|ネイビー
T03025,ミドリワークス レッド 冷蔵庫 U77879,ミドリワークス,U778-79,レッド,B-BRAND I-BRAND I-BRAND I-BRAND I-BRAND I-BRAND I-BRAND O B-COLOR I-COLOR I-COLOR O O O O O B-MODEL I-MODEL I-MODEL I-MODEL I-MODEL I-MODEL,ミドリワークス|U778-79|レッド
T03026,E439-65 グリーン 掃除機 KURO,KURO,E439-65,グリーン,B-MODEL I-MODEL I-MODEL I-MODEL I-MODEL I-MODEL I-MODEL O B-COLOR I-COLOR I-COLOR I-COLOR O O O O O B-BRAND I-BRAND I-BRAND I-BRAND,KURO|E439-65|グリーン
T03027,ホワイト U86430 デイパック シラユキ,シラユキ,U864-30,ホワイト,B-COLOR I-COLOR I-COLOR I-COLOR O B-MODEL I-MODEL I-MODEL I-MODEL I-MODEL I-MODEL O O O O O O O B-BRAND I-BRAND I-BRAND I-BRAND,シラユキ|U864-30|ホワイト
T03028,ブラック O927-76 デイパック,,O927-76,ブラック,B-COLOR I-COLOR I-COLOR I-COLOR O B-MODEL I-MODEL I-MODEL I-MODEL I-MODEL I-MODEL I-MODEL O O O O O O,|O927-76|ブラック
T03029,KURO 冷蔵庫 ブラック C339-13,KURO,C339-13,ブラック,B-BRAND I-BRAND I-BRAND I-BRAND O O O O O B-COLOR I-COLOR I-COLOR I-COLOR O B-MODEL I-MODEL I-MODEL I-MODEL I-MODEL I-MODEL I-MODEL,KURO|C339-13|ブラック
T03030,ホワイトB13459腕時計ソライロ,ソライロ,B134-59,ホワイト,B-COLOR I-COLOR I-COLOR I-COLOR B-MODEL I-MODEL I-MODEL I-MODEL I-MODEL I-MODEL O O O B-BRAND I-BRAND I-BRAND I-BRAND,ソライロ|B134-59|ホワイト
T03031,◆正規品◆J853-20ネイビー冷蔵庫シラユキ,シラユキ,J853-20,ネイビー,O O O O O B-MODEL I-MODEL I-MODEL I-MODEL I-MODEL I-MODEL I-MODEL B-COLOR I-COLOR I-COLOR I-COLOR O O O B-BRAND I-BRAND I-BRAND I-BRAND,シラユキ|J853-20|ネイビー
T03032,《アウトレット》ハヤブサ腕時計P865-22ブラック,ハヤブサ,P865-22,ブラック,O O O O O O O O B-BRAND I-BRAND I-BRAND I-BRAND O O O B-MODEL I-MODEL I-MODEL I-MODEL I-MODEL I-MODEL I-MODEL B-COLOR I-COLOR I-COLOR I-COLOR,ハヤブサ|P865-22|ブラック
T03033,シルバー ノースピーク Ａ１４６－５３ イヤン,ノースピーク,A146-53,シルバー,B-COLOR I-COLOR I-COLOR I-COLOR O B-BRAND I-BRAND I-BRAND I-BRAND I-BRAND I-BRAND O B-MODEL I-MODEL I-MODEL I-MODEL I-MODEL I-MODEL I-MODEL O O O O,ノースピーク|A146-53|シルバー
T03034,腕時計ゲンブブラックＤ７３４－３３,ゲンブ,D734-33,ブラック,O O O B-BRAND I-BRAND I-BRAND B-COLOR I-COLOR I-COLOR I-COLOR B-MODEL I-MODEL I-MODEL I-MODEL I-MODEL I-MODEL I-MODEL,ゲンブ|D734-33|ブラック
T03035,レッド スニーカー Ｚ８１３２５ KURO,KURO,Z831-25,レッド,B-COLOR I-COLOR I-COLOR O O O O O O O O O O O O O O B-BRAND I-BRAND I-BRAND I-BRAND,KURO|Z831-25|レッド
T03036,冷蔵庫R812-59ブラックオオゾラ,オオゾラ,R812-59,ブラック,O O O B-MODEL I-MODEL I-MODEL I-MODEL I-MODEL I-MODEL I-MODEL B-COLOR I-COLOR I-COLOR I-COLOR B-BRAND I-BRAND I-BRAND I-BRAND,オオゾラ|R812-59|ブラック
T03037,ゲンブ Ｔ７４９２ グリーン デイパック,ゲンブ,T749-20,グリーン,B-BRAND I-BRAND I-BRAND O O O O O O O B-COLOR I-COLOR I-COLOR I-COLOR O O O O O O,ゲンブ|T749-20|グリーン
T03038,◆正規品◆ノートパソコン アカネ電機 C72990 グリーン,アカネ電機,C729-90,グリーン,O O O O O O O O O O O O O B-BRAND I-BRAND I-BRAND I-BRAND I-BRAND O B-MODEL I-MODEL I-MODEL I-MODEL I-MODEL I-MODEL O B-COLOR I-COLOR I-COLOR I-COLOR,アカネ電機|C729-90|グリーン
T03039,ミドリワークス スニーカー シルバー G78729,ミドリワークス,G787-29,シルバー,B-BRAND I-BRAND I-BRAND I-BRAND I-BRAND I-BRAND I-BRAND O O O O O O O B-COLOR I-COLOR I-COLOR I-COLOR O B-MODEL I-MODEL I-MODEL I-MODEL I-MODEL I-MODEL,ミドリワークス|G787-29|シルバー
T03040,《アウトレット》シラユキ ノートパソコン U728-81 ホワイト,シラユキ,U728-81,ホワイト,O O O O O O O O B-BRAND I-BRAND I-BRAND I-BRAND O O O O O O O O O B-MODEL I-MODEL I-MODEL I-MODEL I-MODEL I-MODEL I-MODEL O B-COLOR I-COLOR I-COLOR I-COLOR,シラユキ|U728-81|ホワイト
T03041,【即日発送】L175-37デイパックグリーンKURO,KURO,L175-37,グリーン,O O O O O O B-MODEL I-MODEL I-MODEL I-MODEL I-MODEL I-MODEL I-MODEL O O O O O B-COLOR I-COLOR I-COLOR I-COLOR B-BRAND I-BRAND I-BRAND I-BRAND,KURO|L175-37|グリーン
T03042,レッド M13965 洗濯機 ゲンブ,ゲンブ,M139-65,レッド,B-COLOR I-COLOR I-COLOR O B-MODEL I-MODEL I-MODEL I-MODEL I-MODEL I-MODEL O O O O O B-BRAND I-BRAND I-BRAND,ゲンブ|M139-65|レッド
T03043,ソライロシルバー掃除機N22529,ソライロ,N225-29,シルバー,B-BRAND I-BRAND I-BRAND I-BRAND B-COLOR I-COLOR I-COLOR I-COLOR O O O B-MODEL I-MODEL I-MODEL I-MODEL I-MODEL I-MODEL,ソライロ|N225-29|シルバー
T03044,【即日発送】レッド ノースピーク W96745 掃除機,ノースピーク,W967-45,レッド,O O O O O O B-COLOR I-COLOR I-COLOR O B-BRAND I-BRAND I-BRAND I-BRAND I-BRAND I-BRAND O B-MODEL I-MODEL I-MODEL I-MODEL I-MODEL I-MODEL O O O O,ノースピーク|W967-45|レッド
T03045,腕時計I494-58グリーンアカネ電機,アカネ電機,I494-58,グリーン,O O O B-MODEL I-MODEL I-MODEL I-MODEL I-MODEL I-MODEL I-MODEL B-COLOR I-COLOR I-COLOR I-COLOR B-BRAND I-BRAND I-BRAND I-BRAND I-BRAND,アカネ電機|I494-58|グリーン
T03046,TSUBAKI イヤホン ブッラク X645-45,TSUBAKI,X645-45,ブラック,B-BRAND I-BRAND I-BRAND I-BRAND I-BRAND I-BRAND I-BRAND O O O O O O O O O O O B-MODEL I-MODEL I-MODEL I-MODEL I-MODEL I-MODEL I-MODEL,TSUBAKI|X645-45|ブラック
T03047,シルバーノースピークP765-46掃除機,ノースピーク,P765-46,シルバー,B-COLOR I-COLOR I-COLOR I-COLOR B-BRAND I-BRAND I-BRAND I-BRAND I-BRAND I-BRAND B-MODEL I-MODEL I-MODEL I-MODEL I-MODEL I-MODEL I-MODEL O O O,ノースピーク|P765-46|シルバー
T03048,ハヤブサネイビーW52482イヤホン,ハヤブサ,W524-82,ネイビー,B-BRAND I-BRAND I-BRAND I-BRAND B-COLOR I-COLOR I-COLOR I-COLOR B-MODEL I-MODEL I-MODEL I-MODEL I-MODEL I-MODEL O O O O,ハヤブサ|W524-82|ネイビー
T03049,掃除機ノースピークネイビーＱ８３０－５９,ノースピーク,Q830-59,ネイビー,O O O B-BRAND I-BRAND I-BRAND I-BRAND I-BRAND I-BRAND B-COLOR I-COLOR I-COLOR I-COLOR B-MODEL I-MODEL I-MODEL I-MODEL I-MODEL I-MODEL I-MODEL,ノースピーク|Q830-59|ネイビー
T03050,◆正規品◆ブラックオオゾライヤホンD803-40,オオゾラ,D803-40,ブラック,O O O O O B-COLOR I-COLOR I-COLOR I-COLOR B-BRAND I-BRAND I-BRAND I-BRAND O O O O B-MODEL I-MODEL I-MODEL I-MODEL I-MODEL I-MODEL I-MODEL,オオゾラ|D803-40|ブラック
T03051,N908-24掃除機シルバー,,N908-24,シルバー,B-MODEL I-MODEL I-MODEL I-MODEL I-MODEL I-MODEL I-MODEL O O O B-COLOR I-COLOR I-COLOR I-COLOR,|N908-24|シルバー
T03052,K783-16 ノートパソコン シルバー,,K783-16,シルバー,B-MODEL I-MODEL I-MODEL I-MODEL I-MODEL I-MODEL I-MODEL O O O O O O O O O B-COLOR I-COLOR I-COLOR I-COLOR,|K783-16|シルバー
T03053,デイパックW877-61シルバー,,W877-61,シルバー,O O O O O B-MODEL I-MODEL I-MODEL I-MODEL I-MODEL I-MODEL I-MODEL B-COLOR I-COLOR I-COLOR I-COLOR,|W877-61|シルバー
T03054,KURO ブラック 冷蔵庫 N752-68,KURO,N752-68,ブラック,B-BRAND I-BRAND I-BRAND I-BRAND O B-COLOR I-COLOR I-COLOR I-COLOR O O O O O B-MODEL I-MODEL I-MODEL I-MODEL I-MODEL I-MODEL I-MODEL,KURO|N752-68|ブラック
T03055,I459-66 グリーン KURO デイパック,KURO,I459-66,グリーン,B-MODEL I-MODEL I-MODEL I-MODEL I-MODEL I-MODEL I-MODEL O B-COLOR I-COLOR I-COLOR I-COLOR O B-BRAND I-BRAND I-BRAND I-BRAND O O O O O O,KURO|I459-66|グリーン
T03056,ブラックイヤンホＨ７５６－９３,,H756-93,ブラック,B-COLOR I-COLOR I-COLOR I-COLOR O O O O B-MODEL I-MODEL I-MODEL I-MODEL I-MODEL I-MODEL I-MODEL,|H756-93|ブラック
T03057,K462-61 レッド ゲンブ 洗濯機,ゲンブ,K462-61,レッド,B-MODEL I-MODEL I-MODEL I-MODEL I-MODEL I-MODEL I-MODEL O B-COLOR I-COLOR I-COLOR O B-BRAND I-BRAND I-BRAND O O O O,ゲンブ|K462-61|レッド
T03058,ブラック冷蔵庫Ｖ８８９－１１,,V889-11,ブラック,B-COLOR I-COLOR I-COLOR I-COLOR O O O B-MODEL I-MODEL I-MODEL I-MODEL I-MODEL I-MODEL I-MODEL,|V889-11|ブラック
T03059,レッド ハヤブサ デイパック W556-56,ハヤブサ,W556-56,レッド,B-COLOR I-COLOR I-COLOR O B-BRAND I-BRAND I-BRAND I-BRAND O O O O O O O B-MODEL I-MODEL I-MODEL I-MODEL I-MODEL I-MODEL I-MODEL,ハヤブサ|W556-56|レッド
T03060,《アウトレット》ネイビー腕時計I259-96ノースピーク,ノースピーク,I259-96,ネイビー,O O O O O O O O B-COLOR I-COLOR I-COLOR I-COLOR O O O B-MODEL I-MODEL I-MODEL I-MODEL I-MODEL I-MODEL I-MODEL B-BRAND I-BRAND I-BRAND I-BRAND I-BRAND I-BRAND,ノースピーク|I259-96|ネイビー
T03061,デイパック A821-26 ソライロ ネイビー,ソライロ,A821-26,ネイビー,O O O O O O B-MODEL I-MODEL I-MODEL I-MODEL I-MODEL I-MODEL I-MODEL O B-BRAND I-BRAND I-BRAND I-BRAND O B-COLOR I-COLOR I-COLOR I-COLOR,ソライロ|A821-26|ネイビー
T03062,オオゾラC313-28グリーン腕時計,オオゾラ,C313-28,グリーン,B-BRAND I-BRAND I-BRAND I-BRAND B-MODEL I-MODEL I-MODEL I-MODEL I-MODEL I-MODEL I-MODEL B-COLOR I-COLOR I-COLOR I-COLOR O O O,オオゾラ|C313-28|グリーン
T03063,シラユキ 冷蔵庫 C831-22 レッド,シラユキ,C831-22,レッド,B-BRAND I-BRAND I-BRAND I-BRAND O O O O O B-MODEL I-MODEL I-MODEL I-MODEL I-MODEL I-MODEL I-MODEL O B-COLOR I-COLOR I-COLOR,シラユキ|C831-22|レッド
T03064,ハヤブサノートパソコンネイビーJ985-74,ハヤブサ,J985-74,ネイビー,B-BRAND I-BRAND I-BRAND I-BRAND O O O O O O O B-COLOR I-COLOR I-COLOR I-COLOR B-MODEL I-MODEL I-MODEL I-MODEL I-MODEL I-MODEL I-MODEL,ハヤブサ|J985-74|ネイビー
T03065,◆正規品◆M886-20 イヤホン ブラック KURO,KURO,M886-20,ブラック,O O O O O B-MODEL I-MODEL I-MODEL I-MODEL I-MODEL I-MODEL I-MODEL O O O O O O B-COLOR I-COLOR I-COLOR I-COLOR O B-BRAND I-BRAND I-BRAND I-BRAND,KURO|M886-20|ブラック
T03066,洗濯機 N546-32 ブラクッ ソライロ,ソライロ,N546-32,ブラック,O O O O B-MODEL I-MODEL I-MODEL I-MODEL I-MODEL I-MODEL I-MODEL O O O O O O B-BRAND I-BRAND I-BRAND I-BRAND,ソライロ|N546-32|ブラック
T03067,ネイビー スニーカー W675-57 シラユキ,シラユキ,W675-57,ネイビー,B-COLOR I-COLOR I-COLOR I-COLOR O O O O O O O B-MODEL I-MODEL I-MODEL I-MODEL I-MODEL I-MODEL I-MODEL O B-BRAND I-BRAND I-BRAND I-BRAND,シラユキ|W675-57|ネイビー
T03068,イヤホン Q848-95 ブラック TSUBAKI,TSUBAKI,Q848-95,ブラック,O O O O O B-MODEL I-MODEL I-MODEL I-MODEL I-MODEL I-MODEL I-MODEL O B-COLOR I-COLOR I-COLOR I-COLOR O B-BRAND I-BRAND I-BRAND I-BRAND I-BRAND I-BRAND I-BRAND,TSUBAKI|Q848-95|ブラック
T03069,★新品未使用★H64859 ノートパソコン ブラック,,H648-59,ブラック,O O O O O O O B-MODEL I-MODEL I-MODEL I-MODEL I-MODEL I-MODEL O O O O O O O O O B-COLOR I-COLOR I-COLOR I-COLOR,|H648-59|ブラック
T03070,E917-55イヤホンブラックミドリーワクス,ミドリワークス,E917-55,ブラック,B-MODEL I-MODEL I-MODEL I-MODEL I-MODEL I-MODEL I-MODEL O O O O B-COLOR I-COLOR I-COLOR I-COLOR O O O O O O O,ミドリワークス|E917-55|ブラック
T03071,腕時計B474-83シルバー,,B474-83,シルバー,O O O B-MODEL I-MODEL I-MODEL I-MODEL I-MODEL I-MODEL I-MODEL B-COLOR I-COLOR I-COLOR I-COLOR,|B474-83|シルバー
T03072,◆正規品◆Ｐ２４７－１７ シラユキ レッド 腕時計,シラユキ,P247-17,レッド,O O O O O B-MODEL I-MODEL I-MODEL I-MODEL I-MODEL I-MODEL I-MODEL O B-BRAND I-BRAND I-BRAND I-BRAND O B-COLOR I-COLOR I-COLOR O O O O,シラユキ|P247-17|レッド
T03073,J275-85 デイパック ブラック,,J275-85,ブラック,B-MODEL I-MODEL I-MODEL I-MODEL I-MODEL I-MODEL I-MODEL O O O O O O O B-COLOR I-COLOR I-COLOR I-COLOR,|J275-85|ブラック
T03074,【送料無料】ネイビーB839-40デイパッシラユキ,シラユキ,B839-40,ネイビー,O O O O O O B-COLOR I-COLOR I-COLOR I-COLOR B-MODEL I-MODEL I-MODEL I-MODEL I-MODEL I-MODEL I-MODEL O O O O B-BRAND I-BRAND I-BRAND I-BRAND,シラユキ|B839-40|ネイビー
T03075,ゲンブブラック腕時計T98540,ゲンブ,T985-40,ブラック,B-BRAND I-BRAND I-BRAND B-COLOR I-COLOR I-COLOR I-COLOR O O O B-MODEL I-MODEL I-MODEL I-MODEL I-MODEL I-MODEL,ゲンブ|T985-40|ブラック
T03076,ホワイト洗濯機シラユキM437-98,シラユキ,M437-98,ホワイト,B-COLOR I-COLOR I-COLOR I-COLOR O O O B-BRAND I-BRAND I-BRAND I-BRAND B-MODEL I-MODEL I-MODEL I-MODEL I-MODEL I-MODEL I-MODEL,シラユキ|M437-98|ホワイト
T03077,★新品未使用★洗濯機 グリーン TSUBAKI G22590,TSUBAKI,G225-90,グリーン,O O O O O O O O O O O B-COLOR I-COLOR I-COLOR I-COLOR O B-BRAND I-BRAND I-BRAND I-BRAND I-BRAND I-BRAND I-BRAND O B-MODEL I-MODEL I-MODEL I-MODEL I-MODEL I-MODEL,TSUBAKI|G225-90|グリーン
T03078,ノースピーク シルー ノートパソコン E177-82,ノースピーク,E177-82,シルバー,B-BRAND I-BRAND I-BRAND I-BRAND I-BRAND I-BRAND O O O O O O O O O O O O O B-MODEL I-MODEL I-MODEL I-MODEL I-MODEL I-MODEL I-MODEL,ノースピーク|E177-82|シルバー
T03079,【送無料】Ｈ７３３－１３ シルバー 掃除機 ノースピーク,ノースピーク,H733-13,シルバー,O O O O O B-MODEL I-MODEL I-MODEL I-MODEL I-MODEL I-MODEL I-MODEL O B-COLOR I-COLOR I-COLOR I-COLOR O O O O O B-BRAND I-BRAND I-BRAND I-BRAND I-BRAND I-BRAND,ノースピーク|H733-13|シルバー
T03080,【送料無料】Ｒ４１６－３１レッドTSUBAKIスニーカー,TSUBAKI,R416-31,レッド,O O O O O O B-MODEL I-MODEL I-MODEL I-MODEL I-MODEL I-MODEL I-MODEL B-COLOR I-COLOR I-COLOR B-BRAND I-BRAND I-BRAND I-BRAND I-BRAND I-BRAND I-BRAND O O O O O,TSUBAKI|R416-31|レッド
T03081,Ｇ３２９－２６ 洗濯機 グリーン,,G329-26,グリーン,B-MODEL I-MODEL I-MODEL I-MODEL I-MODEL I-MODEL I-MODEL O O O O O B-COLOR I-COLOR I-COLOR I-COLOR,|G329-26|グリーン
T03082,M884-32 スニーカーネイビー ノースピーク,ノースピーク,M884-32,ネイビー,B-MODEL I-MODEL I-MODEL I-MODEL I-MODEL I-MODEL I-MODEL O O O O O O B-COLOR I-COLOR I-COLOR I-COLOR O B-BRAND I-BRAND I-BRAND I-BRAND I-BRAND I-BRAND,ノースピーク|M884-32|ネイビー
T03083,X262-66 レッド 洗濯機,,X262-66,レッド,B-MODEL I-MODEL I-MODEL I-MODEL I-MODEL I-MODEL I-MODEL O B-COLOR I-COLOR I-COLOR O O O O,|X262-66|レッド
T03084,KUROＰ８２１－４１ノートパソコブラック,KURO,P821-41,ブラック,B-BRAND I-BRAND I-BRAND I-BRAND B-MODEL I-MODEL I-MODEL I-MODEL I-MODEL I-MODEL I-MODEL O O O O O O B-COLOR I-COLOR I-COLOR I-COLOR,KURO|P821-41|ブラック
T03085,Y67467グリーンゲンブイヤホン,ゲンブ,Y674-67,グリーン,B-MODEL I-MODEL I-MODEL I-MODEL I-MODEL I-MODEL B-COLOR I-COLOR I-COLOR I-COLOR B-BRAND I-BRAND I-BRAND O O O O,ゲンブ|Y674-67|グリーン
T03086,R521-41ノースピーホクワイトノートパソコン,ノースピーク,R521-41,ホワイト,B-MODEL I-MODEL I-MODEL I-MODEL I-MODEL I-MODEL I-MODEL O O O O O O O O O O O O O O O O O,ノースピーク|R521-41|ホワイト
T03087,◆正規品◆ネイビー ゲンブ X50917 掃除機,ゲンブ,X509-17,ネイビー,O O O O O B-COLOR I-COLOR I-COLOR I-COLOR O B-BRAND I-BRAND I-BRAND O B-MODEL I-MODEL I-MODEL I-MODEL I-MODEL I-MODEL O O O O,ゲンブ|X509-17|ネイビー
T03088,スニーカー シラユキ シルバー S31879,シラユキ,S318-79,シルバー,O O O O O O B-BRAND I-BRAND I-BRAND I-BRAND O B-COLOR I-COLOR I-COLOR I-COLOR O B-MODEL I-MODEL I-MODEL I-MODEL I-MODEL I-MODEL,シラユキ|S318-79|シルバー
T03089,ブラックスニーカーＢ６５６－５１,,B656-51,ブラック,B-COLOR I-COLOR I-COLOR I-COLOR O O O O O B-MODEL I-MODEL I-MODEL I-MODEL I-MODEL I-MODEL I-MODEL,|B656-51|ブラック
T03090,Ｇ３７１－６８ イヤホン ブラック,,G371-68,ブラック,B-MODEL I-MODEL I-MODEL I-MODEL I-MODEL I-MODEL I-MODEL O O O O O O B-COLOR I-COLOR I-COLOR I-COLOR,|G371-68|ブラック
T03091,L360-20 グリーン 腕時計 KURO,KURO,L360-20,グリーン,B-MODEL I-MODEL I-MODEL I-MODEL I-MODEL I-MODEL I-MODEL O B-COLOR I-COLOR I-COLOR I-COLOR O O O O O B-BRAND I-BRAND I-BRAND I-BRAND,KURO|L360-20|グリーン
T03092,U572-69 洗濯機 ミドリワークス シルバー,ミドリワークス,U572-69,シルバー,B-MODEL I-MODEL I-MODEL I-MODEL I-MODEL I-MODEL I-MODEL O O O O O B-BRAND I-BRAND I-BRAND I-BRAND I-BRAND I-BRAND I-BRAND O B-COLOR I-COLOR I-COLOR I-COLOR,ミドリワークス|U572-69|シルバー
T03093,デイパック TSUBAKI シルバー P948-32,TSUBAKI,P948-32,シルバー,O O O O O O B-BRAND I-BRAND I-BRAND I-BRAND I-BRAND I-BRAND I-BRAND O B-COLOR I-COLOR I-COLOR I-COLOR O B-MODEL I-MODEL I-MODEL I-MODEL I-MODEL I-MODEL I-MODEL,TSUBAKI|P948-32|シルバー
T03094,レッド シラユキ N178-45 スニーカー,シラユキ,N178-45,レッド,B-COLOR I-COLOR I-COLOR O B-BRAND I-BRAND I-BRAND I-BRAND O B-MODEL I-MODEL I-MODEL I-MODEL I-MODEL I-MODEL I-MODEL O O O O O O,シラユキ|N178-45|レッド
T03095,ミドリワークス ホワイト Ｅ７４３－７０ 腕時計,ミドリワークス,E743-70,ホワイト,B-BRAND I-BRAND I-BRAND I-BRAND I-BRAND I-BRAND I-BRAND O B-COLOR I-COLOR I-COLOR I-COLOR O B-MODEL I-MODEL I-MODEL I-MODEL I-MODEL I-MODEL I-MODEL O O O O,ミドリワークス|E743-70|ホワイト
T03096,【即日発送】オオゾラ冷蔵庫Ｊ６０１－１２ホワイト,オオゾラ,J601-12,ホワイト,O O O O O O B-BRAND I-BRAND I-BRAND I-BRAND O O O B-MODEL I-MODEL I-MODEL I-MODEL I-MODEL I-MODEL I-MODEL B-COLOR I-COLOR I-COLOR I-COLOR,オオゾラ|J601-12|ホワイト
T03097,ネイビー B127-11 デイパック,,B127-11,ネイビー,B-COLOR I-COLOR I-COLOR I-COLOR O B-MODEL I-MODEL I-MODEL I-MODEL I-MODEL I-MODEL I-MODEL O O O O O O,|B127-11|ネイビー
T03098,レッド アカネ電機 イヤホン Ｊ３８０－７６,アカネ電機,J380-76,レッド,B-COLOR I-COLOR I-COLOR O B-BRAND I-BRAND I-BRAND I-BRAND I-BRAND O O O O O O B-MODEL I-MODEL I-MODEL I-MODEL I-MODEL I-MODEL I-MODEL,アカネ電機|J380-76|レッド
T03099,J228-76レッドデイパックハヤブサ,ハヤブサ,J228-76,レッド,B-MODEL I-MODEL I-MODEL I-MODEL I-MODEL I-MODEL I-MODEL B-COLOR I-COLOR I-COLOR O O O O O B-BRAND I-BRAND I-BRAND I-BRAND,ハヤブサ|J228-76|レッド
T03100,ミドリワークス腕時計Z653-52グリーン,ミドリワークス,Z653-52,グリーン,B-BRAND I-BRAND I-BRAND I-BRAND I-BRAND I-BRAND I-BRAND O O O B-MODEL I-MODEL I-MODEL I-MODEL I-MODEL I-MODEL I-MODEL B-COLOR I-COLOR I-COLOR I-COLOR,ミドリワークス|Z653-52|グリーン
T03101,腕時計R214-17レッドシラユキ,シラユキ,R214-17,レッド,O O O B-MODEL I-MODEL I-MODEL I-MODEL I-MODEL I-MODEL I-MODEL B-COLOR I-COLOR I-COLOR B-BRAND I-BRAND I-BRAND I-BRAND,シラユキ|R214-17|レッド
T03102,グリーンＡ７４１－１３アカネ電機イヤホン,アカネ電機,A741-13,グリーン,B-COLOR I-COLOR I-COLOR I-COLOR B-MODEL I-MODEL I-MODEL I-MODEL I-MODEL I-MODEL I-MODEL B-BRAND I-BRAND I-BRAND I-BRAND I-BRAND O O O O,アカネ電機|A741-13|グリーン
T03103,W949-84デイパックグリーンシラユキ,シラユキ,W949-84,グリーン,B-MODEL I-MODEL I-MODEL I-MODEL I-MODEL I-MODEL I-MODEL O O O O O B-COLOR I-COLOR I-COLOR I-COLOR B-BRAND I-BRAND I-BRAND I-BRAND,シラユキ|W949-84|グリーン
T03104,L45138オオゾラレッド掃除機,オオゾラ,L451-38,レッド,B-MODEL I-MODEL I-MODEL I-MODEL I-MODEL I-MODEL B-BRAND I-BRAND I-BRAND I-BRAND B-COLOR I-COLOR I-COLOR O O O,オオゾラ|L451-38|レッド
T03105,アカネ電機Ｑ３７３７１レッド腕時計,アカネ電機,Q373-71,レッド,B-BRAND I-BRAND I-BRAND I-BRAND I-BRAND B-MODEL I-MODEL I-MODEL I-MODEL I-MODEL I-MODEL B-COLOR I-COLOR I-COLOR O O O,アカネ電機|Q373-71|レッド
T03106,ノートパソコン ブラック Ｋ１３５－６５ シラユキ,シラユキ,K135-65,ブラック,O O O O O O O O B-COLOR I-COLOR I-COLOR I-COLOR O B-MODEL I-MODEL I-MODEL I-MODEL I-MODEL I-MODEL I-MODEL O B-BRAND I-BRAND I-BRAND I-BRAND,シラユキ|K135-65|ブラック
T03107,ノートパソコン ゲンブ ブラック V736-16,ゲンブ,V736-16,ブラック,O O O O O O O O B-BRAND I-BRAND I-BRAND O B-COLOR I-COLOR I-COLOR I-COLOR O B-MODEL I-MODEL I-MODEL I-MODEL I-MODEL I-MODEL I-MODEL,ゲンブ|V736-16|ブラック
T03108,洗濯 機Z805-37 グリーン ハヤブサ,ハヤブサ,Z805-37,グリーン,O O O O B-MODEL I-MODEL I-MODEL I-MODEL I-MODEL I-MODEL I-MODEL O B-COLOR I-COLOR I-COLOR I-COLOR O B-BRAND I-BRAND I-BRAND I-BRAND,ハヤブサ|Z805-37|グリーン
T03109,掃除機ネイビーI627-55アカネ電機,アカネ電機,I627-55,ネイビー,O O O B-COLOR I-COLOR I-COLOR I-COLOR B-MODEL I-MODEL I-MODEL I-MODEL I-MODEL I-MODEL I-MODEL B-BRAND I-BRAND I-BRAND I-BRAND I-BRAND,アカネ電機|I627-55|ネイビー
T03110,★新品未使用★Y223-53 ホワイト スニーカー TSUBAKI,TSUBAKI,Y223-53,ホワイト,O O O O O O O B-MODEL I-MODEL I-MODEL I-MODEL I-MODEL I-MODEL I-MODEL O B-COLOR I-COLOR I-COLOR I-COLOR O O O O O O O B-BRAND I-BRAND I-BRAND I-BRAND I-BRAND I-BRAND I-BRAND,TSUBAKI|Y223-53|ホワイト
T03111,◆正規品◆グリーン 冷蔵庫 T97629,,T976-29,グリーン,O O O O O B-COLOR I-COLOR I-COLOR I-COLOR O O O O O B-MODEL I-MODEL I-MODEL I-MODEL I-MODEL I-MODEL,|T976-29|グリーン
T03112,ホワイト Ｋ９０３－５７ イヤホン ハヤブサ,ハヤブサ,K903-57,ホワイト,B-COLOR I-COLOR I-COLOR I-COLOR O B-MODEL I-MODEL I-MODEL I-MODEL I-MODEL I-MODEL I-MODEL O O O O O O B-BRAND I-BRAND I-BRAND I-BRAND,ハヤブサ|K903-57|ホワイト
T03113,レッドデイパックTSUBAKIV60975,TSUBAKI,V609-75,レッド,B-COLOR I-COLOR I-COLOR O O O O O B-BRAND I-BRAND I-BRAND I-BRAND I-BRAND I-BRAND I-BRAND B-MODEL I-MODEL I-MODEL I-MODEL I-MODEL I-MODEL,TSUBAKI|V609-75|レッド
T03114,ソライロ 掃除機 Ａ１３０５１ ネイビー,ソライロ,A130-51,ネイビー,B-BRAND I-BRAND I-BRAND I-BRAND O O O O O B-MODEL I-MODEL I-MODEL I-MODEL I-MODEL I-MODEL O B-COLOR I-COLOR I-COLOR I-COLOR,ソライロ|A130-51|ネイビー
T03115,ミドリワークスデイパックシルバーX32568,ミドリワークス,X325-68,シルバー,B-BRAND I-BRAND I-BRAND I-BRAND I-BRAND I-BRAND I-BRAND O O O O O B-COLOR I-COLOR I-COLOR I-COLOR B-MODEL I-MODEL I-MODEL I-MODEL I-MODEL I-MODEL,ミドリワークス|X325-68|シルバー
T03116,★新品未使用★洗濯機C682-14グリーンTSUBAKI,TSUBAKI,C682-14,グリーン,O O O O O O O O O O B-MODEL I-MODEL I-MODEL I-MODEL I-MODEL I-MODEL I-MODEL B-COLOR I-COLOR I-COLOR I-COLOR B-BRAND I-BRAND I-BRAND I-BRAND I-BRAND I-BRAND I-BRAND,TSUBAKI|C682-14|グリーン
T03117,C87145 ネイビー ノースピーク ノートパソコン,ノースピーク,C871-45,ネイビー,B-MODEL I-MODEL I-MODEL I-MODEL I-MODEL I-MODEL O B-COLOR I-COLOR I-COLOR I-COLOR O B-BRAND I-BRAND I-BRAND I-BRAND I-BRAND I-BRAND O O O O O O O O,ノースピーク|C871-45|ネイビー
T03118,E228-62 アカネ電機 腕時計 シルバー,アカネ電機,E228-62,シルバー,B-MODEL I-MODEL I-MODEL I-MODEL I-MODEL I-MODEL I-MODEL O B-BRAND I-BRAND I-BRAND I-BRAND I-BRAND O O O O O B-COLOR I-COLOR I-COLOR I-COLOR,アカネ電機|E228-62|シルバー
T03119,アカネ電機 W487-84 ブラック ノートパソコン,アカネ電機,W487-84,ブラック,B-BRAND I-BRAND I-BRAND I-BRAND I-BRAND O B-MODEL I-MODEL I-MODEL I-MODEL I-MODEL I-MODEL I-MODEL O B-COLOR I-COLOR I-COLOR I-COLOR O O O O O O O O,アカネ電機|W487-84|ブラック
T03120,◆正規品◆デイパック Y23417 グリーン ハヤブサ,ハヤブサ,Y234-17,グリーン,O O O O O O O O O O O B-MODEL I-MODEL I-MODEL I-MODEL I-MODEL I-MODEL O B-COLOR I-COLOR I-COLOR I-COLOR O B-BRAND I-BRAND I-BRAND I-BRAND,ハヤブサ|Y234-17|グリーン
T03121,【送料無料】アカネ電機 L321-64 腕時計 レッド,アカネ電機,L321-64,レッド,O O O O O O B-BRAND I-BRAND I-BRAND I-BRAND I-BRAND O B-MODEL I-MODEL I-MODEL I-MODEL I-MODEL I-MODEL I-MODEL O O O O O B-COLOR I-COLOR I-COLOR,アカネ電機|L321-64|レッド
T03122,Ｅ６２２－３７ホワイト冷蔵庫,,E622-37,ホワイト,B-MODEL I-MODEL I-MODEL I-MODEL I-MODEL I-MODEL I-MODEL B-COLOR I-COLOR I-COLOR I-COLOR O O O,|E622-37|ホワイト
T03123,スニーカー O859-26 ホワイト,,O859-26,ホワイト,O O O O O O B-MODEL I-MODEL I-MODEL I-MODEL I-MODEL I-MODEL I-MODEL O B-COLOR I-COLOR I-COLOR I-COLOR,|O859-26|ホワイト
T03124,M56398 イヤホン レッド ハヤブサ,ハヤブサ,M563-98,レッド,B-MODEL I-MODEL I-MODEL I-MODEL I-MODEL I-MODEL O O O O O O B-COLOR I-COLOR I-COLOR O B-BRAND I-BRAND I-BRAND I-BRAND,ハヤブサ|M563-98|レッド
T03125,イヤホン P419-71 ブラック,,P419-71,ブラック,O O O O O B-MODEL I-MODEL I-MODEL I-MODEL I-MODEL I-MODEL I-MODEL O B-COLOR I-COLOR I-COLOR I-COLOR,|P419-71|ブラック
T03126,洗濯機 E652-44 ネイビー,,E652-44,ネイビー,O O O O B-MODEL I-MODEL I-MODEL I-MODEL I-MODEL I-MODEL I-MODEL O B-COLOR I-COLOR I-COLOR I-COLOR,|E652-44|ネイビー
T03127,H274-26 レッド ノートパソコン,,H274-26,レッド,B-MODEL I-MODEL I-MODEL I-MODEL I-MODEL I-MODEL I-MODEL O B-COLOR I-COLOR I-COLOR O O O O O O O O,|H274-26|レッド
T03128,TSUBAKI 冷蔵庫 Ｅ４７５－７４ ブラック,TSUBAKI,E475-74,ブラック,B-BRAND I-BRAND I-BRAND I-BRAND I-BRAND I-BRAND I-BRAND O O O O O B-MODEL I-MODEL I-MODEL I-MODEL I-MODEL I-MODEL I-MODEL O B-COLOR I-COLOR I-COLOR I-COLOR,TSUBAKI|E475-74|ブラック
T03129,S938-29 冷蔵庫 シルバー,,S938-29,シルバー,B-MODEL I-MODEL I-MODEL I-MODEL I-MODEL I-MODEL I-MODEL O O O O O B-COLOR I-COLOR I-COLOR I-COLOR,|S938-29|シルバー
T03130,デイパック KURO ブラック G71219,KURO,G712-19,ブラック,O O O O O O B-BRAND I-BRAND I-BRAND I-BRAND O B-COLOR I-COLOR I-COLOR I-COLOR O B-MODEL I-MODEL I-MODEL I-MODEL I-MODEL I-MODEL,KURO|G712-19|ブラック
T03131,W578-10 腕時計 TSUBAKI ブラック,TSUBAKI,W578-10,ブラック,B-MODEL I-MODEL I-MODEL I-MODEL I-MODEL I-MODEL I-MODEL O O O O O B-BRAND I-BRAND I-BRAND I-BRAND I-BRAND I-BRAND I-BRAND O B-COLOR I-COLOR I-COLOR I-COLOR,TSUBAKI|W578-10|ブラック
T03132,◆正規品◆イネビーB383-72冷蔵庫ハヤブサ,ハヤブサ,B383-72,ネイビー,O O O O O O O O O B-MODEL I-MODEL I-MODEL I-MODEL I-MODEL I-MODEL I-MODEL O O O B-BRAND I-BRAND I-BRAND I-BRAND,ハヤブサ|B383-72|ネイビー
T03133,《アウトレット》X791-41オオゾラシルバーデイパック,オオゾラ,X791-41,シルバー,O O O O O O O O B-MODEL I-MODEL I-MODEL I-MODEL I-MODEL I-MODEL I-MODEL B-BRAND I-BRAND I-BRAND I-BRAND B-COLOR I-COLOR I-COLOR I-COLOR O O O O O,オオゾラ|X791-41|シルバー
T03134,スニーカーI83073ホワイトミドリワークス,ミドリワークス,I830-73,ホワイト,O O O O O B-MODEL I-MODEL I-MODEL I-MODEL I-MODEL I-MODEL B-COLOR I-COLOR I-COLOR I-COLOR B-BRAND I-BRAND I-BRAND I-BRAND I-BRAND I-BRAND I-BRAND,ミドリワークス|I830-73|ホワイト
T03135,ネイビー M39733 シラユキ 洗濯機,シラユキ,M397-33,ネイビー,B-COLOR I-COLOR I-COLOR I-COLOR O B-MODEL I-MODEL I-MODEL I-MODEL I-MODEL I-MODEL O B-BRAND I-BRAND I-BRAND I-BRAND O O O O,シラユキ|M397-33|ネイビー
T03136,★新品未使用★F61553グリーンオオゾラ掃除機,オオゾラ,F615-53,グリーン,O O O O O O O B-MODEL I-MODEL I-MODEL I-MODEL I-MODEL I-MODEL B-COLOR I-COLOR I-COLOR I-COLOR B-BRAND I-BRAND I-BRAND I-BRAND O O O,オオゾラ|F615-53|グリーン
T03137,ハヤブサレッド冷蔵庫R737-78,ハヤブサ,R737-78,レッド,B-BRAND I-BRAND I-BRAND I-BRAND B-COLOR I-COLOR I-COLOR O O O B-MODEL I-MODEL I-MODEL I-MODEL I-MODEL I-MODEL I-MODEL,ハヤブサ|R737-78|レッド
T03138,P919-75 イヤホン ネイビー アカネ電機,アカネ電機,P919-75,ネイビー,B-MODEL I-MODEL I-MODEL I-MODEL I-MODEL I-MODEL I-MODEL O O O O O O B-COLOR I-COLOR I-COLOR I-COLOR O B-BRAND I-BRAND I-BRAND I-BRAND I-BRAND,アカネ電機|P919-75|ネイビー
T03139,【即日発】ブラック 洗濯機 Ｅ４９４－３２,,E494-32,ブラック,O O O O O B-COLOR I-COLOR I-COLOR I-COLOR O O O O O B-MODEL I-MODEL I-MODEL I-MODEL I-MODEL I-MODEL I-MODEL,|E494-32|ブラック
T03140,Ｃ６１４－７６TSUBAKI掃除機グリーン,TSUBAKI,C614-76,グリーン,B-MODEL I-MODEL I-MODEL I-MODEL I-MODEL I-MODEL I-MODEL B-BRAND I-BRAND I-BRAND I-BRAND I-BRAND I-BRAND I-BRAND O O O B-COLOR I-COLOR I-COLOR I-COLOR,TSUBAKI|C614-76|グリーン
T03141,O99456 ホワイト オオゾラ ノートパソコン,オオゾラ,O994-56,ホワイト,B-MODEL I-MODEL I-MODEL I-MODEL I-MODEL I-MODEL O B-COLOR I-COLOR I-COLOR I-COLOR O B-BRAND I-BRAND I-BRAND I-BRAND O O O O O O O O,オオゾラ|O994-56|ホワイト
T03142,W952-32ホワイト冷蔵庫アカネ電機,アカネ電機,W952-32,ホワイト,B-MODEL I-MODEL I-MODEL I-MODEL I-MODEL I-MODEL I-MODEL B-COLOR I-COLOR I-COLOR I-COLOR O O O B-BRAND I-BRAND I-BRAND I-BRAND I-BRAND,アカネ電機|W952-32|ホワイト
T03143,★新品未使用★シラユキ ネイビー 腕時計 Ｋ７７８７１,シラユキ,K778-71,ネイビー,O O O O O O O B-BRAND I-BRAND I-BRAND I-BRAND O B-COLOR I-COLOR I-COLOR I-COLOR O O O O O B-MODEL I-MODEL I-MODEL I-MODEL I-MODEL I-MODEL,シラユキ|K778-71|ネイビー
T03144,シラユキ O661-75 グリーン デイパック,シラユキ,O661-75,グリーン,B-BRAND I-BRAND I-BRAND I-BRAND O B-MODEL I-MODEL I-MODEL I-MODEL I-MODEL I-MODEL I-MODEL O B-COLOR I-COLOR I-COLOR I-COLOR O O O O O O,シラユキ|O661-75|グリーン
T03145,Ａ７９５７１ブラックデイパック,,A795-71,ブラック,B-MODEL I-MODEL I-MODEL I-MODEL I-MODEL I-MODEL B-COLOR I-COLOR I-COLOR I-COLOR O O O O O,|A795-71|ブラック
T03146,グリーン ミドリワークス N27356 デイパック,ミドリワークス,N273-56,グリーン,B-COLOR I-COLOR I-COLOR I-COLOR O B-BRAND I-BRAND I-BRAND I-BRAND I-BRAND I-BRAND I-BRAND O B-MODEL I-MODEL I-MODEL I-MODEL I-MODEL I-MODEL O O O O O O,ミドリワークス|N273-56|グリーン
T03147,オオゾラホワイトM79075イヤホン,オオゾラ,M790-75,ホワイト,B-BRAND I-BRAND I-BRAND I-BRAND B-COLOR I-COLOR I-COLOR I-COLOR B-MODEL I-MODEL I-MODEL I-MODEL I-MODEL I-MODEL O O O O,オオゾラ|M790-75|ホワイト
T03148,スニーカー Ｊ６４９－１９ ハヤブサ ホワイト,ハヤブサ,J649-19,ホワイト,O O O O O O B-MODEL I-MODEL I-MODEL I-MODEL I-MODEL I-MODEL I-MODEL O B-BRAND I-BRAND I-BRAND I-BRAND O B-COLOR I-COLOR I-COLOR I-COLOR,ハヤブサ|J649-19|ホワイト
T03149,スニーカーソライロネイビーA65146,ソライロ,A651-46,ネイビー,O O O O O B-BRAND I-BRAND I-BRAND I-BRAND B-COLOR I-COLOR I-COLOR I-COLOR B-MODEL I-MODEL I-MODEL I-MODEL I-MODEL I-MODEL,ソライロ|A651-46|ネイビー
T03150,J685-66洗濯機グリーン,,J685-66,グリーン,B-MODEL I-MODEL I-MODEL I-MODEL I-MODEL I-MODEL I-MODEL O O O B-COLOR I-COLOR I-COLOR I-COLOR,|J685-66|グリーン
T03151,《アウトレット》KURO デイパック Ｆ８６８９４ レッド,KURO,F868-94,レッド,O O O O O O O O B-BRAND I-BRAND I-BRAND I-BRAND O O O O O O O B-MODEL I-MODEL I-MODEL I-MODEL I-MODEL I-MODEL O B-COLOR I-COLOR I-COLOR,KURO|F868-94|レッド
T03152,アカネ電機イヤホンP881-62ホワイト,アカネ電機,P881-62,ホワイト,B-BRAND I-BRAND I-BRAND I-BRAND I-BRAND O O O O B-MODEL I-MODEL I-MODEL I-MODEL I-MODEL I-MODEL I-MODEL B-COLOR I-COLOR I-COLOR I-COLOR,アカネ電機|P881-62|ホワイト
T03153,Q490-29ハヤブサ冷蔵庫グリーン,ハヤブサ,Q490-29,グリーン,B-MODEL I-MODEL I-MODEL I-MODEL I-MODEL I-MODEL I-MODEL B-BRAND I-BRAND I-BRAND I-BRAND O O O B-COLOR I-COLOR I-COLOR I-COLOR,ハヤブサ|Q490-29|グリーン
T03154,ホワイト 掃除機 Ｕ１９６－８５,,U196-85,ホワイト,B-COLOR I-COLOR I-COLOR I-COLOR O O O O O B-MODEL I-MODEL I-MODEL I-MODEL I-MODEL I-MODEL I-MODEL,|U196-85|ホワイト
T03155,グリーン ハヤブサ H47092 スニーカー,ハヤブサ,H470-92,グリーン,B-COLOR I-COLOR I-COLOR I-COLOR O B-BRAND I-BRAND I-BRAND I-BRAND O B-MODEL I-MODEL I-MODEL I-MODEL I-MODEL I-MODEL O O O O O O,ハヤブサ|H470-92|グリーン
T03156,E346-54グリーンデイパックノースピーク,ノースピーク,E346-54,グリーン,B-MODEL I-MODEL I-MODEL I-MODEL I-MODEL I-MODEL I-MODEL B-COLOR I-COLOR I-COLOR I-COLOR O O O O O B-BRAND I-BRAND I-BRAND I-BRAND I-BRAND I-BRAND,ノースピーク|E346-54|グリーン
T03157,B615-39 レッド KURO 掃除機,KURO,B615-39,レッド,B-MODEL I-MODEL I-MODEL I-MODEL I-MODEL I-MODEL I-MODEL O B-COLOR I-COLOR I-COLOR O B-BRAND I-BRAND I-BRAND I-BRAND O O O O,KURO|B615-39|レッド
T03158,ホワイト スニーカー C141-21 ミドリワークス,ミドリワークス,C141-21,ホワイト,B-COLOR I-COLOR I-COLOR I-COLOR O O O O O O O B-MODEL I-MODEL I-MODEL I-MODEL I-MODEL I-MODEL I-MODEL O B-BRAND I-BRAND I-BRAND I-BRAND I-BRAND I-BRAND I-BRAND,ミドリワークス|C141-21|ホワイト
T03159,ノートパソコンシラユキネイビーＪ２８８８３,シラユキ,J288-83,ネイビー,O O O O O O O B-BRAND I-BRAND I-BRAND I-BRAND B-COLOR I-COLOR I-COLOR I-COLOR B-MODEL I-MODEL I-MODEL I-MODEL I-MODEL I-MODEL,シラユキ|J288-83|ネイビー
T03160,ノースピーク レッド イヤホン S56371,ノースピーク,S563-71,レッド,B-BRAND I-BRAND I-BRAND I-BRAND I-BRAND I-BRAND O B-COLOR I-COLOR I-COLOR O O O O O O B-MODEL I-MODEL I-MODEL I-MODEL I-MODEL I-MODEL,ノースピーク|S563-71|レッド
T03161,S328-93 ネイビー オオゾラ 冷蔵庫,オオゾラ,S328-93,ネイビー,B-MODEL I-MODEL I-MODEL I-MODEL I-MODEL I-MODEL I-MODEL O B-COLOR I-COLOR I-COLOR I-COLOR O B-BRAND I-BRAND I-BRAND I-BRAND O O O O,オオゾラ|S328-93|ネイビー
T03162,A67216アカネ電機ブラック洗濯機,アカネ電機,A672-16,ブラック,B-MODEL I-MODEL I-MODEL I-MODEL I-MODEL I-MODEL B-BRAND I-BRAND I-BRAND I-BRAND I-BRAND B-COLOR I-COLOR I-COLOR I-COLOR O O O,アカネ電機|A672-16|ブラック
T03163,★新品未使用★W88982 レッド イヤホン,,W889-82,レッド,O O O O O O O B-MODEL I-MODEL I-MODEL I-MODEL I-MODEL I-MODEL O B-COLOR I-COLOR I-COLOR O O O O O,|W889-82|レッド
T03164,イヤホン ホワイト Ｄ１９０３４ シラユキ,シラユキ,D190-34,ホワイト,O O O O O B-COLOR I-COLOR I-COLOR I-COLOR O B-MODEL I-MODEL I-MODEL I-MODEL I-MODEL I-MODEL O B-BRAND I-BRAND I-BRAND I-BRAND,シラユキ|D190-34|ホワイト
T03165,ホワイトW573-74デイパックオオゾラ,オオゾラ,W573-74,ホワイト,B-COLOR I-COLOR I-COLOR I-COLOR B-MODEL I-MODEL I-MODEL I-MODEL I-MODEL I-MODEL I-MODEL O O O O O B-BRAND I-BRAND I-BRAND I-BRAND,オオゾラ|W573-74|ホワイト
T03166,掃除機 D715-50 ブラック,,D715-50,ブラック,O O O O B-MODEL I-MODEL I-MODEL I-MODEL I-MODEL I-MODEL I-MODEL O B-COLOR I-COLOR I-COLOR I-COLOR,|D715-50|ブラック
T03167,【即日発送】ノートパソコン グリーン D630-81 オオゾラ,オオゾラ,D630-81,グリーン,O O O O O O O O O O O O O O B-COLOR I-COLOR I-COLOR I-COLOR O B-MODEL I-MODEL I-MODEL I-MODEL I-MODEL I-MODEL I-MODEL O B-BRAND I-BRAND I-BRAND I-BRAND,オオゾラ|D630-81|グリーン
T03168,V502-47 スニーカー シルバー ソライロ,ソライロ,V502-47,シルバー,B-MODEL I-MODEL I-MODEL I-MODEL I-MODEL I-MODEL I-MODEL O O O O O O O B-COLOR I-COLOR I-COLOR I-COLOR O B-BRAND I-BRAND I-BRAND I-BRAND,ソライロ|V502-47|シルバー
T03169,【送料無料】ハヤブサ シルバー J144-34 冷蔵庫,ハヤブサ,J144-34,シルバー,O O O O O O B-BRAND I-BRAND I-BRAND I-BRAND O B-COLOR I-COLOR I-COLOR I-COLOR O B-MODEL I-MODEL I-MODEL I-MODEL I-MODEL I-MODEL I-MODEL O O O O,ハヤブサ|J144-34|シルバー
T03170,KUROホワイト洗濯機L602-86,KURO,L602-86,ホワイト,B-BRAND I-BRAND I-BRAND I-BRAND B-COLOR I-COLOR I-COLOR I-COLOR O O O B-MODEL I-MODEL I-MODEL I-MODEL I-MODEL I-MODEL I-MODEL,KURO|L602-86|ホワイト
T03171,ノースピークスニーカーグリーンＧ２３９３４,ノースピーク,G239-34,グリーン,B-BRAND I-BRAND I-BRAND I-BRAND I-BRAND I-BRAND O O O O O B-COLOR I-COLOR I-COLOR I-COLOR B-MODEL I-MODEL I-MODEL I-MODEL I-MODEL I-MODEL,ノースピーク|G239-34|グリーン
T03172,掃除機ホワイトS683-78ソライロ,ソライロ,S683-78,ホワイト,O O O B-COLOR I-COLOR I-COLOR I-COLOR B-MODEL I-MODEL I-MODEL I-MODEL I-MODEL I-MODEL I-MODEL B-BRAND I-BRAND I-BRAND I-BRAND,ソライロ|S683-78|ホワイト
T03173,《アウトレット》洗濯機I97534レッド,,I975-34,レッド,O O O O O O O O O O O B-MODEL I-MODEL I-MODEL I-MODEL I-MODEL I-MODEL B-COLOR I-COLOR I-COLOR,|I975-34|レッド
T03174,スニーカー M316-68 ミドリワークス レッド,ミドリワークス,M316-68,レッド,O O O O O O B-MODEL I-MODEL I-MODEL I-MODEL I-MODEL I-MODEL I-MODEL O B-BRAND I-BRAND I-BRAND I-BRAND I-BRAND I-BRAND I-BRAND O B-COLOR I-COLOR I-COLOR,ミドリワークス|M316-68|レッド
T03175,ゲンブZ182-59洗濯機ブラック,ゲンブ,Z182-59,ブラック,B-BRAND I-BRAND I-BRAND B-MODEL I-MODEL I-MODEL I-MODEL I-MODEL I-MODEL I-MODEL O O O B-COLOR I-COLOR I-COLOR I-COLOR,ゲンブ|Z182-59|ブラック
T03176,冷蔵庫 E962-38 ネイビーノースピーク,ノースピーク,E962-38,ネイビー,O O O O B-MODEL I-MODEL I-MODEL I-MODEL I-MODEL I-MODEL I-MODEL O B-COLOR I-COLOR I-COLOR I-COLOR B-BRAND I-BRAND I-BRAND I-BRAND I-BRAND I-BRAND,ノースピーク|E962-38|ネイビー
T03177,《アウトレット》洗濯機 ミドリワークス H709-82 ブラック,ミドリワークス,H709-28,ブラック,O O O O O O O O O O O O B-BRAND I-BRAND I-BRAND I-BRAND I-BRAND I-BRAND I-BRAND O O O O O O O O O B-COLOR I-COLOR I-COLOR I-COLOR,ミドリワークス|H709-28|ブラック
T03178,Ｒ４４８－６１ デイパック ゲンブ グリーン,ゲンブ,R448-61,グリーン,B-MODEL I-MODEL I-MODEL I-MODEL I-MODEL I-MODEL I-MODEL O O O O O O O B-BRAND I-BRAND I-BRAND O B-COLOR I-COLOR I-COLOR I-COLOR,ゲンブ|R448-61|グリーン
T03179,ノートパソコン ホワイト TSUBAKI Ｘ７５１－６７,TSUBAKI,X751-67,ホワイト,O O O O O O O O B-COLOR I-COLOR I-COLOR I-COLOR O B-BRAND I-BRAND I-BRAND I-BRAND I-BRAND I-BRAND I-BRAND O B-MODEL I-MODEL I-MODEL I-MODEL I-MODEL I-MODEL I-MODEL,TSUBAKI|X751-67|ホワイト
T03180,KURO レッド V3774 ノートパソコン,KURO,V377-49,レッド,B-BRAND I-BRAND I-BRAND I-BRAND O B-COLOR I-COLOR I-COLOR O O O O O O O O O O O O O O,KURO|V377-49|レッド
T03181,ゲンブイヤホンＬ７１７－７７グリーン,ゲンブ,L717-77,グリーン,B-BRAND I-BRAND I-BRAND O O O O B-MODEL I-MODEL I-MODEL I-MODEL I-MODEL I-MODEL I-MODEL B-COLOR I-COLOR I-COLOR I-COLOR,ゲンブ|L717-77|グリーン
T03182,ブラックS595-35KURO掃除機,KURO,S595-35,ブラック,B-COLOR I-COLOR I-COLOR I-COLOR B-MODEL I-MODEL I-MODEL I-MODEL I-MODEL I-MODEL I-MODEL B-BRAND I-BRAND I-BRAND I-BRAND O O O,KURO|S595-35|ブラック
T03183,Y431-64シラユキイヤホンレッド,シラユキ,Y431-64,レッド,B-MODEL I-MODEL I-MODEL I-MODEL I-MODEL I-MODEL I-MODEL B-BRAND I-BRAND I-BRAND I-BRAND O O O O B-COLOR I-COLOR I-COLOR,シラユキ|Y431-64|レッド
T03184,★新品未使用★ノースピーク 腕時計 D67021 レッド,ノースピーク,D670-21,レッド,O O O O O O O B-BRAND I-BRAND I-BRAND I-BRAND I-BRAND I-BRAND O O O O O B-MODEL I-MODEL I-MODEL I-MODEL I-MODEL I-MODEL O B-COLOR I-COLOR I-COLOR,ノースピーク|D670-21|レッド
T03185,グリーン 冷蔵庫 M527-79,,M527-79,グリーン,B-COLOR I-COLOR I-COLOR I-COLOR O O O O O B-MODEL I-MODEL I-MODEL I-MODEL I-MODEL I-MODEL I-MODEL,|M527-79|グリーン
T03186,シルバーTSUBAKIX934-42掃除機,TSUBAKI,X934-42,シルバー,B-COLOR I-COLOR I-COLOR I-COLOR B-BRAND I-BRAND I-BRAND I-BRAND I-BRAND I-BRAND I-BRAND B-MODEL I-MODEL I-MODEL I-MODEL I-MODEL I-MODEL I-MODEL O O O,TSUBAKI|X934-42|シルバー
T03187,ミドリワークス P300-84 スニーカー グリーン,ミドリワークス,P300-84,グリーン,B-BRAND I-BRAND I-BRAND I-BRAND I-BRAND I-BRAND I-BRAND O B-MODEL I-MODEL I-MODEL I-MODEL I-MODEL I-MODEL I-MODEL O O O O O O O B-COLOR I-COLOR I-COLOR I-COLOR,ミドリワークス|P300-84|グリーン
T03188,スニーカー C689-22 ブラック,,C689-22,ブラック,O O O O O O B-MODEL I-MODEL I-MODEL I-MODEL I-MODEL I-MODEL I-MODEL O B-COLOR I-COLOR I-COLOR I-COLOR,|C689-22|ブラック
T03189,◆正規品◆レッドイヤホンY34660,,Y346-60,レッド,O O O O O B-COLOR I-COLOR I-COLOR O O O O B-MODEL I-MODEL I-MODEL I-MODEL I-MODEL I-MODEL,|Y346-60|レッド
T03190,ゲンブノートパソコグリーンD92480,ゲンブ,D924-80,グリーン,B-BRAND I-BRAND I-BRAND O O O O O O B-COLOR I-COLOR I-COLOR I-COLOR B-MODEL I-MODEL I-MODEL I-MODEL I-MODEL I-MODEL,ゲンブ|D924-80|グリーン
T03191,U145-51 グリーン デイパック ゲンブ,ゲンブ,U145-51,グリーン,B-MODEL I-MODEL I-MODEL I-MODEL I-MODEL I-MODEL I-MODEL O B-COLOR I-COLOR I-COLOR I-COLOR O O O O O O O B-BRAND I-BRAND I-BRAND,ゲンブ|U145-51|グリーン
T03192,シラユキ N494-98 洗濯機 グリーン,シラユキ,N494-98,グリーン,B-BRAND I-BRAND I-BRAND I-BRAND O B-MODEL I-MODEL I-MODEL I-MODEL I-MODEL I-MODEL I-MODEL O O O O O B-COLOR I-COLOR I-COLOR I-COLOR,シラユキ|N494-98|グリーン
T03193,腕時計 ホワトイ W33838,,W338-38,ホワイト,O O O O O O O O O B-MODEL I-MODEL I-MODEL I-MODEL I-MODEL I-MODEL,|W338-38|ホワイト
T03194,掃除機アカネ電機Q693-83レッド,アカネ電機,Q693-83,レッド,O O O B-BRAND I-BRAND I-BRAND I-BRAND I-BRAND B-MODEL I-MODEL I-MODEL I-MODEL I-MODEL I-MODEL I-MODEL B-COLOR I-COLOR I-COLOR,アカネ電機|Q693-83|レッド
T03195,オオゾラ L26894 スニーカー ホワイト,オオゾラ,L268-94,ホワイト,B-BRAND I-BRAND I-BRAND I-BRAND O B-MODEL I-MODEL I-MODEL I-MODEL I-MODEL I-MODEL O O O O O O O B-COLOR I-COLOR I-COLOR I-COLOR,オオゾラ|L268-94|ホワイト
T03196,ハヤブサ ネイビー J108-75 デイパック,ハヤブサ,J108-75,ネイビー,B-BRAND I-BRAND I-BRAND I-BRAND O B-COLOR I-COLOR I-COLOR I-COLOR O B-MODEL I-MODEL I-MODEL I-MODEL I-MODEL I-MODEL I-MODEL O O O O O O,ハヤブサ|J108-75|ネイビー
T03197,ブラック K28-87 掃除機 ミドリワークス,ミドリワークス,K258-87,ブラック,B-COLOR I-COLOR I-COLOR I-COLOR O O O O O O O O O O O O B-BRAND I-BRAND I-BRAND I-BRAND I-BRAND I-BRAND I-BRAND,ミドリワークス|K258-87|ブラック
T03198,掃除機 ブラック ソライロ Q265-23,ソライロ,Q265-23,ブラック,O O O O B-COLOR I-COLOR I-COLOR I-COLOR O B-BRAND I-BRAND I-BRAND I-BRAND O B-MODEL I-MODEL I-MODEL I-MODEL I-MODEL I-MODEL I-MODEL,ソライロ|Q265-23|ブラック
T03199,◆正規品◆デイパックレッドオオゾラG528-94,オオゾラ,G528-94,レッド,O O O O O O O O O O B-COLOR I-COLOR I-COLOR B-BRAND I-BRAND I-BRAND I-BRAND B-MODEL I-MODEL I-MODEL I-MODEL I-MODEL I-MODEL I-MODEL,オオゾラ|G528-94|レッド
T03200,レッドノースピークQ139-30イヤホン,ノースピーク,Q139-30,レッド,B-COLOR I-COLOR I-COLOR B-BRAND I-BRAND I-BRAND I-BRAND I-BRAND I-BRAND B-MODEL I-MODEL I-MODEL I-MODEL I-MODEL I-MODEL I-MODEL O O O O,ノースピーク|Q139-30|レッド
T03201,K224-55 ネイビー イヤホン,,K224-55,ネイビー,B-MODEL I-MODEL I-MODEL I-MODEL I-MODEL I-MODEL I-MODEL O B-COLOR I-COLOR I-COLOR I-COLOR O O O O O,|K224-55|ネイビー
T03202,スニーカー ネイビー Ａ３６４４６ ノースピーク,ノースピーク,A364-46,ネイビー,O O O O O O B-COLOR I-COLOR I-COLOR I-COLOR O B-MODEL I-MODEL I-MODEL I-MODEL I-MODEL I-MODEL O B-BRAND I-BRAND I-BRAND I-BRAND I-BRAND I-BRAND,ノースピーク|A364-46|ネイビー
T03203,Z408-11 ゲンブ デイパック ブラック,ゲンブ,Z408-11,ブラック,B-MODEL I-MODEL I-MODEL I-MODEL I-MODEL I-MODEL I-MODEL O B-BRAND I-BRAND I-BRAND O O O O O O O B-COLOR I-COLOR I-COLOR I-COLOR,ゲンブ|Z408-11|ブラック
T03204,アカネ電機 ネイビー Y87393 イヤホン,アカネ電機,Y873-93,ネイビー,B-BRAND I-BRAND I-BRAND I-BRAND I-BRAND O B-COLOR I-COLOR I-COLOR I-COLOR O B-MODEL I-MODEL I-MODEL I-MODEL I-MODEL I-MODEL O O O O O,アカネ電機|Y873-93|ネイビー
T03205,R648-67 掃除機 ソライロ ネイビー,ソライロ,R648-67,ネイビー,B-MODEL I-MODEL I-MODEL I-MODEL I-MODEL I-MODEL I-MODEL O O O O O B-BRAND I-BRAND I-BRAND I-BRAND O B-COLOR I-COLOR I-COLOR I-COLOR,ソライロ|R648-67|ネイビー
T03206,冷蔵庫 ネイビー ソライロ Ｗ６７３－９０,ソライロ,W673-90,ネイビー,O O O O B-COLOR I-COLOR I-COLOR I-COLOR O B-BRAND I-BRAND I-BRAND I-BRAND O B-MODEL I-MODEL I-MODEL I-MODEL I-MODEL I-MODEL I-MODEL,ソライロ|W673-90|ネイビー
T03207,ハヤブサ C160-35 ブラック 洗濯機,ハヤブサ,C160-35,ブラック,B-BRAND I-BRAND I-BRAND I-BRAND O B-MODEL I-MODEL I-MODEL I-MODEL I-MODEL I-MODEL I-MODEL O B-COLOR I-COLOR I-COLOR I-COLOR O O O O,ハヤブサ|C160-35|ブラック
T03208,W861-61 ブラック 掃除機,,W861-61,ブラック,B-MODEL I-MODEL I-MODEL I-MODEL I-MODEL I-MODEL I-MODEL O B-COLOR I-COLOR I-COLOR I-COLOR O O O O,|W861-61|ブラック
T03209,グリーン 洗濯機 Ｘ４９５－３８ ミドリワークス,ミドリワークス,X495-38,グリーン,B-COLOR I-COLOR I-COLOR I-COLOR O O O O O B-MODEL I-MODEL I-MODEL I-MODEL I-MODEL I-MODEL I-MODEL O B-BRAND I-BRAND I-BRAND I-BRAND I-BRAND I-BRAND I-BRAND,ミドリワークス|X495-38|グリーン
T03210,★新品未使用★掃除機 ホワイト Ｎ２１１－２５,,N211-25,ホワイト,O O O O O O O O O O O B-COLOR I-COLOR I-COLOR I-COLOR O B-MODEL I-MODEL I-MODEL I-MODEL I-MODEL I-MODEL I-MODEL,|N211-25|ホワイト
T03211,【送料無料】レッドW821-89スニーカーハヤブサ,ハヤブサ,W821-89,レッド,O O O O O O B-COLOR I-COLOR I-COLOR B-MODEL I-MODEL I-MODEL I-MODEL I-MODEL I-MODEL I-MODEL O O O O O B-BRAND I-BRAND I-BRAND I-BRAND,ハヤブサ|W821-89|レッド
T03212,レッドオオゾラK321-50ノートパソコン,オオゾラ,K321-50,レッド,B-COLOR I-COLOR I-COLOR B-BRAND I-BRAND I-BRAND I-BRAND B-MODEL I-MODEL I-MODEL I-MODEL I-MODEL I-MODEL I-MODEL O O O O O O O,オオゾラ|K321-50|レッド
T03213,オオゾラ Z67861 冷蔵庫 シルバー,オオゾラ,Z678-61,シルバー,B-BRAND I-BRAND I-BRAND I-BRAND O B-MODEL I-MODEL I-MODEL I-MODEL I-MODEL I-MODEL O O O O O B-COLOR I-COLOR I-COLOR I-COLOR,オオゾラ|Z678-61|シルバー
T03214,ネイビーＬ５９０－５５腕時計シラユキ,シラユキ,L590-55,ネイビー,B-COLOR I-COLOR I-COLOR I-COLOR B-MODEL I-MODEL I-MODEL I-MODEL I-MODEL I-MODEL I-MODEL O O O B-BRAND I-BRAND I-BRAND I-BRAND,シラユキ|L590-55|ネイビー
T03215,ネイビーU660-13ノースピーク冷蔵庫,ノースピーク,U660-13,ネイビー,B-COLOR I-COLOR I-COLOR I-COLOR B-MODEL I-MODEL I-MODEL I-MODEL I-MODEL I-MODEL I-MODEL B-BRAND I-BRAND I-BRAND I-BRAND I-BRAND I-BRAND O O O,ノースピーク|U660-13|ネイビー
T03216,オオゾラ ネイビー W652-76 スニーカー,オオゾラ,W652-76,ネイビー,B-BRAND I-BRAND I-BRAND I-BRAND O B-COLOR I-COLOR I-COLOR I-COLOR O B-MODEL I-MODEL I-MODEL I-MODEL I-MODEL I-MODEL I-MODEL O O O O O O,オオゾラ|W652-76|ネイビー
T03217,R521-60スニーカーアカネ電機ホワイト,アカネ電機,R521-60,ホワイト,B-MODEL I-MODEL I-MODEL I-MODEL I-MODEL I-MODEL I-MODEL O O O O O B-BRAND I-BRAND I-BRAND I-BRAND I-BRAND B-COLOR I-COLOR I-COLOR I-COLOR,アカネ電機|R521-60|ホワイト
T03218,ホワイトＨ４０５－９１冷蔵庫オオゾラ,オオゾラ,H405-91,ホワイト,B-COLOR I-COLOR I-COLOR I-COLOR B-MODEL I-MODEL I-MODEL I-MODEL I-MODEL I-MODEL I-MODEL O O O B-BRAND I-BRAND I-BRAND I-BRAND,オオゾラ|H405-91|ホワイト
T03219,腕時計 アカネ電機 T782-66 レッド,アカネ電機,T782-66,レッド,O O O O B-BRAND I-BRAND I-BRAND I-BRAND I-BRAND O B-MODEL I-MODEL I-MODEL I-MODEL I-MODEL I-MODEL I-MODEL O B-COLOR I-COLOR I-COLOR,アカネ電機|T782-66|レッド
T03220,【送料無料】M784-74 グリーン 腕時計 ミドリワークス,ミドリワークス,M784-74,グリーン,O O O O O O B-MODEL I-MODEL I-MODEL I-MODEL I-MODEL I-MODEL I-MODEL O B-COLOR I-COLOR I-COLOR I-COLOR O O O O O B-BRAND I-BRAND I-BRAND I-BRAND I-BRAND I-BRAND I-BRAND,ミドリワークス|M784-74|グリーン
T03221,Z87672ネイビースニーカーゲンブ,ゲンブ,Z876-72,ネイビー,B-MODEL I-MODEL I-MODEL I-MODEL I-MODEL I-MODEL B-COLOR I-COLOR I-COLOR I-COLOR O O O O O B-BRAND I-BRAND I-BRAND,ゲンブ|Z876-72|ネイビー
T03222,★新品未使用★腕時計 T70339 ノースピーク シルバー,ノースピーク,T703-39,シルバー,O O O O O O O O O O O B-MODEL I-MODEL I-MODEL I-MODEL I-MODEL I-MODEL O B-BRAND I-BRAND I-BRAND I-BRAND I-BRAND I-BRAND O B-COLOR I-COLOR I-COLOR I-COLOR,ノースピーク|T703-39|シルバー
T03223,◆正規品◆掃除機ブラックシラユキD746-52,シラユキ,D746-52,ブラック,O O O O O O O O B-COLOR I-COLOR I-COLOR I-COLOR B-BRAND I-BRAND I-BRAND I-BRAND B-MODEL I-MODEL I-MODEL I-MODEL I-MODEL I-MODEL I-MODEL,シラユキ|D746-52|ブラック
T03224,【送料無料】O75514グリーンシラユキ腕時計,シラユキ,O751-54,グリーン,O O O O O O O O O O O O B-COLOR I-COLOR I-COLOR I-COLOR B-BRAND I-BRAND I-BRAND I-BRAND O O O,シラユキ|O751-54|グリーン
T03225,C410-92 ハヤブサ ブラック イヤホン,ハヤブサ,C410-92,ブラック,B-MODEL I-MODEL I-MODEL I-MODEL I-MODEL I-MODEL I-MODEL O B-BRAND I-BRAND I-BRAND I-BRAND O B-COLOR I-COLOR I-COLOR I-COLOR O O O O O,ハヤブサ|C410-92|ブラック
T03226,Ｖ５３９７ シルバー ゲンブ 掃除機,ゲンブ,V539-75,シルバー,O O O O O O B-COLOR I-COLOR I-COLOR I-COLOR O B-BRAND I-BRAND I-BRAND O O O O,ゲンブ|V539-75|シルバー
T03227,洗濯機 ノースピーク シルバー L767-51,ノースピーク,L767-51,シルバー,O O O O B-BRAND I-BRAND I-BRAND I-BRAND I-BRAND I-BRAND O B-COLOR I-COLOR I-COLOR I-COLOR O B-MODEL I-MODEL I-MODEL I-MODEL I-MODEL I-MODEL I-MODEL,ノースピーク|L767-51|シルバー
T03228,★新品未使用★A33711 オオゾラ ネイビー 冷蔵庫,オオゾラ,A337-11,ネイビー,O O O O O O O B-MODEL I-MODEL I-MODEL I-MODEL I-MODEL I-MODEL O B-BRAND I-BRAND I-BRAND I-BRAND O B-COLOR I-COLOR I-COLOR I-COLOR O O O O,オオゾラ|A337-11|ネイビー
T03229,U671-56KUROホワイトノートパソコン,KURO,U617-56,ホワイト,O O O O O O O B-BRAND I-BRAND I-BRAND I-BRAND B-COLOR I-COLOR I-COLOR I-COLOR O O O O O O O,KURO|U617-56|ホワイト
T03230,スニーカー シルバー KURO C39855,KURO,C398-55,シルバー,O O O O O O B-COLOR I-COLOR I-COLOR I-COLOR O B-BRAND I-BRAND I-BRAND I-BRAND O B-MODEL I-MODEL I-MODEL I-MODEL I-MODEL I-MODEL,KURO|C398-55|シルバー
T03231,《アウトレット》冷蔵庫KUROM883-12ネイビー,KURO,M883-12,ネイビー,O O O O O O O O O O O B-BRAND I-BRAND I-BRAND I-BRAND B-MODEL I-MODEL I-MODEL I-MODEL I-MODEL I-MODEL I-MODEL B-COLOR I-COLOR I-COLOR I-COLOR,KURO|M883-12|ネイビー
T03232,★新品未使用★スニーカー F48340 グリーン ゲンブ,ゲンブ,F483-40,グリーン,O O O O O O O O O O O O O B-MODEL I-MODEL I-MODEL I-MODEL I-MODEL I-MODEL O B-COLOR I-COLOR I-COLOR I-COLOR O B-BRAND I-BRAND I-BRAND,ゲンブ|F483-40|グリーン
T03233,V220-55 グリーン ミドリワークス 冷蔵庫,ミドリワークス,V220-55,グリーン,B-MODEL I-MODEL I-MODEL I-MODEL I-MODEL I-MODEL I-MODEL O B-COLOR I-COLOR I-COLOR I-COLOR O B-BRAND I-BRAND I-BRAND I-BRAND I-BRAND I-BRAND I-BRAND O O O O,ミドリワークス|V220-55|グリーン
T03234,ネイビー デイパック シラユキ L974-50,シラユキ,L974-50,ネイビー,B-COLOR I-COLOR I-COLOR I-COLOR O O O O O O O B-BRAND I-BRAND I-BRAND I-BRAND O B-MODEL I-MODEL I-MODEL I-MODEL I-MODEL I-MODEL I-MODEL,シラユキ|L974-50|ネイビー
T03235,★新品未使用★Ｃ７２０－１０ 冷蔵庫 グリーン TSUABKI,TSUBAKI,C720-10,グリーン,O O O O O O O B-MODEL I-MODEL I-MODEL I-MODEL I-MODEL I-MODEL I-MODEL O O O O O B-COLOR I-COLOR I-COLOR I-COLOR O O O O O O O O,TSUBAKI|C720-10|グリーン
T03236,ネイビースニーカーＹ９８５－７１,,Y985-71,ネイビー,B-COLOR I-COLOR I-COLOR I-COLOR O O O O O B-MODEL I-MODEL I-MODEL I-MODEL I-MODEL I-MODEL I-MODEL,|Y985-71|ネイビー
T03237,洗濯機A642-31ホワイト,,A642-31,ホワイト,O O O B-MODEL I-MODEL I-MODEL I-MODEL I-MODEL I-MODEL I-MODEL B-COLOR I-COLOR I-COLOR I-COLOR,|A642-31|ホワイト
T03238,C13421ミドリワークスレッドノートパソコン,ミドリワークス,C134-21,レッド,B-MODEL I-MODEL I-MODEL I-MODEL I-MODEL I-MODEL B-BRAND I-BRAND I-BRAND I-BRAND I-BRAND I-BRAND I-BRAND B-COLOR I-COLOR I-COLOR O O O O O O O,ミドリワークス|C134-21|レッド
T03239,オオゾブラックI284-40ノートパソコン,オオゾラ,I284-40,ブラック,O O O B-COLOR I-COLOR I-COLOR I-COLOR B-MODEL I-MODEL I-MODEL I-MODEL I-MODEL I-MODEL I-MODEL O O O O O O O,オオゾラ|I284-40|ブラック
T03240,【送料無料】TSUBAKI Ｄ７７４２９ 洗濯機 グリーン,TSUBAKI,D774-29,グリーン,O O O O O O B-BRAND I-BRAND I-BRAND I-BRAND I-BRAND I-BRAND I-BRAND O B-MODEL I-MODEL I-MODEL I-MODEL I-MODEL I-MODEL O O O O O B-COLOR I-COLOR I-COLOR I-COLOR,TSUBAKI|D774-29|グリーン
T03241,ホワイトV543-96掃除機オオゾラ,オオゾラ,V543-96,ホワイト,B-COLOR I-COLOR I-COLOR I-COLOR B-MODEL I-MODEL I-MODEL I-MODEL I-MODEL I-MODEL I-MODEL O O O B-BRAND I-BRAND I-BRAND I-BRAND,オオゾラ|V543-96|ホワイト
T03242,◆正規品◆シルバー ミドリワークス イヤホン Ｃ８５９－５６,ミドリワークス,C859-56,シルバー,O O O O O B-COLOR I-COLOR I-COLOR I-COLOR O B-BRAND I-BRAND I-BRAND I-BRAND I-BRAND I-BRAND I-BRAND O O O O O O B-MODEL I-MODEL I-MODEL I-MODEL I-MODEL I-MODEL I-MODEL,ミドリワークス|C859-56|シルバー
T03243,B482-28ホワイトノースピークデイパック,ノースピーク,B482-28,ホワイト,B-MODEL I-MODEL I-MODEL I-MODEL I-MODEL I-MODEL I-MODEL B-COLOR I-COLOR I-COLOR I-COLOR B-BRAND I-BRAND I-BRAND I-BRAND I-BRAND I-BRAND O O O O O,ノースピーク|B482-28|ホワイト
T03244,シルバーノートパソコンF92735TSUBAKI,TSUBAKI,F927-35,シルバー,B-COLOR I-COLOR I-COLOR I-COLOR O O O O O O O B-MODEL I-MODEL I-MODEL I-MODEL I-MODEL I-MODEL B-BRAND I-BRAND I-BRAND I-BRAND I-BRAND I-BRAND I-BRAND,TSUBAKI|F927-35|シルバー
T03245,ブラックアカネ電機440-93冷蔵庫,アカネ電機,J440-93,ブラック,B-COLOR I-COLOR I-COLOR I-COLOR B-BRAND I-BRAND I-BRAND I-BRAND I-BRAND O O O O O O O O O,アカネ電機|J440-93|ブラック
T03246,【送料無料】ノートパソコン Z174-86 シラユキ ホワイト,シラユキ,Z174-86,ホワイト,O O O O O O O O O O O O O O B-MODEL I-MODEL I-MODEL I-MODEL I-MODEL I-MODEL I-MODEL O B-BRAND I-BRAND I-BRAND I-BRAND O B-COLOR I-COLOR I-COLOR I-COLOR,シラユキ|Z174-86|ホワイト
T03247,掃除機ネイビーV514-43,,V514-43,ネイビー,O O O B-COLOR I-COLOR I-COLOR I-COLOR B-MODEL I-MODEL I-MODEL I-MODEL I-MODEL I-MODEL I-MODEL,|V514-43|ネイビー
T03248,KURO シルバー C10-88 イヤホン,KURO,C106-88,シルバー,B-BRAND I-BRAND I-BRAND I-BRAND O B-COLOR I-COLOR I-COLOR I-COLOR O O O O O O O O O O O O,KURO|C106-88|シルバー
T03249,デイパック A432-96 レッド ゲンブ,ゲンブ,A432-96,レッド,O O O O O O B-MODEL I-MODEL I-MODEL I-MODEL I-MODEL I-MODEL I-MODEL O B-COLOR I-COLOR I-COLOR O B-BRAND I-BRAND I-BRAND,ゲンブ|A432-96|レッド
T03250,ブラック掃除機F61930ゲンブ,ゲンブ,F619-30,ブラック,B-COLOR I-COLOR I-COLOR I-COLOR O O O B-MODEL I-MODEL I-MODEL I-MODEL I-MODEL I-MODEL B-BRAND I-BRAND I-BRAND,ゲンブ|F619-30|ブラック
T03251,レッド 1X22-97 冷蔵庫,,X122-97,レッド,B-COLOR I-COLOR I-COLOR O O O O O O O O O O O O,|X122-97|レッド
T03252,腕時計 Ｕ４４４－３７ ホワイト,,U444-37,ホワイト,O O O O B-MODEL I-MODEL I-MODEL I-MODEL I-MODEL I-MODEL I-MODEL O B-COLOR I-COLOR I-COLOR I-COLOR,|U444-37|ホワイト
T03253,ハヤブサノートパソコンホワイトL332-70,ハヤブサ,L332-70,ホワイト,B-BRAND I-BRAND I-BRAND I-BRAND O O O O O O O B-COLOR I-COLOR I-COLOR I-COLOR B-MODEL I-MODEL I-MODEL I-MODEL I-MODEL I-MODEL I-MODEL,ハヤブサ|L332-70|ホワイト
T03254,掃除機 N603-92 ミドリワークス ブラック,ミドリワークス,N603-92,ブラック,O O O O B-MODEL I-MODEL I-MODEL I-MODEL I-MODEL I-MODEL I-MODEL O B-BRAND I-BRAND I-BRAND I-BRAND I-BRAND I-BRAND I-BRAND O B-COLOR I-COLOR I-COLOR I-COLOR,ミドリワークス|N603-92|ブラック
T03255,洗濯機 レッド S757-25,,S757-25,レッド,O O O O B-COLOR I-COLOR I-COLOR O B-MODEL I-MODEL I-MODEL I-MODEL I-MODEL I-MODEL I-MODEL,|S757-25|レッド
T03256,【即日発送】シラユキ グリーン ノートパソコン X379-41,シラユキ,X379-41,グリーン,O O O O O O B-BRAND I-BRAND I-BRAND I-BRAND O B-COLOR I-COLOR I-COLOR I-COLOR O O O O O O O O O B-MODEL I-MODEL I-MODEL I-MODEL I-MODEL I-MODEL I-MODEL,シラユキ|X379-41|グリーン
T03257,ノートパソコン レッド Ｎ５５５６７,,N555-67,レッド,O O O O O O O O B-COLOR I-COLOR I-COLOR O B-MODEL I-MODEL I-MODEL I-MODEL I-MODEL I-MODEL,|N555-67|レッド
T03258,アカネ電機シルバー冷蔵庫Ｉ６９７－８７,アカネ電機,I697-87,シルバー,B-BRAND I-BRAND I-BRAND I-BRAND I-BRAND B-COLOR I-COLOR I-COLOR I-COLOR O O O B-MODEL I-MODEL I-MODEL I-MODEL I-MODEL I-MODEL I-MODEL,アカネ電機|I697-87|シルバー
T03259,◆正規品◆ネイビー 腕時計 ゲンブ X747-30,ゲンブ,X747-30,ネイビー,O O O O O B-COLOR I-COLOR I-COLOR I-COLOR O O O O O B-BRAND I-BRAND I-BRAND O B-MODEL I-MODEL I-MODEL I-MODEL I-MODEL I-MODEL I-MODEL,ゲンブ|X747-30|ネイビー
T03260,★新品未使用★KUROＨ８８０－７１ブラクデイパック,KURO,H880-71,ブラック,O O O O O O O B-BRAND I-BRAND I-BRAND I-BRAND B-MODEL I-MODEL I-MODEL I-MODEL I-MODEL I-MODEL I-MODEL O O O O O O O O,KURO|H880-71|ブラック
T03261,スニーカーG275-39ホワイトハヤブサ,ハヤブサ,G275-39,ホワイト,O O O O O B-MODEL I-MODEL I-MODEL I-MODEL I-MODEL I-MODEL I-MODEL B-COLOR I-COLOR I-COLOR I-COLOR B-BRAND I-BRAND I-BRAND I-BRAND,ハヤブサ|G275-39|ホワイト
T03262,ノースピーク ネイビー Q928-82 イヤホン,ノースピーク,Q928-82,ネイビー,B-BRAND I-BRAND I-BRAND I-BRAND I-BRAND I-BRAND O B-COLOR I-COLOR I-COLOR I-COLOR O B-MODEL I-MODEL I-MODEL I-MODEL I-MODEL I-MODEL I-MODEL O O O O O,ノースピーク|Q928-82|ネイビー
T03263,腕時計ホワイトS833-14,,S833-14,ホワイト,O O O B-COLOR I-COLOR I-COLOR I-COLOR B-MODEL I-MODEL I-MODEL I-MODEL I-MODEL I-MODEL I-MODEL,|S833-14|ホワイト
T03264,ブラック B342-67 イヤホン,,B342-67,ブラック,B-COLOR I-COLOR I-COLOR I-COLOR O B-MODEL I-MODEL I-MODEL I-MODEL I-MODEL I-MODEL I-MODEL O O O O O,|B342-67|ブラック
T03265,ホワイトV46730ノースピークスニーカー,ノースピーク,V467-30,ホワイト,B-COLOR I-COLOR I-COLOR I-COLOR B-MODEL I-MODEL I-MODEL I-MODEL I-MODEL I-MODEL B-BRAND I-BRAND I-BRAND I-BRAND I-BRAND I-BRAND O O O O O,ノースピーク|V467-30|ホワイト
T03266,レッドイヤホンF282-74,,F282-74,レッド,B-COLOR I-COLOR I-COLOR O O O O B-MODEL I-MODEL I-MODEL I-MODEL I-MODEL I-MODEL I-MODEL,|F282-74|レッド
T03267,ネイー洗濯機K467-73アカネ電機,アカネ電機,K467-73,ネイビー,O O O O O O B-MODEL I-MODEL I-MODEL I-MODEL I-MODEL I-MODEL I-MODEL B-BRAND I-BRAND I-BRAND I-BRAND I-BRAND,アカネ電機|K467-73|ネイビー
T03268,ソライロＯ４３８－２７デイパクッレッド,ソライロ,O438-27,レッド,B-BRAND I-BRAND I-BRAND I-BRAND B-MODEL I-MODEL I-MODEL I-MODEL I-MODEL I-MODEL I-MODEL O O O O O B-COLOR I-COLOR I-COLOR,ソライロ|O438-27|レッド
T03269,◆正規品◆ハヤブサ 腕時計 K810-88 ブラック,ハヤブサ,K810-88,ブラック,O O O O O B-BRAND I-BRAND I-BRAND I-BRAND O O O O O B-MODEL I-MODEL I-MODEL I-MODEL I-MODEL I-MODEL I-MODEL O B-COLOR I-COLOR I-COLOR I-COLOR,ハヤブサ|K810-88|ブラック
T03270,◆正規品◆掃除機レッドS372-23ハヤブサ,ハヤブサ,S372-23,レッド,O O O O O O O O B-COLOR I-COLOR I-COLOR B-MODEL I-MODEL I-MODEL I-MODEL I-MODEL I-MODEL I-MODEL B-BRAND I-BRAND I-BRAND I-BRAND,ハヤブサ|S372-23|レッド
T03271,ネイビー TSUBAKI ノートパソコン I140-90,TSUBAKI,I140-90,ネイビー,B-COLOR I-COLOR I-COLOR I-COLOR O B-BRAND I-BRAND I-BRAND I-BRAND I-BRAND I-BRAND I-BRAND O O O O O O O O O B-MODEL I-MODEL I-MODEL I-MODEL I-MODEL I-MODEL I-MODEL,TSUBAKI|I140-90|ネイビー
T03272,KURO E776-88 掃除機 ブッラク,KURO,E776-88,ブラック,B-BRAND I-BRAND I-BRAND I-BRAND O B-MODEL I-MODEL I-MODEL I-MODEL I-MODEL I-MODEL I-MODEL O O O O O O O O O,KURO|E776-88|ブラック
T03273,シルバー C126-63 デイパック,,C126-63,シルバー,B-COLOR I-COLOR I-COLOR I-COLOR O B-MODEL I-MODEL I-MODEL I-MODEL I-MODEL I-MODEL I-MODEL O O O O O O,|C126-63|シルバー
T03274,ハヤブサ 掃除機 C880-34 レッド,ハヤブサ,C880-34,レッド,B-BRAND I-BRAND I-BRAND I-BRAND O O O O O B-MODEL I-MODEL I-MODEL I-MODEL I-MODEL I-MODEL I-MODEL O B-COLOR I-COLOR I-COLOR,ハヤブサ|C880-34|レッド
T03275,【即日発送】ネイビー スニーカー P372-89,,P372-89,ネイビー,O O O O O O B-COLOR I-COLOR I-COLOR I-COLOR O O O O O O O B-MODEL I-MODEL I-MODEL I-MODEL I-MODEL I-MODEL I-MODEL,|P372-89|ネイビー
T03276,ソライロ スニーカー F342-26 ブラック,ソライロ,F342-26,ブラック,B-BRAND I-BRAND I-BRAND I-BRAND O O O O O O O B-MODEL I-MODEL I-MODEL I-MODEL I-MODEL I-MODEL I-MODEL O B-COLOR I-COLOR I-COLOR I-COLOR,ソライロ|F342-26|ブラック
T03277,TSUBAKI ネイビー V58442 冷蔵庫,TSUBAKI,V584-42,ネイビー,B-BRAND I-BRAND I-BRAND I-BRAND I-BRAND I-BRAND I-BRAND O B-COLOR I-COLOR I-COLOR I-COLOR O B-MODEL I-MODEL I-MODEL I-MODEL I-MODEL I-MODEL O O O O,TSUBAKI|V584-42|ネイビー
T03278,アカネ電機 Y609-55 冷蔵庫 レッド,アカネ電機,Y609-55,レッド,B-BRAND I-BRAND I-BRAND I-BRAND I-BRAND O B-MODEL I-MODEL I-MODEL I-MODEL I-MODEL I-MODEL I-MODEL O O O O O B-COLOR I-COLOR I-COLOR,アカネ電機|Y609-55|レッド
T03279,【即日発送】ブラックオオゾラ冷蔵庫Z91461,オオゾラ,Z914-61,ブラック,O O O O O O B-COLOR I-COLOR I-COLOR I-COLOR B-BRAND I-BRAND I-BRAND I-BRAND O O O B-MODEL I-MODEL I-MODEL I-MODEL I-MODEL I-MODEL,オオゾラ|Z914-61|ブラック
T03280,★新品未使用★V181-14 ホワイト 腕時計 KURO,KURO,V181-14,ホワイト,O O O O O O O B-MODEL I-MODEL I-MODEL I-MODEL I-MODEL I-MODEL I-MODEL O B-COLOR I-COLOR I-COLOR I-COLOR O O O O O B-BRAND I-BRAND I-BRAND I-BRAND,KURO|V181-14|ホワイト
T03281,KUROＫ１２７３６掃除機ブラック,KURO,K127-36,ブラック,B-BRAND I-BRAND I-BRAND I-BRAND B-MODEL I-MODEL I-MODEL I-MODEL I-MODEL I-MODEL O O O B-COLOR I-COLOR I-COLOR I-COLOR,KURO|K127-36|ブラック
T03282,Ｚ４４９－１８ アカネ電機 イヤホン ネイビー,アカネ電機,Z449-18,ネイビー,B-MODEL I-MODEL I-MODEL I-MODEL I-MODEL I-MODEL I-MODEL O B-BRAND I-BRAND I-BRAND I-BRAND I-BRAND O O O O O O B-COLOR I-COLOR I-COLOR I-COLOR,アカネ電機|Z449-18|ネイビー
T03283,ノートパソコン ブラック T723-59,,T723-59,ブラック,O O O O O O O O B-COLOR I-COLOR I-COLOR I-COLOR O B-MODEL I-MODEL I-MODEL I-MODEL I-MODEL I-MODEL I-MODEL,|T723-59|ブラック
T03284,【即日発送】Ｙ２８４－３７ シルバー ハヤブサ 腕時計,ハヤブサ,Y284-37,シルバー,O O O O O O B-MODEL I-MODEL I-MODEL I-MODEL I-MODEL I-MODEL I-MODEL O B-COLOR I-COLOR I-COLOR I-COLOR O B-BRAND I-BRAND I-BRAND I-BRAND O O O O,ハヤブサ|Y284-37|シルバー
T03285,スニーカー ノースピーク シルバー Ｐ８８７－３２,ノースピーク,P887-32,シルバー,O O O O O O B-BRAND I-BRAND I-BRAND I-BRAND I-BRAND I-BRAND O B-COLOR I-COLOR I-COLOR I-COLOR O B-MODEL I-MODEL I-MODEL I-MODEL I-MODEL I-MODEL I-MODEL,ノースピーク|P887-32|シルバー
T03286,《アウトレット》ゲンブ イヤホン ネイビー G443-79,ゲンブ,G443-79,ネイビー,O O O O O O O O B-BRAND I-BRAND I-BRAND O O O O O O B-COLOR I-COLOR I-COLOR I-COLOR O B-MODEL I-MODEL I-MODEL I-MODEL I-MODEL I-MODEL I-MODEL,ゲンブ|G443-79|ネイビー
T03287,◆正規品◆レッド X93060 オオゾラ デイパック,オオゾラ,X930-60,レッド,O O O O O B-COLOR I-COLOR I-COLOR O B-MODEL I-MODEL I-MODEL I-MODEL I-MODEL I-MODEL O B-BRAND I-BRAND I-BRAND I-BRAND O O O O O O,オオゾラ|X930-60|レッド
T03288,★新品未使用★I57366スニーカーソライロシルバー,ソライロ,I573-66,シルバー,O O O O O O O B-MODEL I-MODEL I-MODEL I-MODEL I-MODEL I-MODEL O O O O O B-BRAND I-BRAND I-BRAND I-BRAND B-COLOR I-COLOR I-COLOR I-COLOR,ソライロ|I573-66|シルバー
T03289,【送料無料】スニーカー S15876 シルバー ミドリワークス,ミドリワークス,S158-76,シルバー,O O O O O O O O O O O O B-MODEL I-MODEL I-MODEL I-MODEL I-MODEL I-MODEL O B-COLOR I-COLOR I-COLOR I-COLOR O B-BRAND I-BRAND I-BRAND I-BRAND I-BRAND I-BRAND I-BRAND,ミドリワークス|S158-76|シルバー
T03290,デイパックネイビーZ49628TSUBAKI,TSUBAKI,Z496-28,ネイビー,O O O O O B-COLOR I-COLOR I-COLOR I-COLOR B-MODEL I-MODEL I-MODEL I-MODEL I-MODEL I-MODEL B-BRAND I-BRAND I-BRAND I-BRAND I-BRAND I-BRAND I-BRAND,TSUBAKI|Z496-28|ネイビー
T03291,【即日発送】シラユキ 腕時計 Q121-64 シルバー,シラユキ,Q121-64,シルバー,O O O O O O B-BRAND I-BRAND I-BRAND I-BRAND O O O O O B-MODEL I-MODEL I-MODEL I-MODEL I-MODEL I-MODEL I-MODEL O B-COLOR I-COLOR I-COLOR I-COLOR,シラユキ|Q121-64|シルバー
T03292,《アウトレット》ノートパソコン A953-46 ブラック オオゾラ,オオゾラ,A953-46,ブラック,O O O O O O O O O O O O O O O O B-MODEL I-MODEL I-MODEL I-MODEL I-MODEL I-MODEL I-MODEL O B-COLOR I-COLOR I-COLOR I-COLOR O B-BRAND I-BRAND I-BRAND I-BRAND,オオゾラ|A953-46|ブラック
T03293,【即日発送】L278-45 冷蔵庫 ソライロ ブラック,ソライロ,L278-45,ブラック,O O O O O O B-MODEL I-MODEL I-MODEL I-MODEL I-MODEL I-MODEL I-MODEL O O O O O B-BRAND I-BRAND I-BRAND I-BRAND O B-COLOR I-COLOR I-COLOR I-COLOR,ソライロ|L278-45|ブラック
T03294,腕時計ブラックQ52818シラユキ,シラユキ,Q528-18,ブラック,O O O B-COLOR I-COLOR I-COLOR I-COLOR B-MODEL I-MODEL I-MODEL I-MODEL I-MODEL I-MODEL B-BRAND I-BRAND I-BRAND I-BRAND,シラユキ|Q528-18|ブラック
T03295,ホワイト洗濯機J870-79,,J870-79,ホワイト,B-COLOR I-COLOR I-COLOR I-COLOR O O O B-MODEL I-MODEL I-MODEL I-MODEL I-MODEL I-MODEL I-MODEL,|J870-79|ホワイト
T03296,オオゾラ洗濯機ネイビーM155-90,オオゾラ,M155-90,ネイビー,B-BRAND I-BRAND I-BRAND I-BRAND O O O B-COLOR I-COLOR I-COLOR I-COLOR B-MODEL I-MODEL I-MODEL I-MODEL I-MODEL I-MODEL I-MODEL,オオゾラ|M155-90|ネイビー
T03297,ノートパソコン レッド オオゾラ Ｇ１１１－２３,オオゾラ,G111-23,レッド,O O O O O O O O B-COLOR I-COLOR I-COLOR O B-BRAND I-BRAND I-BRAND I-BRAND O B-MODEL I-MODEL I-MODEL I-MODEL I-MODEL I-MODEL I-MODEL,オオゾラ|G111-23|レッド
T03298,掃除機 Ｆ７８２－２２ ホワイト ハヤブサ,ハヤブサ,F782-22,ホワイト,O O O O B-MODEL I-MODEL I-MODEL I-MODEL I-MODEL I-MODEL I-MODEL O B-COLOR I-COLOR I-COLOR I-COLOR O B-BRAND I-BRAND I-BRAND I-BRAND,ハヤブサ|F782-22|ホワイト
T03299,《アウトレット》I58395 掃除機 シルバー ドリワークス,ミドリワークス,I583-95,シルバー,O O O O O O O O B-MODEL I-MODEL I-MODEL I-MODEL I-MODEL I-MODEL O O O O O B-COLOR I-COLOR I-COLOR I-COLOR O O O O O O O,ミドリワークス|I583-95|シルバー
T03300,【送料無料】G484-95 レッド ノートパソコン ノースピーク,ノースピーク,G484-95,レッド,O O O O O O B-MODEL I-MODEL I-MODEL I-MODEL I-MODEL I-MODEL I-MODEL O B-COLOR I-COLOR I-COLOR O O O O O O O O O B-BRAND I-BRAND I-BRAND I-BRAND I-BRAND I-BRAND,ノースピーク|G484-95|レッド
T03301,アカネ電機 腕時計 ブラック D430-71,アカネ電機,D430-71,ブラック,B-BRAND I-BRAND I-BRAND I-BRAND I-BRAND O O O O O B-COLOR I-COLOR I-COLOR I-COLOR O B-MODEL I-MODEL I-MODEL I-MODEL I-MODEL I-MODEL I-MODEL,アカネ電機|D430-71|ブラック
T03302,Q624-79ホワイトKURO腕時計,KURO,Q624-79,ホワイト,B-MODEL I-MODEL I-MODEL I-MODEL I-MODEL I-MODEL I-MODEL B-COLOR I-COLOR I-COLOR I-COLOR B-BRAND I-BRAND I-BRAND I-BRAND O O O,KURO|Q624-79|ホワイト
T03303,掃除機 シルバー ソライロ F95225,ソライロ,F952-25,シルバー,O O O O B-COLOR I-COLOR I-COLOR I-COLOR O B-BRAND I-BRAND I-BRAND I-BRAND O B-MODEL I-MODEL I-MODEL I-MODEL I-MODEL I-MODEL,ソライロ|F952-25|シルバー
T03304,◆正規品◆ホワイトデイパックTSUBAKIN743-37,TSUBAKI,N743-37,ホワイト,O O O O O B-COLOR I-COLOR I-COLOR I-COLOR O O O O O B-BRAND I-BRAND I-BRAND I-BRAND I-BRAND I-BRAND I-BRAND B-MODEL I-MODEL I-MODEL I-MODEL I-MODEL I-MODEL I-MODEL,TSUBAKI|N743-37|ホワイト
T03305,W830-55TSUBAKIレッド冷蔵庫,TSUBAKI,W830-55,レッド,B-MODEL I-MODEL I-MODEL I-MODEL I-MODEL I-MODEL I-MODEL B-BRAND I-BRAND I-BRAND I-BRAND I-BRAND I-BRAND I-BRAND B-COLOR I-COLOR I-COLOR O O O,TSUBAKI|W830-55|レッド
T03306,★新品未使用★ノートパソコン V195-75 シルバー ソライロ,ソライロ,V195-75,シルバー,O O O O O O O O O O O O O O O B-MODEL I-MODEL I-MODEL I-MODEL I-MODEL I-MODEL I-MODEL O B-COLOR I-COLOR I-COLOR I-COLOR O B-BRAND I-BRAND I-BRAND I-BRAND,ソライロ|V195-75|シルバー
T03307,ノートパソコン グリーン ミドリワークス N219-19,ミドリワークス,N219-19,グリーン,O O O O O O O O B-COLOR I-COLOR I-COLOR I-COLOR O B-BRAND I-BRAND I-BRAND I-BRAND I-BRAND I-BRAND I-BRAND O B-MODEL I-MODEL I-MODEL I-MODEL I-MODEL I-MODEL I-MODEL,ミドリワークス|N219-19|グリーン
T03308,L493-56ネイビー腕時計ハヤブサ,ハヤブサ,L493-56,ネイビー,B-MODEL I-MODEL I-MODEL I-MODEL I-MODEL I-MODEL I-MODEL B-COLOR I-COLOR I-COLOR I-COLOR O O O B-BRAND I-BRAND I-BRAND I-BRAND,ハヤブサ|L493-56|ネイビー
T03309,《アウトレット》G31459 デイパック レッド ソライロ,ソライロ,G314-59,レッド,O O O O O O O O B-MODEL I-MODEL I-MODEL I-MODEL I-MODEL I-MODEL O O O O O O O B-COLOR I-COLOR I-COLOR O B-BRAND I-BRAND I-BRAND I-BRAND,ソライロ|G314-59|レッド
T03310,腕時計 シルバー Ｊ３６５－６,,J365-86,シルバー,O O O O B-COLOR I-COLOR I-COLOR I-COLOR O O O O O O O,|J365-86|シルバー
T03311,★新品未使用★ノートパソコンネイビーY208-65,,Y208-65,ネイビー,O O O O O O O O O O O O O O B-COLOR I-COLOR I-COLOR I-COLOR B-MODEL I-MODEL I-MODEL I-MODEL I-MODEL I-MODEL I-MODEL,|Y208-65|ネイビー
T03312,腕時計アカネ電機N770-80グリーン,アカネ電機,N770-80,グリーン,O O O B-BRAND I-BRAND I-BRAND I-BRAND I-BRAND B-MODEL I-MODEL I-MODEL I-MODEL I-MODEL I-MODEL I-MODEL B-COLOR I-COLOR I-COLOR I-COLOR,アカネ電機|N770-80|グリーン
T03313,F244-27 レッド ミドリワークス 冷蔵庫,ミドリワークス,F244-27,レッド,B-MODEL I-MODEL I-MODEL I-MODEL I-MODEL I-MODEL I-MODEL O B-COLOR I-COLOR I-COLOR O B-BRAND I-BRAND I-BRAND I-BRAND I-BRAND I-BRAND I-BRAND O O O O,ミドリワークス|F244-27|レッド
T03314,★新品未使用★ブラックスニーカーシラユキQ71966,シラユキ,Q719-66,ブラック,O O O O O O O B-COLOR I-COLOR I-COLOR I-COLOR O O O O O B-BRAND I-BRAND I-BRAND I-BRAND B-MODEL I-MODEL I-MODEL I-MODEL I-MODEL I-MODEL,シラユキ|Q719-66|ブラック
T03315,レッド D940-29 ノースピーク 冷蔵庫,ノースピーク,D940-29,レッド,B-COLOR I-COLOR I-COLOR O B-MODEL I-MODEL I-MODEL I-MODEL I-MODEL I-MODEL I-MODEL O B-BRAND I-BRAND I-BRAND I-BRAND I-BRAND I-BRAND O O O O,ノースピーク|D940-29|レッド
T03316,ネイビーＰ７０５－８０ハヤブサノートパソコン,ハヤブサ,P705-80,ネイビー,B-COLOR I-COLOR I-COLOR I-COLOR B-MODEL I-MODEL I-MODEL I-MODEL I-MODEL I-MODEL I-MODEL B-BRAND I-BRAND I-BRAND I-BRAND O O O O O O O,ハヤブサ|P705-80|ネイビー
T03317,Ｚ１３２－４６ノートパソコンネイビー,,Z132-46,ネイビー,B-MODEL I-MODEL I-MODEL I-MODEL I-MODEL I-MODEL I-MODEL O O O O O O O B-COLOR I-COLOR I-COLOR I-COLOR,|Z132-46|ネイビー
T03318,ソライロ Ｂ８１２－１３ グリーン デイパック,ソライロ,B812-13,グリーン,B-BRAND I-BRAND I-BRAND I-BRAND O B-MODEL I-MODEL I-MODEL I-MODEL I-MODEL I-MODEL I-MODEL O B-COLOR I-COLOR I-COLOR I-COLOR O O O O O O,ソライロ|B812-13|グリーン
T03319,ホワイト U351-66 洗濯機 アカネ電機,アカネ電機,U351-66,ホワイト,B-COLOR I-COLOR I-COLOR I-COLOR O B-MODEL I-MODEL I-MODEL I-MODEL I-MODEL I-MODEL I-MODEL O O O O O B-BRAND I-BRAND I-BRAND I-BRAND I-BRAND,アカネ電機|U351-66|ホワイト
T03320,Ｎ１２９４７ ハヤブサ ホワイト 腕時計,ハヤブサ,N129-47,ホワイト,B-MODEL I-MODEL I-MODEL I-MODEL I-MODEL I-MODEL O B-BRAND I-BRAND I-BRAND I-BRAND O B-COLOR I-COLOR I-COLOR I-COLOR O O O O,ハヤブサ|N129-47|ホワイト
T03321,Z967-23 ブラック ノートパソコン ソライロ,ソライロ,Z967-23,ブラック,B-MODEL I-MODEL I-MODEL I-MODEL I-MODEL I-MODEL I-MODEL O B-COLOR I-COLOR I-COLOR I-COLOR O O O O O O O O O B-BRAND I-BRAND I-BRAND I-BRAND,ソライロ|Z967-23|ブラック
T03322,ネイビー掃除機L534-16ミドリワークス,ミドリワークス,L534-16,ネイビー,B-COLOR I-COLOR I-COLOR I-COLOR O O O B-MODEL I-MODEL I-MODEL I-MODEL I-MODEL I-MODEL I-MODEL B-BRAND I-BRAND I-BRAND I-BRAND I-BRAND I-BRAND I-BRAND,ミドリワークス|L534-16|ネイビー
T03323,冷蔵庫 V627-14 シラユキグ リーン,シラユキ,V627-14,グリーン,O O O O B-MODEL I-MODEL I-MODEL I-MODEL I-MODEL I-MODEL I-MODEL O B-BRAND I-BRAND I-BRAND I-BRAND O O O O O,シラユキ|V627-14|グリーン
T03324,ソライロ ネイビー 腕時計 E37352,ソライロ,E373-52,ネイビー,B-BRAND I-BRAND I-BRAND I-BRAND O B-COLOR I-COLOR I-COLOR I-COLOR O O O O O B-MODEL I-MODEL I-MODEL I-MODEL I-MODEL I-MODEL,ソライロ|E373-52|ネイビー
T03325,シラユキ 掃除機 K983-80 ブラック,シラユキ,K983-80,ブラック,B-BRAND I-BRAND I-BRAND I-BRAND O O O O O B-MODEL I-MODEL I-MODEL I-MODEL I-MODEL I-MODEL I-MODEL O B-COLOR I-COLOR I-COLOR I-COLOR,シラユキ|K983-80|ブラック
T03326,Ｊ４４９－７１ レッド 腕時計 KURO,KURO,J449-71,レッド,B-MODEL I-MODEL I-MODEL I-MODEL I-MODEL I-MODEL I-MODEL O B-COLOR I-COLOR I-COLOR O O O O O B-BRAND I-BRAND I-BRAND I-BRAND,KURO|J449-71|レッド
T03327,KUROイヤホンK372-61レッド,KURO,K372-61,レッド,B-BRAND I-BRAND I-BRAND I-BRAND O O O O B-MODEL I-MODEL I-MODEL I-MODEL I-MODEL I-MODEL I-MODEL B-COLOR I-COLOR I-COLOR,KURO|K372-61|レッド
T03328,【送料無料】G83168ネイビースニーカー,,G831-68,ネイビー,O O O O O O B-MODEL I-MODEL I-MODEL I-MODEL I-MODEL I-MODEL B-COLOR I-COLOR I-COLOR I-COLOR O O O O O,|G831-68|ネイビー
T03329,レッドスニーカーH85798ソライロ,ソライロ,H857-98,レッド,B-COLOR I-COLOR I-COLOR O O O O O B-MODEL I-MODEL I-MODEL I-MODEL I-MODEL I-MODEL B-BRAND I-BRAND I-BRAND I-BRAND,ソライロ|H857-98|レッド
T03330,◆正規品◆N4500 冷蔵庫 ホワイト,,N450-90,ホワイト,O O O O O O O O O O O O O O O B-COLOR I-COLOR I-COLOR I-COLOR,|N450-90|ホワイト
T03331,P911-46 掃除機 TSUBAKI シルバー,TSUBAKI,P911-46,シルバー,B-MODEL I-MODEL I-MODEL I-MODEL I-MODEL I-MODEL I-MODEL O O O O O B-BRAND I-BRAND I-BRAND I-BRAND I-BRAND I-BRAND I-BRAND O B-COLOR I-COLOR I-COLOR I-COLOR,TSUBAKI|P911-46|シルバー
T03332,ネイビー ノースピーク デイパック T439-23,ノースピーク,T439-23,ネイビー,B-COLOR I-COLOR I-COLOR I-COLOR O B-BRAND I-BRAND I-BRAND I-BRAND I-BRAND I-BRAND O O O O O O O B-MODEL I-MODEL I-MODEL I-MODEL I-MODEL I-MODEL I-MODEL,ノースピーク|T439-23|ネイビー
T03333,デイパック グリーン N823-35 オオゾラ,オオゾラ,N823-35,グリーン,O O O O O O B-COLOR I-COLOR I-COLOR I-COLOR O B-MODEL I-MODEL I-MODEL I-MODEL I-MODEL I-MODEL I-MODEL O B-BRAND I-BRAND I-BRAND I-BRAND,オオゾラ|N823-35|グリーン
T03334,P18398ニスーカーKUROブラック,KURO,P183-98,ブラック,B-MODEL I-MODEL I-MODEL I-MODEL I-MODEL I-MODEL O O O O O B-BRAND I-BRAND I-BRAND I-BRAND B-COLOR I-COLOR I-COLOR I-COLOR,KURO|P183-98|ブラック
T03335,【即日送】腕時計 S62193 ネイビー,,S621-93,ネイビー,O O O O O O O O O B-MODEL I-MODEL I-MODEL I-MODEL I-MODEL I-MODEL O B-COLOR I-COLOR I-COLOR I-COLOR,|S621-93|ネイビー
T03336,Z842-73グリーン腕時計シラユキ,シラユキ,Z842-73,グリーン,B-MODEL I-MODEL I-MODEL I-MODEL I-MODEL I-MODEL I-MODEL B-COLOR I-COLOR I-COLOR I-COLOR O O O B-BRAND I-BRAND I-BRAND I-BRAND,シラユキ|Z842-73|グリーン
T03337,TSUBAKI ネイビー Ｕ１０２２０ 冷蔵庫,TSUBAKI,U102-20,ネイビー,B-BRAND I-BRAND I-BRAND I-BRAND I-BRAND I-BRAND I-BRAND O B-COLOR I-COLOR I-COLOR I-COLOR O B-MODEL I-MODEL I-MODEL I-MODEL I-MODEL I-MODEL O O O O,TSUBAKI|U102-20|ネイビー
T03338,イヤホンシラユキＩ８３９－２９ブラック,シラユキ,I839-29,ブラック,O O O O B-BRAND I-BRAND I-BRAND I-BRAND B-MODEL I-MODEL I-MODEL I-MODEL I-MODEL I-MODEL I-MODEL B-COLOR I-COLOR I-COLOR I-COLOR,シラユキ|I839-29|ブラック
T03339,【即日発送】ノートパソコン ブラック Ｎ５９７－４８ ハヤブサ,ハヤブサ,N579-48,ブラック,O O O O O O O O O O O O O O B-COLOR I-COLOR I-COLOR I-COLOR O O O O O O O O O B-BRAND I-BRAND I-BRAND I-BRAND,ハヤブサ|N579-48|ブラック
T03340,◆正規品◆シルバー 掃除機 D336-80 TSUBAKI,TSUBAKI,D336-80,シルバー,O O O O O B-COLOR I-COLOR I-COLOR I-COLOR O O O O O B-MODEL I-MODEL I-MODEL I-MODEL I-MODEL I-MODEL I-MODEL O B-BRAND I-BRAND I-BRAND I-BRAND I-BRAND I-BRAND I-BRAND,TSUBAKI|D336-80|シルバー
T03341,レドッH115-70ノートパソコンシラユキ,シラユキ,H115-70,レッド,O O O B-MODEL I-MODEL I-MODEL I-MODEL I-MODEL I-MODEL I-MODEL O O O O O O O B-BRAND I-BRAND I-BRAND I-BRAND,シラユキ|H115-70|レッド
T03342,★新品未使用★洗濯機 アカネ電機 G37722 ネイビー,アカネ電機,G377-22,ネイビー,O O O O O O O O O O O B-BRAND I-BRAND I-BRAND I-BRAND I-BRAND O B-MODEL I-MODEL I-MODEL I-MODEL I-MODEL I-MODEL O B-COLOR I-COLOR I-COLOR I-COLOR,アカネ電機|G377-22|ネイビー
T03343,I681-40 レッド 掃除機,,I681-40,レッド,B-MODEL I-MODEL I-MODEL I-MODEL I-MODEL I-MODEL I-MODEL O B-COLOR I-COLOR I-COLOR O O O O,|I681-40|レッド
T03344,レッドデイパックソライロV755-48,ソライロ,V755-48,レッド,B-COLOR I-COLOR I-COLOR O O O O O B-BRAND I-BRAND I-BRAND I-BRAND B-MODEL I-MODEL I-MODEL I-MODEL I-MODEL I-MODEL I-MODEL,ソライロ|V755-48|レッド
T03345,ノートパソコン レッド R741-87,,R741-87,レッド,O O O O O O O O B-COLOR I-COLOR I-COLOR O B-MODEL I-MODEL I-MODEL I-MODEL I-MODEL I-MODEL I-MODEL,|R741-87|レッド
T03346,【送料無料】Ｔ１０１－８０ URO ホワイト 腕時計,KURO,T101-80,ホワイト,O O O O O O B-MODEL I-MODEL I-MODEL I-MODEL I-MODEL I-MODEL I-MODEL O O O O O B-COLOR I-COLOR I-COLOR I-COLOR O O O O,KURO|T101-80|ホワイト
T03347,ホワイトI135-83オオゾラデイパック,オオゾラ,I135-83,ホワイト,B-COLOR I-COLOR I-COLOR I-COLOR B-MODEL I-MODEL I-MODEL I-MODEL I-MODEL I-MODEL I-MODEL B-BRAND I-BRAND I-BRAND I-BRAND O O O O O,オオゾラ|I135-83|ホワイト
T03348,レッドＺ８５２－４１シラユキ掃除機,シラユキ,Z852-41,レッド,B-COLOR I-COLOR I-COLOR B-MODEL I-MODEL I-MODEL I-MODEL I-MODEL I-MODEL I-MODEL B-BRAND I-BRAND I-BRAND I-BRAND O O O,シラユキ|Z852-41|レッド
T03349,KURO ブラック 掃除機 M949-70,KURO,M949-70,ブラック,B-BRAND I-BRAND I-BRAND I-BRAND O B-COLOR I-COLOR I-COLOR I-COLOR O O O O O B-MODEL I-MODEL I-MODEL I-MODEL I-MODEL I-MODEL I-MODEL,KURO|M949-70|ブラック
T03350,ブラック オオゾラ イヤホン Q537-41,オオゾラ,Q537-41,ブラック,B-COLOR I-COLOR I-COLOR I-COLOR O B-BRAND I-BRAND I-BRAND I-BRAND O O O O O O B-MODEL I-MODEL I-MODEL I-MODEL I-MODEL I-MODEL I-MODEL,オオゾラ|Q537-41|ブラック
T03351,C32380洗濯機ホワイトオオゾラ,オオゾラ,C323-80,ホワイト,B-MODEL I-MODEL I-MODEL I-MODEL I-MODEL I-MODEL O O O B-COLOR I-COLOR I-COLOR I-COLOR B-BRAND I-BRAND I-BRAND I-BRAND,オオゾラ|C323-80|ホワイト
T03352,レッド デイパック W385-81 TSUBAKI,TSUBAKI,W385-81,レッド,B-COLOR I-COLOR I-COLOR O O O O O O O B-MODEL I-MODEL I-MODEL I-MODEL I-MODEL I-MODEL I-MODEL O B-BRAND I-BRAND I-BRAND I-BRAND I-BRAND I-BRAND I-BRAND,TSUBAKI|W385-81|レッド
T03353,オオゾラＲ８９９－２４スニーカーネイビー,オオゾラ,R899-24,ネイビー,B-BRAND I-BRAND I-BRAND I-BRAND B-MODEL I-MODEL I-MODEL I-MODEL I-MODEL I-MODEL I-MODEL O O O O O B-COLOR I-COLOR I-COLOR I-COLOR,オオゾラ|R899-24|ネイビー
T03354,KURO デイパック L711-58 グリーン,KURO,L711-58,グリーン,B-BRAND I-BRAND I-BRAND I-BRAND O O O O O O O B-MODEL I-MODEL I-MODEL I-MODEL I-MODEL I-MODEL I-MODEL O B-COLOR I-COLOR I-COLOR I-COLOR,KURO|L711-58|グリーン
T03355,Ｌ２５５－７６ グリーン 洗濯機,,L255-76,グリーン,B-MODEL I-MODEL I-MODEL I-MODEL I-MODEL I-MODEL I-MODEL O B-COLOR I-COLOR I-COLOR I-COLOR O O O O,|L255-76|グリーン
T03356,ホワイト Ｙ８９２－９４ イヤホン,,Y892-94,ホワイト,B-COLOR I-COLOR I-COLOR I-COLOR O B-MODEL I-MODEL I-MODEL I-MODEL I-MODEL I-MODEL I-MODEL O O O O O,|Y892-94|ホワイト
T03357,スニーカーＦ７１６４３シルバー,,F716-43,シルバー,O O O O O B-MODEL I-MODEL I-MODEL I-MODEL I-MODEL I-MODEL B-COLOR I-COLOR I-COLOR I-COLOR,|F716-43|シルバー
T03358,A567-48ノートパソコンブラック,,A567-48,ブラック,B-MODEL I-MODEL I-MODEL I-MODEL I-MODEL I-MODEL I-MODEL O O O O O O O B-COLOR I-COLOR I-COLOR I-COLOR,|A567-48|ブラック
T03359,冷蔵庫 R913-96 ホワイト KURO,KURO,R913-96,ホワイト,O O O O B-MODEL I-MODEL I-MODEL I-MODEL I-MODEL I-MODEL I-MODEL O B-COLOR I-COLOR I-COLOR I-COLOR O B-BRAND I-BRAND I-BRAND I-BRAND,KURO|R913-96|ホワイト
T03360,冷蔵庫Q317-89ネイビー,,Q317-89,ネイビー,O O O B-MODEL I-MODEL I-MODEL I-MODEL I-MODEL I-MODEL I-MODEL B-COLOR I-COLOR I-COLOR I-COLOR,|Q317-89|ネイビー
T03361,デイパック Ｈ４５２５ ネイビー,,H457-25,ネイビー,O O O O O O O O O O O O B-COLOR I-COLOR I-COLOR I-COLOR,|H457-25|ネイビー
T03362,冷蔵庫G278-75ネイビーTSUBAKI,TSUBAKI,G278-75,ネイビー,O O O B-MODEL I-MODEL I-MODEL I-MODEL I-MODEL I-MODEL I-MODEL B-COLOR I-COLOR I-COLOR I-COLOR B-BRAND I-BRAND I-BRAND I-BRAND I-BRAND I-BRAND I-BRAND,TSUBAKI|G278-75|ネイビー
T03363,TSUBAKI ブラック M472-77 ノートパソコン,TSUBAKI,M472-77,ブラック,B-BRAND I-BRAND I-BRAND I-BRAND I-BRAND I-BRAND I-BRAND O B-COLOR I-COLOR I-COLOR I-COLOR O B-MODEL I-MODEL I-MODEL I-MODEL I-MODEL I-MODEL I-MODEL O O O O O O O O,TSUBAKI|M472-77|ブラック
T03364,【即日発送】シルバー Ｊ７７２－４６ KURO 洗濯機,KURO,J772-46,シルバー,O O O O O O B-COLOR I-COLOR I-COLOR I-COLOR O B-MODEL I-MODEL I-MODEL I-MODEL I-MODEL I-MODEL I-MODEL O B-BRAND I-BRAND I-BRAND I-BRAND O O O O,KURO|J772-46|シルバー
T03365,デイパック H474-66 レッド,,H474-66,レッド,O O O O O O B-MODEL I-MODEL I-MODEL I-MODEL I-MODEL I-MODEL I-MODEL O B-COLOR I-COLOR I-COLOR,|H474-66|レッド
T03366,ホワイト デイパック B638-34,,B638-34,ホワイト,B-COLOR I-COLOR I-COLOR I-COLOR O O O O O O O B-MODEL I-MODEL I-MODEL I-MODEL I-MODEL I-MODEL I-MODEL,|B638-34|ホワイト
T03367,L387-68 イヤホン ソライロ ブラック,ソライロ,L387-68,ブラック,B-MODEL I-MODEL I-MODEL I-MODEL I-MODEL I-MODEL I-MODEL O O O O O O B-BRAND I-BRAND I-BRAND I-BRAND O B-COLOR I-COLOR I-COLOR I-COLOR,ソライロ|L387-68|ブラック
T03368,D907-16 アカネ電機 ノートパソコン ネイビー,アカネ電機,D907-16,ネイビー,B-MODEL I-MODEL I-MODEL I-MODEL I-MODEL I-MODEL I-MODEL O B-BRAND I-BRAND I-BRAND I-BRAND I-BRAND O O O O O O O O O B-COLOR I-COLOR I-COLOR I-COLOR,アカネ電機|D907-16|ネイビー
T03369,V149-3 掃除機 TSUBAKI シルバー,TSUBAKI,V149-73,シルバー,O O O O O O O O O O O B-BRAND I-BRAND I-BRAND I-BRAND I-BRAND I-BRAND I-BRAND O B-COLOR I-COLOR I-COLOR I-COLOR,TSUBAKI|V149-73|シルバー
T03370,Ｈ６９４－１９ホワイトノースピークデイパック,ノースピーク,H694-19,ホワイト,B-MODEL I-MODEL I-MODEL I-MODEL I-MODEL I-MODEL I-MODEL B-COLOR I-COLOR I-COLOR I-COLOR B-BRAND I-BRAND I-BRAND I-BRAND I-BRAND I-BRAND O O O O O,ノースピーク|H694-19|ホワイト
T03371,【送料無料】ソライロ Z13962 スニーカー ホワイト,ソライロ,Z139-62,ホワイト,O O O O O O B-BRAND I-BRAND I-BRAND I-BRAND O B-MODEL I-MODEL I-MODEL I-MODEL I-MODEL I-MODEL O O O O O O O B-COLOR I-COLOR I-COLOR I-COLOR,ソライロ|Z139-62|ホワイト
T03372,イヤホン ホワイト Ｂ７３２－３０,,B732-30,ホワイト,O O O O O B-COLOR I-COLOR I-COLOR I-COLOR O B-MODEL I-MODEL I-MODEL I-MODEL I-MODEL I-MODEL I-MODEL,|B732-30|ホワイト
T03373,ホワイト S645-85 洗濯機 ミドリワークス,ミドリワークス,S645-85,ホワイト,B-COLOR I-COLOR I-COLOR I-COLOR O B-MODEL I-MODEL I-MODEL I-MODEL I-MODEL I-MODEL I-MODEL O O O O O B-BRAND I-BRAND I-BRAND I-BRAND I-BRAND I-BRAND I-BRAND,ミドリワークス|S645-85|ホワイト
T03374,冷蔵庫レッドH135-70,,H135-70,レッド,O O O B-COLOR I-COLOR I-COLOR B-MODEL I-MODEL I-MODEL I-MODEL I-MODEL I-MODEL I-MODEL,|H135-70|レッド
T03375,ホワイト 腕計 B364-59,,B364-59,ホワイト,B-COLOR I-COLOR I-COLOR I-COLOR O O O O B-MODEL I-MODEL I-MODEL I-MODEL I-MODEL I-MODEL I-MODEL,|B364-59|ホワイト
T03376,ノートパソコン TSUBAKI ネイビー X721-36,TSUBAKI,X721-36,ネイビー,O O O O O O O O B-BRAND I-BRAND I-BRAND I-BRAND I-BRAND I-BRAND I-BRAND O B-COLOR I-COLOR I-COLOR I-COLOR O B-MODEL I-MODEL I-MODEL I-MODEL I-MODEL I-MODEL I-MODEL,TSUBAKI|X721-36|ネイビー
T03377,ノートパソコン ノースピーク ホワイト R136-18,ノースピーク,R136-18,ホワイト,O O O O O O O O B-BRAND I-BRAND I-BRAND I-BRAND I-BRAND I-BRAND O B-COLOR I-COLOR I-COLOR I-COLOR O B-MODEL I-MODEL I-MODEL I-MODEL I-MODEL I-MODEL I-MODEL,ノースピーク|R136-18|ホワイト
T03378,Y558-64 ゲンブ 洗濯機 ブラック,ゲンブ,Y558-64,ブラック,B-MODEL I-MODEL I-MODEL I-MODEL I-MODEL I-MODEL I-MODEL O B-BRAND I-BRAND I-BRAND O O O O O B-COLOR I-COLOR I-COLOR I-COLOR,ゲンブ|Y558-64|ブラック
T03379,【即日発送】シルバー 洗濯機 Ｅ４１１－６１ KURO,KURO,E411-61,シルバー,O O O O O O B-COLOR I-COLOR I-COLOR I-COLOR O O O O O B-MODEL I-MODEL I-MODEL I-MODEL I-MODEL I-MODEL I-MODEL O B-BRAND I-BRAND I-BRAND I-BRAND,KURO|E411-61|シルバー
T03380,シルバー冷蔵庫X55538ソライロ,ソライロ,X555-38,シルバー,B-COLOR I-COLOR I-COLOR I-COLOR O O O B-MODEL I-MODEL I-MODEL I-MODEL I-MODEL I-MODEL B-BRAND I-BRAND I-BRAND I-BRAND,ソライロ|X555-38|シルバー
T03381,腕時計Ｗ８５１－１９レッドアカネ電機,アカネ電機,W851-19,レッド,O O O B-MODEL I-MODEL I-MODEL I-MODEL I-MODEL I-MODEL I-MODEL B-COLOR I-COLOR I-COLOR B-BRAND I-BRAND I-BRAND I-BRAND I-BRAND,アカネ電機|W851-19|レッド
T03382,【即日発送】グリーン 冷蔵庫 TSUBAKI Ｉ９９５－６２,TSUBAKI,I995-62,グリーン,O O O O O O B-COLOR I-COLOR I-COLOR I-COLOR O O O O O B-BRAND I-BRAND I-BRAND I-BRAND I-BRAND I-BRAND I-BRAND O B-MODEL I-MODEL I-MODEL I-MODEL I-MODEL I-MODEL I-MODEL,TSUBAKI|I995-62|グリーン
T03383,H55351冷蔵庫シラユキネイビー,シラユキ,H553-51,ネイビー,B-MODEL I-MODEL I-MODEL I-MODEL I-MODEL I-MODEL O O O B-BRAND I-BRAND I-BRAND I-BRAND B-COLOR I-COLOR I-COLOR I-COLOR,シラユキ|H553-51|ネイビー
T03384,グリーンJ48035ノートパソコン,,J480-35,グリーン,B-COLOR I-COLOR I-COLOR I-COLOR B-MODEL I-MODEL I-MODEL I-MODEL I-MODEL I-MODEL O O O O O O O,|J480-35|グリーン
T03385,★新品未使用★ホワイトE13178洗濯機シラユキ,シラユキ,E131-78,ホワイト,O O O O O O O B-COLOR I-COLOR I-COLOR I-COLOR B-MODEL I-MODEL I-MODEL I-MODEL I-MODEL I-MODEL O O O B-BRAND I-BRAND I-BRAND I-BRAND,シラユキ|E131-78|ホワイト
T03386,ホワイト P606-35 スニーカー ノースピーク,ノースピーク,P606-35,ホワイト,B-COLOR I-COLOR I-COLOR I-COLOR O B-MODEL I-MODEL I-MODEL I-MODEL I-MODEL I-MODEL I-MODEL O O O O O O O B-BRAND I-BRAND I-BRAND I-BRAND I-BRAND I-BRAND,ノースピーク|P606-35|ホワイト
T03387,Y522-88 掃除機 ホワイト ソライロ,ソライロ,Y522-88,ホワイト,B-MODEL I-MODEL I-MODEL I-MODEL I-MODEL I-MODEL I-MODEL O O O O O B-COLOR I-COLOR I-COLOR I-COLOR O B-BRAND I-BRAND I-BRAND I-BRAND,ソライロ|Y522-88|ホワイト
T03388,TSUBAKI U652-24 グリーン ノートパソコン,TSUBAKI,U652-24,グリーン,B-BRAND I-BRAND I-BRAND I-BRAND I-BRAND I-BRAND I-BRAND O B-MODEL I-MODEL I-MODEL I-MODEL I-MODEL I-MODEL I-MODEL O B-COLOR I-COLOR I-COLOR I-COLOR O O O O O O O O,TSUBAKI|U652-24|グリーン
T03389,【即日発送】ハヤブサ 冷蔵庫 G54992 シルバー,ハヤブサ,G549-92,シルバー,O O O O O O B-BRAND I-BRAND I-BRAND I-BRAND O O O O O B-MODEL I-MODEL I-MODEL I-MODEL I-MODEL I-MODEL O B-COLOR I-COLOR I-COLOR I-COLOR,ハヤブサ|G549-92|シルバー
T03390,アカネ電機 シルバー L194-54 ノートパソコン,アカネ電機,L194-54,シルバー,B-BRAND I-BRAND I-BRAND I-BRAND I-BRAND O B-COLOR I-COLOR I-COLOR I-COLOR O B-MODEL I-MODEL I-MODEL I-MODEL I-MODEL I-MODEL I-MODEL O O O O O O O O,アカネ電機|L194-54|シルバー
T03391,ブラックＯ８３０－２１掃除機ゲンブ,ゲンブ,O830-21,ブラック,B-COLOR I-COLOR I-COLOR I-COLOR B-MODEL I-MODEL I-MODEL I-MODEL I-MODEL I-MODEL I-MODEL O O O B-BRAND I-BRAND I-BRAND,ゲンブ|O830-21|ブラック
T03392,ブラック ノートパソコン ハヤブサ S796-87,ハヤブサ,S796-87,ブラック,B-COLOR I-COLOR I-COLOR I-COLOR O O O O O O O O O B-BRAND I-BRAND I-BRAND I-BRAND O B-MODEL I-MODEL I-MODEL I-MODEL I-MODEL I-MODEL I-MODEL,ハヤブサ|S796-87|ブラック
T03393,アカネ電機 スニーカ ーＬ２５２３０ ホワイト,アカネ電機,L252-30,ホワイト,B-BRAND I-BRAND I-BRAND I-BRAND I-BRAND O O O O O O O B-MODEL I-MODEL I-MODEL I-MODEL I-MODEL I-MODEL O B-COLOR I-COLOR I-COLOR I-COLOR,アカネ電機|L252-30|ホワイト
T03394,ホワイト イヤホン TSUBAKI Ｊ５２０－９４,TSUBAKI,J520-94,ホワイト,B-COLOR I-COLOR I-COLOR I-COLOR O O O O O O B-BRAND I-BRAND I-BRAND I-BRAND I-BRAND I-BRAND I-BRAND O B-MODEL I-MODEL I-MODEL I-MODEL I-MODEL I-MODEL I-MODEL,TSUBAKI|J520-94|ホワイト
T03395,【即日発送】アカネ電機 X665-36 グリーン スニーカー,アカネ電機,X665-36,グリーン,O O O O O O B-BRAND I-BRAND I-BRAND I-BRAND I-BRAND O B-MODEL I-MODEL I-MODEL I-MODEL I-MODEL I-MODEL I-MODEL O B-COLOR I-COLOR I-COLOR I-COLOR O O O O O O,アカネ電機|X665-36|グリーン
T03396,掃除機Ｆ１９９－８４ソライロホワイト,ソライロ,F199-84,ホワイト,O O O B-MODEL I-MODEL I-MODEL I-MODEL I-MODEL I-MODEL I-MODEL B-BRAND I-BRAND I-BRAND I-BRAND B-COLOR I-COLOR I-COLOR I-COLOR,ソライロ|F199-84|ホワイト
T03397,★新品未使用★グリーンノースピークデイパックH375-94,ノースピーク,H375-94,グリーン,O O O O O O O B-COLOR I-COLOR I-COLOR I-COLOR B-BRAND I-BRAND I-BRAND I-BRAND I-BRAND I-BRAND O O O O O B-MODEL I-MODEL I-MODEL I-MODEL I-MODEL I-MODEL I-MODEL,ノースピーク|H375-94|グリーン
T03398,Z59885 冷蔵庫 オオゾラ ネイビー,オオゾラ,Z598-85,ネイビー,B-MODEL I-MODEL I-MODEL I-MODEL I-MODEL I-MODEL O O O O O B-BRAND I-BRAND I-BRAND I-BRAND O B-COLOR I-COLOR I-COLOR I-COLOR,オオゾラ|Z598-85|ネイビー
T03399,★新品未使用★ホワイト アカネ電機 スニーカー V930-38,アカネ電機,V930-38,ホワイト,O O O O O O O B-COLOR I-COLOR I-COLOR I-COLOR O B-BRAND I-BRAND I-BRAND I-BRAND I-BRAND O O O O O O O B-MODEL I-MODEL I-MODEL I-MODEL I-MODEL I-MODEL I-MODEL,アカネ電機|V930-38|ホワイト
T03400,【即日発送】E971-18ノートパソコンシラユキシルバー,シラユキ,E971-18,シルバー,O O O O O O B-MODEL I-MODEL I-MODEL I-MODEL I-MODEL I-MODEL I-MODEL O O O O O O O B-BRAND I-BRAND I-BRAND I-BRAND B-COLOR I-COLOR I-COLOR I-COLOR,シラユキ|E971-18|シルバー
T03401,◆正規品◆ネイビー シラユキ ノートパソコン Ｈ５７３－２５,シラユキ,H573-25,ネイビー,O O O O O B-COLOR I-COLOR I-COLOR I-COLOR O B-BRAND I-BRAND I-BRAND I-BRAND O O O O O O O O O B-MODEL I-MODEL I-MODEL I-MODEL I-MODEL I-MODEL I-MODEL,シラユキ|H573-25|ネイビー
T03402,掃除機X402-71ブラックシラユキ,シラユキ,X402-71,ブラック,O O O B-MODEL I-MODEL I-MODEL I-MODEL I-MODEL I-MODEL I-MODEL B-COLOR I-COLOR I-COLOR I-COLOR B-BRAND I-BRAND I-BRAND I-BRAND,シラユキ|X402-71|ブラック
T03403,ブラック ゲンブ イヤホン C49254,ゲンブ,C492-54,ブラック,B-COLOR I-COLOR I-COLOR I-COLOR O B-BRAND I-BRAND I-BRAND O O O O O O B-MODEL I-MODEL I-MODEL I-MODEL I-MODEL I-MODEL,ゲンブ|C492-54|ブラック
T03404,《アウトレット》洗濯機 P318-58 ゲンブ ホワイト,ゲンブ,P318-58,ホワイト,O O O O O O O O O O O O B-MODEL I-MODEL I-MODEL I-MODEL I-MODEL I-MODEL I-MODEL O B-BRAND I-BRAND I-BRAND O B-COLOR I-COLOR I-COLOR I-COLOR,ゲンブ|P318-58|ホワイト
T03405,【即日発送】掃除機 ハヤブサ ブラック Ｖ２４２－４２,ハヤブサ,V242-42,ブラック,O O O O O O O O O O B-BRAND I-BRAND I-BRAND I-BRAND O B-COLOR I-COLOR I-COLOR I-COLOR O B-MODEL I-MODEL I-MODEL I-MODEL I-MODEL I-MODEL I-MODEL,ハヤブサ|V242-42|ブラック
T03406,F682-52TSUBAKIレッドデイパック,TSUBAKI,F682-52,レッド,B-MODEL I-MODEL I-MODEL I-MODEL I-MODEL I-MODEL I-MODEL B-BRAND I-BRAND I-BRAND I-BRAND I-BRAND I-BRAND I-BRAND B-COLOR I-COLOR I-COLOR O O O O O,TSUBAKI|F682-52|レッド
T03407,デイパックシラユキレッドC939-69,シラユキ,C939-69,レッド,O O O O O B-BRAND I-BRAND I-BRAND I-BRAND B-COLOR I-COLOR I-COLOR B-MODEL I-MODEL I-MODEL I-MODEL I-MODEL I-MODEL I-MODEL,シラユキ|C939-69|レッド
T03408,【即日発送】ゲンブ K956-89 ネイビー 洗濯機,ゲンブ,K956-89,ネイビー,O O O O O O B-BRAND I-BRAND I-BRAND O B-MODEL I-MODEL I-MODEL I-MODEL I-MODEL I-MODEL I-MODEL O B-COLOR I-COLOR I-COLOR I-COLOR O O O O,ゲンブ|K956-89|ネイビー
T03409,グリーンソライロ掃除機Ｐ９８４－７８,ソライロ,P984-78,グリーン,B-COLOR I-COLOR I-COLOR I-COLOR B-BRAND I-BRAND I-BRAND I-BRAND O O O B-MODEL I-MODEL I-MODEL I-MODEL I-MODEL I-MODEL I-MODEL,ソライロ|P984-78|グリーン
T03410,【送料無料】KURO A86931 腕時計 グリーン,KURO,A869-31,グリーン,O O O O O O B-BRAND I-BRAND I-BRAND I-BRAND O B-MODEL I-MODEL I-MODEL I-MODEL I-MODEL I-MODEL O O O O O B-COLOR I-COLOR I-COLOR I-COLOR,KURO|A869-31|グリーン
T03411,イヤホンS30740KUROネイビー,KURO,S307-40,ネイビー,O O O O O O O O O O B-BRAND I-BRAND I-BRAND I-BRAND B-COLOR I-COLOR I-COLOR I-COLOR,KURO|S307-40|ネイビー
T03412,掃除機 G412-54 レッド,,G412-54,レッド,O O O O B-MODEL I-MODEL I-MODEL I-MODEL I-MODEL I-MODEL I-MODEL O B-COLOR I-COLOR I-COLOR,|G412-54|レッド
T03413,洗濯機ネイビーKUROT703-10,KURO,T703-10,ネイビー,O O O B-COLOR I-COLOR I-COLOR I-COLOR B-BRAND I-BRAND I-BRAND I-BRAND B-MODEL I-MODEL I-MODEL I-MODEL I-MODEL I-MODEL I-MODEL,KURO|T703-10|ネイビー
T03414,◆規品◆ホワイト H417-22 冷蔵庫,,H417-22,ホワイト,O O O O B-COLOR I-COLOR I-COLOR I-COLOR O B-MODEL I-MODEL I-MODEL I-MODEL I-MODEL I-MODEL I-MODEL O O O O,|H417-22|ホワイト
T03415,ハヤブサ ホワイト T787-39 デイパック,ハヤブサ,T787-39,ホワイト,B-BRAND I-BRAND I-BRAND I-BRAND O B-COLOR I-COLOR I-COLOR I-COLOR O B-MODEL I-MODEL I-MODEL I-MODEL I-MODEL I-MODEL I-MODEL O O O O O O,ハヤブサ|T787-39|ホワイト
T03416,【即日発送】Z59548 ゲンブ 冷蔵庫 ネイビー,ゲンブ,Z595-48,ネイビー,O O O O O O B-MODEL I-MODEL I-MODEL I-MODEL I-MODEL I-MODEL O B-BRAND I-BRAND I-BRAND O O O O O B-COLOR I-COLOR I-COLOR I-COLOR,ゲンブ|Z595-48|ネイビー
T03417,イヤホン O298-27 ゲンブ ホワイト,ゲンブ,O298-27,ホワイト,O O O O O B-MODEL I-MODEL I-MODEL I-MODEL I-MODEL I-MODEL I-MODEL O B-BRAND I-BRAND I-BRAND O B-COLOR I-COLOR I-COLOR I-COLOR,ゲンブ|O298-27|ホワイト
T03418,グリーン シラユキ E71088 ノートパソコン,シラユキ,E710-88,グリーン,B-COLOR I-COLOR I-COLOR I-COLOR O B-BRAND I-BRAND I-BRAND I-BRAND O B-MODEL I-MODEL I-MODEL I-MODEL I-MODEL I-MODEL O O O O O O O O,シラユキ|E710-88|グリーン
T03419,【即日発送】腕時 KURO ブラック Y402-24,KURO,Y402-24,ブラック,O O O O O O O O O B-BRAND I-BRAND I-BRAND I-BRAND O B-COLOR I-COLOR I-COLOR I-COLOR O B-MODEL I-MODEL I-MODEL I-MODEL I-MODEL I-MODEL I-MODEL,KURO|Y402-24|ブラック
T03420,M785-42スニーカーノースピークシルバー,ノースピーク,M785-42,シルバー,B-MODEL I-MODEL I-MODEL I-MODEL I-MODEL I-MODEL I-MODEL O O O O O B-BRAND I-BRAND I-BRAND I-BRAND I-BRAND I-BRAND B-COLOR I-COLOR I-COLOR I-COLOR,ノースピーク|M785-42|シルバー
T03421,E478-94 ゲンブ シルバー 腕時計,ゲンブ,E478-94,シルバー,B-MODEL I-MODEL I-MODEL I-MODEL I-MODEL I-MODEL I-MODEL O B-BRAND I-BRAND I-BRAND O B-COLOR I-COLOR I-COLOR I-COLOR O O O O,ゲンブ|E478-94|シルバー
T03422,【送料無料】P340-74洗濯機シルバー,,P340-74,シルバー,O O O O O O B-MODEL I-MODEL I-MODEL I-MODEL I-MODEL I-MODEL I-MODEL O O O B-COLOR I-COLOR I-COLOR I-COLOR,|P340-74|シルバー
T03423,オオゾラ Ｘ８７６－２４ デイパック ネイビー,オオゾラ,X876-24,ネイビー,B-BRAND I-BRAND I-BRAND I-BRAND O B-MODEL I-MODEL I-MODEL I-MODEL I-MODEL I-MODEL I-MODEL O O O O O O O B-COLOR I-COLOR I-COLOR I-COLOR,オオゾラ|X876-24|ネイビー
T03424,ノートパソコンA403-12シルバーノースピーク,ノースピーク,A403-12,シルバー,O O O O O O O B-MODEL I-MODEL I-MODEL I-MODEL I-MODEL I-MODEL I-MODEL B-COLOR I-COLOR I-COLOR I-COLOR B-BRAND I-BRAND I-BRAND I-BRAND I-BRAND I-BRAND,ノースピーク|A403-12|シルバー
T03425,《アウトレット》ブラックA35580アカネ電機ノートパソコン,アカネ電機,A355-80,ブラック,O O O O O O O O B-COLOR I-COLOR I-COLOR I-COLOR B-MODEL I-MODEL I-MODEL I-MODEL I-MODEL I-MODEL B-BRAND I-BRAND I-BRAND I-BRAND I-BRAND O O O O O O O,アカネ電機|A355-80|ブラック
T03426,ホワイトスニーカーC449-92KURO,KURO,C449-92,ホワイト,B-COLOR I-COLOR I-COLOR I-COLOR O O O O O B-MODEL I-MODEL I-MODEL I-MODEL I-MODEL I-MODEL I-MODEL B-BRAND I-BRAND I-BRAND I-BRAND,KURO|C449-92|ホワイト
T03427,スニーカー O80073 ノースピーク ブラック,ノースピーク,O800-73,ブラック,O O O O O O B-MODEL I-MODEL I-MODEL I-MODEL I-MODEL I-MODEL O B-BRAND I-BRAND I-BRAND I-BRAND I-BRAND I-BRAND O B-COLOR I-COLOR I-COLOR I-COLOR,ノースピーク|O800-73|ブラック
T03428,ネイビーG196-53ソライロ腕時計,ソライロ,G196-53,ネイビー,B-COLOR I-COLOR I-COLOR I-COLOR B-MODEL I-MODEL I-MODEL I-MODEL I-MODEL I-MODEL I-MODEL B-BRAND I-BRAND I-BRAND I-BRAND O O O,ソライロ|G196-53|ネイビー
T03429,《アウトレット》F22236洗濯機アカネ電機グリーン,アカネ電機,F222-36,グリーン,O O O O O O O O B-MODEL I-MODEL I-MODEL I-MODEL I-MODEL I-MODEL O O O B-BRAND I-BRAND I-BRAND I-BRAND I-BRAND B-COLOR I-COLOR I-COLOR I-COLOR,アカネ電機|F222-36|グリーン
T03430,ハヤブサブラックイヤホンＥ８７４－６２,ハヤブサ,E874-62,ブラック,B-BRAND I-BRAND I-BRAND I-BRAND B-COLOR I-COLOR I-COLOR I-COLOR O O O O B-MODEL I-MODEL I-MODEL I-MODEL I-MODEL I-MODEL I-MODEL,ハヤブサ|E874-62|ブラック
T03431,J612-30ミドリワークス洗濯機ホワイト,ミドリワークス,J612-30,ホワイト,B-MODEL I-MODEL I-MODEL I-MODEL I-MODEL I-MODEL I-MODEL B-BRAND I-BRAND I-BRAND I-BRAND I-BRAND I-BRAND I-BRAND O O O B-COLOR I-COLOR I-COLOR I-COLOR,ミドリワークス|J612-30|ホワイト
T03432,洗濯機 レッド シラユキ Ｄ３６３７１,シラユキ,D363-71,レッド,O O O O B-COLOR I-COLOR I-COLOR O B-BRAND I-BRAND I-BRAND I-BRAND O B-MODEL I-MODEL I-MODEL I-MODEL I-MODEL I-MODEL,シラユキ|D363-71|レッド
T03433,◆正規品◆Z43351 ノートパソコン レッド ミドリワークス,ミドリワークス,Z433-51,レッド,O O O O O B-MODEL I-MODEL I-MODEL I-MODEL I-MODEL I-MODEL O O O O O O O O O B-COLOR I-COLOR I-COLOR O B-BRAND I-BRAND I-BRAND I-BRAND I-BRAND I-BRAND I-BRAND,ミドリワークス|Z433-51|レッド
T03434,【送料無料】ノースピーク ブラック デイパック U833-33,ノースピーク,U833-33,ブラック,O O O O O O B-BRAND I-BRAND I-BRAND I-BRAND I-BRAND I-BRAND O B-COLOR I-COLOR I-COLOR I-COLOR O O O O O O O B-MODEL I-MODEL I-MODEL I-MODEL I-MODEL I-MODEL I-MODEL,ノースピーク|U833-33|ブラック
T03435,★新品未使用★A840-72 掃除機 シラユキ ホワイト,シラユキ,A840-72,ホワイト,O O O O O O O B-MODEL I-MODEL I-MODEL I-MODEL I-MODEL I-MODEL I-MODEL O O O O O B-BRAND I-BRAND I-BRAND I-BRAND O B-COLOR I-COLOR I-COLOR I-COLOR,シラユキ|A840-72|ホワイト
T03436,ノートパソコンホワイトＷ２８５－８３KURO,KURO,W285-83,ホワイト,O O O O O O O B-COLOR I-COLOR I-COLOR I-COLOR B-MODEL I-MODEL I-MODEL I-MODEL I-MODEL I-MODEL I-MODEL B-BRAND I-BRAND I-BRAND I-BRAND,KURO|W285-83|ホワイト
T03437,ノースピークスニーカーE487-97ホワイト,ノースピーク,E487-97,ホワイト,B-BRAND I-BRAND I-BRAND I-BRAND I-BRAND I-BRAND O O O O O B-MODEL I-MODEL I-MODEL I-MODEL I-MODEL I-MODEL I-MODEL B-COLOR I-COLOR I-COLOR I-COLOR,ノースピーク|E487-97|ホワイト
T03438,◆正規品◆ゲンブ ノートパソコン ホワイト R938-49,ゲンブ,R938-49,ホワイト,O O O O O B-BRAND I-BRAND I-BRAND O O O O O O O O O B-COLOR I-COLOR I-COLOR I-COLOR O B-MODEL I-MODEL I-MODEL I-MODEL I-MODEL I-MODEL I-MODEL,ゲンブ|R938-49|ホワイト
T03439,冷蔵庫 ホワイト ゲンブ N964-86,ゲンブ,N964-86,ホワイト,O O O O B-COLOR I-COLOR I-COLOR I-COLOR O B-BRAND I-BRAND I-BRAND O B-MODEL I-MODEL I-MODEL I-MODEL I-MODEL I-MODEL I-MODEL,ゲンブ|N964-86|ホワイト
T03440,Q709-71KUROグリーン掃除機,KURO,Q709-71,グリーン,B-MODEL I-MODEL I-MODEL I-MODEL I-MODEL I-MODEL I-MODEL B-BRAND I-BRAND I-BRAND I-BRAND B-COLOR I-COLOR I-COLOR I-COLOR O O O,KURO|Q709-71|グリーン
T03441,レッド ハヤブサ 冷蔵庫 F36667,ハヤブサ,F366-67,レッド,B-COLOR I-COLOR I-COLOR O B-BRAND I-BRAND I-BRAND I-BRAND O O O O O B-MODEL I-MODEL I-MODEL I-MODEL I-MODEL I-MODEL,ハヤブサ|F366-67|レッド
T03442,【即日発送】シルバー ノートパソコン オオゾラ Ｘ３３９－５２,オオゾラ,X339-52,シルバー,O O O O O O B-COLOR I-COLOR I-COLOR I-COLOR O O O O O O O O O B-BRAND I-BRAND I-BRAND I-BRAND O B-MODEL I-MODEL I-MODEL I-MODEL I-MODEL I-MODEL I-MODEL,オオゾラ|X339-52|シルバー
T03443,ソライロノートパソコンU767-18グリーン,ソライロ,U767-18,グリーン,B-BRAND I-BRAND I-BRAND I-BRAND O O O O O O O B-MODEL I-MODEL I-MODEL I-MODEL I-MODEL I-MODEL I-MODEL B-COLOR I-COLOR I-COLOR I-COLOR,ソライロ|U767-18|グリーン
T03444,イヤホンソイロＣ４８３－３１ネイビー,ソライロ,C483-31,ネイビー,O O O O O O O B-MODEL I-MODEL I-MODEL I-MODEL I-MODEL I-MODEL I-MODEL B-COLOR I-COLOR I-COLOR I-COLOR,ソライロ|C483-31|ネイビー
T03445,オオゾラ P146-89 イヤホン ネイビー,オオゾラ,P146-89,ネイビー,B-BRAND I-BRAND I-BRAND I-BRAND O B-MODEL I-MODEL I-MODEL I-MODEL I-MODEL I-MODEL I-MODEL O O O O O O B-COLOR I-COLOR I-COLOR I-COLOR,オオゾラ|P146-89|ネイビー
T03446,ノートパソコン KURO ホワイト G171-38,KURO,G171-38,ホワイト,O O O O O O O O B-BRAND I-BRAND I-BRAND I-BRAND O B-COLOR I-COLOR I-COLOR I-COLOR O B-MODEL I-MODEL I-MODEL I-MODEL I-MODEL I-MODEL I-MODEL,KURO|G171-38|ホワイト
T03447,イヤホン ブラック Ｈ４５８－３２ ゲンブ,ゲンブ,H458-32,ブラック,O O O O O B-COLOR I-COLOR I-COLOR I-COLOR O B-MODEL I-MODEL I-MODEL I-MODEL I-MODEL I-MODEL I-MODEL O B-BRAND I-BRAND I-BRAND,ゲンブ|H458-32|ブラック
T03448,デイパックW192-92オオゾラグリーン,オオゾラ,W192-92,グリーン,O O O O O B-MODEL I-MODEL I-MODEL I-MODEL I-MODEL I-MODEL I-MODEL B-BRAND I-BRAND I-BRAND I-BRAND B-COLOR I-COLOR I-COLOR I-COLOR,オオゾラ|W192-92|グリーン
T03449,ミドリワークスD99857腕時計ホワイト,ミドリワークス,D998-57,ホワイト,B-BRAND I-BRAND I-BRAND I-BRAND I-BRAND I-BRAND I-BRAND B-MODEL I-MODEL I-MODEL I-MODEL I-MODEL I-MODEL O O O B-COLOR I-COLOR I-COLOR I-COLOR,ミドリワークス|D998-57|ホワイト
T03450,スニーカー ミドリワークス G700-77 ブラック,ミドリワークス,G700-77,ブラック,O O O O O O B-BRAND I-BRAND I-BRAND I-BRAND I-BRAND I-BRAND I-BRAND O B-MODEL I-MODEL I-MODEL I-MODEL I-MODEL I-MODEL I-MODEL O B-COLOR I-COLOR I-COLOR I-COLOR,ミドリワークス|G700-77|ブラック
T03451,オオゾラ冷蔵庫R300-21ブラック,オオゾラ,R300-21,ブラック,B-BRAND I-BRAND I-BRAND I-BRAND O O O B-MODEL I-MODEL I-MODEL I-MODEL I-MODEL I-MODEL I-MODEL B-COLOR I-COLOR I-COLOR I-COLOR,オオゾラ|R300-21|ブラック
T03452,《アウトレット》ホワイト ハヤブサ デイパック Q581-31,ハヤブサ,Q581-31,ホワイト,O O O O O O O O B-COLOR I-COLOR I-COLOR I-COLOR O B-BRAND I-BRAND I-BRAND I-BRAND O O O O O O O B-MODEL I-MODEL I-MODEL I-MODEL I-MODEL I-MODEL I-MODEL,ハヤブサ|Q581-31|ホワイト
T03453,洗濯機Z649-43レッドアカネ電機,アカネ電機,Z649-43,レッド,O O O B-MODEL I-MODEL I-MODEL I-MODEL I-MODEL I-MODEL I-MODEL B-COLOR I-COLOR I-COLOR B-BRAND I-BRAND I-BRAND I-BRAND I-BRAND,アカネ電機|Z649-43|レッド
T03454,【送料無料】Z921-62イヤホンゲンブネイビー,ゲンブ,Z921-62,ネイビー,O O O O O O B-MODEL I-MODEL I-MODEL I-MODEL I-MODEL I-MODEL I-MODEL O O O O B-BRAND I-BRAND I-BRAND B-COLOR I-COLOR I-COLOR I-COLOR,ゲンブ|Z921-62|ネイビー
T03455,★新品未使用★レッド D546-87 ハヤブサ ノートパソコン,ハヤブサ,D546-87,レッド,O O O O O O O B-COLOR I-COLOR I-COLOR O B-MODEL I-MODEL I-MODEL I-MODEL I-MODEL I-MODEL I-MODEL O B-BRAND I-BRAND I-BRAND I-BRAND O O O O O O O O,ハヤブサ|D546-87|レッド
T03456,◆正規品◆シラユキＨ１４４－６０掃除機グリーン,シラユキ,H144-60,グリーン,O O O O O B-BRAND I-BRAND I-BRAND I-BRAND B-MODEL I-MODEL I-MODEL I-MODEL I-MODEL I-MODEL I-MODEL O O O B-COLOR I-COLOR I-COLOR I-COLOR,シラユキ|H144-60|グリーン
T03457,KUROI381-69ブラックイヤホン,KURO,I381-69,ブラック,B-BRAND I-BRAND I-BRAND I-BRAND B-MODEL I-MODEL I-MODEL I-MODEL I-MODEL I-MODEL I-MODEL B-COLOR I-COLOR I-COLOR I-COLOR O O O O,KURO|I381-69|ブラック
T03458,《アウレット》Z64975 掃除機 ブラック,,Z649-75,ブラック,O O O O O O O B-MODEL I-MODEL I-MODEL I-MODEL I-MODEL I-MODEL O O O O O B-COLOR I-COLOR I-COLOR I-COLOR,|Z649-75|ブラック
T03459,【送料無料】シラユキＺ７９７－４０掃除機シルバー,シラユキ,Z797-40,シルバー,O O O O O O B-BRAND I-BRAND I-BRAND I-BRAND B-MODEL I-MODEL I-MODEL I-MODEL I-MODEL I-MODEL I-MODEL O O O B-COLOR I-COLOR I-COLOR I-COLOR,シラユキ|Z797-40|シルバー
T03460,【即日発送】スニーカーオオゾラQ38369レッド,オオゾラ,Q383-69,レッド,O O O O O O O O O O O B-BRAND I-BRAND I-BRAND I-BRAND B-MODEL I-MODEL I-MODEL I-MODEL I-MODEL I-MODEL B-COLOR I-COLOR I-COLOR,オオゾラ|Q383-69|レッド
T03461,A715-73KUROスニーカーシルバー,KURO,A715-73,シルバー,B-MODEL I-MODEL I-MODEL I-MODEL I-MODEL I-MODEL I-MODEL B-BRAND I-BRAND I-BRAND I-BRAND O O O O O B-COLOR I-COLOR I-COLOR I-COLOR,KURO|A715-73|シルバー
T03462,シルバー イヤホン ミドリワークス B418-47,ミドリワークス,B418-47,シルバー,B-COLOR I-COLOR I-COLOR I-COLOR O O O O O O B-BRAND I-BRAND I-BRAND I-BRAND I-BRAND I-BRAND I-BRAND O B-MODEL I-MODEL I-MODEL I-MODEL I-MODEL I-MODEL I-MODEL,ミドリワークス|B418-47|シルバー
T03463,★新品未使用★Y760-48 シルバー イヤホン シラユキ,シラユキ,Y760-48,シルバー,O O O O O O O B-MODEL I-MODEL I-MODEL I-MODEL I-MODEL I-MODEL I-MODEL O B-COLOR I-COLOR I-COLOR I-COLOR O O O O O O B-BRAND I-BRAND I-BRAND I-BRAND,シラユキ|Y760-48|シルバー
T03464,ネイビー 冷蔵庫 オオゾラ Ｅ５１６－６８,オオゾラ,E516-68,ネイビー,B-COLOR I-COLOR I-COLOR I-COLOR O O O O O B-BRAND I-BRAND I-BRAND I-BRAND O B-MODEL I-MODEL I-MODEL I-MODEL I-MODEL I-MODEL I-MODEL,オオゾラ|E516-68|ネイビー
T03465,腕時計ミドリワークスレッドＬ９８４８３,ミドリワークス,L984-83,レッド,O O O B-BRAND I-BRAND I-BRAND I-BRAND I-BRAND I-BRAND I-BRAND B-COLOR I-COLOR I-COLOR B-MODEL I-MODEL I-MODEL I-MODEL I-MODEL I-MODEL,ミドリワークス|L984-83|レッド
T03466,【即日発送】ネイビー W98029 ラユキ 掃除機,シラユキ,W980-29,ネイビー,O O O O O O B-COLOR I-COLOR I-COLOR I-COLOR O B-MODEL I-MODEL I-MODEL I-MODEL I-MODEL I-MODEL O O O O O O O O,シラユキ|W980-29|ネイビー
T03467,ブラック ノースピーク イヤホン O349-73,ノースピーク,O349-73,ブラック,B-COLOR I-COLOR I-COLOR I-COLOR O B-BRAND I-BRAND I-BRAND I-BRAND I-BRAND I-BRAND O O O O O O B-MODEL I-MODEL I-MODEL I-MODEL I-MODEL I-MODEL I-MODEL,ノースピーク|O349-73|ブラック
T03468,掃除機 M670-60 ネイビー ミドリワークス,ミドリワークス,M670-60,ネイビー,O O O O B-MODEL I-MODEL I-MODEL I-MODEL I-MODEL I-MODEL I-MODEL O B-COLOR I-COLOR I-COLOR I-COLOR O B-BRAND I-BRAND I-BRAND I-BRAND I-BRAND I-BRAND I-BRAND,ミドリワークス|M670-60|ネイビー
T03469,【送料無料】デイパック シラユキ ブラック O51464,シラユキ,O514-64,ブラック,O O O O O O O O O O O O B-BRAND I-BRAND I-BRAND I-BRAND O B-COLOR I-COLOR I-COLOR I-COLOR O B-MODEL I-MODEL I-MODEL I-MODEL I-MODEL I-MODEL,シラユキ|O514-64|ブラック
T03470,★新品未使用★M721-51KURO腕時計グリーン,KURO,M721-51,グリーン,O O O O O O O B-MODEL I-MODEL I-MODEL I-MODEL I-MODEL I-MODEL I-MODEL B-BRAND I-BRAND I-BRAND I-BRAND O O O B-COLOR I-COLOR I-COLOR I-COLOR,KURO|M721-51|グリーン
T03471,T20622シラユキネイビーイヤホン,シラユキ,T206-22,ネイビー,B-MODEL I-MODEL I-MODEL I-MODEL I-MODEL I-MODEL B-BRAND I-BRAND I-BRAND I-BRAND B-COLOR I-COLOR I-COLOR I-COLOR O O O O,シラユキ|T206-22|ネイビー
T03472,ブラック 腕時計 Z172-95,,Z172-95,ブラック,B-COLOR I-COLOR I-COLOR I-COLOR O O O O O B-MODEL I-MODEL I-MODEL I-MODEL I-MODEL I-MODEL I-MODEL,|Z172-95|ブラック
T03473,洗濯機 F968-36 ミドリワークス グリーン,ミドリワークス,F968-36,グリーン,O O O O B-MODEL I-MODEL I-MODEL I-MODEL I-MODEL I-MODEL I-MODEL O B-BRAND I-BRAND I-BRAND I-BRAND I-BRAND I-BRAND I-BRAND O B-COLOR I-COLOR I-COLOR I-COLOR,ミドリワークス|F968-36|グリーン
T03474,掃除機J94541グリーシンラユキ,シラユキ,J945-41,グリーン,O O O B-MODEL I-MODEL I-MODEL I-MODEL I-MODEL I-MODEL O O O O O O O O,シラユキ|J945-41|グリーン
T03475,掃除機 オオゾラシ ルバー L71220,オオゾラ,L712-20,シルバー,O O O O B-BRAND I-BRAND I-BRAND I-BRAND O O O O O O B-MODEL I-MODEL I-MODEL I-MODEL I-MODEL I-MODEL,オオゾラ|L712-20|シルバー
T03476,Y954-29 イヤホン オオゾラ ホワイト,オオゾラ,Y954-29,ホワイト,B-MODEL I-MODEL I-MODEL I-MODEL I-MODEL I-MODEL I-MODEL O O O O O O B-BRAND I-BRAND I-BRAND I-BRAND O B-COLOR I-COLOR I-COLOR I-COLOR,オオゾラ|Y954-29|ホワイト
T03477,ブラック ハヤブサ 冷庫蔵 E651-31,ハヤブサ,E651-31,ブラック,B-COLOR I-COLOR I-COLOR I-COLOR O B-BRAND I-BRAND I-BRAND I-BRAND O O O O O B-MODEL I-MODEL I-MODEL I-MODEL I-MODEL I-MODEL I-MODEL,ハヤブサ|E651-31|ブラック
T03478,【送料無料】腕時 計H91257 シルバー,,H912-57,シルバー,O O O O O O O O O O B-MODEL I-MODEL I-MODEL I-MODEL I-MODEL I-MODEL O B-COLOR I-COLOR I-COLOR I-COLOR,|H912-57|シルバー
T03479,F157-42デイパックネイビー,,F157-42,ネイビー,B-MODEL I-MODEL I-MODEL I-MODEL I-MODEL I-MODEL I-MODEL O O O O O B-COLOR I-COLOR I-COLOR I-COLOR,|F157-42|ネイビー
T03480,《アウトレット》ミドリワークス掃除機O906-64レッド,ミドリワークス,O906-64,レッド,O O O O O O O O B-BRAND I-BRAND I-BRAND I-BRAND I-BRAND I-BRAND I-BRAND O O O B-MODEL I-MODEL I-MODEL I-MODEL I-MODEL I-MODEL I-MODEL B-COLOR I-COLOR I-COLOR,ミドリワークス|O906-64|レッド
T03481,ホワイト ゲンブ 洗濯機 B16-59,ゲンブ,B416-59,ホワイト,B-COLOR I-COLOR I-COLOR I-COLOR O B-BRAND I-BRAND I-BRAND O O O O O O O O O O O,ゲンブ|B416-59|ホワイト
T03482,J540-14シルバーKUROスニーカー,KURO,J540-14,シルバー,B-MODEL I-MODEL I-MODEL I-MODEL I-MODEL I-MODEL I-MODEL B-COLOR I-COLOR I-COLOR I-COLOR B-BRAND I-BRAND I-BRAND I-BRAND O O O O O,KURO|J540-14|シルバー
T03483,ソライロ 掃除機 グリーン Ｗ９５９－８３,ソライロ,W959-83,グリーン,B-BRAND I-BRAND I-BRAND I-BRAND O O O O O B-COLOR I-COLOR I-COLOR I-COLOR O B-MODEL I-MODEL I-MODEL I-MODEL I-MODEL I-MODEL I-MODEL,ソライロ|W959-83|グリーン
T03484,シラユキ X26492 ブラック ノートパソコン,シラユキ,X264-92,ブラック,B-BRAND I-BRAND I-BRAND I-BRAND O B-MODEL I-MODEL I-MODEL I-MODEL I-MODEL I-MODEL O B-COLOR I-COLOR I-COLOR I-COLOR O O O O O O O O,シラユキ|X264-92|ブラック
T03485,アカネ電機 レッド 洗濯機 Ｌ８５４８５,アカネ電機,L854-85,レッド,B-BRAND I-BRAND I-BRAND I-BRAND I-BRAND O B-COLOR I-COLOR I-COLOR O O O O O B-MODEL I-MODEL I-MODEL I-MODEL I-MODEL I-MODEL,アカネ電機|L854-85|レッド
T03486,掃除機 L897-54 ネイビー,,L897-54,ネイビー,O O O O B-MODEL I-MODEL I-MODEL I-MODEL I-MODEL I-MODEL I-MODEL O B-COLOR I-COLOR I-COLOR I-COLOR,|L897-54|ネイビー
T03487,V608-64ホワイトノートパソコンゲンブ,ゲンブ,V608-64,ホワイト,B-MODEL I-MODEL I-MODEL I-MODEL I-MODEL I-MODEL I-MODEL B-COLOR I-COLOR I-COLOR I-COLOR O O O O O O O B-BRAND I-BRAND I-BRAND,ゲンブ|V608-64|ホワイト
T03488,◆正規品◆シルバーオオゾラ腕時計Ｄ９１１－９４,オオゾラ,D911-94,シルバー,O O O O O B-COLOR I-COLOR I-COLOR I-COLOR B-BRAND I-BRAND I-BRAND I-BRAND O O O B-MODEL I-MODEL I-MODEL I-MODEL I-MODEL I-MODEL I-MODEL,オオゾラ|D911-94|シルバー
T03489,ホワイト 掃除機 Ｅ２５７－１４ ミドリワークス,ミドリワークス,E257-14,ホワイト,B-COLOR I-COLOR I-COLOR I-COLOR O O O O O B-MODEL I-MODEL I-MODEL I-MODEL I-MODEL I-MODEL I-MODEL O B-BRAND I-BRAND I-BRAND I-BRAND I-BRAND I-BRAND I-BRAND,ミドリワークス|E257-14|ホワイト
T03490,Ｉ２５７－１８ ホワイ ノートパソコン アカネ電機,アカネ電機,I257-18,ホワイト,B-MODEL I-MODEL I-MODEL I-MODEL I-MODEL I-MODEL I-MODEL O O O O O O O O O O O O O B-BRAND I-BRAND I-BRAND I-BRAND I-BRAND,アカネ電機|I257-18|ホワイト
T03491,掃除機 ミドリワークス ブラック T22086,ミドリワークス,T220-86,ブラック,O O O O B-BRAND I-BRAND I-BRAND I-BRAND I-BRAND I-BRAND I-BRAND O B-COLOR I-COLOR I-COLOR I-COLOR O B-MODEL I-MODEL I-MODEL I-MODEL I-MODEL I-MODEL,ミドリワークス|T220-86|ブラック
T03492,L570-64洗濯機グリーン,,L570-64,グリーン,B-MODEL I-MODEL I-MODEL I-MODEL I-MODEL I-MODEL I-MODEL O O O B-COLOR I-COLOR I-COLOR I-COLOR,|L570-64|グリーン
T03493,★新品未使用★ノースピーク ホワイト ノートパソコン L922-84,ノースピーク,L922-84,ホワイト,O O O O O O O B-BRAND I-BRAND I-BRAND I-BRAND I-BRAND I-BRAND O B-COLOR I-COLOR I-COLOR I-COLOR O O O O O O O O O B-MODEL I-MODEL I-MODEL I-MODEL I-MODEL I-MODEL I-MODEL,ノースピーク|L922-84|ホワイト
T03494,P863-95 レッド 腕時計 ハヤブサ,ハヤブサ,P863-95,レッド,B-MODEL I-MODEL I-MODEL I-MODEL I-MODEL I-MODEL I-MODEL O B-COLOR I-COLOR I-COLOR O O O O O B-BRAND I-BRAND I-BRAND I-BRAND,ハヤブサ|P863-95|レッド
T03495,TSUBAKI 洗濯機 グリーン Y772-79,TSUBAKI,Y772-79,グリーン,B-BRAND I-BRAND I-BRAND I-BRAND I-BRAND I-BRAND I-BRAND O O O O O B-COLOR I-COLOR I-COLOR I-COLOR O B-MODEL I-MODEL I-MODEL I-MODEL I-MODEL I-MODEL I-MODEL,TSUBAKI|Y772-79|グリーン
T03496,【送料無料】ブラック ミドリワークス イヤホン M22731,ミドリワークス,M227-31,ブラック,O O O O O O B-COLOR I-COLOR I-COLOR I-COLOR O B-BRAND I-BRAND I-BRAND I-BRAND I-BRAND I-BRAND I-BRAND O O O O O O B-MODEL I-MODEL I-MODEL I-MODEL I-MODEL I-MODEL,ミドリワークス|M227-31|ブラック
T03497,KURO S694-19 ルバー 掃除機,KURO,S694-19,シルバー,B-BRAND I-BRAND I-BRAND I-BRAND O B-MODEL I-MODEL I-MODEL I-MODEL I-MODEL I-MODEL I-MODEL O O O O O O O O,KURO|S694-19|シルバー
T03498,O11538TSUBAKIデイパックシルバー,TSUBAKI,O115-38,シルバー,B-MODEL I-MODEL I-MODEL I-MODEL I-MODEL I-MODEL B-BRAND I-BRAND I-BRAND I-BRAND I-BRAND I-BRAND I-BRAND O O O O O B-COLOR I-COLOR I-COLOR I-COLOR,TSUBAKI|O115-38|シルバー
T03499,掃除機 シラユキ A987-32 レッド,シラユキ,A987-32,レッド,O O O O B-BRAND I-BRAND I-BRAND I-BRAND O B-MODEL I-MODEL I-MODEL I-MODEL I-MODEL I-MODEL I-MODEL O B-COLOR I-COLOR I-COLOR,シラユキ|A987-32|レッド
T03500,グリーン 冷蔵庫 TSUBAKI Ｉ８０６－１９,TSUBAKI,I806-19,グリーン,B-COLOR I-COLOR I-COLOR I-COLOR O O O O O B-BRAND I-BRAND I-BRAND I-BRAND I-BRAND I-BRAND I-BRAND O B-MODEL I-MODEL I-MODEL I-MODEL I-MODEL I-MODEL I-MODEL,TSUBAKI|I806-19|グリーン
T03501,◆正規品◆オオゾラ シルバー 掃除機 Ｒ７３９－９３,オオゾラ,R739-93,シルバー,O O O O O B-BRAND I-BRAND I-BRAND I-BRAND O B-COLOR I-COLOR I-COLOR I-COLOR O O O O O B-MODEL I-MODEL I-MODEL I-MODEL I-MODEL I-MODEL I-MODEL,オオゾラ|R739-93|シルバー
T03502,ミドリワークス 掃除機 S702-37 シルバー,ミドリワークス,S702-37,シルバー,B-BRAND I-BRAND I-BRAND I-BRAND I-BRAND I-BRAND I-BRAND O O O O O B-MODEL I-MODEL I-MODEL I-MODEL I-MODEL I-MODEL I-MODEL O B-COLOR I-COLOR I-COLOR I-COLOR,ミドリワークス|S702-37|シルバー
T03503,ブラック ミドリワークス スニーカー A565-22,ミドリワークス,A565-22,ブラック,B-COLOR I-COLOR I-COLOR I-COLOR O B-BRAND I-BRAND I-BRAND I-BRAND I-BRAND I-BRAND I-BRAND O O O O O O O B-MODEL I-MODEL I-MODEL I-MODEL I-MODEL I-MODEL I-MODEL,ミドリワークス|A565-22|ブラック
T03504,ハヤブサ ブラック デイパック 7Z61-55,ハヤブサ,Z761-55,ブラック,B-BRAND I-BRAND I-BRAND I-BRAND O B-COLOR I-COLOR I-COLOR I-COLOR O O O O O O O O O O O O O O,ハヤブサ|Z761-55|ブラック
T03505,ネイビー 洗濯機 K708-47,,K708-47,ネイビー,B-COLOR I-COLOR I-COLOR I-COLOR O O O O O B-MODEL I-MODEL I-MODEL I-MODEL I-MODEL I-MODEL I-MODEL,|K708-47|ネイビー
T03506,【送料無料】TSUBAKIブラックV28465腕時計,TSUBAKI,V284-65,ブラック,O O O O O O B-BRAND I-BRAND I-BRAND I-BRAND I-BRAND I-BRAND I-BRAND B-COLOR I-COLOR I-COLOR I-COLOR B-MODEL I-MODEL I-MODEL I-MODEL I-MODEL I-MODEL O O O,TSUBAKI|V284-65|ブラック
T03507,シルバー 洗濯機 M66370,,M663-70,シルバー,B-COLOR I-COLOR I-COLOR I-COLOR O O O O O B-MODEL I-MODEL I-MODEL I-MODEL I-MODEL I-MODEL,|M663-70|シルバー
T03508,F380-58 ホワイト 洗濯機,,F380-58,ホワイト,B-MODEL I-MODEL I-MODEL I-MODEL I-MODEL I-MODEL I-MODEL O B-COLOR I-COLOR I-COLOR I-COLOR O O O O,|F380-58|ホワイト
T03509,洗濯機T516-98ゲンブブッラク,ゲンブ,T516-98,ブラック,O O O B-MODEL I-MODEL I-MODEL I-MODEL I-MODEL I-MODEL I-MODEL B-BRAND I-BRAND I-BRAND O O O O,ゲンブ|T516-98|ブラック
T03510,オオゾラ掃除機グリーンＹ３８７－１５,オオゾラ,Y387-15,グリーン,B-BRAND I-BRAND I-BRAND I-BRAND O O O B-COLOR I-COLOR I-COLOR I-COLOR B-MODEL I-MODEL I-MODEL I-MODEL I-MODEL I-MODEL I-MODEL,オオゾラ|Y387-15|グリーン
T03511,【即日発送】オオゾラ 洗濯機 L310-74 ネイビー,オオゾラ,L310-74,ネイビー,O O O O O O B-BRAND I-BRAND I-BRAND I-BRAND O O O O O B-MODEL I-MODEL I-MODEL I-MODEL I-MODEL I-MODEL I-MODEL O B-COLOR I-COLOR I-COLOR I-COLOR,オオゾラ|L310-74|ネイビー
T03512,洗濯機 アカネ電機 Y92645 ホワイト,アカネ電機,Y926-45,ホワイト,O O O O B-BRAND I-BRAND I-BRAND I-BRAND I-BRAND O B-MODEL I-MODEL I-MODEL I-MODEL I-MODEL I-MODEL O B-COLOR I-COLOR I-COLOR I-COLOR,アカネ電機|Y926-45|ホワイト
T03513,冷蔵庫 D500-32 ハヤブサ ホワイト,ハヤブサ,D500-32,ホワイト,O O O O B-MODEL I-MODEL I-MODEL I-MODEL I-MODEL I-MODEL I-MODEL O B-BRAND I-BRAND I-BRAND I-BRAND O B-COLOR I-COLOR I-COLOR I-COLOR,ハヤブサ|D500-32|ホワイト
T03514,【即日発送】I19928 デイパック レッド ゲンブ,ゲンブ,I199-28,レッド,O O O O O O B-MODEL I-MODEL I-MODEL I-MODEL I-MODEL I-MODEL O O O O O O O B-COLOR I-COLOR I-COLOR O B-BRAND I-BRAND I-BRAND,ゲンブ|I199-28|レッド
T03515,J597-41ホワイトデイパック,,J597-41,ホワイト,B-MODEL I-MODEL I-MODEL I-MODEL I-MODEL I-MODEL I-MODEL B-COLOR I-COLOR I-COLOR I-COLOR O O O O O,|J597-41|ホワイト
T03516,【即日発送】シラユキ ホワイト デイパック F14734,シラユキ,F147-34,ホワイト,O O O O O O B-BRAND I-BRAND I-BRAND I-BRAND O B-COLOR I-COLOR I-COLOR I-COLOR O O O O O O O B-MODEL I-MODEL I-MODEL I-MODEL I-MODEL I-MODEL,シラユキ|F147-34|ホワイト
T03517,ノートパソコン Ｖ５１９７４ ブラック ミドリワークス,ミドリワークス,V519-74,ブラック,O O O O O O O O B-MODEL I-MODEL I-MODEL I-MODEL I-MODEL I-MODEL O B-COLOR I-COLOR I-COLOR I-COLOR O B-BRAND I-BRAND I-BRAND I-BRAND I-BRAND I-BRAND I-BRAND,ミドリワークス|V519-74|ブラック
T03518,◆正規品◆J245-15ハヤブサ掃除機ブラック,ハヤブサ,J245-15,ブラック,O O O O O B-MODEL I-MODEL I-MODEL I-MODEL I-MODEL I-MODEL I-MODEL B-BRAND I-BRAND I-BRAND I-BRAND O O O B-COLOR I-COLOR I-COLOR I-COLOR,ハヤブサ|J245-15|ブラック
T03519,G969-35デイパックKUROブラック,KURO,G969-35,ブラック,B-MODEL I-MODEL I-MODEL I-MODEL I-MODEL I-MODEL I-MODEL O O O O O B-BRAND I-BRAND I-BRAND I-BRAND B-COLOR I-COLOR I-COLOR I-COLOR,KURO|G969-35|ブラック
T03520,ゲンブV470-30レッドノートパソコン,ゲンブ,V470-30,レッド,B-BRAND I-BRAND I-BRAND B-MODEL I-MODEL I-MODEL I-MODEL I-MODEL I-MODEL I-MODEL B-COLOR I-COLOR I-COLOR O O O O O O O,ゲンブ|V470-30|レッド
T03521,ブラックI828-68洗濯機オオゾラ,オオゾラ,I828-68,ブラック,B-COLOR I-COLOR I-COLOR I-COLOR B-MODEL I-MODEL I-MODEL I-MODEL I-MODEL I-MODEL I-MODEL O O O B-BRAND I-BRAND I-BRAND I-BRAND,オオゾラ|I828-68|ブラック
T03522,イヤホンTSUBAKIブラックＱ６９１－２１,TSUBAKI,Q691-21,ブラック,O O O O B-BRAND I-BRAND I-BRAND I-BRAND I-BRAND I-BRAND I-BRAND B-COLOR I-COLOR I-COLOR I-COLOR B-MODEL I-MODEL I-MODEL I-MODEL I-MODEL I-MODEL I-MODEL,TSUBAKI|Q691-21|ブラック
T03523,冷蔵庫 Ｑ３８２８３ ミドリワークスネ イビー,ミドリワークス,Q382-83,ネイビー,O O O O B-MODEL I-MODEL I-MODEL I-MODEL I-MODEL I-MODEL O B-BRAND I-BRAND I-BRAND I-BRAND I-BRAND I-BRAND I-BRAND O O O O O,ミドリワークス|Q382-83|ネイビー
T03524,《アウトレット》イヤホン KURO グリーン W663-97,KURO,W663-97,グリーン,O O O O O O O O O O O O O B-BRAND I-BRAND I-BRAND I-BRAND O B-COLOR I-COLOR I-COLOR I-COLOR O B-MODEL I-MODEL I-MODEL I-MODEL I-MODEL I-MODEL I-MODEL,KURO|W663-97|グリーン
T03525,イヤホンネ イビー L780-33,,L780-33,ネイビー,O O O O O O O O O O B-MODEL I-MODEL I-MODEL I-MODEL I-MODEL I-MODEL I-MODEL,|L780-33|ネイビー
T03526,掃除機アカネ電機ネイビーＵ９１０５６,アカネ電機,U910-56,ネイビー,O O O B-BRAND I-BRAND I-BRAND I-BRAND I-BRAND B-COLOR I-COLOR I-COLOR I-COLOR B-MODEL I-MODEL I-MODEL I-MODEL I-MODEL I-MODEL,アカネ電機|U910-56|ネイビー
T03527,《アウトレット》Z672-80TSUABKIブラック冷蔵庫,TSUBAKI,Z672-80,ブラック,O O O O O O O O B-MODEL I-MODEL I-MODEL I-MODEL I-MODEL I-MODEL I-MODEL O O O O O O O B-COLOR I-COLOR I-COLOR I-COLOR O O O,TSUBAKI|Z672-80|ブラック
T03528,★新品未使用★シルバー N666-95 ミドリワークス スニーカー,ミドリワークス,N666-95,シルバー,O O O O O O O B-COLOR I-COLOR I-COLOR I-COLOR O B-MODEL I-MODEL I-MODEL I-MODEL I-MODEL I-MODEL I-MODEL O B-BRAND I-BRAND I-BRAND I-BRAND I-BRAND I-BRAND I-BRAND O O O O O O,ミドリワークス|N666-95|シルバー
T03529,ホワイト D73998 ミドリワークス ノートパソコン,ミドリワークス,D739-98,ホワイト,B-COLOR I-COLOR I-COLOR I-COLOR O B-MODEL I-MODEL I-MODEL I-MODEL I-MODEL I-MODEL O B-BRAND I-BRAND I-BRAND I-BRAND I-BRAND I-BRAND I-BRAND O O O O O O O O,ミドリワークス|D739-98|ホワイト
T03530,ネイビー Z94560 腕時計,,Z945-60,ネイビー,B-COLOR I-COLOR I-COLOR I-COLOR O B-MODEL I-MODEL I-MODEL I-MODEL I-MODEL I-MODEL O O O O,|Z945-60|ネイビー
T03531,アカネ電機 Z441-17 レッド イヤホン,アカネ電機,Z441-17,レッド,B-BRAND I-BRAND I-BRAND I-BRAND I-BRAND O B-MODEL I-MODEL I-MODEL I-MODEL I-MODEL I-MODEL I-MODEL O B-COLOR I-COLOR I-COLOR O O O O O,アカネ電機|Z441-17|レッド
T03532,【送料無料】洗濯機 ブラック ハヤブサ M792-12,ハヤブサ,M792-12,ブラック,O O O O O O O O O O B-COLOR I-COLOR I-COLOR I-COLOR O B-BRAND I-BRAND I-BRAND I-BRAND O B-MODEL I-MODEL I-MODEL I-MODEL I-MODEL I-MODEL I-MODEL,ハヤブサ|M792-12|ブラック
T03533,洗濯機 ブラック Ｌ８１７－７６ KURO,KURO,L817-76,ブラック,O O O O B-COLOR I-COLOR I-COLOR I-COLOR O B-MODEL I-MODEL I-MODEL I-MODEL I-MODEL I-MODEL I-MODEL O B-BRAND I-BRAND I-BRAND I-BRAND,KURO|L817-76|ブラック
T03534,ネイビー I969-94 洗濯機 アカネ電機,アカネ電機,I969-49,ネイビー,B-COLOR I-COLOR I-COLOR I-COLOR O O O O O O O O O O O O O B-BRAND I-BRAND I-BRAND I-BRAND I-BRAND,アカネ電機|I969-49|ネイビー
T03535,ノートパソコン ネイビー TSUBAKI O11813,TSUBAKI,O118-13,ネイビー,O O O O O O O O B-COLOR I-COLOR I-COLOR I-COLOR O B-BRAND I-BRAND I-BRAND I-BRAND I-BRAND I-BRAND I-BRAND O B-MODEL I-MODEL I-MODEL I-MODEL I-MODEL I-MODEL,TSUBAKI|O118-13|ネイビー
T03536,V592-31掃除機ネイビー,,V592-31,ネイビー,B-MODEL I-MODEL I-MODEL I-MODEL I-MODEL I-MODEL I-MODEL O O O B-COLOR I-COLOR I-COLOR I-COLOR,|V592-31|ネイビー
T03537,ハヤブサ ネイビー 冷蔵庫 Ｃ８４１８１,ハヤブサ,C841-81,ネイビー,B-BRAND I-BRAND I-BRAND I-BRAND O B-COLOR I-COLOR I-COLOR I-COLOR O O O O O B-MODEL I-MODEL I-MODEL I-MODEL I-MODEL I-MODEL,ハヤブサ|C841-81|ネイビー
T03538,Ａ５２０８４ブラックデイパックアカネ電機,アカネ電機,A520-84,ブラック,B-MODEL I-MODEL I-MODEL I-MODEL I-MODEL I-MODEL B-COLOR I-COLOR I-COLOR I-COLOR O O O O O B-BRAND I-BRAND I-BRAND I-BRAND I-BRAND,アカネ電機|A520-84|ブラック
T03539,洗濯機 ホワイト Y50251 アカネ電機,アカネ電機,Y502-51,ホワイト,O O O O B-COLOR I-COLOR I-COLOR I-COLOR O B-MODEL I-MODEL I-MODEL I-MODEL I-MODEL I-MODEL O B-BRAND I-BRAND I-BRAND I-BRAND I-BRAND,アカネ電機|Y502-51|ホワイト
T03540,ソライロ A49562 グリーン 洗濯機,ソライロ,A495-62,グリーン,B-BRAND I-BRAND I-BRAND I-BRAND O B-MODEL I-MODEL I-MODEL I-MODEL I-MODEL I-MODEL O B-COLOR I-COLOR I-COLOR I-COLOR O O O O,ソライロ|A495-62|グリーン
T03541,ノートパソコングリーン74663ノースピーク,ノースピーク,S746-63,グリーン,O O O O O O O B-COLOR I-COLOR I-COLOR I-COLOR O O O O O B-BRAND I-BRAND I-BRAND I-BRAND I-BRAND I-BRAND,ノースピーク|S746-63|グリーン
T03542,冷蔵庫KUROブラックR435-25,KURO,R435-25,ブラック,O O O B-BRAND I-BRAND I-BRAND I-BRAND B-COLOR I-COLOR I-COLOR I-COLOR B-MODEL I-MODEL I-MODEL I-MODEL I-MODEL I-MODEL I-MODEL,KURO|R435-25|ブラック
T03543,【即日発送】ホワイト K878-65 スニーカー ソライロ,ソライロ,K878-65,ホワイト,O O O O O O B-COLOR I-COLOR I-COLOR I-COLOR O B-MODEL I-MODEL I-MODEL I-MODEL I-MODEL I-MODEL I-MODEL O O O O O O O B-BRAND I-BRAND I-BRAND I-BRAND,ソライロ|K878-65|ホワイト
T03544,ノートパソコンX212-14ネイビー,,X212-14,ネイビー,O O O O O O O B-MODEL I-MODEL I-MODEL I-MODEL I-MODEL I-MODEL I-MODEL B-COLOR I-COLOR I-COLOR I-COLOR,|X212-14|ネイビー
T03545,B613-69グリーンゲンブイヤホン,ゲンブ,B613-69,グリーン,B-MODEL I-MODEL I-MODEL I-MODEL I-MODEL I-MODEL I-MODEL B-COLOR I-COLOR I-COLOR I-COLOR B-BRAND I-BRAND I-BRAND O O O O,ゲンブ|B613-69|グリーン
T03546,腕時計Ｊ３２６－４２ミドリワークスレッド,ミドリワークス,J326-42,レッド,O O O B-MODEL I-MODEL I-MODEL I-MODEL I-MODEL I-MODEL I-MODEL B-BRAND I-BRAND I-BRAND I-BRAND I-BRAND I-BRAND I-BRAND B-COLOR I-COLOR I-COLOR,ミドリワークス|J326-42|レッド
T03547,ノースピーク ノートパソコン ブラック M358-20,ノースピーク,M358-20,ブラック,B-BRAND I-BRAND I-BRAND I-BRAND I-BRAND I-BRAND O O O O O O O O O B-COLOR I-COLOR I-COLOR I-COLOR O B-MODEL I-MODEL I-MODEL I-MODEL I-MODEL I-MODEL I-MODEL,ノースピーク|M358-20|ブラック
T03548,【送料無料】Ｎ１３８－７７シラユキイヤホネンイビー,シラユキ,N138-77,ネイビー,O O O O O O B-MODEL I-MODEL I-MODEL I-MODEL I-MODEL I-MODEL I-MODEL B-BRAND I-BRAND I-BRAND I-BRAND O O O O O O O O,シラユキ|N138-77|ネイビー
T03549,ハヤブサS466-76腕時計シルバー,ハヤブサ,S466-76,シルバー,B-BRAND I-BRAND I-BRAND I-BRAND B-MODEL I-MODEL I-MODEL I-MODEL I-MODEL I-MODEL I-MODEL O O O B-COLOR I-COLOR I-COLOR I-COLOR,ハヤブサ|S466-76|シルバー
T03550,★新品未使用★冷蔵庫 ミドリワークス ブラック Ｚ７４２－４７,ミドリワークス,Z742-47,ブラック,O O O O O O O O O O O B-BRAND I-BRAND I-BRAND I-BRAND I-BRAND I-BRAND I-BRAND O B-COLOR I-COLOR I-COLOR I-COLOR O B-MODEL I-MODEL I-MODEL I-MODEL I-MODEL I-MODEL I-MODEL,ミドリワークス|Z742-47|ブラック
T03551,【即日発送】シラユキ ホワイト I153-75 イヤホン,シラユキ,I153-75,ホワイト,O O O O O O B-BRAND I-BRAND I-BRAND I-BRAND O B-COLOR I-COLOR I-COLOR I-COLOR O B-MODEL I-MODEL I-MODEL I-MODEL I-MODEL I-MODEL I-MODEL O O O O O,シラユキ|I153-75|ホワイト
T03552,ブラック Ｇ８８４８５ 冷蔵庫 KURO,KURO,G884-85,ブラック,B-COLOR I-COLOR I-COLOR I-COLOR O B-MODEL I-MODEL I-MODEL I-MODEL I-MODEL I-MODEL O O O O O B-BRAND I-BRAND I-BRAND I-BRAND,KURO|G884-85|ブラック
T03553,ブラック シラユキ 8O4733 イヤホン,シラユキ,O847-33,ブラック,B-COLOR I-COLOR I-COLOR I-COLOR O B-BRAND I-BRAND I-BRAND I-BRAND O O O O O O O O O O O O,シラユキ|O847-33|ブラック
T03554,ノートパソコン F324-54 ソライロ シルバー,ソライロ,F324-54,シルバー,O O O O O O O O B-MODEL I-MODEL I-MODEL I-MODEL I-MODEL I-MODEL I-MODEL O B-BRAND I-BRAND I-BRAND I-BRAND O B-COLOR I-COLOR I-COLOR I-COLOR,ソライロ|F324-54|シルバー
T03555,グリーン掃除機Q485-89シラユキ,シラユキ,Q485-89,グリーン,B-COLOR I-COLOR I-COLOR I-COLOR O O O B-MODEL I-MODEL I-MODEL I-MODEL I-MODEL I-MODEL I-MODEL B-BRAND I-BRAND I-BRAND I-BRAND,シラユキ|Q485-89|グリーン
T03556,A436-76 ブラック ソライロ 冷蔵庫,ソライロ,A436-76,ブラック,B-MODEL I-MODEL I-MODEL I-MODEL I-MODEL I-MODEL I-MODEL O B-COLOR I-COLOR I-COLOR I-COLOR O B-BRAND I-BRAND I-BRAND I-BRAND O O O O,ソライロ|A436-76|ブラック
T03557,シラユキ レッド ノートパソコン T526-81,シラユキ,T526-81,レッド,B-BRAND I-BRAND I-BRAND I-BRAND O B-COLOR I-COLOR I-COLOR O O O O O O O O O B-MODEL I-MODEL I-MODEL I-MODEL I-MODEL I-MODEL I-MODEL,シラユキ|T526-81|レッド
T03558,シルバーデイパックX5816KURO,KURO,X581-86,シルバー,B-COLOR I-COLOR I-COLOR I-COLOR O O O O O O O O O O B-BRAND I-BRAND I-BRAND I-BRAND,KURO|X581-86|シルバー
T03559,A492-42 スニーカー ブラック シラユキ,シラユキ,A492-42,ブラック,B-MODEL I-MODEL I-MODEL I-MODEL I-MODEL I-MODEL I-MODEL O O O O O O O B-COLOR I-COLOR I-COLOR I-COLOR O B-BRAND I-BRAND I-BRAND I-BRAND,シラユキ|A492-42|ブラック
T03560,ソライロ グリーン 2P41-30 腕時計,ソライロ,P241-30,グリーン,B-BRAND I-BRAND I-BRAND I-BRAND O B-COLOR I-COLOR I-COLOR I-COLOR O O O O O O O O O O O O,ソライロ|P241-30|グリーン
T03561,ハヤブサデイパックW48885レッド,ハヤブサ,W488-85,レッド,B-BRAND I-BRAND I-BRAND I-BRAND O O O O O B-MODEL I-MODEL I-MODEL I-MODEL I-MODEL I-MODEL B-COLOR I-COLOR I-COLOR,ハヤブサ|W488-85|レッド
T03562,《アウトレット》デイパック X46137 レッド,,X461-37,レッド,O O O O O O O O O O O O O O B-MODEL I-MODEL I-MODEL I-MODEL I-MODEL I-MODEL O B-COLOR I-COLOR I-COLOR,|X461-37|レッド
T03563,《アウトレット》ホワイト アカネ電機 I423-13 洗濯機,アカネ電機,I423-13,ホワイト,O O O O O O O O B-COLOR I-COLOR I-COLOR I-COLOR O B-BRAND I-BRAND I-BRAND I-BRAND I-BRAND O B-MODEL I-MODEL I-MODEL I-MODEL I-MODEL I-MODEL I-MODEL O O O O,アカネ電機|I423-13|ホワイト
T03564,TSUBAKI E802-82 冷蔵庫 シルバー,TSUBAKI,E802-82,シルバー,B-BRAND I-BRAND I-BRAND I-BRAND I-BRAND I-BRAND I-BRAND O B-MODEL I-MODEL I-MODEL I-MODEL I-MODEL I-MODEL I-MODEL O O O O O B-COLOR I-COLOR I-COLOR I-COLOR,TSUBAKI|E802-82|シルバー
T03565,KURO ノートパソコン K22022 ブラック,KURO,K220-22,ブラック,B-BRAND I-BRAND I-BRAND I-BRAND O O O O O O O O O B-MODEL I-MODEL I-MODEL I-MODEL I-MODEL I-MODEL O B-COLOR I-COLOR I-COLOR I-COLOR,KURO|K220-22|ブラック
T03566,S133-87KUROイネビーノートパソコン,KURO,S133-87,ネイビー,B-MODEL I-MODEL I-MODEL I-MODEL I-MODEL I-MODEL I-MODEL B-BRAND I-BRAND I-BRAND I-BRAND O O O O O O O O O O O,KURO|S133-87|ネイビー
T03567,ハヤブサ 腕時計 Ｂ６０７－８１ レッド,ハヤブサ,B607-81,レッド,B-BRAND I-BRAND I-BRAND I-BRAND O O O O O B-MODEL I-MODEL I-MODEL I-MODEL I-MODEL I-MODEL I-MODEL O B-COLOR I-COLOR I-COLOR,ハヤブサ|B607-81|レッド
T03568,《アウトレット》シルバー ノースピーク 冷蔵庫 Q58812,ノースピーク,Q588-12,シルバー,O O O O O O O O B-COLOR I-COLOR I-COLOR I-COLOR O B-BRAND I-BRAND I-BRAND I-BRAND I-BRAND I-BRAND O O O O O B-MODEL I-MODEL I-MODEL I-MODEL I-MODEL I-MODEL,ノースピーク|Q588-12|シルバー
T03569,オオゾラ 洗濯機 J640-27 グリーン,オオゾラ,J640-27,グリーン,B-BRAND I-BRAND I-BRAND I-BRAND O O O O O B-MODEL I-MODEL I-MODEL I-MODEL I-MODEL I-MODEL I-MODEL O B-COLOR I-COLOR I-COLOR I-COLOR,オオゾラ|J640-27|グリーン
T03570,腕計時ネイビーL127-18,,L127-18,ネイビー,O O O B-COLOR I-COLOR I-COLOR I-COLOR B-MODEL I-MODEL I-MODEL I-MODEL I-MODEL I-MODEL I-MODEL,|L127-18|ネイビー
T03571,《アウトレット》ソライロシルバースニーカーY11248,ソライロ,Y112-48,シルバー,O O O O O O O O B-BRAND I-BRAND I-BRAND I-BRAND B-COLOR I-COLOR I-COLOR I-COLOR O O O O O B-MODEL I-MODEL I-MODEL I-MODEL I-MODEL I-MODEL,ソライロ|Y112-48|シルバー
T03572,シルバー 冷蔵庫 H542-41,,H542-41,シルバー,B-COLOR I-COLOR I-COLOR I-COLOR O O O O O B-MODEL I-MODEL I-MODEL I-MODEL I-MODEL I-MODEL I-MODEL,|H542-41|シルバー
T03573,Q775-54 ノートパソコン ネイビー,,Q775-54,ネイビー,B-MODEL I-MODEL I-MODEL I-MODEL I-MODEL I-MODEL I-MODEL O O O O O O O O O B-COLOR I-COLOR I-COLOR I-COLOR,|Q775-54|ネイビー
T03574,ソライロ掃除機S693-61ブラック,ソライロ,S693-61,ブラック,B-BRAND I-BRAND I-BRAND I-BRAND O O O B-MODEL I-MODEL I-MODEL I-MODEL I-MODEL I-MODEL I-MODEL B-COLOR I-COLOR I-COLOR I-COLOR,ソライロ|S693-61|ブラック
T03575,【送料無料】洗濯機 ハヤブサ T796-40 ネイビー,ハヤブサ,T796-40,ネイビー,O O O O O O O O O O B-BRAND I-BRAND I-BRAND I-BRAND O B-MODEL I-MODEL I-MODEL I-MODEL I-MODEL I-MODEL I-MODEL O B-COLOR I-COLOR I-COLOR I-COLOR,ハヤブサ|T796-40|ネイビー
T03576,ソライロ Ｑ１６２－５６ 洗濯機 ホワイト,ソライロ,Q162-56,ホワイト,B-BRAND I-BRAND I-BRAND I-BRAND O B-MODEL I-MODEL I-MODEL I-MODEL I-MODEL I-MODEL I-MODEL O O O O O B-COLOR I-COLOR I-COLOR I-COLOR,ソライロ|Q162-56|ホワイト
T03577,◆正規品◆グリーン J298-88 腕時計 ゲンブ,ゲンブ,J298-88,グリーン,O O O O O B-COLOR I-COLOR I-COLOR I-COLOR O B-MODEL I-MODEL I-MODEL I-MODEL I-MODEL I-MODEL I-MODEL O O O O O B-BRAND I-BRAND I-BRAND,ゲンブ|J298-88|グリーン
T03578,レッド 掃除機 TSUBAKI N47877,TSUBAKI,N478-77,レッド,B-COLOR I-COLOR I-COLOR O O O O O B-BRAND I-BRAND I-BRAND I-BRAND I-BRAND I-BRAND I-BRAND O B-MODEL I-MODEL I-MODEL I-MODEL I-MODEL I-MODEL,TSUBAKI|N478-77|レッド
T03579,【即日発送】Y124-19ホワイト腕時計,,Y124-19,ホワイト,O O O O O O B-MODEL I-MODEL I-MODEL I-MODEL I-MODEL I-MODEL I-MODEL B-COLOR I-COLOR I-COLOR I-COLOR O O O,|Y124-19|ホワイト
T03580,◆正規品◆オオゾラ レッド Ｙ５２４３６ ノートパソコン,オオゾラ,Y524-36,レッド,O O O O O B-BRAND I-BRAND I-BRAND I-BRAND O B-COLOR I-COLOR I-COLOR O B-MODEL I-MODEL I-MODEL I-MODEL I-MODEL I-MODEL O O O O O O O O,オオゾラ|Y524-36|レッド
T03581,【送料無料】ノースピーク E421-36 デイパック ホワイト,ノースピーク,E421-36,ホワイト,O O O O O O B-BRAND I-BRAND I-BRAND I-BRAND I-BRAND I-BRAND O B-MODEL I-MODEL I-MODEL I-MODEL I-MODEL I-MODEL I-MODEL O O O O O O O B-COLOR I-COLOR I-COLOR I-COLOR,ノースピーク|E421-36|ホワイト
T03582,【即日発送】洗濯機 L505-38 シルバー,,L505-38,シルバー,O O O O O O O O O O B-MODEL I-MODEL I-MODEL I-MODEL I-MODEL I-MODEL I-MODEL O B-COLOR I-COLOR I-COLOR I-COLOR,|L505-38|シルバー
T03583,洗濯機 Z55531 KURO グリーン,KURO,Z555-13,グリーン,O O O O O O O O O O O B-BRAND I-BRAND I-BRAND I-BRAND O B-COLOR I-COLOR I-COLOR I-COLOR,KURO|Z555-13|グリーン
T03584,C888-44ソライロホワイト掃除機,ソライロ,C888-44,ホワイト,B-MODEL I-MODEL I-MODEL I-MODEL I-MODEL I-MODEL I-MODEL B-BRAND I-BRAND I-BRAND I-BRAND B-COLOR I-COLOR I-COLOR I-COLOR O O O,ソライロ|C888-44|ホワイト
T03585,ノートパソコン シラユキ J929-57 グリーン,シラユキ,J929-57,グリーン,O O O O O O O O B-BRAND I-BRAND I-BRAND I-BRAND O B-MODEL I-MODEL I-MODEL I-MODEL I-MODEL I-MODEL I-MODEL O B-COLOR I-COLOR I-COLOR I-COLOR,シラユキ|J929-57|グリーン
T03586,【送料無料】ホワイト 冷蔵庫 KURO F921-23,KURO,F921-23,ホワイト,O O O O O O B-COLOR I-COLOR I-COLOR I-COLOR O O O O O B-BRAND I-BRAND I-BRAND I-BRAND O B-MODEL I-MODEL I-MODEL I-MODEL I-MODEL I-MODEL I-MODEL,KURO|F921-23|ホワイト
T03587,スニーカー グリーン Ｑ８６４１８ ノースピーク,ノースピーク,Q864-18,グリーン,O O O O O O B-COLOR I-COLOR I-COLOR I-COLOR O B-MODEL I-MODEL I-MODEL I-MODEL I-MODEL I-MODEL O B-BRAND I-BRAND I-BRAND I-BRAND I-BRAND I-BRAND,ノースピーク|Q864-18|グリーン
T03588,★新品未使用★デイパックW798-59ネイビーソライロ,ソライロ,W798-59,ネイビー,O O O O O O O O O O O O B-MODEL I-MODEL I-MODEL I-MODEL I-MODEL I-MODEL I-MODEL B-COLOR I-COLOR I-COLOR I-COLOR B-BRAND I-BRAND I-BRAND I-BRAND,ソライロ|W798-59|ネイビー
T03589,冷蔵庫 ミドリワークス レッド L69461,ミドリワークス,L649-61,レッド,O O O O B-BRAND I-BRAND I-BRAND I-BRAND I-BRAND I-BRAND I-BRAND O B-COLOR I-COLOR I-COLOR O O O O O O O,ミドリワークス|L649-61|レッド
T03590,レッド腕時計U126-22,,U126-22,レッド,B-COLOR I-COLOR I-COLOR O O O B-MODEL I-MODEL I-MODEL I-MODEL I-MODEL I-MODEL I-MODEL,|U126-22|レッド
T03591,【即日発送】シルバー ソライロ 冷蔵庫 M12515,ソライロ,M125-15,シルバー,O O O O O O B-COLOR I-COLOR I-COLOR I-COLOR O B-BRAND I-BRAND I-BRAND I-BRAND O O O O O B-MODEL I-MODEL I-MODEL I-MODEL I-MODEL I-MODEL,ソライロ|M125-15|シルバー
T03592,F117-51 アカネ電機 シルバー 洗濯機,アカネ電機,F117-51,シルバー,B-MODEL I-MODEL I-MODEL I-MODEL I-MODEL I-MODEL I-MODEL O B-BRAND I-BRAND I-BRAND I-BRAND I-BRAND O B-COLOR I-COLOR I-COLOR I-COLOR O O O O,アカネ電機|F117-51|シルバー
T03593,【即日発送】冷蔵庫 ブラック X463-87,,X463-87,ブラック,O O O O O O O O O O B-COLOR I-COLOR I-COLOR I-COLOR O B-MODEL I-MODEL I-MODEL I-MODEL I-MODEL I-MODEL I-MODEL,|X463-87|ブラック
T03594,ネイビー ハヤブサ Ｖ６５５－６４ ノートパソコン,ハヤブサ,V655-64,ネイビー,B-COLOR I-COLOR I-COLOR I-COLOR O B-BRAND I-BRAND I-BRAND I-BRAND O B-MODEL I-MODEL I-MODEL I-MODEL I-MODEL I-MODEL I-MODEL O O O O O O O O,ハヤブサ|V655-64|ネイビー
T03595,ホワイト デイパック シラユキ A262-67,シラユキ,A262-67,ホワイト,B-COLOR I-COLOR I-COLOR I-COLOR O O O O O O O B-BRAND I-BRAND I-BRAND I-BRAND O B-MODEL I-MODEL I-MODEL I-MODEL I-MODEL I-MODEL I-MODEL,シラユキ|A262-67|ホワイト
T03596,レッドY444-91洗濯機,,Y444-91,レッド,B-COLOR I-COLOR I-COLOR B-MODEL I-MODEL I-MODEL I-MODEL I-MODEL I-MODEL I-MODEL O O O,|Y444-91|レッド
T03597,U13912 掃除機 シルバー シラユキ,シラユキ,U139-12,シルバー,B-MODEL I-MODEL I-MODEL I-MODEL I-MODEL I-MODEL O O O O O B-COLOR I-COLOR I-COLOR I-COLOR O B-BRAND I-BRAND I-BRAND I-BRAND,シラユキ|U139-12|シルバー
T03598,ブラックデイパックM135-55,,M135-55,ブラック,B-COLOR I-COLOR I-COLOR I-COLOR O O O O O B-MODEL I-MODEL I-MODEL I-MODEL I-MODEL I-MODEL I-MODEL,|M135-55|ブラック
T03599,★新品未使用★ホワイト Ｎ１６７－１０ イヤホン,,N167-10,ホワイト,O O O O O O O B-COLOR I-COLOR I-COLOR I-COLOR O B-MODEL I-MODEL I-MODEL I-MODEL I-MODEL I-MODEL I-MODEL O O O O O,|N167-10|ホワイト
T03600,◆正規品◆シルバー ハヤブサ Ｔ８２８－９１ 掃除機,ハヤブサ,T828-91,シルバー,O O O O O B-COLOR I-COLOR I-COLOR I-COLOR O B-BRAND I-BRAND I-BRAND I-BRAND O B-MODEL I-MODEL I-MODEL I-MODEL I-MODEL I-MODEL I-MODEL O O O O,ハヤブサ|T828-91|シルバー
T03601,Q12514ソライロネイビーノートパソコン,ソライロ,Q125-14,ネイビー,B-MODEL I-MODEL I-MODEL I-MODEL I-MODEL I-MODEL B-BRAND I-BRAND I-BRAND I-BRAND B-COLOR I-COLOR I-COLOR I-COLOR O O O O O O O,ソライロ|Q125-14|ネイビー
T03602,【即日発送】スニーカー TSUBAKI ブラック Ｋ２１１－４４,TSUBAKI,K211-44,ブラック,O O O O O O O O O O O O B-BRAND I-BRAND I-BRAND I-BRAND I-BRAND I-BRAND I-BRAND O B-COLOR I-COLOR I-COLOR I-COLOR O B-MODEL I-MODEL I-MODEL I-MODEL I-MODEL I-MODEL I-MODEL,TSUBAKI|K211-44|ブラック
T03603,レッド ソライロ 洗濯機 K56019,ソライロ,K560-19,レッド,B-COLOR I-COLOR I-COLOR O B-BRAND I-BRAND I-BRAND I-BRAND O O O O O B-MODEL I-MODEL I-MODEL I-MODEL I-MODEL I-MODEL,ソライロ|K560-19|レッド
T03604,《アウトレット》D17341 KURO ホワイト イヤホン,KURO,D173-41,ホワイト,O O O O O O O O B-MODEL I-MODEL I-MODEL I-MODEL I-MODEL I-MODEL O B-BRAND I-BRAND I-BRAND I-BRAND O B-COLOR I-COLOR I-COLOR I-COLOR O O O O O,KURO|D173-41|ホワイト
T03605,シルバー アカネ電機 冷蔵庫 C958-30,アカネ電機,C958-30,シルバー,B-COLOR I-COLOR I-COLOR I-COLOR O B-BRAND I-BRAND I-BRAND I-BRAND I-BRAND O O O O O B-MODEL I-MODEL I-MODEL I-MODEL I-MODEL I-MODEL I-MODEL,アカネ電機|C958-30|シルバー
T03606,TSUBAKI 掃除機 ネイビー M485-71,TSUBAKI,M485-71,ネイビー,B-BRAND I-BRAND I-BRAND I-BRAND I-BRAND I-BRAND I-BRAND O O O O O B-COLOR I-COLOR I-COLOR I-COLOR O B-MODEL I-MODEL I-MODEL I-MODEL I-MODEL I-MODEL I-MODEL,TSUBAKI|M485-71|ネイビー
T03607,★新品未使用★ホワイトソライロE994-61ノートパソコン,ソライロ,E994-61,ホワイト,O O O O O O O B-COLOR I-COLOR I-COLOR I-COLOR B-BRAND I-BRAND I-BRAND I-BRAND B-MODEL I-MODEL I-MODEL I-MODEL I-MODEL I-MODEL I-MODEL O O O O O O O,ソライロ|E994-61|ホワイト
T03608,アカネ電機 シルバー 腕時計 Ｖ５３０７５,アカネ電機,V530-75,シルバー,B-BRAND I-BRAND I-BRAND I-BRAND I-BRAND O B-COLOR I-COLOR I-COLOR I-COLOR O O O O O B-MODEL I-MODEL I-MODEL I-MODEL I-MODEL I-MODEL,アカネ電機|V530-75|シルバー
T03609,B37893ゲンブノートパソコンレッド,ゲンブ,B378-93,レッド,B-MODEL I-MODEL I-MODEL I-MODEL I-MODEL I-MODEL B-BRAND I-BRAND I-BRAND O O O O O O O B-COLOR I-COLOR I-COLOR,ゲンブ|B378-93|レッド
T03610,Ｄ６０４－８９アカネ電機掃除機ホワイト,アカネ電機,D604-89,ホワイト,B-MODEL I-MODEL I-MODEL I-MODEL I-MODEL I-MODEL I-MODEL B-BRAND I-BRAND I-BRAND I-BRAND I-BRAND O O O B-COLOR I-COLOR I-COLOR I-COLOR,アカネ電機|D604-89|ホワイト
T03611,シルバー洗濯機Ｈ４４３－６６KURO,KURO,H443-66,シルバー,B-COLOR I-COLOR I-COLOR I-COLOR O O O B-MODEL I-MODEL I-MODEL I-MODEL I-MODEL I-MODEL I-MODEL B-BRAND I-BRAND I-BRAND I-BRAND,KURO|H443-66|シルバー
T03612,A427-41ブラックシラユキイヤホン,シラユキ,A427-41,ブラック,B-MODEL I-MODEL I-MODEL I-MODEL I-MODEL I-MODEL I-MODEL B-COLOR I-COLOR I-COLOR I-COLOR B-BRAND I-BRAND I-BRAND I-BRAND O O O O,シラユキ|A427-41|ブラック
T03613,掃除機K71959オオゾラグリーン,オオゾラ,K719-59,グリーン,O O O B-MODEL I-MODEL I-MODEL I-MODEL I-MODEL I-MODEL B-BRAND I-BRAND I-BRAND I-BRAND B-COLOR I-COLOR I-COLOR I-COLOR,オオゾラ|K719-59|グリーン
T03614,ソライロ グリーン R62528 掃除機,ソライロ,R625-28,グリーン,B-BRAND I-BRAND I-BRAND I-BRAND O B-COLOR I-COLOR I-COLOR I-COLOR O B-MODEL I-MODEL I-MODEL I-MODEL I-MODEL I-MODEL O O O O,ソライロ|R625-28|グリーン
T03615,ネイビーミドリワークス冷蔵庫Ｃ５４１５,ミドリワークス,C541-15,ネイビー,B-COLOR I-COLOR I-COLOR I-COLOR B-BRAND I-BRAND I-BRAND I-BRAND I-BRAND I-BRAND I-BRAND O O O O O O O O,ミドリワークス|C541-15|ネイビー
T03616,★新品未使用★アカネ電機 ネイビー X793-74 冷蔵庫,アカネ電機,X793-74,ネイビー,O O O O O O O B-BRAND I-BRAND I-BRAND I-BRAND I-BRAND O B-COLOR I-COLOR I-COLOR I-COLOR O B-MODEL I-MODEL I-MODEL I-MODEL I-MODEL I-MODEL I-MODEL O O O O,アカネ電機|X793-74|ネイビー
T03617,ハヤブサ 冷蔵庫 ホワイト N24815,ハヤブサ,N248-15,ホワイト,B-BRAND I-BRAND I-BRAND I-BRAND O O O O O B-COLOR I-COLOR I-COLOR I-COLOR O B-MODEL I-MODEL I-MODEL I-MODEL I-MODEL I-MODEL,ハヤブサ|N248-15|ホワイト
T03618,シラユキ 腕時計 Ｑ４０２－９７ グリーン,シラユキ,Q402-97,グリーン,B-BRAND I-BRAND I-BRAND I-BRAND O O O O O B-MODEL I-MODEL I-MODEL I-MODEL I-MODEL I-MODEL I-MODEL O B-COLOR I-COLOR I-COLOR I-COLOR,シラユキ|Q402-97|グリーン
T03619,【即日発送】スニーカー ハヤブサ ホワイト Ｒ５５５－６３,ハヤブサ,R555-63,ホワイト,O O O O O O O O O O O O B-BRAND I-BRAND I-BRAND I-BRAND O B-COLOR I-COLOR I-COLOR I-COLOR O B-MODEL I-MODEL I-MODEL I-MODEL I-MODEL I-MODEL I-MODEL,ハヤブサ|R555-63|ホワイト
T03620,オオゾラ K102-52 冷蔵庫 グリーン,オオゾラ,K102-52,グリーン,B-BRAND I-BRAND I-BRAND I-BRAND O B-MODEL I-MODEL I-MODEL I-MODEL I-MODEL I-MODEL I-MODEL O O O O O B-COLOR I-COLOR I-COLOR I-COLOR,オオゾラ|K102-52|グリーン
T03621,デイパック Ｋ８４０－９１ TSUBAKI ブラック,TSUBAKI,K840-91,ブラック,O O O O O O B-MODEL I-MODEL I-MODEL I-MODEL I-MODEL I-MODEL I-MODEL O B-BRAND I-BRAND I-BRAND I-BRAND I-BRAND I-BRAND I-BRAND O B-COLOR I-COLOR I-COLOR I-COLOR,TSUBAKI|K840-91|ブラック
T03622,【即日発送】Ｃ３０５－５８レッドオオゾラ冷蔵庫,オオゾラ,C305-58,レッド,O O O O O O B-MODEL I-MODEL I-MODEL I-MODEL I-MODEL I-MODEL I-MODEL B-COLOR I-COLOR I-COLOR B-BRAND I-BRAND I-BRAND I-BRAND O O O,オオゾラ|C305-58|レッド
T03623,ノートパソコン B341-22 レッド,,B341-22,レッド,O O O O O O O O B-MODEL I-MODEL I-MODEL I-MODEL I-MODEL I-MODEL I-MODEL O B-COLOR I-COLOR I-COLOR,|B341-22|レッド
T03624,Ｓ４２３－３８ ミドリワークス 掃除機 ブラック,ミドリワークス,S423-38,ブラック,B-MODEL I-MODEL I-MODEL I-MODEL I-MODEL I-MODEL I-MODEL O B-BRAND I-BRAND I-BRAND I-BRAND I-BRAND I-BRAND I-BRAND O O O O O B-COLOR I-COLOR I-COLOR I-COLOR,ミドリワークス|S423-38|ブラック
T03625,S750-89 シラユキ レッド ノートパソコン,シラユキ,S750-89,レッド,B-MODEL I-MODEL I-MODEL I-MODEL I-MODEL I-MODEL I-MODEL O B-BRAND I-BRAND I-BRAND I-BRAND O B-COLOR I-COLOR I-COLOR O O O O O O O O,シラユキ|S750-89|レッド
T03626,レッド W130-68 KURO スニーカー,KURO,W130-68,レッド,B-COLOR I-COLOR I-COLOR O B-MODEL I-MODEL I-MODEL I-MODEL I-MODEL I-MODEL I-MODEL O B-BRAND I-BRAND I-BRAND I-BRAND O O O O O O,KURO|W130-68|レッド
T03627,C67417 イヤホン ワイト ハヤブサ,ハヤブサ,C674-17,ホワイト,B-MODEL I-MODEL I-MODEL I-MODEL I-MODEL I-MODEL O O O O O O O O O O B-BRAND I-BRAND I-BRAND I-BRAND,ハヤブサ|C674-17|ホワイト
T03628,ノースピーク X646-86 シルバー デイパック,ノースピーク,X646-86,シルバー,B-BRAND I-BRAND I-BRAND I-BRAND I-BRAND I-BRAND O B-MODEL I-MODEL I-MODEL I-MODEL I-MODEL I-MODEL I-MODEL O B-COLOR I-COLOR I-COLOR I-COLOR O O O O O O,ノースピーク|X646-86|シルバー
T03629,【即日発送】ノースピーク洗濯機シルバーF467-23,ノースピーク,F467-23,シルバー,O O O O O O B-BRAND I-BRAND I-BRAND I-BRAND I-BRAND I-BRAND O O O B-COLOR I-COLOR I-COLOR I-COLOR B-MODEL I-MODEL I-MODEL I-MODEL I-MODEL I-MODEL I-MODEL,ノースピーク|F467-23|シルバー
T03630,Ｅ３９７－９３ オオゾラ 掃除機 ブラック,オオゾラ,E397-93,ブラック,B-MODEL I-MODEL I-MODEL I-MODEL I-MODEL I-MODEL I-MODEL O B-BRAND I-BRAND I-BRAND I-BRAND O O O O O B-COLOR I-COLOR I-COLOR I-COLOR,オオゾラ|E397-93|ブラック
T03631,洗濯機 ソライロ Ｂ８０３－２４ シルバー,ソライロ,B803-24,シルバー,O O O O B-BRAND I-BRAND I-BRAND I-BRAND O B-MODEL I-MODEL I-MODEL I-MODEL I-MODEL I-MODEL I-MODEL O B-COLOR I-COLOR I-COLOR I-COLOR,ソライロ|B803-24|シルバー
T03632,ホワイトソライロノートパソコンK528-69,ソライロ,K528-69,ホワイト,B-COLOR I-COLOR I-COLOR I-COLOR B-BRAND I-BRAND I-BRAND I-BRAND O O O O O O O B-MODEL I-MODEL I-MODEL I-MODEL I-MODEL I-MODEL I-MODEL,ソライロ|K528-69|ホワイト
T03633,シルバー E575-25 デイパック オオゾラ,オオゾラ,E575-25,シルバー,B-COLOR I-COLOR I-COLOR I-COLOR O B-MODEL I-MODEL I-MODEL I-MODEL I-MODEL I-MODEL I-MODEL O O O O O O O B-BRAND I-BRAND I-BRAND I-BRAND,オオゾラ|E575-25|シルバー
T03634,《アウトレット》ホワイトX86181洗濯機,,X861-81,ホワイト,O O O O O O O O B-COLOR I-COLOR I-COLOR I-COLOR B-MODEL I-MODEL I-MODEL I-MODEL I-MODEL I-MODEL O O O,|X861-81|ホワイト
T03635,腕時計 Ｎ９２４－３８ ブラック,,N924-38,ブラック,O O O O B-MODEL I-MODEL I-MODEL I-MODEL I-MODEL I-MODEL I-MODEL O B-COLOR I-COLOR I-COLOR I-COLOR,|N924-38|ブラック
T03636,レッド 腕時計 ゲンブ Z97196,ゲンブ,Z971-96,レッド,B-COLOR I-COLOR I-COLOR O O O O O B-BRAND I-BRAND I-BRAND O B-MODEL I-MODEL I-MODEL I-MODEL I-MODEL I-MODEL,ゲンブ|Z971-96|レッド
T03637,W813-49冷蔵庫ブラックミドリワークス,ミドリワークス,W813-49,ブラック,B-MODEL I-MODEL I-MODEL I-MODEL I-MODEL I-MODEL I-MODEL O O O B-COLOR I-COLOR I-COLOR I-COLOR B-BRAND I-BRAND I-BRAND I-BRAND I-BRAND I-BRAND I-BRAND,ミドリワークス|W813-49|ブラック
T03638,シルバー掃除B686-74アカネ電機,アカネ電機,B686-74,シルバー,B-COLOR I-COLOR I-COLOR I-COLOR O O B-MODEL I-MODEL I-MODEL I-MODEL I-MODEL I-MODEL I-MODEL B-BRAND I-BRAND I-BRAND I-BRAND I-BRAND,アカネ電機|B686-74|シルバー
T03639,ノースピーク腕時計S919-33シルバー,ノースピーク,S919-33,シルバー,B-BRAND I-BRAND I-BRAND I-BRAND I-BRAND I-BRAND O O O B-MODEL I-MODEL I-MODEL I-MODEL I-MODEL I-MODEL I-MODEL B-COLOR I-COLOR I-COLOR I-COLOR,ノースピーク|S919-33|シルバー
T03640,ホワイトW195-54スニーカーゲンブ,ゲンブ,W195-54,ホワイト,B-COLOR I-COLOR I-COLOR I-COLOR B-MODEL I-MODEL I-MODEL I-MODEL I-MODEL I-MODEL I-MODEL O O O O O B-BRAND I-BRAND I-BRAND,ゲンブ|W195-54|ホワイト
T03641,TSUBAKI Ｋ５７３－３９ ノートパソコン レッド,TSUBAKI,K573-39,レッド,B-BRAND I-BRAND I-BRAND I-BRAND I-BRAND I-BRAND I-BRAND O B-MODEL I-MODEL I-MODEL I-MODEL I-MODEL I-MODEL I-MODEL O O O O O O O O O B-COLOR I-COLOR I-COLOR,TSUBAKI|K573-39|レッド
T03642,スニーカーG629-41ブラックミドリワークス,ミドリワークス,G629-41,ブラック,O O O O O B-MODEL I-MODEL I-MODEL I-MODEL I-MODEL I-MODEL I-MODEL B-COLOR I-COLOR I-COLOR I-COLOR B-BRAND I-BRAND I-BRAND I-BRAND I-BRAND I-BRAND I-BRAND,ミドリワークス|G629-41|ブラック
T03643,シルバー ノースピーク R97274 イヤホン,ノースピーク,R972-74,シルバー,B-COLOR I-COLOR I-COLOR I-COLOR O B-BRAND I-BRAND I-BRAND I-BRAND I-BRAND I-BRAND O B-MODEL I-MODEL I-MODEL I-MODEL I-MODEL I-MODEL O O O O O,ノースピーク|R972-74|シルバー
T03644,【即日発送】M49817 グリーン ノースピーク 冷蔵庫,ノースピーク,M498-17,グリーン,O O O O O O B-MODEL I-MODEL I-MODEL I-MODEL I-MODEL I-MODEL O B-COLOR I-COLOR I-COLOR I-COLOR O B-BRAND I-BRAND I-BRAND I-BRAND I-BRAND I-BRAND O O O O,ノースピーク|M498-17|グリーン
T03645,N321-45掃除機TSUBAKIネイビー,TSUBAKI,N321-45,ネイビー,B-MODEL I-MODEL I-MODEL I-MODEL I-MODEL I-MODEL I-MODEL O O O B-BRAND I-BRAND I-BRAND I-BRAND I-BRAND I-BRAND I-BRAND B-COLOR I-COLOR I-COLOR I-COLOR,TSUBAKI|N321-45|ネイビー
T03646,《アウトレット》ノートパソコン アカネ電機 T73460 シルバー,アカネ電機,T734-60,シルバー,O O O O O O O O O O O O O O O O B-BRAND I-BRAND I-BRAND I-BRAND I-BRAND O B-MODEL I-MODEL I-MODEL I-MODEL I-MODEL I-MODEL O B-COLOR I-COLOR I-COLOR I-COLOR,アカネ電機|T734-60|シルバー
T03647,Y568-74 イヤホン ブラック ゲンブ,ゲンブ,Y568-74,ブラック,B-MODEL I-MODEL I-MODEL I-MODEL I-MODEL I-MODEL I-MODEL O O O O O O B-COLOR I-COLOR I-COLOR I-COLOR O B-BRAND I-BRAND I-BRAND,ゲンブ|Y568-74|ブラック
T03648,【送料無料】X563-87ホワイト洗濯機オオゾラ,オオゾラ,X563-87,ホワイト,O O O O O O B-MODEL I-MODEL I-MODEL I-MODEL I-MODEL I-MODEL I-MODEL B-COLOR I-COLOR I-COLOR I-COLOR O O O B-BRAND I-BRAND I-BRAND I-BRAND,オオゾラ|X563-87|ホワイト
T03649,ホワイトZ412-48ゲンブノートパソコン,ゲンブ,Z412-48,ホワイト,B-COLOR I-COLOR I-COLOR I-COLOR B-MODEL I-MODEL I-MODEL I-MODEL I-MODEL I-MODEL I-MODEL B-BRAND I-BRAND I-BRAND O O O O O O O,ゲンブ|Z412-48|ホワイト
T03650,シユキＩ５８２－６４デイパックネイビー,シラユキ,I582-64,ネイビー,O O O B-MODEL I-MODEL I-MODEL I-MODEL I-MODEL I-MODEL I-MODEL O O O O O B-COLOR I-COLOR I-COLOR I-COLOR,シラユキ|I582-64|ネイビー
T03651,デイパック Ｖ６９５－２５ シラユキ ホワイト,シラユキ,V695-25,ホワイト,O O O O O O B-MODEL I-MODEL I-MODEL I-MODEL I-MODEL I-MODEL I-MODEL O B-BRAND I-BRAND I-BRAND I-BRAND O B-COLOR I-COLOR I-COLOR I-COLOR,シラユキ|V695-25|ホワイト
T03652,レッド ノートパソコン U821-19 ソライロ,ソライロ,U821-19,レッド,B-COLOR I-COLOR I-COLOR O O O O O O O O O B-MODEL I-MODEL I-MODEL I-MODEL I-MODEL I-MODEL I-MODEL O B-BRAND I-BRAND I-BRAND I-BRAND,ソライロ|U821-19|レッド
T03653,ゲンブ ネイビー S3128-9 腕時計,ゲンブ,S312-89,ネイビー,B-BRAND I-BRAND I-BRAND O B-COLOR I-COLOR I-COLOR I-COLOR O O O O O O O O O O O O,ゲンブ|S312-89|ネイビー
T03654,◆正規品◆ホワイトノースピークR696-80掃除機,ノースピーク,R696-80,ホワイト,O O O O O B-COLOR I-COLOR I-COLOR I-COLOR B-BRAND I-BRAND I-BRAND I-BRAND I-BRAND I-BRAND B-MODEL I-MODEL I-MODEL I-MODEL I-MODEL I-MODEL I-MODEL O O O,ノースピーク|R696-80|ホワイト
T03655,《アウトレット》掃除機 ゲンブ Q60612 グリーン,ゲンブ,Q606-12,グリーン,O O O O O O O O O O O O B-BRAND I-BRAND I-BRAND O B-MODEL I-MODEL I-MODEL I-MODEL I-MODEL I-MODEL O B-COLOR I-COLOR I-COLOR I-COLOR,ゲンブ|Q606-12|グリーン
T03656,★新品未使用★L577-78グリーンアカネ電機ノートパソコン,アカネ電機,L577-78,グリーン,O O O O O O O B-MODEL I-MODEL I-MODEL I-MODEL I-MODEL I-MODEL I-MODEL B-COLOR I-COLOR I-COLOR I-COLOR B-BRAND I-BRAND I-BRAND I-BRAND I-BRAND O O O O O O O,アカネ電機|L577-78|グリーン
T03657,スニーカーシルバーL584-29ノースピーク,ノースピーク,L584-29,シルバー,O O O O O B-COLOR I-COLOR I-COLOR I-COLOR B-MODEL I-MODEL I-MODEL I-MODEL I-MODEL I-MODEL I-MODEL B-BRAND I-BRAND I-BRAND I-BRAND I-BRAND I-BRAND,ノースピーク|L584-29|シルバー
T03658,◆正規品◆ノースピーク 洗濯機 T955-72 ブラック,ノースピーク,T955-72,ブラック,O O O O O B-BRAND I-BRAND I-BRAND I-BRAND I-BRAND I-BRAND O O O O O B-MODEL I-MODEL I-MODEL I-MODEL I-MODEL I-MODEL I-MODEL O B-COLOR I-COLOR I-COLOR I-COLOR,ノースピーク|T955-72|ブラック
T03659,H138-64 ノースピーク レッド イヤホン,ノースピーク,H138-64,レッド,B-MODEL I-MODEL I-MODEL I-MODEL I-MODEL I-MODEL I-MODEL O B-BRAND I-BRAND I-BRAND I-BRAND I-BRAND I-BRAND O B-COLOR I-COLOR I-COLOR O O O O O,ノースピーク|H138-64|レッド
T03660,冷蔵庫 G734-89 レッド ミドリワークス,ミドリワークス,G734-89,レッド,O O O O B-MODEL I-MODEL I-MODEL I-MODEL I-MODEL I-MODEL I-MODEL O B-COLOR I-COLOR I-COLOR O B-BRAND I-BRAND I-BRAND I-BRAND I-BRAND I-BRAND I-BRAND,ミドリワークス|G734-89|レッド
T03661,【即日発送】洗濯機 オオゾラ レッド A113-12,オオゾラ,A113-12,レッド,O O O O O O O O O O B-BRAND I-BRAND I-BRAND I-BRAND O B-COLOR I-COLOR I-COLOR O B-MODEL I-MODEL I-MODEL I-MODEL I-MODEL I-MODEL I-MODEL,オオゾラ|A113-12|レッド
T03662,デイパック Ｓ１８２－６５ シルバー ハヤブサ,ハヤブサ,S182-65,シルバー,O O O O O O B-MODEL I-MODEL I-MODEL I-MODEL I-MODEL I-MODEL I-MODEL O B-COLOR I-COLOR I-COLOR I-COLOR O B-BRAND I-BRAND I-BRAND I-BRAND,ハヤブサ|S182-65|シルバー
T03663,ホワイト Ｆ１５８－４９ ノートパソコン,,F158-49,ホワイト,B-COLOR I-COLOR I-COLOR I-COLOR O B-MODEL I-MODEL I-MODEL I-MODEL I-MODEL I-MODEL I-MODEL O O O O O O O O,|F158-49|ホワイト
T03664,《アウトレット》ノートパソコンP77426グリーハヤブサ,ハヤブサ,P774-26,グリーン,O O O O O O O O O O O O O O O B-MODEL I-MODEL I-MODEL I-MODEL I-MODEL I-MODEL O O O B-BRAND I-BRAND I-BRAND I-BRAND,ハヤブサ|P774-26|グリーン
T03665,冷蔵庫 レッド R154-72 シラユキ,シラユキ,R154-72,レッド,O O O O B-COLOR I-COLOR I-COLOR O B-MODEL I-MODEL I-MODEL I-MODEL I-MODEL I-MODEL I-MODEL O B-BRAND I-BRAND I-BRAND I-BRAND,シラユキ|R154-72|レッド
T03666,洗濯機B689-50アカネ電機ネイビー,アカネ電機,B689-50,ネイビー,O O O B-MODEL I-MODEL I-MODEL I-MODEL I-MODEL I-MODEL I-MODEL B-BRAND I-BRAND I-BRAND I-BRAND I-BRAND B-COLOR I-COLOR I-COLOR I-COLOR,アカネ電機|B689-50|ネイビー
T03667,イヤホングリーンN899-21ソライロ,ソライロ,N899-21,グリーン,O O O O B-COLOR I-COLOR I-COLOR I-COLOR B-MODEL I-MODEL I-MODEL I-MODEL I-MODEL I-MODEL I-MODEL B-BRAND I-BRAND I-BRAND I-BRAND,ソライロ|N899-21|グリーン
T03668,シラユキ ９Ｒ１３－１９ 腕時計 レッド,シラユキ,R913-19,レッド,B-BRAND I-BRAND I-BRAND I-BRAND O O O O O O O O O O O O O B-COLOR I-COLOR I-COLOR,シラユキ|R913-19|レッド
T03669,★新品未使用★ホワイト洗濯機Ｕ７３９－１１KURO,KURO,U739-11,ホワイト,O O O O O O O B-COLOR I-COLOR I-COLOR I-COLOR O O O B-MODEL I-MODEL I-MODEL I-MODEL I-MODEL I-MODEL I-MODEL B-BRAND I-BRAND I-BRAND I-BRAND,KURO|U739-11|ホワイト
T03670,ネイビーＲ９９６－６５イヤホン,,R996-65,ネイビー,B-COLOR I-COLOR I-COLOR I-COLOR B-MODEL I-MODEL I-MODEL I-MODEL I-MODEL I-MODEL I-MODEL O O O O,|R996-65|ネイビー
T03671,シラユキイヤホンシルバーF659-53,シラユキ,F659-53,シルバー,B-BRAND I-BRAND I-BRAND I-BRAND O O O O B-COLOR I-COLOR I-COLOR I-COLOR B-MODEL I-MODEL I-MODEL I-MODEL I-MODEL I-MODEL I-MODEL,シラユキ|F659-53|シルバー
T03672,ブラック ノートパソコン ノースピークK744-55,ノースピーク,K744-55,ブラック,B-COLOR I-COLOR I-COLOR I-COLOR O O O O O O O O O B-BRAND I-BRAND I-BRAND I-BRAND I-BRAND I-BRAND B-MODEL I-MODEL I-MODEL I-MODEL I-MODEL I-MODEL I-MODEL,ノースピーク|K744-55|ブラック
T03673,《アウトレット》ソライロ デイパック I85523 ホワイト,ソライロ,I855-23,ホワイト,O O O O O O O O B-BRAND I-BRAND I-BRAND I-BRAND O O O O O O O B-MODEL I-MODEL I-MODEL I-MODEL I-MODEL I-MODEL O B-COLOR I-COLOR I-COLOR I-COLOR,ソライロ|I855-23|ホワイト
T03674,ブラックZ22285オゾオラ洗濯機,オオゾラ,Z222-85,ブラック,B-COLOR I-COLOR I-COLOR I-COLOR B-MODEL I-MODEL I-MODEL I-MODEL I-MODEL I-MODEL O O O O O O O,オオゾラ|Z222-85|ブラック
T03675,Ｊ４１６－９６ デイパック ホワイト,,J416-96,ホワイト,B-MODEL I-MODEL I-MODEL I-MODEL I-MODEL I-MODEL I-MODEL O O O O O O O B-COLOR I-COLOR I-COLOR I-COLOR,|J416-96|ホワイト
T03676,L164-24 腕時計 ハヤブサ シルバー,ハヤブサ,L164-24,シルバー,B-MODEL I-MODEL I-MODEL I-MODEL I-MODEL I-MODEL I-MODEL O O O O O B-BRAND I-BRAND I-BRAND I-BRAND O B-COLOR I-COLOR I-COLOR I-COLOR,ハヤブサ|L164-24|シルバー
T03677,《アウトレット》洗濯機 ホワイト シラユキ D577-86,シラユキ,D577-86,ホワイト,O O O O O O O O O O O O B-COLOR I-COLOR I-COLOR I-COLOR O B-BRAND I-BRAND I-BRAND I-BRAND O B-MODEL I-MODEL I-MODEL I-MODEL I-MODEL I-MODEL I-MODEL,シラユキ|D577-86|ホワイト
T03678,【送料無料】ミドリワークス O545-44 ノートパソコン シルバー,ミドリワークス,O545-44,シルバー,O O O O O O B-BRAND I-BRAND I-BRAND I-BRAND I-BRAND I-BRAND I-BRAND O B-MODEL I-MODEL I-MODEL I-MODEL I-MODEL I-MODEL I-MODEL O O O O O O O O O B-COLOR I-COLOR I-COLOR I-COLOR,ミドリワークス|O545-44|シルバー
T03679,《アウトレット》ソライロ P345-65 ノートパソコン シルバー,ソライロ,P345-65,シルバー,O O O O O O O O B-BRAND I-BRAND I-BRAND I-BRAND O B-MODEL I-MODEL I-MODEL I-MODEL I-MODEL I-MODEL I-MODEL O O O O O O O O O B-COLOR I-COLOR I-COLOR I-COLOR,ソライロ|P345-65|シルバー
T03680,オオゾラ Z379-63 デイパック ネイビー,オオゾラ,Z379-63,ネイビー,B-BRAND I-BRAND I-BRAND I-BRAND O B-MODEL I-MODEL I-MODEL I-MODEL I-MODEL I-MODEL I-MODEL O O O O O O O B-COLOR I-COLOR I-COLOR I-COLOR,オオゾラ|Z379-63|ネイビー
T03681,イヤホンレッドK878-49ノースピーク,ノースピーク,K878-49,レッド,O O O O B-COLOR I-COLOR I-COLOR B-MODEL I-MODEL I-MODEL I-MODEL I-MODEL I-MODEL I-MODEL B-BRAND I-BRAND I-BRAND I-BRAND I-BRAND I-BRAND,ノースピーク|K878-49|レッド
T03682,掃除機 ノースピーク ホワイト Ｎ６８７－１６,ノースピーク,N687-16,ホワイト,O O O O B-BRAND I-BRAND I-BRAND I-BRAND I-BRAND I-BRAND O B-COLOR I-COLOR I-COLOR I-COLOR O B-MODEL I-MODEL I-MODEL I-MODEL I-MODEL I-MODEL I-MODEL,ノースピーク|N687-16|ホワイト
T03683,L61281 冷蔵庫 ブラック,,L612-81,ブラック,B-MODEL I-MODEL I-MODEL I-MODEL I-MODEL I-MODEL O O O O O B-COLOR I-COLOR I-COLOR I-COLOR,|L612-81|ブラック
T03684,G254-33 掃除機 ミドリワークス レッド,ミドリワークス,G254-33,レッド,B-MODEL I-MODEL I-MODEL I-MODEL I-MODEL I-MODEL I-MODEL O O O O O B-BRAND I-BRAND I-BRAND I-BRAND I-BRAND I-BRAND I-BRAND O B-COLOR I-COLOR I-COLOR,ミドリワークス|G254-33|レッド
T03685,ブラックイヤホンG168-14,,G168-14,ブラック,B-COLOR I-COLOR I-COLOR I-COLOR O O O O B-MODEL I-MODEL I-MODEL I-MODEL I-MODEL I-MODEL I-MODEL,|G168-14|ブラック
T03686,掃除機 シルバー J70982 ミドリワークス,ミドリワークス,J709-82,シルバー,O O O O B-COLOR I-COLOR I-COLOR I-COLOR O B-MODEL I-MODEL I-MODEL I-MODEL I-MODEL I-MODEL O B-BRAND I-BRAND I-BRAND I-BRAND I-BRAND I-BRAND I-BRAND,ミドリワークス|J709-82|シルバー
T03687,ゲンブ ネイビー K43994 デイパック,ゲンブ,K439-94,ネイビー,B-BRAND I-BRAND I-BRAND O B-COLOR I-COLOR I-COLOR I-COLOR O B-MODEL I-MODEL I-MODEL I-MODEL I-MODEL I-MODEL O O O O O O,ゲンブ|K439-94|ネイビー
T03688,Z475-61 ノースピーク 冷蔵庫 レッド,ノースピーク,Z475-61,レッド,B-MODEL I-MODEL I-MODEL I-MODEL I-MODEL I-MODEL I-MODEL O B-BRAND I-BRAND I-BRAND I-BRAND I-BRAND I-BRAND O O O O O B-COLOR I-COLOR I-COLOR,ノースピーク|Z475-61|レッド
T03689,【即日発送】T220-88ノートパソコンKUROレッド,KURO,T220-88,レッド,O O O O O O B-MODEL I-MODEL I-MODEL I-MODEL I-MODEL I-MODEL I-MODEL O O O O O O O B-BRAND I-BRAND I-BRAND I-BRAND B-COLOR I-COLOR I-COLOR,KURO|T220-88|レッド
T03690,Ｘ９２１－５４ グリーン ハヤブサ 掃除機,ハヤブサ,X921-54,グリーン,B-MODEL I-MODEL I-MODEL I-MODEL I-MODEL I-MODEL I-MODEL O B-COLOR I-COLOR I-COLOR I-COLOR O B-BRAND I-BRAND I-BRAND I-BRAND O O O O,ハヤブサ|X921-54|グリーン
T03691,レッド冷蔵庫TSUBAKIK553-25,TSUBAKI,K553-25,レッド,B-COLOR I-COLOR I-COLOR O O O B-BRAND I-BRAND I-BRAND I-BRAND I-BRAND I-BRAND I-BRAND B-MODEL I-MODEL I-MODEL I-MODEL I-MODEL I-MODEL I-MODEL,TSUBAKI|K553-25|レッド
T03692,ブラック H101-87 シラユキ 洗濯機,シラユキ,H101-87,ブラック,B-COLOR I-COLOR I-COLOR I-COLOR O B-MODEL I-MODEL I-MODEL I-MODEL I-MODEL I-MODEL I-MODEL O B-BRAND I-BRAND I-BRAND I-BRAND O O O O,シラユキ|H101-87|ブラック
T03693,【送料無料】洗濯機 X65629 ブラック ゲンブ,ゲンブ,X656-29,ブラック,O O O O O O O O O O B-MODEL I-MODEL I-MODEL I-MODEL I-MODEL I-MODEL O B-COLOR I-COLOR I-COLOR I-COLOR O B-BRAND I-BRAND I-BRAND,ゲンブ|X656-29|ブラック
T03694,【送料無料】ホワイト Ｐ６４２－６８ 掃除機 シラユキ,シラユキ,P642-68,ホワイト,O O O O O O B-COLOR I-COLOR I-COLOR I-COLOR O B-MODEL I-MODEL I-MODEL I-MODEL I-MODEL I-MODEL I-MODEL O O O O O B-BRAND I-BRAND I-BRAND I-BRAND,シラユキ|P642-68|ホワイト
T03695,V884-16 グリーン ノースピーク 掃除機,ノースピーク,V884-16,グリーン,B-MODEL I-MODEL I-MODEL I-MODEL I-MODEL I-MODEL I-MODEL O B-COLOR I-COLOR I-COLOR I-COLOR O B-BRAND I-BRAND I-BRAND I-BRAND I-BRAND I-BRAND O O O O,ノースピーク|V884-16|グリーン
T03696,A720-51腕時計レッドノースピーク,ノースピーク,A720-51,レッド,B-MODEL I-MODEL I-MODEL I-MODEL I-MODEL I-MODEL I-MODEL O O O B-COLOR I-COLOR I-COLOR B-BRAND I-BRAND I-BRAND I-BRAND I-BRAND I-BRAND,ノースピーク|A720-51|レッド
T03697,イヤホンネイビーT29015,,T290-15,ネイビー,O O O O B-COLOR I-COLOR I-COLOR I-COLOR B-MODEL I-MODEL I-MODEL I-MODEL I-MODEL I-MODEL,|T290-15|ネイビー
T03698,ノースピークレッドU10410ノートパソコン,ノースピーク,U104-10,レッド,B-BRAND I-BRAND I-BRAND I-BRAND I-BRAND I-BRAND B-COLOR I-COLOR I-COLOR B-MODEL I-MODEL I-MODEL I-MODEL I-MODEL I-MODEL O O O O O O O,ノースピーク|U104-10|レッド
T03699,シルバー腕時計M25886シラユキ,シラユキ,M258-86,シルバー,B-COLOR I-COLOR I-COLOR I-COLOR O O O B-MODEL I-MODEL I-MODEL I-MODEL I-MODEL I-MODEL B-BRAND I-BRAND I-BRAND I-BRAND,シラユキ|M258-86|シルバー
T03700,シラユキ E50622 デイパック グリーン,シラユキ,E506-22,グリーン,B-BRAND I-BRAND I-BRAND I-BRAND O B-MODEL I-MODEL I-MODEL I-MODEL I-MODEL I-MODEL O O O O O O O B-COLOR I-COLOR I-COLOR I-COLOR,シラユキ|E506-22|グリーン
T03701,シルバー 腕時計 S951-14 シラユキ,シラユキ,S951-14,シルバー,B-COLOR I-COLOR I-COLOR I-COLOR O O O O O B-MODEL I-MODEL I-MODEL I-MODEL I-MODEL I-MODEL I-MODEL O B-BRAND I-BRAND I-BRAND I-BRAND,シラユキ|S951-14|シルバー
T03702,ノートパソコン Z984-11 ハヤブサ レッド,ハヤブサ,Z984-11,レッド,O O O O O O O O B-MODEL I-MODEL I-MODEL I-MODEL I-MODEL I-MODEL I-MODEL O B-BRAND I-BRAND I-BRAND I-BRAND O B-COLOR I-COLOR I-COLOR,ハヤブサ|Z984-11|レッド
T03703,Ｆ４２６－７８ イヤホン KURO グリーン,KURO,F426-78,グリーン,B-MODEL I-MODEL I-MODEL I-MODEL I-MODEL I-MODEL I-MODEL O O O O O O B-BRAND I-BRAND I-BRAND I-BRAND O B-COLOR I-COLOR I-COLOR I-COLOR,KURO|F426-78|グリーン
T03704,【即日発送】オオゾラ ブラック 腕時計 B722-46,オオゾラ,B722-46,ブラック,O O O O O O B-BRAND I-BRAND I-BRAND I-BRAND O B-COLOR I-COLOR I-COLOR I-COLOR O O O O O B-MODEL I-MODEL I-MODEL I-MODEL I-MODEL I-MODEL I-MODEL,オオゾラ|B722-46|ブラック
T03705,《アウトレット》デイパックY458-19シラユキネイビー,シラユキ,Y458-19,ネイビー,O O O O O O O O O O O O O B-MODEL I-MODEL I-MODEL I-MODEL I-MODEL I-MODEL I-MODEL B-BRAND I-BRAND I-BRAND I-BRAND B-COLOR I-COLOR I-COLOR I-COLOR,シラユキ|Y458-19|ネイビー
T03706,《アウトレット》Ｕ６７７２６ グリーン 掃除機 ソライロ,ソライロ,U767-26,グリーン,O O O O O O O O O O O O O O O B-COLOR I-COLOR I-COLOR I-COLOR O O O O O B-BRAND I-BRAND I-BRAND I-BRAND,ソライロ|U767-26|グリーン
T03707,【即日発送】G670-77ホワイトデイパックKURO,KURO,G670-77,ホワイト,O O O O O O B-MODEL I-MODEL I-MODEL I-MODEL I-MODEL I-MODEL I-MODEL B-COLOR I-COLOR I-COLOR I-COLOR O O O O O B-BRAND I-BRAND I-BRAND I-BRAND,KURO|G670-77|ホワイト
T03708,冷蔵庫 KURO F987-53 ホワイト,KURO,F987-53,ホワイト,O O O O B-BRAND I-BRAND I-BRAND I-BRAND O B-MODEL I-MODEL I-MODEL I-MODEL I-MODEL I-MODEL I-MODEL O B-COLOR I-COLOR I-COLOR I-COLOR,KURO|F987-53|ホワイト
T03709,オオゾラ スニーカー D833-72 ネイビー,オオゾラ,D833-72,ネイビー,B-BRAND I-BRAND I-BRAND I-BRAND O O O O O O O B-MODEL I-MODEL I-MODEL I-MODEL I-MODEL I-MODEL I-MODEL O B-COLOR I-COLOR I-COLOR I-COLOR,オオゾラ|D833-72|ネイビー
T03710,◆正規品◆ブラック N949-79 洗濯機,,N949-79,ブラック,O O O O O B-COLOR I-COLOR I-COLOR I-COLOR O B-MODEL I-MODEL I-MODEL I-MODEL I-MODEL I-MODEL I-MODEL O O O O,|N949-79|ブラック
T03711,ソライロ E372-86 洗濯機 ネイビー,ソライロ,E372-86,ネイビー,B-BRAND I-BRAND I-BRAND I-BRAND O B-MODEL I-MODEL I-MODEL I-MODEL I-MODEL I-MODEL I-MODEL O O O O O B-COLOR I-COLOR I-COLOR I-COLOR,ソライロ|E372-86|ネイビー
T03712,デイパックT16951ネイビー,,T169-51,ネイビー,O O O O O B-MODEL I-MODEL I-MODEL I-MODEL I-MODEL I-MODEL B-COLOR I-COLOR I-COLOR I-COLOR,|T169-51|ネイビー
T03713,【即日発送】スニーカー B923-12 レッド,,B923-12,レッド,O O O O O O O O O O O O B-MODEL I-MODEL I-MODEL I-MODEL I-MODEL I-MODEL I-MODEL O B-COLOR I-COLOR I-COLOR,|B923-12|レッド
T03714,シラユキ 腕時計 U905-91 グリーン,シラユキ,U905-91,グリーン,B-BRAND I-BRAND I-BRAND I-BRAND O O O O O B-MODEL I-MODEL I-MODEL I-MODEL I-MODEL I-MODEL I-MODEL O B-COLOR I-COLOR I-COLOR I-COLOR,シラユキ|U905-91|グリーン
T03715,◆正規品◆Ｙ９８０－１４ レッド オオゾラ 腕時計,オオゾラ,Y980-14,レッド,O O O O O B-MODEL I-MODEL I-MODEL I-MODEL I-MODEL I-MODEL I-MODEL O B-COLOR I-COLOR I-COLOR O B-BRAND I-BRAND I-BRAND I-BRAND O O O O,オオゾラ|Y980-14|レッド
T03716,★新品未使用★冷蔵庫 ブラック Ｒ３７７５４ シラユキ,シラユキ,R377-54,ブラック,O O O O O O O O O O O B-COLOR I-COLOR I-COLOR I-COLOR O B-MODEL I-MODEL I-MODEL I-MODEL I-MODEL I-MODEL O B-BRAND I-BRAND I-BRAND I-BRAND,シラユキ|R377-54|ブラック
T03717,レッド K322-98 スニーカー,,K322-98,レッド,B-COLOR I-COLOR I-COLOR O B-MODEL I-MODEL I-MODEL I-MODEL I-MODEL I-MODEL I-MODEL O O O O O O,|K322-98|レッド
T03718,D764-32 イヤホン グリーン,,D764-32,グリーン,B-MODEL I-MODEL I-MODEL I-MODEL I-MODEL I-MODEL I-MODEL O O O O O O B-COLOR I-COLOR I-COLOR I-COLOR,|D764-32|グリーン
T03719,イヤホン A96515 ブラック KURO,KURO,A965-15,ブラック,O O O O O B-MODEL I-MODEL I-MODEL I-MODEL I-MODEL I-MODEL O B-COLOR I-COLOR I-COLOR I-COLOR O B-BRAND I-BRAND I-BRAND I-BRAND,KURO|A965-15|ブラック
T03720,【即日発送】Ｗ５５８４１ハヤブサスニーカーシルバー,ハヤブサ,W558-41,シルバー,O O O O O O B-MODEL I-MODEL I-MODEL I-MODEL I-MODEL I-MODEL B-BRAND I-BRAND I-BRAND I-BRAND O O O O O B-COLOR I-COLOR I-COLOR I-COLOR,ハヤブサ|W558-41|シルバー
T03721,Ｂ５３９－８３ 冷蔵庫 ソライロ シルーバ,ソライロ,B539-83,シルバー,B-MODEL I-MODEL I-MODEL I-MODEL I-MODEL I-MODEL I-MODEL O O O O O B-BRAND I-BRAND I-BRAND I-BRAND O O O O O,ソライロ|B539-83|シルバー
T03722,ソライロ I28546 シルバー 冷蔵庫,ソライロ,I285-46,シルバー,B-BRAND I-BRAND I-BRAND I-BRAND O B-MODEL I-MODEL I-MODEL I-MODEL I-MODEL I-MODEL O B-COLOR I-COLOR I-COLOR I-COLOR O O O O,ソライロ|I285-46|シルバー
T03723,グリーンK25157イヤホン,,K251-57,グリーン,B-COLOR I-COLOR I-COLOR I-COLOR B-MODEL I-MODEL I-MODEL I-MODEL I-MODEL I-MODEL O O O O,|K251-57|グリーン
T03724,グリーン スニーカー Ｒ６７３５７ アカネ電機,アカネ電機,R673-57,グリーン,B-COLOR I-COLOR I-COLOR I-COLOR O O O O O O O B-MODEL I-MODEL I-MODEL I-MODEL I-MODEL I-MODEL O B-BRAND I-BRAND I-BRAND I-BRAND I-BRAND,アカネ電機|R673-57|グリーン
T03725,デイパック KURO Z58447 ネイビー,KURO,Z584-47,ネイビー,O O O O O O B-BRAND I-BRAND I-BRAND I-BRAND O B-MODEL I-MODEL I-MODEL I-MODEL I-MODEL I-MODEL O B-COLOR I-COLOR I-COLOR I-COLOR,KURO|Z584-47|ネイビー
T03726,A5763ソライロ冷蔵庫レッド,ソライロ,A576-35,レッド,O O O O O B-BRAND I-BRAND I-BRAND I-BRAND O O O B-COLOR I-COLOR I-COLOR,ソライロ|A576-35|レッド
T03727,グリーンC929-68ノートパソコンノースピーク,ノースピーク,C929-68,グリーン,B-COLOR I-COLOR I-COLOR I-COLOR B-MODEL I-MODEL I-MODEL I-MODEL I-MODEL I-MODEL I-MODEL O O O O O O O B-BRAND I-BRAND I-BRAND I-BRAND I-BRAND I-BRAND,ノースピーク|C929-68|グリーン
T03728,シルバー R53876 ノートパソコン オオゾラ,オオゾラ,R538-76,シルバー,B-COLOR I-COLOR I-COLOR I-COLOR O B-MODEL I-MODEL I-MODEL I-MODEL I-MODEL I-MODEL O O O O O O O O O B-BRAND I-BRAND I-BRAND I-BRAND,オオゾラ|R538-76|シルバー
T03729,冷蔵庫 Ｎ２８４－５９ アカネ電機 グリーン,アカネ電機,N284-59,グリーン,O O O O B-MODEL I-MODEL I-MODEL I-MODEL I-MODEL I-MODEL I-MODEL O B-BRAND I-BRAND I-BRAND I-BRAND I-BRAND O B-COLOR I-COLOR I-COLOR I-COLOR,アカネ電機|N284-59|グリーン
T03730,レッド 洗濯機 Ｎ２８８３２ KURO,KURO,N288-32,レッド,B-COLOR I-COLOR I-COLOR O O O O O B-MODEL I-MODEL I-MODEL I-MODEL I-MODEL I-MODEL O B-BRAND I-BRAND I-BRAND I-BRAND,KURO|N288-32|レッド
T03731,ネイビー蔵冷庫ソライロL57789,ソライロ,L577-89,ネイビー,B-COLOR I-COLOR I-COLOR I-COLOR O O O B-BRAND I-BRAND I-BRAND I-BRAND B-MODEL I-MODEL I-MODEL I-MODEL I-MODEL I-MODEL,ソライロ|L577-89|ネイビー
T03732,グリーオンオゾラV31792洗濯機,オオゾラ,V317-92,グリーン,O O O O O O O O B-MODEL I-MODEL I-MODEL I-MODEL I-MODEL I-MODEL O O O,オオゾラ|V317-92|グリーン
T03733,★新品未使用★レッド ミドリワークス デイパック S61254,ミドリワークス,S612-54,レッド,O O O O O O O B-COLOR I-COLOR I-COLOR O B-BRAND I-BRAND I-BRAND I-BRAND I-BRAND I-BRAND I-BRAND O O O O O O O B-MODEL I-MODEL I-MODEL I-MODEL I-MODEL I-MODEL,ミドリワークス|S612-54|レッド
T03734,レッド 腕時計 シラユキ R71670,シラユキ,R716-70,レッド,B-COLOR I-COLOR I-COLOR O O O O O B-BRAND I-BRAND I-BRAND I-BRAND O B-MODEL I-MODEL I-MODEL I-MODEL I-MODEL I-MODEL,シラユキ|R716-70|レッド
T03735,ネイビーP74059冷庫蔵オオゾラ,オオゾラ,P740-59,ネイビー,B-COLOR I-COLOR I-COLOR I-COLOR B-MODEL I-MODEL I-MODEL I-MODEL I-MODEL I-MODEL O O O B-BRAND I-BRAND I-BRAND I-BRAND,オオゾラ|P740-59|ネイビー
T03736,《アウトレット》スニーカーゲンブブラックL689-93,ゲンブ,L689-93,ブラック,O O O O O O O O O O O O O B-BRAND I-BRAND I-BRAND B-COLOR I-COLOR I-COLOR I-COLOR B-MODEL I-MODEL I-MODEL I-MODEL I-MODEL I-MODEL I-MODEL,ゲンブ|L689-93|ブラック
T03737,K373-89シルバーノートパソコンノースピーク,ノースピーク,K373-89,シルバー,B-MODEL I-MODEL I-MODEL I-MODEL I-MODEL I-MODEL I-MODEL B-COLOR I-COLOR I-COLOR I-COLOR O O O O O O O B-BRAND I-BRAND I-BRAND I-BRAND I-BRAND I-BRAND,ノースピーク|K373-89|シルバー
T03738,O594-65ネイビーノースピーク掃除機,ノースピーク,O594-65,ネイビー,B-MODEL I-MODEL I-MODEL I-MODEL I-MODEL I-MODEL I-MODEL B-COLOR I-COLOR I-COLOR I-COLOR B-BRAND I-BRAND I-BRAND I-BRAND I-BRAND I-BRAND O O O,ノースピーク|O594-65|ネイビー
T03739,シルバー スニーカー W319-68 オオゾラ,オオゾラ,W319-68,シルバー,B-COLOR I-COLOR I-COLOR I-COLOR O O O O O O O B-MODEL I-MODEL I-MODEL I-MODEL I-MODEL I-MODEL I-MODEL O B-BRAND I-BRAND I-BRAND I-BRAND,オオゾラ|W319-68|シルバー
T03740,デイパックＹ ８５３８４ シルバー アカネ電機,アカネ電機,Y853-84,シルバー,O O O O O O O O O O O O O B-COLOR I-COLOR I-COLOR I-COLOR O B-BRAND I-BRAND I-BRAND I-BRAND I-BRAND,アカネ電機|Y853-84|シルバー
T03741,スニーカー TSUBAKI シルバー Ｚ２９２－５０,TSUBAKI,Z292-50,シルバー,O O O O O O B-BRAND I-BRAND I-BRAND I-BRAND I-BRAND I-BRAND I-BRAND O B-COLOR I-COLOR I-COLOR I-COLOR O B-MODEL I-MODEL I-MODEL I-MODEL I-MODEL I-MODEL I-MODEL,TSUBAKI|Z292-50|シルバー
T03742,ソライロレッドノートパソコンＬ４３４－１６,ソライロ,L434-16,レッド,B-BRAND I-BRAND I-BRAND I-BRAND B-COLOR I-COLOR I-COLOR O O O O O O O B-MODEL I-MODEL I-MODEL I-MODEL I-MODEL I-MODEL I-MODEL,ソライロ|L434-16|レッド
T03743,レッド Ｗ７５７５－６ ゲンブ 洗濯機,ゲンブ,W757-56,レッド,B-COLOR I-COLOR I-COLOR O O O O O O O O O B-BRAND I-BRAND I-BRAND O O O O,ゲンブ|W757-56|レッド
T03744,レッド U829-16 冷蔵庫 ソライロ,ソライロ,U829-16,レッド,B-COLOR I-COLOR I-COLOR O B-MODEL I-MODEL I-MODEL I-MODEL I-MODEL I-MODEL I-MODEL O O O O O B-BRAND I-BRAND I-BRAND I-BRAND,ソライロ|U829-16|レッド
T03745,M61785ネイビー冷蔵庫ハヤブサ,ハヤブサ,M617-85,ネイビー,B-MODEL I-MODEL I-MODEL I-MODEL I-MODEL I-MODEL B-COLOR I-COLOR I-COLOR I-COLOR O O O B-BRAND I-BRAND I-BRAND I-BRAND,ハヤブサ|M617-85|ネイビー
T03746,【即日発送】U803-12 アカネ電機 イヤホン ネイビー,アカネ電機,U803-12,ネイビー,O O O O O O B-MODEL I-MODEL I-MODEL I-MODEL I-MODEL I-MODEL I-MODEL O B-BRAND I-BRAND I-BRAND I-BRAND I-BRAND O O O O O O B-COLOR I-COLOR I-COLOR I-COLOR,アカネ電機|U803-12|ネイビー
T03747,ネイビー H560-79 KURO イヤホン,KURO,H560-79,ネイビー,B-COLOR I-COLOR I-COLOR I-COLOR O B-MODEL I-MODEL I-MODEL I-MODEL I-MODEL I-MODEL I-MODEL O B-BRAND I-BRAND I-BRAND I-BRAND O O O O O,KURO|H560-79|ネイビー
T03748,《アウトレット》ネイビー O396-53 ノートパソコン ソライロ,ソライロ,O396-53,ネイビー,O O O O O O O O B-COLOR I-COLOR I-COLOR I-COLOR O B-MODEL I-MODEL I-MODEL I-MODEL I-MODEL I-MODEL I-MODEL O O O O O O O O O B-BRAND I-BRAND I-BRAND I-BRAND,ソライロ|O396-53|ネイビー
T03749,ソライロ シルーバ P237-30 腕時計,ソライロ,P237-30,シルバー,B-BRAND I-BRAND I-BRAND I-BRAND O O O O O O B-MODEL I-MODEL I-MODEL I-MODEL I-MODEL I-MODEL I-MODEL O O O O,ソライロ|P237-30|シルバー
T03750,シルバー TSUBAKI デイパック L211-53,TSUBAKI,L211-53,シルバー,B-COLOR I-COLOR I-COLOR I-COLOR O B-BRAND I-BRAND I-BRAND I-BRAND I-BRAND I-BRAND I-BRAND O O O O O O O B-MODEL I-MODEL I-MODEL I-MODEL I-MODEL I-MODEL I-MODEL,TSUBAKI|L211-53|シルバー
T03751,◆正規品◆ノースピークL52759ホワイト洗濯機,ノースピーク,L527-59,ホワイト,O O O O O B-BRAND I-BRAND I-BRAND I-BRAND I-BRAND I-BRAND B-MODEL I-MODEL I-MODEL I-MODEL I-MODEL I-MODEL B-COLOR I-COLOR I-COLOR I-COLOR O O O,ノースピーク|L527-59|ホワイト
T03752,洗濯機 ハヤブサ レッド W404-72,ハヤブサ,W404-72,レッド,O O O O B-BRAND I-BRAND I-BRAND I-BRAND O B-COLOR I-COLOR I-COLOR O B-MODEL I-MODEL I-MODEL I-MODEL I-MODEL I-MODEL I-MODEL,ハヤブサ|W404-72|レッド
T03753,◆正規品◆掃除機 E30683 シルバー ゲンブ,ゲンブ,E306-83,シルバー,O O O O O O O O O B-MODEL I-MODEL I-MODEL I-MODEL I-MODEL I-MODEL O B-COLOR I-COLOR I-COLOR I-COLOR O B-BRAND I-BRAND I-BRAND,ゲンブ|E306-83|シルバー
T03754,★新品未使用★ノートパソコンアカネ電機Ｐ７２０－２３シルバー,アカネ電機,P720-23,シルバー,O O O O O O O O O O O O O O B-BRAND I-BRAND I-BRAND I-BRAND I-BRAND B-MODEL I-MODEL I-MODEL I-MODEL I-MODEL I-MODEL I-MODEL B-COLOR I-COLOR I-COLOR I-COLOR,アカネ電機|P720-23|シルバー
T03755,KURO G336-58 デイパック シルバー,KURO,G336-58,シルバー,B-BRAND I-BRAND I-BRAND I-BRAND O B-MODEL I-MODEL I-MODEL I-MODEL I-MODEL I-MODEL I-MODEL O O O O O O O B-COLOR I-COLOR I-COLOR I-COLOR,KURO|G336-58|シルバー
T03756,O762-95 冷蔵庫 TSUBAKI グリーン,TSUBAKI,O762-95,グリーン,B-MODEL I-MODEL I-MODEL I-MODEL I-MODEL I-MODEL I-MODEL O O O O O B-BRAND I-BRAND I-BRAND I-BRAND I-BRAND I-BRAND I-BRAND O B-COLOR I-COLOR I-COLOR I-COLOR,TSUBAKI|O762-95|グリーン
T03757,ノースピーク 腕時計 Ｈ４６３－７６ グリーン,ノースピーク,H463-76,グリーン,B-BRAND I-BRAND I-BRAND I-BRAND I-BRAND I-BRAND O O O O O B-MODEL I-MODEL I-MODEL I-MODEL I-MODEL I-MODEL I-MODEL O B-COLOR I-COLOR I-COLOR I-COLOR,ノースピーク|H463-76|グリーン
T03758,冷蔵庫 H232-78 シラユキ レッド,シラユキ,H232-78,レッド,O O O O B-MODEL I-MODEL I-MODEL I-MODEL I-MODEL I-MODEL I-MODEL O B-BRAND I-BRAND I-BRAND I-BRAND O B-COLOR I-COLOR I-COLOR,シラユキ|H232-78|レッド
T03759,グリーンシラユキ冷蔵庫W139-63,シラユキ,W139-63,グリーン,B-COLOR I-COLOR I-COLOR I-COLOR B-BRAND I-BRAND I-BRAND I-BRAND O O O B-MODEL I-MODEL I-MODEL I-MODEL I-MODEL I-MODEL I-MODEL,シラユキ|W139-63|グリーン
T03760,オオゾラ A164-19 ブラック 掃除機,オオゾラ,A164-19,ブラック,B-BRAND I-BRAND I-BRAND I-BRAND O B-MODEL I-MODEL I-MODEL I-MODEL I-MODEL I-MODEL I-MODEL O B-COLOR I-COLOR I-COLOR I-COLOR O O O O,オオゾラ|A164-19|ブラック
T03761,イヤホンF29944グリーンソライロ,ソライロ,F299-44,グリーン,O O O O B-MODEL I-MODEL I-MODEL I-MODEL I-MODEL I-MODEL B-COLOR I-COLOR I-COLOR I-COLOR B-BRAND I-BRAND I-BRAND I-BRAND,ソライロ|F299-44|グリーン
T03762,グリーン U629-25 ゲンブ 腕時計,ゲンブ,U629-25,グリーン,B-COLOR I-COLOR I-COLOR I-COLOR O B-MODEL I-MODEL I-MODEL I-MODEL I-MODEL I-MODEL I-MODEL O B-BRAND I-BRAND I-BRAND O O O O,ゲンブ|U629-25|グリーン
T03763,G729-40 KURO ノートパソコン ブラック,KURO,G729-40,ブラック,B-MODEL I-MODEL I-MODEL I-MODEL I-MODEL I-MODEL I-MODEL O B-BRAND I-BRAND I-BRAND I-BRAND O O O O O O O O O B-COLOR I-COLOR I-COLOR I-COLOR,KURO|G729-40|ブラック
T03764,【即日発送】デイパック シルバー オオゾラ Ｌ５４３３７,オオゾラ,L543-37,シルバー,O O O O O O O O O O O O B-COLOR I-COLOR I-COLOR I-COLOR O B-BRAND I-BRAND I-BRAND I-BRAND O B-MODEL I-MODEL I-MODEL I-MODEL I-MODEL I-MODEL,オオゾラ|L543-37|シルバー
T03765,ノースピーク スニーカー K626-31 レッド,ノースピーク,K626-31,レッド,B-BRAND I-BRAND I-BRAND I-BRAND I-BRAND I-BRAND O O O O O O O B-MODEL I-MODEL I-MODEL I-MODEL I-MODEL I-MODEL I-MODEL O B-COLOR I-COLOR I-COLOR,ノースピーク|K626-31|レッド
T03766,Ｒ９４２５４ 掃除機 ブラック,,R942-54,ブラック,B-MODEL I-MODEL I-MODEL I-MODEL I-MODEL I-MODEL O O O O O B-COLOR I-COLOR I-COLOR I-COLOR,|R942-54|ブラック
T03767,◆正規品◆グリーン Ｈ５８６－１４ スニーカー シラユキ,シラユキ,H586-14,グリーン,O O O O O B-COLOR I-COLOR I-COLOR I-COLOR O B-MODEL I-MODEL I-MODEL I-MODEL I-MODEL I-MODEL I-MODEL O O O O O O O B-BRAND I-BRAND I-BRAND I-BRAND,シラユキ|H586-14|グリーン
T03768,Q264-36ハヤブサデイパックレッド,ハヤブサ,Q264-36,レッド,B-MODEL I-MODEL I-MODEL I-MODEL I-MODEL I-MODEL I-MODEL B-BRAND I-BRAND I-BRAND I-BRAND O O O O O B-COLOR I-COLOR I-COLOR,ハヤブサ|Q264-36|レッド
T03769,◆正規品◆腕時計 TSUBAKI E373-52 シルバー,TSUBAKI,E337-52,シルバー,O O O O O O O O O B-BRAND I-BRAND I-BRAND I-BRAND I-BRAND I-BRAND I-BRAND O O O O O O O O O B-COLOR I-COLOR I-COLOR I-COLOR,TSUBAKI|E337-52|シルバー
T03770,【送料無料】ミドリワークスR503-22グリーン腕時計,ミドリワークス,R503-22,グリーン,O O O O O O B-BRAND I-BRAND I-BRAND I-BRAND I-BRAND I-BRAND I-BRAND B-MODEL I-MODEL I-MODEL I-MODEL I-MODEL I-MODEL I-MODEL B-COLOR I-COLOR I-COLOR I-COLOR O O O,ミドリワークス|R503-22|グリーン
T03771,ノートパソコン F191-76 ソライロ ネイビー,ソライロ,F191-76,ネイビー,O O O O O O O O B-MODEL I-MODEL I-MODEL I-MODEL I-MODEL I-MODEL I-MODEL O B-BRAND I-BRAND I-BRAND I-BRAND O B-COLOR I-COLOR I-COLOR I-COLOR,ソライロ|F191-76|ネイビー
T03772,《アウトレット》洗濯機 レッド Ｃ７５４－４０ オオゾラ,オオゾラ,C754-40,レッド,O O O O O O O O O O O O B-COLOR I-COLOR I-COLOR O B-MODEL I-MODEL I-MODEL I-MODEL I-MODEL I-MODEL I-MODEL O B-BRAND I-BRAND I-BRAND I-BRAND,オオゾラ|C754-40|レッド
T03773,★新品未使用★シルバー Z203-90 デイパック,,Z203-90,シルバー,O O O O O O O B-COLOR I-COLOR I-COLOR I-COLOR O B-MODEL I-MODEL I-MODEL I-MODEL I-MODEL I-MODEL I-MODEL O O O O O O,|Z203-90|シルバー
T03774,【送料無料】KURO グリーン 洗濯機 R105-37,KURO,R105-37,グリーン,O O O O O O B-BRAND I-BRAND I-BRAND I-BRAND O B-COLOR I-COLOR I-COLOR I-COLOR O O O O O B-MODEL I-MODEL I-MODEL I-MODEL I-MODEL I-MODEL I-MODEL,KURO|R105-37|グリーン
T03775,アカネ電機 掃除機 Z74397 シルバー,アカネ電機,Z743-97,シルバー,B-BRAND I-BRAND I-BRAND I-BRAND I-BRAND O O O O O B-MODEL I-MODEL I-MODEL I-MODEL I-MODEL I-MODEL O B-COLOR I-COLOR I-COLOR I-COLOR,アカネ電機|Z743-97|シルバー
T03776,TSUBAKI イヤホン ブラック E755-79,TSUBAKI,E755-79,ブラック,B-BRAND I-BRAND I-BRAND I-BRAND I-BRAND I-BRAND I-BRAND O O O O O O B-COLOR I-COLOR I-COLOR I-COLOR O B-MODEL I-MODEL I-MODEL I-MODEL I-MODEL I-MODEL I-MODEL,TSUBAKI|E755-79|ブラック
T03777,P78175ソライロネイビーデイパック,ソライロ,P781-75,ネイビー,B-MODEL I-MODEL I-MODEL I-MODEL I-MODEL I-MODEL B-BRAND I-BRAND I-BRAND I-BRAND B-COLOR I-COLOR I-COLOR I-COLOR O O O O O,ソライロ|P781-75|ネイビー
T03778,【即日発送】グリーンノースピークV0652洗濯機,ノースピーク,V406-52,グリーン,O O O O O O B-COLOR I-COLOR I-COLOR I-COLOR B-BRAND I-BRAND I-BRAND I-BRAND I-BRAND I-BRAND O O O O O O O O,ノースピーク|V406-52|グリーン
T03779,C73742 ノースピーク 冷蔵庫 ネイビー,ノースピーク,C737-42,ネイビー,B-MODEL I-MODEL I-MODEL I-MODEL I-MODEL I-MODEL O B-BRAND I-BRAND I-BRAND I-BRAND I-BRAND I-BRAND O O O O O B-COLOR I-COLOR I-COLOR I-COLOR,ノースピーク|C737-42|ネイビー
T03780,【送料無料】E615-67イヤホンブラックソライロ,ソライロ,E615-67,ブラック,O O O O O O B-MODEL I-MODEL I-MODEL I-MODEL I-MODEL I-MODEL I-MODEL O O O O B-COLOR I-COLOR I-COLOR I-COLOR B-BRAND I-BRAND I-BRAND I-BRAND,ソライロ|E615-67|ブラック
T03781,★新品未使用★ネイビー I699-79 掃除機,,I699-79,ネイビー,O O O O O O O B-COLOR I-COLOR I-COLOR I-COLOR O B-MODEL I-MODEL I-MODEL I-MODEL I-MODEL I-MODEL I-MODEL O O O O,|I699-79|ネイビー
T03782,掃除機ホワイトＳ４９４－１４オオゾラ,オオゾラ,S494-14,ホワイト,O O O B-COLOR I-COLOR I-COLOR I-COLOR B-MODEL I-MODEL I-MODEL I-MODEL I-MODEL I-MODEL I-MODEL B-BRAND I-BRAND I-BRAND I-BRAND,オオゾラ|S494-14|ホワイト
T03783,デイパック TSUBAKI M436-51 シルバー,TSUBAKI,M436-51,シルバー,O O O O O O B-BRAND I-BRAND I-BRAND I-BRAND I-BRAND I-BRAND I-BRAND O B-MODEL I-MODEL I-MODEL I-MODEL I-MODEL I-MODEL I-MODEL O B-COLOR I-COLOR I-COLOR I-COLOR,TSUBAKI|M436-51|シルバー
T03784,ゲンブ T518-58 ネイビー イヤホン,ゲンブ,T518-58,ネイビー,B-BRAND I-BRAND I-BRAND O B-MODEL I-MODEL I-MODEL I-MODEL I-MODEL I-MODEL I-MODEL O B-COLOR I-COLOR I-COLOR I-COLOR O O O O O,ゲンブ|T518-58|ネイビー
T03785,【即日発送】アカネ電機冷蔵庫Q396-54ホワイト,アカネ電機,Q396-54,ホワイト,O O O O O O B-BRAND I-BRAND I-BRAND I-BRAND I-BRAND O O O B-MODEL I-MODEL I-MODEL I-MODEL I-MODEL I-MODEL I-MODEL B-COLOR I-COLOR I-COLOR I-COLOR,アカネ電機|Q396-54|ホワイト
T03786,Ｗ３８４９８ ハヤブサ ホワイト 腕時計,ハヤブサ,W384-98,ホワイト,B-MODEL I-MODEL I-MODEL I-MODEL I-MODEL I-MODEL O B-BRAND I-BRAND I-BRAND I-BRAND O B-COLOR I-COLOR I-COLOR I-COLOR O O O O,ハヤブサ|W384-98|ホワイト
T03787,シルバー E787-33 アカネ電機 掃除機,アカネ電機,E787-33,シルバー,B-COLOR I-COLOR I-COLOR I-COLOR O B-MODEL I-MODEL I-MODEL I-MODEL I-MODEL I-MODEL I-MODEL O B-BRAND I-BRAND I-BRAND I-BRAND I-BRAND O O O O,アカネ電機|E787-33|シルバー
T03788,スニーカー KURO X65849 グリーン,KURO,X658-49,グリーン,O O O O O O B-BRAND I-BRAND I-BRAND I-BRAND O B-MODEL I-MODEL I-MODEL I-MODEL I-MODEL I-MODEL O B-COLOR I-COLOR I-COLOR I-COLOR,KURO|X658-49|グリーン
T03789,◆正規品◆D93055 スニーカー ソライロ ネイビー,ソライロ,D930-55,ネイビー,O O O O O B-MODEL I-MODEL I-MODEL I-MODEL I-MODEL I-MODEL O O O O O O O B-BRAND I-BRAND I-BRAND I-BRAND O B-COLOR I-COLOR I-COLOR I-COLOR,ソライロ|D930-55|ネイビー
T03790,TSUBAKIQ411-86イヤホンネイビー,TSUBAKI,Q411-86,ネイビー,B-BRAND I-BRAND I-BRAND I-BRAND I-BRAND I-BRAND I-BRAND B-MODEL I-MODEL I-MODEL I-MODEL I-MODEL I-MODEL I-MODEL O O O O B-COLOR I-COLOR I-COLOR I-COLOR,TSUBAKI|Q411-86|ネイビー
T03791,★品新未使用★冷蔵庫L51461ハヤブサグリーン,ハヤブサ,L514-61,グリーン,O O O O O O O O O O B-MODEL I-MODEL I-MODEL I-MODEL I-MODEL I-MODEL B-BRAND I-BRAND I-BRAND I-BRAND B-COLOR I-COLOR I-COLOR I-COLOR,ハヤブサ|L514-61|グリーン
T03792,スニーカー Z127-83 ノースピーク ブラック,ノースピーク,Z127-83,ブラック,O O O O O O B-MODEL I-MODEL I-MODEL I-MODEL I-MODEL I-MODEL I-MODEL O B-BRAND I-BRAND I-BRAND I-BRAND I-BRAND I-BRAND O B-COLOR I-COLOR I-COLOR I-COLOR,ノースピーク|Z127-83|ブラック
T03793,アカネ電機腕時計レッドG256-95,アカネ電機,G256-95,レッド,B-BRAND I-BRAND I-BRAND I-BRAND I-BRAND O O O B-COLOR I-COLOR I-COLOR B-MODEL I-MODEL I-MODEL I-MODEL I-MODEL I-MODEL I-MODEL,アカネ電機|G256-95|レッド
T03794,Q464-52KUROレッド洗濯機,KURO,Q464-52,レッド,B-MODEL I-MODEL I-MODEL I-MODEL I-MODEL I-MODEL I-MODEL B-BRAND I-BRAND I-BRAND I-BRAND B-COLOR I-COLOR I-COLOR O O O,KURO|Q464-52|レッド
T03795,ノートパソコン T36322 ソライロ シルバー,ソライロ,T363-22,シルバー,O O O O O O O O B-MODEL I-MODEL I-MODEL I-MODEL I-MODEL I-MODEL O B-BRAND I-BRAND I-BRAND I-BRAND O B-COLOR I-COLOR I-COLOR I-COLOR,ソライロ|T363-22|シルバー
T03796,R66792 レッド 洗濯機 ミドリワークス,ミドリワークス,R667-92,レッド,B-MODEL I-MODEL I-MODEL I-MODEL I-MODEL I-MODEL O B-COLOR I-COLOR I-COLOR O O O O O B-BRAND I-BRAND I-BRAND I-BRAND I-BRAND I-BRAND I-BRAND,ミドリワークス|R667-92|レッド
T03797,冷蔵庫 ゲンブ レッド C995-46,ゲンブ,C995-46,レッド,O O O O B-BRAND I-BRAND I-BRAND O B-COLOR I-COLOR I-COLOR O B-MODEL I-MODEL I-MODEL I-MODEL I-MODEL I-MODEL I-MODEL,ゲンブ|C995-46|レッド
T03798,アカネ電機グリーン洗濯機P838-98,アカネ電機,P838-98,グリーン,B-BRAND I-BRAND I-BRAND I-BRAND I-BRAND B-COLOR I-COLOR I-COLOR I-COLOR O O O B-MODEL I-MODEL I-MODEL I-MODEL I-MODEL I-MODEL I-MODEL,アカネ電機|P838-98|グリーン
T03799,《アウトレット》H502-90 ブラック ノースピーク デイパック,ノースピーク,H502-90,ブラック,O O O O O O O O B-MODEL I-MODEL I-MODEL I-MODEL I-MODEL I-MODEL I-MODEL O B-COLOR I-COLOR I-COLOR I-COLOR O B-BRAND I-BRAND I-BRAND I-BRAND I-BRAND I-BRAND O O O O O O,ノースピーク|H502-90|ブラック
T03800,◆正規品◆グリーン R595-88 冷蔵庫,,R595-88,グリーン,O O O O O B-COLOR I-COLOR I-COLOR I-COLOR O B-MODEL I-MODEL I-MODEL I-MODEL I-MODEL I-MODEL I-MODEL O O O O,|R595-88|グリーン
T03801,レッド ノートパソコン Ｅ８７５７５ ノースピーク,ノースピーク,E875-75,レッド,B-COLOR I-COLOR I-COLOR O O O O O O O O O B-MODEL I-MODEL I-MODEL I-MODEL I-MODEL I-MODEL O B-BRAND I-BRAND I-BRAND I-BRAND I-BRAND I-BRAND,ノースピーク|E875-75|レッド
T03802,ホワイト Q75986 イヤホン,,Q759-86,ホワイト,B-COLOR I-COLOR I-COLOR I-COLOR O B-MODEL I-MODEL I-MODEL I-MODEL I-MODEL I-MODEL O O O O O,|Q759-86|ホワイト
T03803,U868-86ネイビー洗濯機シラユキ,シラユキ,U868-86,ネイビー,B-MODEL I-MODEL I-MODEL I-MODEL I-MODEL I-MODEL I-MODEL B-COLOR I-COLOR I-COLOR I-COLOR O O O B-BRAND I-BRAND I-BRAND I-BRAND,シラユキ|U868-86|ネイビー
T03804,L163-95ホワイトソライロ腕時計,ソライロ,L163-95,ホワイト,B-MODEL I-MODEL I-MODEL I-MODEL I-MODEL I-MODEL I-MODEL B-COLOR I-COLOR I-COLOR I-COLOR B-BRAND I-BRAND I-BRAND I-BRAND O O O,ソライロ|L163-95|ホワイト
T03805,イヤホン ホワイト アカネ電機 D363-83,アカネ電機,D363-83,ホワイト,O O O O O B-COLOR I-COLOR I-COLOR I-COLOR O B-BRAND I-BRAND I-BRAND I-BRAND I-BRAND O B-MODEL I-MODEL I-MODEL I-MODEL I-MODEL I-MODEL I-MODEL,アカネ電機|D363-83|ホワイト
T03806,レッドソライロX202-65スニーカー,ソライロ,X202-65,レッド,B-COLOR I-COLOR I-COLOR B-BRAND I-BRAND I-BRAND I-BRAND B-MODEL I-MODEL I-MODEL I-MODEL I-MODEL I-MODEL I-MODEL O O O O O,ソライロ|X202-65|レッド
T03807,KUROレッドＮ３９１－５３デイパック,KURO,N391-53,レッド,B-BRAND I-BRAND I-BRAND I-BRAND B-COLOR I-COLOR I-COLOR B-MODEL I-MODEL I-MODEL I-MODEL I-MODEL I-MODEL I-MODEL O O O O O,KURO|N391-53|レッド
T03808,レッド ハヤブサ Ａ１８２－７９ 掃除機,ハヤブサ,A182-79,レッド,B-COLOR I-COLOR I-COLOR O B-BRAND I-BRAND I-BRAND I-BRAND O B-MODEL I-MODEL I-MODEL I-MODEL I-MODEL I-MODEL I-MODEL O O O O,ハヤブサ|A182-79|レッド
T03809,Ｎ５９５７９ ハヤブサ デイパック グリーン,ハヤブサ,N595-79,グリーン,B-MODEL I-MODEL I-MODEL I-MODEL I-MODEL I-MODEL O B-BRAND I-BRAND I-BRAND I-BRAND O O O O O O O B-COLOR I-COLOR I-COLOR I-COLOR,ハヤブサ|N595-79|グリーン
T03810,★新品未使用★ミドリワークス ネイビー S308-56 冷蔵庫,ミドリワークス,S308-56,ネイビー,O O O O O O O B-BRAND I-BRAND I-BRAND I-BRAND I-BRAND I-BRAND I-BRAND O B-COLOR I-COLOR I-COLOR I-COLOR O B-MODEL I-MODEL I-MODEL I-MODEL I-MODEL I-MODEL I-MODEL O O O O,ミドリワークス|S308-56|ネイビー
T03811,【即日発送】腕時計 B106-28 シラユキ ネイビー,シラユキ,B106-28,ネイビー,O O O O O O O O O O B-MODEL I-MODEL I-MODEL I-MODEL I-MODEL I-MODEL I-MODEL O B-BRAND I-BRAND I-BRAND I-BRAND O B-COLOR I-COLOR I-COLOR I-COLOR,シラユキ|B106-28|ネイビー
T03812,《アウトレット》S817-61 ネイビー ノースピーク スニーカー,ノースピーク,S817-61,ネイビー,O O O O O O O O B-MODEL I-MODEL I-MODEL I-MODEL I-MODEL I-MODEL I-MODEL O B-COLOR I-COLOR I-COLOR I-COLOR O B-BRAND I-BRAND I-BRAND I-BRAND I-BRAND I-BRAND O O O O O O,ノースピーク|S817-61|ネイビー
T03813,★新品未使用★KURO L852-78 イヤホン グリーン,KURO,L852-78,グリーン,O O O O O O O B-BRAND I-BRAND I-BRAND I-BRAND O B-MODEL I-MODEL I-MODEL I-MODEL I-MODEL I-MODEL I-MODEL O O O O O O B-COLOR I-COLOR I-COLOR I-COLOR,KURO|L852-78|グリーン
T03814,O4264 ソライロ デイパック レッド,ソライロ,O422-64,レッド,O O O O O O B-BRAND I-BRAND I-BRAND I-BRAND O O O O O O O B-COLOR I-COLOR I-COLOR,ソライロ|O422-64|レッド
T03815,S327-80 グリーン 掃除機,,S327-80,グリーン,B-MODEL I-MODEL I-MODEL I-MODEL I-MODEL I-MODEL I-MODEL O B-COLOR I-COLOR I-COLOR I-COLOR O O O O,|S327-80|グリーン
T03816,C678-53 グリーン ハヤブサ 腕時計,ハヤブサ,C678-53,グリーン,B-MODEL I-MODEL I-MODEL I-MODEL I-MODEL I-MODEL I-MODEL O B-COLOR I-COLOR I-COLOR I-COLOR O B-BRAND I-BRAND I-BRAND I-BRAND O O O O,ハヤブサ|C678-53|グリーン
T03817,【送料無料】イヤホン ホワイト F640-67 ミドリワークス,ミドリワークス,F640-67,ホワイト,O O O O O O O O O O O B-COLOR I-COLOR I-COLOR I-COLOR O B-MODEL I-MODEL I-MODEL I-MODEL I-MODEL I-MODEL I-MODEL O B-BRAND I-BRAND I-BRAND I-BRAND I-BRAND I-BRAND I-BRAND,ミドリワークス|F640-67|ホワイト
T03818,ノースピークＶ７５０－９７ネイビーノートパソコン,ノースピーク,V750-97,ネイビー,B-BRAND I-BRAND I-BRAND I-BRAND I-BRAND I-BRAND B-MODEL I-MODEL I-MODEL I-MODEL I-MODEL I-MODEL I-MODEL B-COLOR I-COLOR I-COLOR I-COLOR O O O O O O O,ノースピーク|V750-97|ネイビー
T03819,ノースピーク ブラック O677-64 デパック,ノースピーク,O677-64,ブラック,B-BRAND I-BRAND I-BRAND I-BRAND I-BRAND I-BRAND O B-COLOR I-COLOR I-COLOR I-COLOR O B-MODEL I-MODEL I-MODEL I-MODEL I-MODEL I-MODEL I-MODEL O O O O O,ノースピーク|O677-64|ブラック
T03820,★新品未使用★アカネ電機 掃除機 ブラック D588-67,アカネ電機,D588-67,ブラック,O O O O O O O B-BRAND I-BRAND I-BRAND I-BRAND I-BRAND O O O O O B-COLOR I-COLOR I-COLOR I-COLOR O B-MODEL I-MODEL I-MODEL I-MODEL I-MODEL I-MODEL I-MODEL,アカネ電機|D588-67|ブラック
T03821,【送料無料】T642-14ミドリワークスレッド腕時計,ミドリワークス,T642-14,レッド,O O O O O O B-MODEL I-MODEL I-MODEL I-MODEL I-MODEL I-MODEL I-MODEL B-BRAND I-BRAND I-BRAND I-BRAND I-BRAND I-BRAND I-BRAND B-COLOR I-COLOR I-COLOR O O O,ミドリワークス|T642-14|レッド
T03822,グリーンK862-52腕時計ゲンブ,ゲンブ,K862-52,グリーン,B-COLOR I-COLOR I-COLOR I-COLOR B-MODEL I-MODEL I-MODEL I-MODEL I-MODEL I-MODEL I-MODEL O O O B-BRAND I-BRAND I-BRAND,ゲンブ|K862-52|グリーン
T03823,ノートパソコン ミドリワークス レッド V631-49,ミドリワークス,V631-49,レッド,O O O O O O O O B-BRAND I-BRAND I-BRAND I-BRAND I-BRAND I-BRAND I-BRAND O B-COLOR I-COLOR I-COLOR O B-MODEL I-MODEL I-MODEL I-MODEL I-MODEL I-MODEL I-MODEL,ミドリワークス|V631-49|レッド
T03824,ホワイト ゲンブ デイパック Ｊ２６９－５９,ゲンブ,J269-59,ホワイト,B-COLOR I-COLOR I-COLOR I-COLOR O B-BRAND I-BRAND I-BRAND O O O O O O O B-MODEL I-MODEL I-MODEL I-MODEL I-MODEL I-MODEL I-MODEL,ゲンブ|J269-59|ホワイト
T03825,ネイビー W57270 アカネ電機 掃除機,アカネ電機,W572-70,ネイビー,B-COLOR I-COLOR I-COLOR I-COLOR O B-MODEL I-MODEL I-MODEL I-MODEL I-MODEL I-MODEL O B-BRAND I-BRAND I-BRAND I-BRAND I-BRAND O O O O,アカネ電機|W572-70|ネイビー
T03826,《アウトレット》I59229 アカネ電機洗 濯機 レッド,アカネ電機,I592-29,レッド,O O O O O O O O B-MODEL I-MODEL I-MODEL I-MODEL I-MODEL I-MODEL O B-BRAND I-BRAND I-BRAND I-BRAND I-BRAND O O O O O B-COLOR I-COLOR I-COLOR,アカネ電機|I592-29|レッド
T03827,シルバー E710-78 ノースピーク イヤホン,ノースピーク,E710-78,シルバー,B-COLOR I-COLOR I-COLOR I-COLOR O B-MODEL I-MODEL I-MODEL I-MODEL I-MODEL I-MODEL I-MODEL O B-BRAND I-BRAND I-BRAND I-BRAND I-BRAND I-BRAND O O O O O,ノースピーク|E710-78|シルバー
T03828,ネイビー P860-40 腕時計 TSUBAKI,TSUBAKI,P860-40,ネイビー,B-COLOR I-COLOR I-COLOR I-COLOR O B-MODEL I-MODEL I-MODEL I-MODEL I-MODEL I-MODEL I-MODEL O O O O O B-BRAND I-BRAND I-BRAND I-BRAND I-BRAND I-BRAND I-BRAND,TSUBAKI|P860-40|ネイビー
T03829,オオゾラ シルバー Ｕ９９６－７０ 腕時計,オオゾラ,U996-70,シルバー,B-BRAND I-BRAND I-BRAND I-BRAND O B-COLOR I-COLOR I-COLOR I-COLOR O B-MODEL I-MODEL I-MODEL I-MODEL I-MODEL I-MODEL I-MODEL O O O O,オオゾラ|U996-70|シルバー
T03830,P13079 スニーカー ソライロ ホワイト,ソライロ,P130-79,ホワイト,B-MODEL I-MODEL I-MODEL I-MODEL I-MODEL I-MODEL O O O O O O O B-BRAND I-BRAND I-BRAND I-BRAND O B-COLOR I-COLOR I-COLOR I-COLOR,ソライロ|P130-79|ホワイト
T03831,ブッラク スニーカー H191-55 ハヤブサ,ハヤブサ,H191-55,ブラック,O O O O O O O O O O O B-MODEL I-MODEL I-MODEL I-MODEL I-MODEL I-MODEL I-MODEL O B-BRAND I-BRAND I-BRAND I-BRAND,ハヤブサ|H191-55|ブラック
T03832,冷蔵庫シルバーKUROL218-91,KURO,L218-91,シルバー,O O O B-COLOR I-COLOR I-COLOR I-COLOR B-BRAND I-BRAND I-BRAND I-BRAND B-MODEL I-MODEL I-MODEL I-MODEL I-MODEL I-MODEL I-MODEL,KURO|L218-91|シルバー
T03833,《アウトレット》ソライロブラックN41534腕時計,ソライロ,N415-34,ブラック,O O O O O O O O B-BRAND I-BRAND I-BRAND I-BRAND B-COLOR I-COLOR I-COLOR I-COLOR B-MODEL I-MODEL I-MODEL I-MODEL I-MODEL I-MODEL O O O,ソライロ|N415-34|ブラック
T03834,洗濯機 S550-80 ブラック ゲンブ,ゲンブ,S550-80,ブラック,O O O O B-MODEL I-MODEL I-MODEL I-MODEL I-MODEL I-MODEL I-MODEL O B-COLOR I-COLOR I-COLOR I-COLOR O B-BRAND I-BRAND I-BRAND,ゲンブ|S550-80|ブラック
T03835,冷蔵庫レッドソライロA825-69,ソライロ,A285-69,レッド,O O O B-COLOR I-COLOR I-COLOR B-BRAND I-BRAND I-BRAND I-BRAND O O O O O O O,ソライロ|A285-69|レッド
T03836,ノートパソコン Ｖ７２５－２８ レッド,,V725-28,レッド,O O O O O O O O B-MODEL I-MODEL I-MODEL I-MODEL I-MODEL I-MODEL I-MODEL O B-COLOR I-COLOR I-COLOR,|V725-28|レッド
T03837,【即日発送】L686-88グリーンスニーカーKURO,KURO,L686-88,グリーン,O O O O O O B-MODEL I-MODEL I-MODEL I-MODEL I-MODEL I-MODEL I-MODEL B-COLOR I-COLOR I-COLOR I-COLOR O O O O O B-BRAND I-BRAND I-BRAND I-BRAND,KURO|L686-88|グリーン
T03838,《アウトレット》グリーン S657-26 デイパック,,S657-26,グリーン,O O O O O O O O B-COLOR I-COLOR I-COLOR I-COLOR O B-MODEL I-MODEL I-MODEL I-MODEL I-MODEL I-MODEL I-MODEL O O O O O O,|S657-26|グリーン
T03839,シラユキシルバースニーカーＱ４９３８０,シラユキ,Q493-80,シルバー,B-BRAND I-BRAND I-BRAND I-BRAND B-COLOR I-COLOR I-COLOR I-COLOR O O O O O B-MODEL I-MODEL I-MODEL I-MODEL I-MODEL I-MODEL,シラユキ|Q493-80|シルバー
T03840,《アウトレット》ホワイトアカネ電機洗濯機Ｈ７５６－７４,アカネ電機,H756-74,ホワイト,O O O O O O O O B-COLOR I-COLOR I-COLOR I-COLOR B-BRAND I-BRAND I-BRAND I-BRAND I-BRAND O O O B-MODEL I-MODEL I-MODEL I-MODEL I-MODEL I-MODEL I-MODEL,アカネ電機|H756-74|ホワイト
T03841,冷蔵庫 シルバー H854-58 シラユキ,シラユキ,H854-58,シルバー,O O O O B-COLOR I-COLOR I-COLOR I-COLOR O B-MODEL I-MODEL I-MODEL I-MODEL I-MODEL I-MODEL I-MODEL O B-BRAND I-BRAND I-BRAND I-BRAND,シラユキ|H854-58|シルバー
T03842,TSUBAKI 冷蔵庫 L795-61 レッド,TSUBAKI,L795-61,レッド,B-BRAND I-BRAND I-BRAND I-BRAND I-BRAND I-BRAND I-BRAND O O O O O B-MODEL I-MODEL I-MODEL I-MODEL I-MODEL I-MODEL I-MODEL O B-COLOR I-COLOR I-COLOR,TSUBAKI|L795-61|レッド
T03843,U489-55 デイパック レッド ミドリワークス,ミドリワークス,U489-55,レッド,B-MODEL I-MODEL I-MODEL I-MODEL I-MODEL I-MODEL I-MODEL O O O O O O O B-COLOR I-COLOR I-COLOR O B-BRAND I-BRAND I-BRAND I-BRAND I-BRAND I-BRAND I-BRAND,ミドリワークス|U489-55|レッド
T03844,《アウトレット》アカネ電機 シルバー 洗濯機 A11269,アカネ電機,A112-69,シルバー,O O O O O O O O B-BRAND I-BRAND I-BRAND I-BRAND I-BRAND O B-COLOR I-COLOR I-COLOR I-COLOR O O O O O B-MODEL I-MODEL I-MODEL I-MODEL I-MODEL I-MODEL,アカネ電機|A112-69|シルバー
T03845,P800-88レッド腕時計,,P800-88,レッド,B-MODEL I-MODEL I-MODEL I-MODEL I-MODEL I-MODEL I-MODEL B-COLOR I-COLOR I-COLOR O O O,|P800-88|レッド
T03846,Ｃ２６４１０ 冷蔵庫 ブラック オオゾラ,オオゾラ,C264-10,ブラック,B-MODEL I-MODEL I-MODEL I-MODEL I-MODEL I-MODEL O O O O O B-COLOR I-COLOR I-COLOR I-COLOR O B-BRAND I-BRAND I-BRAND I-BRAND,オオゾラ|C264-10|ブラック
T03847,スニーカーレッドR51711ミドリワークス,ミドリワークス,R517-11,レッド,O O O O O B-COLOR I-COLOR I-COLOR B-MODEL I-MODEL I-MODEL I-MODEL I-MODEL I-MODEL B-BRAND I-BRAND I-BRAND I-BRAND I-BRAND I-BRAND I-BRAND,ミドリワークス|R517-11|レッド
T03848,ブラックイヤホンハヤブサF827-78,ハヤブサ,F827-78,ブラック,B-COLOR I-COLOR I-COLOR I-COLOR O O O O B-BRAND I-BRAND I-BRAND I-BRAND B-MODEL I-MODEL I-MODEL I-MODEL I-MODEL I-MODEL I-MODEL,ハヤブサ|F827-78|ブラック
T03849,【送料無料】ネイビー 冷蔵庫 ソライロ Ｆ４１９－６９,ソライロ,F419-69,ネイビー,O O O O O O B-COLOR I-COLOR I-COLOR I-COLOR O O O O O B-BRAND I-BRAND I-BRAND I-BRAND O B-MODEL I-MODEL I-MODEL I-MODEL I-MODEL I-MODEL I-MODEL,ソライロ|F419-69|ネイビー
T03850,ネイビーＵ５８５－７７腕時計,,U585-77,ネイビー,B-COLOR I-COLOR I-COLOR I-COLOR B-MODEL I-MODEL I-MODEL I-MODEL I-MODEL I-MODEL I-MODEL O O O,|U585-77|ネイビー
T03851,KURO スニーカー ブラック Ｉ５４３４２,KURO,I543-42,ブラック,B-BRAND I-BRAND I-BRAND I-BRAND O O O O O O O B-COLOR I-COLOR I-COLOR I-COLOR O B-MODEL I-MODEL I-MODEL I-MODEL I-MODEL I-MODEL,KURO|I543-42|ブラック
T03852,冷蔵庫オオゾラI40876ラブック,オオゾラ,I408-76,ブラック,O O O B-BRAND I-BRAND I-BRAND I-BRAND B-MODEL I-MODEL I-MODEL I-MODEL I-MODEL I-MODEL O O O O,オオゾラ|I408-76|ブラック
T03853,ネイビー Ｙ１２３９０ デイパック,,Y123-90,ネイビー,B-COLOR I-COLOR I-COLOR I-COLOR O B-MODEL I-MODEL I-MODEL I-MODEL I-MODEL I-MODEL O O O O O O,|Y123-90|ネイビー
T03854,【即日発送】洗濯機ソライロレッドV687-78,ソライロ,V687-78,レッド,O O O O O O O O O B-BRAND I-BRAND I-BRAND I-BRAND B-COLOR I-COLOR I-COLOR B-MODEL I-MODEL I-MODEL I-MODEL I-MODEL I-MODEL I-MODEL,ソライロ|V687-78|レッド
T03855,ブッラク B842-74 シラユキ 掃除機,シラユキ,B842-74,ブラック,O O O O O B-MODEL I-MODEL I-MODEL I-MODEL I-MODEL I-MODEL I-MODEL O B-BRAND I-BRAND I-BRAND I-BRAND O O O O,シラユキ|B842-74|ブラック
T03856,腕時計 ハヤブサ ホワイト Ａ４５９６０,ハヤブサ,A459-60,ホワイト,O O O O B-BRAND I-BRAND I-BRAND I-BRAND O B-COLOR I-COLOR I-COLOR I-COLOR O B-MODEL I-MODEL I-MODEL I-MODEL I-MODEL I-MODEL,ハヤブサ|A459-60|ホワイト
T03857,デイパックA765-73ハヤブサシルバー,ハヤブサ,A765-73,シルバー,O O O O O B-MODEL I-MODEL I-MODEL I-MODEL I-MODEL I-MODEL I-MODEL B-BRAND I-BRAND I-BRAND I-BRAND B-COLOR I-COLOR I-COLOR I-COLOR,ハヤブサ|A765-73|シルバー
T03858,ネイビー シラユキ 掃除機 H92297,シラユキ,H922-97,ネイビー,B-COLOR I-COLOR I-COLOR I-COLOR O B-BRAND I-BRAND I-BRAND I-BRAND O O O O O B-MODEL I-MODEL I-MODEL I-MODEL I-MODEL I-MODEL,シラユキ|H922-97|ネイビー
T03859,【即日発送】ネイビー デイパック ゲンブ Ｇ４４７１４,ゲンブ,G447-14,ネイビー,O O O O O O B-COLOR I-COLOR I-COLOR I-COLOR O O O O O O O B-BRAND I-BRAND I-BRAND O B-MODEL I-MODEL I-MODEL I-MODEL I-MODEL I-MODEL,ゲンブ|G447-14|ネイビー
T03860,【送料無料】Ｂ８０７－２７ TSUBAKI レッド ノートパソコン,TSUBAKI,B807-27,レッド,O O O O O O B-MODEL I-MODEL I-MODEL I-MODEL I-MODEL I-MODEL I-MODEL O B-BRAND I-BRAND I-BRAND I-BRAND I-BRAND I-BRAND I-BRAND O B-COLOR I-COLOR I-COLOR O O O O O O O O,TSUBAKI|B807-27|レッド
T03861,◆正規品◆シラユキ ネイビー イヤホン Ｖ４０２－９５,シラユキ,V402-95,ネイビー,O O O O O B-BRAND I-BRAND I-BRAND I-BRAND O B-COLOR I-COLOR I-COLOR I-COLOR O O O O O O B-MODEL I-MODEL I-MODEL I-MODEL I-MODEL I-MODEL I-MODEL,シラユキ|V402-95|ネイビー
T03862,M566-88 腕時計 ホワイト オオゾラ,オオゾラ,M566-88,ホワイト,B-MODEL I-MODEL I-MODEL I-MODEL I-MODEL I-MODEL I-MODEL O O O O O B-COLOR I-COLOR I-COLOR I-COLOR O B-BRAND I-BRAND I-BRAND I-BRAND,オオゾラ|M566-88|ホワイト
T03863,洗濯機 Z826-55 グリーン,,Z826-55,グリーン,O O O O B-MODEL I-MODEL I-MODEL I-MODEL I-MODEL I-MODEL I-MODEL O B-COLOR I-COLOR I-COLOR I-COLOR,|Z826-55|グリーン
T03864,◆正規品◆K483-27 ネイビー TSUBAKI 洗濯機,TSUBAKI,K483-27,ネイビー,O O O O O B-MODEL I-MODEL I-MODEL I-MODEL I-MODEL I-MODEL I-MODEL O B-COLOR I-COLOR I-COLOR I-COLOR O B-BRAND I-BRAND I-BRAND I-BRAND I-BRAND I-BRAND I-BRAND O O O O,TSUBAKI|K483-27|ネイビー
T03865,デイパック レッド F977-98 ゲンブ,ゲンブ,F977-98,レッド,O O O O O O B-COLOR I-COLOR I-COLOR O B-MODEL I-MODEL I-MODEL I-MODEL I-MODEL I-MODEL I-MODEL O B-BRAND I-BRAND I-BRAND,ゲンブ|F977-98|レッド
T03866,ブラック ゲンブ Y477-88 洗濯機,ゲンブ,Y477-88,ブラック,B-COLOR I-COLOR I-COLOR I-COLOR O B-BRAND I-BRAND I-BRAND O B-MODEL I-MODEL I-MODEL I-MODEL I-MODEL I-MODEL I-MODEL O O O O,ゲンブ|Y477-88|ブラック
T03867,ミドリワークス ホワイト 冷蔵庫 F648-92,ミドリワークス,F648-92,ホワイト,B-BRAND I-BRAND I-BRAND I-BRAND I-BRAND I-BRAND I-BRAND O B-COLOR I-COLOR I-COLOR I-COLOR O O O O O B-MODEL I-MODEL I-MODEL I-MODEL I-MODEL I-MODEL I-MODEL,ミドリワークス|F648-92|ホワイト
T03868,ブラック ノートパソコン Ｕ８１７－９７ オオゾラ,オオゾラ,U817-97,ブラック,B-COLOR I-COLOR I-COLOR I-COLOR O O O O O O O O O B-MODEL I-MODEL I-MODEL I-MODEL I-MODEL I-MODEL I-MODEL O B-BRAND I-BRAND I-BRAND I-BRAND,オオゾラ|U817-97|ブラック
T03869,《アウトレット》D657-73 グリーン ノースピーク ノートパソコン,ノースピーク,D657-73,グリーン,O O O O O O O O B-MODEL I-MODEL I-MODEL I-MODEL I-MODEL I-MODEL I-MODEL O B-COLOR I-COLOR I-COLOR I-COLOR O B-BRAND I-BRAND I-BRAND I-BRAND I-BRAND I-BRAND O O O O O O O O,ノースピーク|D657-73|グリーン
T03870,ノートパソコン シルバー ノースピーク H315-97,ノースピーク,H315-97,シルバー,O O O O O O O O B-COLOR I-COLOR I-COLOR I-COLOR O B-BRAND I-BRAND I-BRAND I-BRAND I-BRAND I-BRAND O B-MODEL I-MODEL I-MODEL I-MODEL I-MODEL I-MODEL I-MODEL,ノースピーク|H315-97|シルバー
T03871,デイパック ５Ｒ９６－２７ ミドリワークス グリーン,ミドリワークス,R596-27,グリーン,O O O O O O O O O O O O O O B-BRAND I-BRAND I-BRAND I-BRAND I-BRAND I-BRAND I-BRAND O B-COLOR I-COLOR I-COLOR I-COLOR,ミドリワークス|R596-27|グリーン
T03872,C96770 デイパック ホワイト シラユキ,シラユキ,C967-70,ホワイト,B-MODEL I-MODEL I-MODEL I-MODEL I-MODEL I-MODEL O O O O O O O B-COLOR I-COLOR I-COLOR I-COLOR O B-BRAND I-BRAND I-BRAND I-BRAND,シラユキ|C967-70|ホワイト
T03873,【即日発送】U342-13 洗濯機 ネイビー ミドリワークス,ミドリワークス,U342-13,ネイビー,O O O O O O B-MODEL I-MODEL I-MODEL I-MODEL I-MODEL I-MODEL I-MODEL O O O O O B-COLOR I-COLOR I-COLOR I-COLOR O B-BRAND I-BRAND I-BRAND I-BRAND I-BRAND I-BRAND I-BRAND,ミドリワークス|U342-13|ネイビー
T03874,KURO 掃除機 グリーン U26378,KURO,U236-78,グリーン,B-BRAND I-BRAND I-BRAND I-BRAND O O O O O B-COLOR I-COLOR I-COLOR I-COLOR O O O O O O O,KURO|U236-78|グリーン
T03875,★新品未使用★掃除機ノースピークブラックE75297,ノースピーク,E752-97,ブラック,O O O O O O O O O O B-BRAND I-BRAND I-BRAND I-BRAND I-BRAND I-BRAND B-COLOR I-COLOR I-COLOR I-COLOR B-MODEL I-MODEL I-MODEL I-MODEL I-MODEL I-MODEL,ノースピーク|E752-97|ブラック
T03876,ホワイト ミドリワークス スニーカー J50387,ミドリワークス,J503-87,ホワイト,B-COLOR I-COLOR I-COLOR I-COLOR O B-BRAND I-BRAND I-BRAND I-BRAND I-BRAND I-BRAND I-BRAND O O O O O O O B-MODEL I-MODEL I-MODEL I-MODEL I-MODEL I-MODEL,ミドリワークス|J503-87|ホワイト
T03877,ハヤブサ ホワイト ノートパソコン G286-74,ハヤブサ,G826-74,ホワイト,B-BRAND I-BRAND I-BRAND I-BRAND O B-COLOR I-COLOR I-COLOR I-COLOR O O O O O O O O O O O O O O O O,ハヤブサ|G826-74|ホワイト
T03878,ソライロ ホワイト N642-19 スニーカー,ソライロ,N642-19,ホワイト,B-BRAND I-BRAND I-BRAND I-BRAND O B-COLOR I-COLOR I-COLOR I-COLOR O B-MODEL I-MODEL I-MODEL I-MODEL I-MODEL I-MODEL I-MODEL O O O O O O,ソライロ|N642-19|ホワイト
T03879,Ｕ７９３－７１ レッド 腕時計 URO,KURO,U793-71,レッド,B-MODEL I-MODEL I-MODEL I-MODEL I-MODEL I-MODEL I-MODEL O B-COLOR I-COLOR I-COLOR O O O O O O O O,KURO|U793-71|レッド
T03880,レッド冷蔵庫F820-22ゲンブ,ゲンブ,F820-22,レッド,B-COLOR I-COLOR I-COLOR O O O B-MODEL I-MODEL I-MODEL I-MODEL I-MODEL I-MODEL I-MODEL B-BRAND I-BRAND I-BRAND,ゲンブ|F820-22|レッド
T03881,ノートパソコン ネイビー A300-58 KURO,KURO,A300-58,ネイビー,O O O O O O O O B-COLOR I-COLOR I-COLOR I-COLOR O B-MODEL I-MODEL I-MODEL I-MODEL I-MODEL I-MODEL I-MODEL O B-BRAND I-BRAND I-BRAND I-BRAND,KURO|A300-58|ネイビー
T03882,◆正規品◆J11425 グリーン イヤホン,,J114-25,グリーン,O O O O O B-MODEL I-MODEL I-MODEL I-MODEL I-MODEL I-MODEL O B-COLOR I-COLOR I-COLOR I-COLOR O O O O O,|J114-25|グリーン
T03883,スニーカー グリーン ソライロ Ｘ１１８－１６,ソライロ,X118-16,グリーン,O O O O O O B-COLOR I-COLOR I-COLOR I-COLOR O B-BRAND I-BRAND I-BRAND I-BRAND O B-MODEL I-MODEL I-MODEL I-MODEL I-MODEL I-MODEL I-MODEL,ソライロ|X118-16|グリーン
T03884,ブラック 掃除機 C540-88,,C540-88,ブラック,B-COLOR I-COLOR I-COLOR I-COLOR O O O O O B-MODEL I-MODEL I-MODEL I-MODEL I-MODEL I-MODEL I-MODEL,|C540-88|ブラック
T03885,グリーンＨ５８２－９４洗濯機ミドリワークス,ミドリワークス,H582-94,グリーン,B-COLOR I-COLOR I-COLOR I-COLOR B-MODEL I-MODEL I-MODEL I-MODEL I-MODEL I-MODEL I-MODEL O O O B-BRAND I-BRAND I-BRAND I-BRAND I-BRAND I-BRAND I-BRAND,ミドリワークス|H582-94|グリーン
T03886,KUROレッド冷蔵庫D866-74,KURO,D866-74,レッド,B-BRAND I-BRAND I-BRAND I-BRAND B-COLOR I-COLOR I-COLOR O O O B-MODEL I-MODEL I-MODEL I-MODEL I-MODEL I-MODEL I-MODEL,KURO|D866-74|レッド
T03887,冷蔵庫 ノースピーク V200-81 レッド,ノースピーク,V200-81,レッド,O O O O B-BRAND I-BRAND I-BRAND I-BRAND I-BRAND I-BRAND O B-MODEL I-MODEL I-MODEL I-MODEL I-MODEL I-MODEL I-MODEL O B-COLOR I-COLOR I-COLOR,ノースピーク|V200-81|レッド
T03888,V46186ネイビーデイパックソライロ,ソライロ,V461-86,ネイビー,B-MODEL I-MODEL I-MODEL I-MODEL I-MODEL I-MODEL B-COLOR I-COLOR I-COLOR I-COLOR O O O O O B-BRAND I-BRAND I-BRAND I-BRAND,ソライロ|V461-86|ネイビー
T03889,◆正規品◆O577-21 レッド スニーカー ハヤブサ,ハヤブサ,O577-21,レッド,O O O O O B-MODEL I-MODEL I-MODEL I-MODEL I-MODEL I-MODEL I-MODEL O B-COLOR I-COLOR I-COLOR O O O O O O O B-BRAND I-BRAND I-BRAND I-BRAND,ハヤブサ|O577-21|レッド
T03890,グリーン M79053 シラユキ イヤホン,シラユキ,M790-53,グリーン,B-COLOR I-COLOR I-COLOR I-COLOR O B-MODEL I-MODEL I-MODEL I-MODEL I-MODEL I-MODEL O B-BRAND I-BRAND I-BRAND I-BRAND O O O O O,シラユキ|M790-53|グリーン
T03891,ノースピーク ブラック N520-74 ノートパソコン,ノースピーク,N520-74,ブラック,B-BRAND I-BRAND I-BRAND I-BRAND I-BRAND I-BRAND O B-COLOR I-COLOR I-COLOR I-COLOR O B-MODEL I-MODEL I-MODEL I-MODEL I-MODEL I-MODEL I-MODEL O O O O O O O O,ノースピーク|N520-74|ブラック
T03892,ホワイトスニーカーB101-57ミドリワークス,ミドリワークス,B101-57,ホワイト,B-COLOR I-COLOR I-COLOR I-COLOR O O O O O B-MODEL I-MODEL I-MODEL I-MODEL I-MODEL I-MODEL I-MODEL B-BRAND I-BRAND I-BRAND I-BRAND I-BRAND I-BRAND I-BRAND,ミドリワークス|B101-57|ホワイト
T03893,ミドリワークスシルバー掃除機Q792-44,ミドリワークス,Q792-44,シルバー,B-BRAND I-BRAND I-BRAND I-BRAND I-BRAND I-BRAND I-BRAND B-COLOR I-COLOR I-COLOR I-COLOR O O O B-MODEL I-MODEL I-MODEL I-MODEL I-MODEL I-MODEL I-MODEL,ミドリワークス|Q792-44|シルバー
T03894,洗濯機 O399-51 ハヤブサ レッド,ハヤブサ,O399-51,レッド,O O O O B-MODEL I-MODEL I-MODEL I-MODEL I-MODEL I-MODEL I-MODEL O B-BRAND I-BRAND I-BRAND I-BRAND O B-COLOR I-COLOR I-COLOR,ハヤブサ|O399-51|レッド
T03895,【即日発送】Ｈ９７４－２５デイパックレッドミドリワークス,ミドリワークス,H974-25,レッド,O O O O O O B-MODEL I-MODEL I-MODEL I-MODEL I-MODEL I-MODEL I-MODEL O O O O O B-COLOR I-COLOR I-COLOR B-BRAND I-BRAND I-BRAND I-BRAND I-BRAND I-BRAND I-BRAND,ミドリワークス|H974-25|レッド
T03896,A16451 ハヤブサ グリーン 洗濯機,ハヤブサ,A164-51,グリーン,B-MODEL I-MODEL I-MODEL I-MODEL I-MODEL I-MODEL O B-BRAND I-BRAND I-BRAND I-BRAND O B-COLOR I-COLOR I-COLOR I-COLOR O O O O,ハヤブサ|A164-51|グリーン
T03897,グリーン スニーカー D36465 シラユキ,シラユキ,D364-65,グリーン,B-COLOR I-COLOR I-COLOR I-COLOR O O O O O O O B-MODEL I-MODEL I-MODEL I-MODEL I-MODEL I-MODEL O B-BRAND I-BRAND I-BRAND I-BRAND,シラユキ|D364-65|グリーン
T03898,洗濯機 ホワイト KURO W994-53,KURO,W994-53,ホワイト,O O O O B-COLOR I-COLOR I-COLOR I-COLOR O B-BRAND I-BRAND I-BRAND I-BRAND O B-MODEL I-MODEL I-MODEL I-MODEL I-MODEL I-MODEL I-MODEL,KURO|W994-53|ホワイト
T03899,I642-72シルバー掃除機,,I642-72,シルバー,B-MODEL I-MODEL I-MODEL I-MODEL I-MODEL I-MODEL I-MODEL B-COLOR I-COLOR I-COLOR I-COLOR O O O,|I642-72|シルバー
T03900,【即日発送】ネイビーＴ８３６５１ノースピークスニーカー,ノースピーク,T836-51,ネイビー,O O O O O O B-COLOR I-COLOR I-COLOR I-COLOR B-MODEL I-MODEL I-MODEL I-MODEL I-MODEL I-MODEL B-BRAND I-BRAND I-BRAND I-BRAND I-BRAND I-BRAND O O O O O,ノースピーク|T836-51|ネイビー
T03901,【即日発送】ブラックP758-18ソライロスニーカー,ソライロ,P758-18,ブラック,O O O O O O B-COLOR I-COLOR I-COLOR I-COLOR B-MODEL I-MODEL I-MODEL I-MODEL I-MODEL I-MODEL I-MODEL B-BRAND I-BRAND I-BRAND I-BRAND O O O O O,ソライロ|P758-18|ブラック
T03902,【送料無料】KURO レッド J511-66 掃除機,KURO,J511-66,レッド,O O O O O O B-BRAND I-BRAND I-BRAND I-BRAND O B-COLOR I-COLOR I-COLOR O B-MODEL I-MODEL I-MODEL I-MODEL I-MODEL I-MODEL I-MODEL O O O O,KURO|J511-66|レッド
T03903,V457-45冷蔵庫ゲンブホワイト,ゲンブ,V457-45,ホワイト,B-MODEL I-MODEL I-MODEL I-MODEL I-MODEL I-MODEL I-MODEL O O O B-BRAND I-BRAND I-BRAND B-COLOR I-COLOR I-COLOR I-COLOR,ゲンブ|V457-45|ホワイト
T03904,オオゾラ ノートパソコン ブラック E55435,オオゾラ,E554-35,ブラック,B-BRAND I-BRAND I-BRAND I-BRAND O O O O O O O O O B-COLOR I-COLOR I-COLOR I-COLOR O B-MODEL I-MODEL I-MODEL I-MODEL I-MODEL I-MODEL,オオゾラ|E554-35|ブラック
T03905,オオゾラ ノートパソコン W283-92 ホワイト,オオゾラ,W283-92,ホワイト,B-BRAND I-BRAND I-BRAND I-BRAND O O O O O O O O O B-MODEL I-MODEL I-MODEL I-MODEL I-MODEL I-MODEL I-MODEL O B-COLOR I-COLOR I-COLOR I-COLOR,オオゾラ|W283-92|ホワイト
T03906,【送料無料】グリーンシラユキ洗濯機I65831,シラユキ,I658-31,グリーン,O O O O O O B-COLOR I-COLOR I-COLOR I-COLOR B-BRAND I-BRAND I-BRAND I-BRAND O O O B-MODEL I-MODEL I-MODEL I-MODEL I-MODEL I-MODEL,シラユキ|I658-31|グリーン
T03907,ノースピークノートパソコングリーンＣ９６５－７３,ノースピーク,C965-73,グリーン,B-BRAND I-BRAND I-BRAND I-BRAND I-BRAND I-BRAND O O O O O O O B-COLOR I-COLOR I-COLOR I-COLOR B-MODEL I-MODEL I-MODEL I-MODEL I-MODEL I-MODEL I-MODEL,ノースピーク|C965-73|グリーン
T03908,シラユキ X409-61 デイパック グリーン,シラユキ,X409-61,グリーン,B-BRAND I-BRAND I-BRAND I-BRAND O B-MODEL I-MODEL I-MODEL I-MODEL I-MODEL I-MODEL I-MODEL O O O O O O O B-COLOR I-COLOR I-COLOR I-COLOR,シラユキ|X409-61|グリーン
T03909,ノートパソコン ホワイト L12237 ハヤブサ,ハヤブサ,L122-37,ホワイト,O O O O O O O O B-COLOR I-COLOR I-COLOR I-COLOR O B-MODEL I-MODEL I-MODEL I-MODEL I-MODEL I-MODEL O B-BRAND I-BRAND I-BRAND I-BRAND,ハヤブサ|L122-37|ホワイト
T03910,グリーンハヤブサB233-66デイパック,ハヤブサ,B233-66,グリーン,B-COLOR I-COLOR I-COLOR I-COLOR B-BRAND I-BRAND I-BRAND I-BRAND B-MODEL I-MODEL I-MODEL I-MODEL I-MODEL I-MODEL I-MODEL O O O O O,ハヤブサ|B233-66|グリーン
T03911,ネイビー ハヤブサ R135-17 洗濯機,ハヤブサ,R135-17,ネイビー,B-COLOR I-COLOR I-COLOR I-COLOR O B-BRAND I-BRAND I-BRAND I-BRAND O B-MODEL I-MODEL I-MODEL I-MODEL I-MODEL I-MODEL I-MODEL O O O O,ハヤブサ|R135-17|ネイビー
T03912,ブラックＫ６８２－３１ノートパソコンオオゾラ,オオゾラ,K682-31,ブラック,B-COLOR I-COLOR I-COLOR I-COLOR B-MODEL I-MODEL I-MODEL I-MODEL I-MODEL I-MODEL I-MODEL O O O O O O O B-BRAND I-BRAND I-BRAND I-BRAND,オオゾラ|K682-31|ブラック
T03913,ホワイト掃除機P357-76,,P357-76,ホワイト,B-COLOR I-COLOR I-COLOR I-COLOR O O O B-MODEL I-MODEL I-MODEL I-MODEL I-MODEL I-MODEL I-MODEL,|P357-76|ホワイト
T03914,★新品未使用★Ｅ５２１３７冷蔵庫ブラックTSUBAKI,TSUBAKI,E521-37,ブラック,O O O O O O O B-MODEL I-MODEL I-MODEL I-MODEL I-MODEL I-MODEL O O O B-COLOR I-COLOR I-COLOR I-COLOR B-BRAND I-BRAND I-BRAND I-BRAND I-BRAND I-BRAND I-BRAND,TSUBAKI|E521-37|ブラック
T03915,【送料無料】腕時計 グリーン U508-44,,U508-44,グリーン,O O O O O O O O O O B-COLOR I-COLOR I-COLOR I-COLOR O B-MODEL I-MODEL I-MODEL I-MODEL I-MODEL I-MODEL I-MODEL,|U508-44|グリーン
T03916,★新品未使用★イヤホン オオゾラ シルバー C468-19,オオゾラ,C468-19,シルバー,O O O O O O O O O O O O B-BRAND I-BRAND I-BRAND I-BRAND O B-COLOR I-COLOR I-COLOR I-COLOR O B-MODEL I-MODEL I-MODEL I-MODEL I-MODEL I-MODEL I-MODEL,オオゾラ|C468-19|シルバー
T03917,ゲンブ 洗濯機 C456-75 ネイビー,ゲンブ,C456-75,ネイビー,B-BRAND I-BRAND I-BRAND O O O O O B-MODEL I-MODEL I-MODEL I-MODEL I-MODEL I-MODEL I-MODEL O B-COLOR I-COLOR I-COLOR I-COLOR,ゲンブ|C456-75|ネイビー
T03918,E881-75 シルバー デイパック オオゾラ,オオゾラ,E881-75,シルバー,B-MODEL I-MODEL I-MODEL I-MODEL I-MODEL I-MODEL I-MODEL O B-COLOR I-COLOR I-COLOR I-COLOR O O O O O O O B-BRAND I-BRAND I-BRAND I-BRAND,オオゾラ|E881-75|シルバー
T03919,ホワイト ノースピーク 腕時計 H169-36,ノースピーク,H169-36,ホワイト,B-COLOR I-COLOR I-COLOR I-COLOR O B-BRAND I-BRAND I-BRAND I-BRAND I-BRAND I-BRAND O O O O O B-MODEL I-MODEL I-MODEL I-MODEL I-MODEL I-MODEL I-MODEL,ノースピーク|H169-36|ホワイト
T03920,ネイビー ノートパソコン P347-78 ハヤブサ,ハヤブサ,P347-78,ネイビー,B-COLOR I-COLOR I-COLOR I-COLOR O O O O O O O O O B-MODEL I-MODEL I-MODEL I-MODEL I-MODEL I-MODEL I-MODEL O B-BRAND I-BRAND I-BRAND I-BRAND,ハヤブサ|P347-78|ネイビー
T03921,TSUBAKI腕時計グリーンO83536,TSUBAKI,O835-36,グリーン,B-BRAND I-BRAND I-BRAND I-BRAND I-BRAND I-BRAND I-BRAND O O O B-COLOR I-COLOR I-COLOR I-COLOR B-MODEL I-MODEL I-MODEL I-MODEL I-MODEL I-MODEL,TSUBAKI|O835-36|グリーン
T03922,【即日発送】N15247ブラック腕時計オオゾラ,オオゾラ,N152-47,ブラック,O O O O O O B-MODEL I-MODEL I-MODEL I-MODEL I-MODEL I-MODEL B-COLOR I-COLOR I-COLOR I-COLOR O O O B-BRAND I-BRAND I-BRAND I-BRAND,オオゾラ|N152-47|ブラック
T03923,腕時計 ブラック アカネ電機 Z710-72,アカネ電機,Z710-72,ブラック,O O O O B-COLOR I-COLOR I-COLOR I-COLOR O B-BRAND I-BRAND I-BRAND I-BRAND I-BRAND O B-MODEL I-MODEL I-MODEL I-MODEL I-MODEL I-MODEL I-MODEL,アカネ電機|Z710-72|ブラック
T03924,ノートパソコン シラユキ Y98540 ブラック,シラユキ,Y985-40,ブラック,O O O O O O O O B-BRAND I-BRAND I-BRAND I-BRAND O B-MODEL I-MODEL I-MODEL I-MODEL I-MODEL I-MODEL O B-COLOR I-COLOR I-COLOR I-COLOR,シラユキ|Y985-40|ブラック
T03925,ミドリワークス グリーン 掃除機 K609-72,ミドリワークス,K609-72,グリーン,B-BRAND I-BRAND I-BRAND I-BRAND I-BRAND I-BRAND I-BRAND O B-COLOR I-COLOR I-COLOR I-COLOR O O O O O B-MODEL I-MODEL I-MODEL I-MODEL I-MODEL I-MODEL I-MODEL,ミドリワークス|K609-72|グリーン
T03926,【送料無料】ノートパソコン M284-75 ゲンブ グリーン,ゲンブ,M284-75,グリーン,O O O O O O O O O O O O O O B-MODEL I-MODEL I-MODEL I-MODEL I-MODEL I-MODEL I-MODEL O B-BRAND I-BRAND I-BRAND O B-COLOR I-COLOR I-COLOR I-COLOR,ゲンブ|M284-75|グリーン
T03927,洗濯機 ノースピーク K44583 グリーン,ノースピーク,K445-83,グリーン,O O O O B-BRAND I-BRAND I-BRAND I-BRAND I-BRAND I-BRAND O B-MODEL I-MODEL I-MODEL I-MODEL I-MODEL I-MODEL O B-COLOR I-COLOR I-COLOR I-COLOR,ノースピーク|K445-83|グリーン
T03928,ハヤブサ 腕時計 Z895-12 シルー,ハヤブサ,Z895-12,シルバー,B-BRAND I-BRAND I-BRAND I-BRAND O O O O O B-MODEL I-MODEL I-MODEL I-MODEL I-MODEL I-MODEL I-MODEL O O O O,ハヤブサ|Z895-12|シルバー
T03929,《アウトレット》ホワイト X539-63 ハヤブサ イヤホン,ハヤブサ,X539-63,ホワイト,O O O O O O O O B-COLOR I-COLOR I-COLOR I-COLOR O B-MODEL I-MODEL I-MODEL I-MODEL I-MODEL I-MODEL I-MODEL O B-BRAND I-BRAND I-BRAND I-BRAND O O O O O,ハヤブサ|X539-63|ホワイト
T03930,G310-70 ホワイト イヤホン,,G310-70,ホワイト,B-MODEL I-MODEL I-MODEL I-MODEL I-MODEL I-MODEL I-MODEL O B-COLOR I-COLOR I-COLOR I-COLOR O O O O O,|G310-70|ホワイト
T03931,掃除機オオゾラホワイトD862-41,オオゾラ,D862-41,ホワイト,O O O B-BRAND I-BRAND I-BRAND I-BRAND B-COLOR I-COLOR I-COLOR I-COLOR B-MODEL I-MODEL I-MODEL I-MODEL I-MODEL I-MODEL I-MODEL,オオゾラ|D862-41|ホワイト
T03932,F99095ネイビーシラユキデイパック,シラユキ,F990-95,ネイビー,B-MODEL I-MODEL I-MODEL I-MODEL I-MODEL I-MODEL B-COLOR I-COLOR I-COLOR I-COLOR B-BRAND I-BRAND I-BRAND I-BRAND O O O O O,シラユキ|F990-95|ネイビー
T03933,《アウトレット》スニーカー L67013 ホワイト オオゾラ,オオゾラ,L670-13,ホワイト,O O O O O O O O O O O O O O B-MODEL I-MODEL I-MODEL I-MODEL I-MODEL I-MODEL O B-COLOR I-COLOR I-COLOR I-COLOR O B-BRAND I-BRAND I-BRAND I-BRAND,オオゾラ|L670-13|ホワイト
T03934,KUROＪ９５２４８レッドデイパック,KURO,J952-48,レッド,B-BRAND I-BRAND I-BRAND I-BRAND B-MODEL I-MODEL I-MODEL I-MODEL I-MODEL I-MODEL B-COLOR I-COLOR I-COLOR O O O O O,KURO|J952-48|レッド
T03935,ブラック スニーカー W106-60 オオゾラ,オオゾラ,W106-60,ブラック,B-COLOR I-COLOR I-COLOR I-COLOR O O O O O O O B-MODEL I-MODEL I-MODEL I-MODEL I-MODEL I-MODEL I-MODEL O B-BRAND I-BRAND I-BRAND I-BRAND,オオゾラ|W106-60|ブラック
T03936,ノートパソコン ネイビー C18141 ソライロ,ソライロ,C181-41,ネイビー,O O O O O O O O B-COLOR I-COLOR I-COLOR I-COLOR O B-MODEL I-MODEL I-MODEL I-MODEL I-MODEL I-MODEL O B-BRAND I-BRAND I-BRAND I-BRAND,ソライロ|C181-41|ネイビー
T03937,レッド アカネ電機 W768-71 イヤホン,アカネ電機,W768-71,レッド,B-COLOR I-COLOR I-COLOR O B-BRAND I-BRAND I-BRAND I-BRAND I-BRAND O B-MODEL I-MODEL I-MODEL I-MODEL I-MODEL I-MODEL I-MODEL O O O O O,アカネ電機|W768-71|レッド
T03938,KURO F980-92 レッド 掃除機,KURO,F980-92,レッド,B-BRAND I-BRAND I-BRAND I-BRAND O B-MODEL I-MODEL I-MODEL I-MODEL I-MODEL I-MODEL I-MODEL O B-COLOR I-COLOR I-COLOR O O O O,KURO|F980-92|レッド
T03939,【即日発送】ラユキ Ｇ７７８－２５ ネイビー デイパック,シラユキ,G778-25,ネイビー,O O O O O O O O O O B-MODEL I-MODEL I-MODEL I-MODEL I-MODEL I-MODEL I-MODEL O B-COLOR I-COLOR I-COLOR I-COLOR O O O O O O,シラユキ|G778-25|ネイビー
T03940,ノトーパソコンU13033ブラックアカネ電機,アカネ電機,U130-33,ブラック,O O O O O O O B-MODEL I-MODEL I-MODEL I-MODEL I-MODEL I-MODEL B-COLOR I-COLOR I-COLOR I-COLOR B-BRAND I-BRAND I-BRAND I-BRAND I-BRAND,アカネ電機|U130-33|ブラック
T03941,ソライロ K753-42 ホワイト ノートパソコン,ソライロ,K753-42,ホワイト,B-BRAND I-BRAND I-BRAND I-BRAND O B-MODEL I-MODEL I-MODEL I-MODEL I-MODEL I-MODEL I-MODEL O B-COLOR I-COLOR I-COLOR I-COLOR O O O O O O O O,ソライロ|K753-42|ホワイト
T03942,◆正規品◆冷蔵庫 R746-65 ネイビー ノースピーク,ノースピーク,R746-65,ネイビー,O O O O O O O O O B-MODEL I-MODEL I-MODEL I-MODEL I-MODEL I-MODEL I-MODEL O B-COLOR I-COLOR I-COLOR I-COLOR O B-BRAND I-BRAND I-BRAND I-BRAND I-BRAND I-BRAND,ノースピーク|R746-65|ネイビー
T03943,B321-78KUROスニーカーシルバー,KURO,B321-78,シルバー,B-MODEL I-MODEL I-MODEL I-MODEL I-MODEL I-MODEL I-MODEL B-BRAND I-BRAND I-BRAND I-BRAND O O O O O B-COLOR I-COLOR I-COLOR I-COLOR,KURO|B321-78|シルバー
T03944,ブラック オオゾラ U580-41 冷蔵庫,オオゾラ,U580-41,ブラック,B-COLOR I-COLOR I-COLOR I-COLOR O B-BRAND I-BRAND I-BRAND I-BRAND O B-MODEL I-MODEL I-MODEL I-MODEL I-MODEL I-MODEL I-MODEL O O O O,オオゾラ|U580-41|ブラック
T03945,レッドO131-39冷蔵庫ミドリワークス,ミドリワークス,O131-39,レッド,B-COLOR I-COLOR I-COLOR B-MODEL I-MODEL I-MODEL I-MODEL I-MODEL I-MODEL I-MODEL O O O B-BRAND I-BRAND I-BRAND I-BRAND I-BRAND I-BRAND I-BRAND,ミドリワークス|O131-39|レッド
T03946,腕時計 ゲンブ Ｇ８７８－７０ シルバー,ゲンブ,G878-70,シルバー,O O O O B-BRAND I-BRAND I-BRAND O B-MODEL I-MODEL I-MODEL I-MODEL I-MODEL I-MODEL I-MODEL O B-COLOR I-COLOR I-COLOR I-COLOR,ゲンブ|G878-70|シルバー
T03947,J799-42 レッド KURO 洗濯機,KURO,J799-42,レッド,B-MODEL I-MODEL I-MODEL I-MODEL I-MODEL I-MODEL I-MODEL O B-COLOR I-COLOR I-COLOR O B-BRAND I-BRAND I-BRAND I-BRAND O O O O,KURO|J799-42|レッド
T03948,【送料無料】P685-30ネイビー掃除機TSUBAKI,TSUBAKI,P685-30,ネイビー,O O O O O O B-MODEL I-MODEL I-MODEL I-MODEL I-MODEL I-MODEL I-MODEL B-COLOR I-COLOR I-COLOR I-COLOR O O O B-BRAND I-BRAND I-BRAND I-BRAND I-BRAND I-BRAND I-BRAND,TSUBAKI|P685-30|ネイビー
T03949,C696-46ホワイトノースピークイヤホン,ノースピーク,C696-46,ホワイト,B-MODEL I-MODEL I-MODEL I-MODEL I-MODEL I-MODEL I-MODEL B-COLOR I-COLOR I-COLOR I-COLOR B-BRAND I-BRAND I-BRAND I-BRAND I-BRAND I-BRAND O O O O,ノースピーク|C696-46|ホワイト
T03950,オオゾラ M234-72 グリーン イヤホン,オオゾラ,M234-72,グリーン,B-BRAND I-BRAND I-BRAND I-BRAND O B-MODEL I-MODEL I-MODEL I-MODEL I-MODEL I-MODEL I-MODEL O B-COLOR I-COLOR I-COLOR I-COLOR O O O O O,オオゾラ|M234-72|グリーン
T03951,L70739 ノートパソコンゲンブ グリーン,ゲンブ,L707-39,グリーン,B-MODEL I-MODEL I-MODEL I-MODEL I-MODEL I-MODEL O O O O O O O O B-BRAND I-BRAND I-BRAND O B-COLOR I-COLOR I-COLOR I-COLOR,ゲンブ|L707-39|グリーン
T03952,デイパックシルバーL32653シラユキ,シラユキ,L325-63,シルバー,O O O O O B-COLOR I-COLOR I-COLOR I-COLOR O O O O O O B-BRAND I-BRAND I-BRAND I-BRAND,シラユキ|L325-63|シルバー
T03953,ブラック W310-46 アカネ電機 冷蔵庫,アカネ電機,W310-46,ブラック,B-COLOR I-COLOR I-COLOR I-COLOR O B-MODEL I-MODEL I-MODEL I-MODEL I-MODEL I-MODEL I-MODEL O B-BRAND I-BRAND I-BRAND I-BRAND I-BRAND O O O O,アカネ電機|W310-46|ブラック
T03954,【送料無】料アカネ電機 T408-75 デイパック シルバー,アカネ電機,T408-75,シルバー,O O O O O O B-BRAND I-BRAND I-BRAND I-BRAND I-BRAND O B-MODEL I-MODEL I-MODEL I-MODEL I-MODEL I-MODEL I-MODEL O O O O O O O B-COLOR I-COLOR I-COLOR I-COLOR,アカネ電機|T408-75|シルバー
T03955,【即日発送】P336-15 ネイビー 腕時計 オオゾラ,オオゾラ,P336-15,ネイビー,O O O O O O B-MODEL I-MODEL I-MODEL I-MODEL I-MODEL I-MODEL I-MODEL O B-COLOR I-COLOR I-COLOR I-COLOR O O O O O B-BRAND I-BRAND I-BRAND I-BRAND,オオゾラ|P336-15|ネイビー
T03956,P319-27 アカネ電機 レッド 洗濯機,アカネ電機,P319-27,レッド,B-MODEL I-MODEL I-MODEL I-MODEL I-MODEL I-MODEL I-MODEL O B-BRAND I-BRAND I-BRAND I-BRAND I-BRAND O B-COLOR I-COLOR I-COLOR O O O O,アカネ電機|P319-27|レッド
T03957,ブラックシラユキデイパックK1095-3,シラユキ,K109-53,ブラック,B-COLOR I-COLOR I-COLOR I-COLOR B-BRAND I-BRAND I-BRAND I-BRAND O O O O O O O O O O O O,シラユキ|K109-53|ブラック
T03958,ホワイト TSUBAKI 洗濯機 Ｎ３０２－８９,TSUBAKI,N302-89,ホワイト,B-COLOR I-COLOR I-COLOR I-COLOR O B-BRAND I-BRAND I-BRAND I-BRAND I-BRAND I-BRAND I-BRAND O O O O O B-MODEL I-MODEL I-MODEL I-MODEL I-MODEL I-MODEL I-MODEL,TSUBAKI|N302-89|ホワイト
T03959,【送料無料】スニーカー ゲンブ Ｎ７６３６０ グリーン,ゲンブ,N763-60,グリーン,O O O O O O O O O O O O B-BRAND I-BRAND I-BRAND O B-MODEL I-MODEL I-MODEL I-MODEL I-MODEL I-MODEL O B-COLOR I-COLOR I-COLOR I-COLOR,ゲンブ|N763-60|グリーン
T03960,スニーカー B111-21 シルバー,,B111-21,シルバー,O O O O O O B-MODEL I-MODEL I-MODEL I-MODEL I-MODEL I-MODEL I-MODEL O B-COLOR I-COLOR I-COLOR I-COLOR,|B111-21|シルバー
T03961,デイパック V92991 ネイビー ノースピーク,ノースピーク,V929-91,ネイビー,O O O O O O B-MODEL I-MODEL I-MODEL I-MODEL I-MODEL I-MODEL O B-COLOR I-COLOR I-COLOR I-COLOR O B-BRAND I-BRAND I-BRAND I-BRAND I-BRAND I-BRAND,ノースピーク|V929-91|ネイビー
T03962,◆正規品◆ハヤブサ 掃除機 レッド U18895,ハヤブサ,U188-95,レッド,O O O O O B-BRAND I-BRAND I-BRAND I-BRAND O O O O O B-COLOR I-COLOR I-COLOR O B-MODEL I-MODEL I-MODEL I-MODEL I-MODEL I-MODEL,ハヤブサ|U188-95|レッド
T03963,★新品未使用★ノートパソコン ホワイト A982-29 ソライロ,ソライロ,A982-29,ホワイト,O O O O O O O O O O O O O O O B-COLOR I-COLOR I-COLOR I-COLOR O B-MODEL I-MODEL I-MODEL I-MODEL I-MODEL I-MODEL I-MODEL O B-BRAND I-BRAND I-BRAND I-BRAND,ソライロ|A982-29|ホワイト
T03964,◆正規品◆腕時計 グリーン シラユキ N29088,シラユキ,N290-88,グリーン,O O O O O O O O O B-COLOR I-COLOR I-COLOR I-COLOR O B-BRAND I-BRAND I-BRAND I-BRAND O B-MODEL I-MODEL I-MODEL I-MODEL I-MODEL I-MODEL,シラユキ|N290-88|グリーン
T03965,洗濯機Ｓ２６９１４ゲンブブラック,ゲンブ,S261-94,ブラック,O O O O O O O O O B-BRAND I-BRAND I-BRAND B-COLOR I-COLOR I-COLOR I-COLOR,ゲンブ|S261-94|ブラック
T03966,ネイビー イヤホン アカネ電機 Ｄ８３５－２１,アカネ電機,D835-21,ネイビー,B-COLOR I-COLOR I-COLOR I-COLOR O O O O O O B-BRAND I-BRAND I-BRAND I-BRAND I-BRAND O B-MODEL I-MODEL I-MODEL I-MODEL I-MODEL I-MODEL I-MODEL,アカネ電機|D835-21|ネイビー
T03967,イヤホン D10071 TSUBAKI グリーン,TSUBAKI,D100-71,グリーン,O O O O O B-MODEL I-MODEL I-MODEL I-MODEL I-MODEL I-MODEL O B-BRAND I-BRAND I-BRAND I-BRAND I-BRAND I-BRAND I-BRAND O B-COLOR I-COLOR I-COLOR I-COLOR,TSUBAKI|D100-71|グリーン
T03968,E85835 デイパック ブラック TSUBAKI,TSUBAKI,E858-35,ブラック,B-MODEL I-MODEL I-MODEL I-MODEL I-MODEL I-MODEL O O O O O O O B-COLOR I-COLOR I-COLOR I-COLOR O B-BRAND I-BRAND I-BRAND I-BRAND I-BRAND I-BRAND I-BRAND,TSUBAKI|E858-35|ブラック
T03969,掃除機 グリーン H368-46 ノースピーク,ノースピーク,H368-46,グリーン,O O O O B-COLOR I-COLOR I-COLOR I-COLOR O B-MODEL I-MODEL I-MODEL I-MODEL I-MODEL I-MODEL I-MODEL O B-BRAND I-BRAND I-BRAND I-BRAND I-BRAND I-BRAND,ノースピーク|H368-46|グリーン
T03970,★新品未使用★Ａ３４８６３ ホワイト ハヤブサ イヤホン,ハヤブサ,A348-63,ホワイト,O O O O O O O B-MODEL I-MODEL I-MODEL I-MODEL I-MODEL I-MODEL O B-COLOR I-COLOR I-COLOR I-COLOR O B-BRAND I-BRAND I-BRAND I-BRAND O O O O O,ハヤブサ|A348-63|ホワイト
T03971,《アウトレット》V275-22 ネイビー TSUBAKI 冷蔵庫,TSUBAKI,V275-22,ネイビー,O O O O O O O O B-MODEL I-MODEL I-MODEL I-MODEL I-MODEL I-MODEL I-MODEL O B-COLOR I-COLOR I-COLOR I-COLOR O B-BRAND I-BRAND I-BRAND I-BRAND I-BRAND I-BRAND I-BRAND O O O O,TSUBAKI|V275-22|ネイビー
T03972,★新品未使用★ソライロ ホワイト R635-88 イヤホン,ソライロ,R635-88,ホワイト,O O O O O O O B-BRAND I-BRAND I-BRAND I-BRAND O B-COLOR I-COLOR I-COLOR I-COLOR O B-MODEL I-MODEL I-MODEL I-MODEL I-MODEL I-MODEL I-MODEL O O O O O,ソライロ|R635-88|ホワイト
T03973,【即日発送】Ａ８１０５３ ゲンブ イヤホン グリーン,ゲンブ,A810-53,グリーン,O O O O O O B-MODEL I-MODEL I-MODEL I-MODEL I-MODEL I-MODEL O B-BRAND I-BRAND I-BRAND O O O O O O B-COLOR I-COLOR I-COLOR I-COLOR,ゲンブ|A810-53|グリーン
T03974,ホワイトデイパックS888-64ハヤブサ,ハヤブサ,S888-64,ホワイト,B-COLOR I-COLOR I-COLOR I-COLOR O O O O O B-MODEL I-MODEL I-MODEL I-MODEL I-MODEL I-MODEL I-MODEL B-BRAND I-BRAND I-BRAND I-BRAND,ハヤブサ|S888-64|ホワイト
T03975,KURO デイパックC 934-61 レッド,KURO,C934-61,レッド,B-BRAND I-BRAND I-BRAND I-BRAND O O O O O O O O O O O O O O O B-COLOR I-COLOR I-COLOR,KURO|C934-61|レッド
T03976,腕時計 Ｘ６１０－４２ シルバー,,X610-42,シルバー,O O O O B-MODEL I-MODEL I-MODEL I-MODEL I-MODEL I-MODEL I-MODEL O B-COLOR I-COLOR I-COLOR I-COLOR,|X610-42|シルバー
T03977,【即日発送】グリーン Ｃ８９８－１２ 冷蔵庫 アカネ電機,アカネ電機,C898-12,グリーン,O O O O O O B-COLOR I-COLOR I-COLOR I-COLOR O B-MODEL I-MODEL I-MODEL I-MODEL I-MODEL I-MODEL I-MODEL O O O O O B-BRAND I-BRAND I-BRAND I-BRAND I-BRAND,アカネ電機|C898-12|グリーン
T03978,D330-37ハヤブサデイパックシルバー,ハヤブサ,D330-37,シルバー,B-MODEL I-MODEL I-MODEL I-MODEL I-MODEL I-MODEL I-MODEL B-BRAND I-BRAND I-BRAND I-BRAND O O O O O B-COLOR I-COLOR I-COLOR I-COLOR,ハヤブサ|D330-37|シルバー
T03979,《アウトレット》U978-79 アカネ電機 グリーン 掃除機,アカネ電機,U978-79,グリーン,O O O O O O O O B-MODEL I-MODEL I-MODEL I-MODEL I-MODEL I-MODEL I-MODEL O B-BRAND I-BRAND I-BRAND I-BRAND I-BRAND O B-COLOR I-COLOR I-COLOR I-COLOR O O O O,アカネ電機|U978-79|グリーン
T03980,Ｕ０９－６８ ソライロ 掃除機 レッド,ソライロ,U809-68,レッド,O O O O O O O B-BRAND I-BRAND I-BRAND I-BRAND O O O O O B-COLOR I-COLOR I-COLOR,ソライロ|U809-68|レッド
T03981,シラユキ Z902-72 ノートパソコン グリーン,シラユキ,Z902-72,グリーン,B-BRAND I-BRAND I-BRAND I-BRAND O B-MODEL I-MODEL I-MODEL I-MODEL I-MODEL I-MODEL I-MODEL O O O O O O O O O B-COLOR I-COLOR I-COLOR I-COLOR,シラユキ|Z902-72|グリーン
T03982,イヤホン レッド C602-13 ソライロ,ソライロ,C602-13,レッド,O O O O O B-COLOR I-COLOR I-COLOR O B-MODEL I-MODEL I-MODEL I-MODEL I-MODEL I-MODEL I-MODEL O B-BRAND I-BRAND I-BRAND I-BRAND,ソライロ|C602-13|レッド
T03983,KURO イヤホン E859-40 ブラック,KURO,E859-40,ブラック,B-BRAND I-BRAND I-BRAND I-BRAND O O O O O O B-MODEL I-MODEL I-MODEL I-MODEL I-MODEL I-MODEL I-MODEL O B-COLOR I-COLOR I-COLOR I-COLOR,KURO|E859-40|ブラック
T03984,洗濯機 ホワイト KURO Ｋ３２５－３５,KURO,K325-35,ホワイト,O O O O B-COLOR I-COLOR I-COLOR I-COLOR O B-BRAND I-BRAND I-BRAND I-BRAND O B-MODEL I-MODEL I-MODEL I-MODEL I-MODEL I-MODEL I-MODEL,KURO|K325-35|ホワイト
T03985,ホワイトデイパックF195-67,,F195-67,ホワイト,B-COLOR I-COLOR I-COLOR I-COLOR O O O O O B-MODEL I-MODEL I-MODEL I-MODEL I-MODEL I-MODEL I-MODEL,|F195-67|ホワイト
T03986,TSUBAKI L914-43 デイパック グリーン,TSUBAKI,L914-43,グリーン,B-BRAND I-BRAND I-BRAND I-BRAND I-BRAND I-BRAND I-BRAND O B-MODEL I-MODEL I-MODEL I-MODEL I-MODEL I-MODEL I-MODEL O O O O O O O B-COLOR I-COLOR I-COLOR I-COLOR,TSUBAKI|L914-43|グリーン
T03987,グリーンK608-59ハヤブサノートパソコン,ハヤブサ,K608-59,グリーン,B-COLOR I-COLOR I-COLOR I-COLOR B-MODEL I-MODEL I-MODEL I-MODEL I-MODEL I-MODEL I-MODEL B-BRAND I-BRAND I-BRAND I-BRAND O O O O O O O,ハヤブサ|K608-59|グリーン
T03988,ゲンブ 洗濯機 ブラック E539-52,ゲンブ,E539-52,ブラック,B-BRAND I-BRAND I-BRAND O O O O O B-COLOR I-COLOR I-COLOR I-COLOR O B-MODEL I-MODEL I-MODEL I-MODEL I-MODEL I-MODEL I-MODEL,ゲンブ|E539-52|ブラック
T03989,◆正規品◆オオゾラブラックZ82918掃除機,オオゾラ,Z829-18,ブラック,O O O O O B-BRAND I-BRAND I-BRAND I-BRAND B-COLOR I-COLOR I-COLOR I-COLOR B-MODEL I-MODEL I-MODEL I-MODEL I-MODEL I-MODEL O O O,オオゾラ|Z829-18|ブラック
T03990,V641-67ソライロイヤホングリーン,ソライロ,V641-67,グリーン,B-MODEL I-MODEL I-MODEL I-MODEL I-MODEL I-MODEL I-MODEL B-BRAND I-BRAND I-BRAND I-BRAND O O O O B-COLOR I-COLOR I-COLOR I-COLOR,ソライロ|V641-67|グリーン
T03991,ノートパソコン ネイビー Y328-88,,Y328-88,ネイビー,O O O O O O O O B-COLOR I-COLOR I-COLOR I-COLOR O B-MODEL I-MODEL I-MODEL I-MODEL I-MODEL I-MODEL I-MODEL,|Y328-88|ネイビー
T03992,アカネ電機 R31337 ネイビー イヤホン,アカネ電機,R313-37,ネイビー,B-BRAND I-BRAND I-BRAND I-BRAND I-BRAND O B-MODEL I-MODEL I-MODEL I-MODEL I-MODEL I-MODEL O B-COLOR I-COLOR I-COLOR I-COLOR O O O O O,アカネ電機|R313-37|ネイビー
T03993,◆正規品◆ソライロ腕時計E99186グリーン,ソライロ,E991-86,グリーン,O O O O O B-BRAND I-BRAND I-BRAND I-BRAND O O O B-MODEL I-MODEL I-MODEL I-MODEL I-MODEL I-MODEL B-COLOR I-COLOR I-COLOR I-COLOR,ソライロ|E991-86|グリーン
T03994,◆正規品◆ホワイト イヤホン アカネ電機 Ｍ１０４－１０,アカネ電機,M104-10,ホワイト,O O O O O B-COLOR I-COLOR I-COLOR I-COLOR O O O O O O B-BRAND I-BRAND I-BRAND I-BRAND I-BRAND O B-MODEL I-MODEL I-MODEL I-MODEL I-MODEL I-MODEL I-MODEL,アカネ電機|M104-10|ホワイト
T03995,デイパック シルバー ノースピーク U190-86,ノースピーク,U190-86,シルバー,O O O O O O B-COLOR I-COLOR I-COLOR I-COLOR O B-BRAND I-BRAND I-BRAND I-BRAND I-BRAND I-BRAND O B-MODEL I-MODEL I-MODEL I-MODEL I-MODEL I-MODEL I-MODEL,ノースピーク|U190-86|シルバー
T03996,シルバーD897-16イヤホン,,D897-16,シルバー,B-COLOR I-COLOR I-COLOR I-COLOR B-MODEL I-MODEL I-MODEL I-MODEL I-MODEL I-MODEL I-MODEL O O O O,|D897-16|シルバー
T03997,イヤホン シルバー ミドリワークス Ｋ２５５－７１,ミドリワークス,K255-71,シルバー,O O O O O B-COLOR I-COLOR I-COLOR I-COLOR O B-BRAND I-BRAND I-BRAND I-BRAND I-BRAND I-BRAND I-BRAND O B-MODEL I-MODEL I-MODEL I-MODEL I-MODEL I-MODEL I-MODEL,ミドリワークス|K255-71|シルバー
T03998,ネイビー 掃除機 V474-54,,V474-54,ネイビー,B-COLOR I-COLOR I-COLOR I-COLOR O O O O O B-MODEL I-MODEL I-MODEL I-MODEL I-MODEL I-MODEL I-MODEL,|V474-54|ネイビー
T03999,★新品未使用★オオゾラ F361-66 ブラック ノートパソコン,オオゾラ,F361-66,ブラック,O O O O O O O B-BRAND I-BRAND I-BRAND I-BRAND O B-MODEL I-MODEL I-MODEL I-MODEL I-MODEL I-MODEL I-MODEL O B-COLOR I-COLOR I-COLOR I-COLOR O O O O O O O O,オオゾラ|F361-66|ブラック
